id,lat,lon,data_hora_gmt,satelite,municipio,estado,pais,municipio_id,estado_id,pais_id,numero_dias_sem_chuva,precipitacao,risco_fogo,bioma,frp
455f21ca-afef-3a87-8e5b-87ae72fef8e8, -12.503300, -58.478100,2026-05-07 00:00:00,GOES-19,SAPEZAL,MATO GROSSO,Brasil,5107875,51,33,9,0.0,0.13,Cerrado,56.1
c5c75c43-972e-33f1-8a5e-fb93b6594ecc, -12.781900, -59.009600,2026-05-07 00:00:00,GOES-19,CAMPOS DE JÚLIO,MATO GROSSO,Brasil,5102686,51,33,7,0.3,0.73,Cerrado,49.5
d4ad7d7e-eae9-387b-9d09-de711290b818,  -8.811900, -49.941299,2026-05-07 00:05:00,METOP-B,SANTA MARIA DAS BARREIRAS,PARÁ,Brasil,1506583,15,33,4,0.0,0.18,Amazônia,
4760de8b-75ba-3dc7-a9ec-5c5af725503e, -20.647200, -43.509800,2026-05-07 00:05:00,METOP-B,CATAS ALTAS DA NORUEGA,MINAS GERAIS,Brasil,3115409,31,33,20,0.0,0.25,Mata Atlântica,
f80bc49f-bd5e-326f-8519-348f1c04b1b8, -10.636300, -47.998402,2026-05-07 00:05:00,METOP-B,MONTE DO CARMO,TOCANTINS,Brasil,1713601,17,33,8,0.0,0.13,Cerrado,
5b5671af-cb81-3cb5-9825-f9a9d4d472e8, -14.860400, -48.542500,2026-05-07 00:05:00,METOP-B,NIQUELÂNDIA,GOIÁS,Brasil,5214606,52,33,25,0.0,0.51,Cerrado,
19be1048-c1b4-3b0b-98d7-d847ae0c5e47,  -9.401200, -50.673901,2026-05-07 00:05:00,METOP-B,SANTANA DO ARAGUAIA,PARÁ,Brasil,1506708,15,33,6,0.0,0.35,Amazônia,
9833a25c-94a6-3851-9832-3ad7dc630e7d, -12.761600, -46.954899,2026-05-07 00:05:00,METOP-B,ARRAIAS,TOCANTINS,Brasil,1702406,17,33,17,0.0,0.83,Cerrado,
c924af16-6311-3425-992f-fca9e4ca6acf, -12.916900, -49.479599,2026-05-07 00:05:00,METOP-B,ARAGUAÇU,TOCANTINS,Brasil,1702000,17,33,11,0.0,0.52,Cerrado,
d9ea42c2-4391-3918-971e-ecb8529a8dcf,  -8.810200, -49.933399,2026-05-07 00:05:00,METOP-B,SANTA MARIA DAS BARREIRAS,PARÁ,Brasil,1506583,15,33,4,0.0,0.15,Amazônia,
44de345c-7d9c-3f57-82a0-03fce7401e66, -22.016500, -48.427700,2026-05-07 00:05:00,METOP-B,BOA ESPERANÇA DO SUL,SÃO PAULO,Brasil,3506706,35,33,7,0.0,1.0,Cerrado,
f3b8252f-080e-337f-a6ce-1aa271648f9d, -11.732900, -54.770802,2026-05-07 00:05:00,METOP-B,CLÁUDIA,MATO GROSSO,Brasil,5103056,51,33,9,0.0,0.07,Amazônia,
22a99a41-7249-3131-acc0-bef464f2b14e, -14.129600, -45.333801,2026-05-07 00:05:00,METOP-B,JABORANDI,BAHIA,Brasil,2917359,29,33,27,0.0,0.83,Cerrado,
97e9d22e-d70e-32a4-ab2a-19c2a5163d5b, -14.131200, -45.340900,2026-05-07 00:05:00,METOP-B,JABORANDI,BAHIA,Brasil,2917359,29,33,27,0.0,0.82,Cerrado,
65c5ccb0-ad53-3f95-a1a7-8a7912ddeb99, -18.438000, -54.688801,2026-05-07 00:05:00,METOP-B,COXIM,MATO GROSSO DO SUL,Brasil,5003306,50,33,10,0.0,1.0,Cerrado,
a73068e6-64ce-3de9-a67e-d3d1309586b9,  -8.637500, -49.519798,2026-05-07 00:05:00,METOP-B,CONCEIÇÃO DO ARAGUAIA,PARÁ,Brasil,1502707,15,33,5,0.0,0.51,Amazônia,
674129f0-a30f-32b9-97b7-4019e1bd5da1, -21.708401, -48.413502,2026-05-07 00:05:00,METOP-B,GAVIÃO PEIXOTO,SÃO PAULO,Brasil,3516853,35,33,9,0.0,0.75,Cerrado,
ad5ee716-2758-39da-a61e-36e18229312f,  -7.158700, -48.232300,2026-05-07 00:05:00,METOP-B,ARAGUAÍNA,TOCANTINS,Brasil,1702109,17,33,4,0.0,0.9,Amazônia,
9f5f6ebf-64b4-3335-97f0-c35ecee20a95, -10.637900, -48.005501,2026-05-07 00:05:00,METOP-B,MONTE DO CARMO,TOCANTINS,Brasil,1713601,17,33,8,0.0,0.13,Cerrado,
8935e568-3a1f-3261-b712-d6819d58c35b, -21.706499, -48.403801,2026-05-07 00:05:00,METOP-B,MATÃO,SÃO PAULO,Brasil,3529302,35,33,9,0.0,0.48,Cerrado,
254aa493-edb1-3916-b9ff-2be5e2c60b93, -12.341700, -50.004299,2026-05-07 00:05:00,METOP-B,SANDOLÂNDIA,TOCANTINS,Brasil,1718840,17,33,8,0.0,0.46,Cerrado,
15f68143-dd1a-3a47-be95-3e28bf4dc13a,  -8.727900, -47.976002,2026-05-07 00:05:00,METOP-B,SANTA MARIA DO TOCANTINS,TOCANTINS,Brasil,1718881,17,33,5,0.0,0.26,Cerrado,
c0985b54-c2e5-34b2-a025-d11eb3f8a404, -23.077000, -48.607201,2026-05-07 00:05:00,METOP-B,ITATINGA,SÃO PAULO,Brasil,3523503,35,33,4,0.0,0.83,Cerrado,
761ab9fc-f232-3bdd-8acd-4a43871caccf,  -9.468300, -47.787998,2026-05-07 00:05:00,METOP-B,RIO SONO,TOCANTINS,Brasil,1718758,17,33,9,0.0,0.43,Cerrado,
4e01624a-7908-342f-b6e9-6537b71fdba8, -11.612500, -48.042900,2026-05-07 00:05:00,METOP-B,CHAPADA DA NATIVIDADE,TOCANTINS,Brasil,1705102,17,33,9,0.0,0.35,Cerrado,
d1fba8e7-2515-3194-a643-c13f3b3566eb, -13.651300, -45.543701,2026-05-07 00:05:00,METOP-B,CORRENTINA,BAHIA,Brasil,2909307,29,33,26,0.0,0.93,Cerrado,
c71c5a44-59f4-3d8a-86d2-8f6d8c5fe745, -11.723100, -54.772701,2026-05-07 00:05:00,METOP-B,CLÁUDIA,MATO GROSSO,Brasil,5103056,51,33,9,0.0,0.07,Amazônia,
e76fe01a-d76a-3151-8e93-86c60d044549, -22.012699, -48.408199,2026-05-07 00:05:00,METOP-B,BOA ESPERANÇA DO SUL,SÃO PAULO,Brasil,3506706,35,33,8,0.0,1.0,Cerrado,
a22e4589-dc4d-3653-8f0a-168c9e589715,  -9.469800, -47.794899,2026-05-07 00:05:00,METOP-B,RIO SONO,TOCANTINS,Brasil,1718758,17,33,9,0.0,0.43,Cerrado,
6120502a-4abc-3629-9229-662668a23f93, -11.736300, -54.787701,2026-05-07 00:05:00,METOP-B,CLÁUDIA,MATO GROSSO,Brasil,5103056,51,33,9,0.0,0.07,Amazônia,
addc43ec-8170-3f3d-a195-0eed2ecc134b,  -8.726400, -47.969002,2026-05-07 00:05:00,METOP-B,SANTA MARIA DO TOCANTINS,TOCANTINS,Brasil,1718881,17,33,5,0.0,0.26,Cerrado,
fef27078-8f2a-328b-9ae5-cdceefde6461,  -2.627800, -51.941898,2026-05-07 00:05:00,METOP-B,SENADOR JOSÉ PORFÍRIO,PARÁ,Brasil,1507805,15,33,0,5.35,0.0,Amazônia,
5f8172d7-5be3-35f2-b972-0a64b365d762,  -5.777700, -45.113201,2026-05-07 00:05:00,METOP-B,BARRA DO CORDA,MARANHÃO,Brasil,2101608,21,33,3,0.0,0.25,Cerrado,
cf20723a-e3a0-3476-ac86-0abc2883e53b, -11.614100, -48.050201,2026-05-07 00:05:00,METOP-B,CHAPADA DA NATIVIDADE,TOCANTINS,Brasil,1705102,17,33,9,0.0,0.51,Cerrado,
2071b051-5a74-355b-a3c5-4d69f366709e, -11.623900, -48.048000,2026-05-07 00:05:00,METOP-B,CHAPADA DA NATIVIDADE,TOCANTINS,Brasil,1705102,17,33,9,0.0,0.47,Cerrado,
203d0f12-282f-3fc6-bfce-f8e7e3c0fd20, -21.332800, -47.073502,2026-05-07 00:05:00,METOP-B,MOCOCA,SÃO PAULO,Brasil,3530508,35,33,8,0.0,0.82,Cerrado,
f3ca83bf-c882-3a39-aa00-30bf13d30ec5, -21.331200, -47.065201,2026-05-07 00:05:00,METOP-B,MOCOCA,SÃO PAULO,Brasil,3530508,35,33,8,0.0,1.0,Cerrado,
175df6a3-1fa6-3de3-883d-de5a4e6021c7, -11.622300, -48.040699,2026-05-07 00:05:00,METOP-B,CHAPADA DA NATIVIDADE,TOCANTINS,Brasil,1705102,17,33,9,0.0,0.24,Cerrado,
5ed4e3de-7dc8-34c2-b186-bd4a36f67557, -20.109400, -44.995998,2026-05-07 00:05:00,METOP-B,DIVINÓPOLIS,MINAS GERAIS,Brasil,3122306,31,33,21,0.0,0.99,Cerrado,
3f47b27e-ce8e-363b-a4d6-3ea8e04dedc9, -12.915200, -49.471199,2026-05-07 00:05:00,METOP-B,ARAGUAÇU,TOCANTINS,Brasil,1702000,17,33,11,0.0,0.93,Cerrado,
d9b28cab-9811-324e-94fc-f1d98c8c440c, -10.559800, -42.419399,2026-05-07 00:05:00,METOP-B,XIQUE-XIQUE,BAHIA,Brasil,2933604,29,33,16,0.0,1.0,Caatinga,
1beff34d-e6a6-3b7f-87b3-c510f2ca4564, -12.493700, -58.418598,2026-05-07 00:05:00,METOP-B,BRASNORTE,MATO GROSSO,Brasil,5101902,51,33,9,0.0,0.12,Cerrado,
c06d89ac-d5c7-3d64-a496-b7477e6bb0fa, -12.760000, -46.947899,2026-05-07 00:05:00,METOP-B,ARRAIAS,TOCANTINS,Brasil,1702406,17,33,18,0.0,0.83,Cerrado,
a19c37d3-ec91-30e2-a0d6-dbcb88c22a9a, -14.043100, -47.597099,2026-05-07 00:05:00,METOP-B,CAVALCANTE,GOIÁS,Brasil,5205307,52,33,10,0.0,0.63,Cerrado,
cf67ae85-18f7-3f68-8dde-7b25d7f855bc,  -8.685000, -49.081200,2026-05-07 00:05:00,METOP-B,GOIANORTE,TOCANTINS,Brasil,1708304,17,33,7,0.0,0.17,Cerrado,
b031553c-9734-3648-86ff-e89366073035, -12.351400, -50.002201,2026-05-07 00:05:00,METOP-B,SANDOLÂNDIA,TOCANTINS,Brasil,1718840,17,33,8,0.0,0.46,Cerrado,
13ab1438-6b07-3a0e-8f62-582271861520, -12.484000, -58.420399,2026-05-07 00:05:00,METOP-B,BRASNORTE,MATO GROSSO,Brasil,5101902,51,33,9,0.0,0.13,Cerrado,
02531b64-4f31-37d5-81f1-e09c5292eaf1,  -7.102100, -49.919998,2026-05-07 00:05:00,METOP-B,XINGUARA,PARÁ,Brasil,1508407,15,33,3,0.0,0.54,Amazônia,
2aa434e1-49da-3591-a67b-3538d2dc87e7, -10.239000, -52.214199,2026-05-07 00:05:00,METOP-B,SANTA CRUZ DO XINGU,MATO GROSSO,Brasil,5107743,51,33,6,0.0,0.35,Amazônia,
2870d0f1-8fbf-3ab7-ac3f-2e4b5a6a5abe, -22.014601, -48.417900,2026-05-07 00:05:00,METOP-B,BOA ESPERANÇA DO SUL,SÃO PAULO,Brasil,3506706,35,33,7,0.0,1.0,Cerrado,
dc60b9a8-70a6-3892-9b06-288ce2334aa1,  -5.779600, -45.121300,2026-05-07 00:05:00,METOP-B,BARRA DO CORDA,MARANHÃO,Brasil,2101608,21,33,3,0.0,0.35,Cerrado,
b6109009-07c3-3b32-9d8c-e7f817112d31, -10.550100, -42.421799,2026-05-07 00:05:00,METOP-B,XIQUE-XIQUE,BAHIA,Brasil,2933604,29,33,17,0.0,1.0,Caatinga,
f7bdf3a3-85d2-3eb0-8318-b19c313db8e2, -18.434401, -54.667702,2026-05-07 00:05:00,METOP-B,COXIM,MATO GROSSO DO SUL,Brasil,5003306,50,33,10,0.0,0.92,Cerrado,
17dfb4bc-638e-38a2-86ee-8b39432b9e3a, -12.781900, -59.009600,2026-05-07 00:10:00,GOES-19,CAMPOS DE JÚLIO,MATO GROSSO,Brasil,5102686,51,33,7,0.3,0.73,Cerrado,48.9
352466ea-b096-3962-a691-2948c808e84d, -12.503300, -58.478100,2026-05-07 00:10:00,GOES-19,SAPEZAL,MATO GROSSO,Brasil,5107875,51,33,9,0.0,0.13,Cerrado,75.7
e636f7e2-b5db-3517-a227-0b3eb9ae0613, -12.503300, -58.478100,2026-05-07 00:20:00,GOES-19,SAPEZAL,MATO GROSSO,Brasil,5107875,51,33,9,0.0,0.13,Cerrado,59.7
b4f0ab72-5d8f-3317-af48-b9ada487af3d,  -7.151300, -48.238400,2026-05-07 00:36:00,METOP-C,ARAGUAÍNA,TOCANTINS,Brasil,1702109,17,33,4,0.0,0.27,Amazônia,
d1db9920-6c01-3f6e-827a-6345f535e5dc, -12.348100, -50.007801,2026-05-07 00:36:00,METOP-C,SANDOLÂNDIA,TOCANTINS,Brasil,1718840,17,33,8,0.0,0.46,Cerrado,
194188d3-493c-3cef-a81a-e25d919d990b, -13.184800, -52.686501,2026-05-07 00:36:00,METOP-C,CANARANA,MATO GROSSO,Brasil,5102702,51,33,8,0.0,0.21,Amazônia,
38fa165d-d66e-341a-bf4a-236c2e53f12c, -11.607800, -48.052799,2026-05-07 00:36:00,METOP-C,CHAPADA DA NATIVIDADE,TOCANTINS,Brasil,1705102,17,33,9,0.0,0.5,Cerrado,
b5a68d64-d267-37f5-b974-84457b8bac40, -11.617600, -48.050598,2026-05-07 00:36:00,METOP-C,CHAPADA DA NATIVIDADE,TOCANTINS,Brasil,1705102,17,33,9,0.0,0.52,Cerrado,
e7e49ca9-6bd6-326e-a440-639afe5ed57e, -12.489300, -58.474499,2026-05-07 00:36:00,METOP-C,SAPEZAL,MATO GROSSO,Brasil,5107875,51,33,9,0.0,0.12,Cerrado,
a004ab0a-9085-3a32-9e94-376e1a5fcb82, -11.619200, -48.057899,2026-05-07 00:36:00,METOP-C,CHAPADA DA NATIVIDADE,TOCANTINS,Brasil,1705102,17,33,9,0.0,0.53,Cerrado,
774c5707-1ca7-3117-a892-3096d28fff26,  -8.679700, -49.088200,2026-05-07 00:36:00,METOP-C,GOIANORTE,TOCANTINS,Brasil,1708304,17,33,6,0.0,0.22,Cerrado,
f09cf45c-085b-347b-8029-3b592097d25a, -18.427700, -54.694099,2026-05-07 00:36:00,METOP-C,COXIM,MATO GROSSO DO SUL,Brasil,5003306,50,33,10,0.0,0.88,Cerrado,
7b0e36a2-d399-3955-a882-550aca92a1ca,  -8.305400, -45.394600,2026-05-07 00:36:00,METOP-C,BAIXA GRANDE DO RIBEIRO,PIAUÍ,Brasil,2201150,22,33,13,0.0,0.62,Cerrado,
3f2a3d51-6939-37bf-9020-93b0718ec73c,  -2.626500, -51.956299,2026-05-07 00:36:00,METOP-C,SENADOR JOSÉ PORFÍRIO,PARÁ,Brasil,1507805,15,33,0,5.48,-999.0,Amazônia,
cf66fd07-2356-380e-af0c-3936d2233c33,  -8.731000, -47.981098,2026-05-07 00:36:00,METOP-C,SANTA MARIA DO TOCANTINS,TOCANTINS,Brasil,1718881,17,33,5,0.0,0.28,Cerrado,
a78db8a4-ba45-3334-9ca1-9989a0ed4178, -12.756100, -46.964802,2026-05-07 00:36:00,METOP-C,ARRAIAS,TOCANTINS,Brasil,1702406,17,33,17,0.0,0.82,Cerrado,
578bceea-b3f7-32f9-9886-ba89655456a6,  -8.805400, -49.937302,2026-05-07 00:36:00,METOP-C,SANTA MARIA DAS BARREIRAS,PARÁ,Brasil,1506583,15,33,4,0.0,0.15,Amazônia,
9a112da4-04c6-3aa1-9a34-8f1649b62825,  -2.624500, -51.947701,2026-05-07 00:36:00,METOP-C,SENADOR JOSÉ PORFÍRIO,PARÁ,Brasil,1507805,15,33,0,5.37,0.0,Amazônia,
d65d6cb6-2931-379c-a83e-c414fb9adac5, -12.340200, -50.018902,2026-05-07 00:36:00,METOP-C,SANDOLÂNDIA,TOCANTINS,Brasil,1718840,17,33,8,0.0,0.47,Cerrado,
8fd352fa-40ad-3a86-a3a3-0911e8785a72, -10.641600, -48.008999,2026-05-07 00:36:00,METOP-C,MONTE DO CARMO,TOCANTINS,Brasil,1713601,17,33,8,0.0,0.13,Cerrado,
5cea243a-bf0d-3804-888d-b0ce136609a3, -18.437401, -54.692299,2026-05-07 00:36:00,METOP-C,COXIM,MATO GROSSO DO SUL,Brasil,5003306,50,33,10,0.0,1.0,Cerrado,
9485c161-8778-3fd1-9b18-75fb125ee92e, -20.653400, -43.520000,2026-05-07 00:36:00,METOP-C,CATAS ALTAS DA NORUEGA,MINAS GERAIS,Brasil,3115409,31,33,20,0.0,0.25,Mata Atlântica,
7ddbac32-f44c-370f-b7c9-a444c2c9d386,  -8.729500, -47.974098,2026-05-07 00:36:00,METOP-C,SANTA MARIA DO TOCANTINS,TOCANTINS,Brasil,1718881,17,33,5,0.0,0.24,Cerrado,
ffe6c0c9-48d3-31d1-8739-c1edb4316903, -21.706301, -48.426899,2026-05-07 00:36:00,METOP-C,MATÃO,SÃO PAULO,Brasil,3529302,35,33,9,0.0,1.0,Cerrado,
55b67310-9eb6-3a6c-9fcb-5edbca71bea4, -12.754600, -46.957699,2026-05-07 00:36:00,METOP-C,ARRAIAS,TOCANTINS,Brasil,1702406,17,33,17,0.0,0.83,Cerrado,
a3d85d9b-2d11-3711-b9a7-f01c53aa3056, -21.339001, -47.078400,2026-05-07 00:36:00,METOP-C,MOCOCA,SÃO PAULO,Brasil,3530508,35,33,8,0.0,0.63,Cerrado,
8b1defe0-6b78-387a-a261-7ec2a8dc038b, -22.013000, -48.434399,2026-05-07 00:36:00,METOP-C,BOA ESPERANÇA DO SUL,SÃO PAULO,Brasil,3506706,35,33,7,0.0,1.0,Cerrado,
dab743cd-fb48-364d-85bb-35cd8f58a0f5,  -7.097800, -49.929100,2026-05-07 00:36:00,METOP-C,XINGUARA,PARÁ,Brasil,1508407,15,33,3,0.0,-999.0,Amazônia,
2d47ce6d-3026-3c29-be0b-ff6b4b99430d, -13.175100, -52.688499,2026-05-07 00:36:00,METOP-C,CANARANA,MATO GROSSO,Brasil,5102702,51,33,8,0.0,0.21,Amazônia,
7ae23c8b-dc3e-359c-b8a7-d4cd26bf6952,  -9.409700, -50.685799,2026-05-07 00:36:00,METOP-C,SANTANA DO ARAGUAIA,PARÁ,Brasil,1506708,15,33,6,0.0,0.6,Amazônia,
0c6c46de-5088-38ed-aeeb-91655a218c18, -22.009100, -48.414200,2026-05-07 00:36:00,METOP-C,BOA ESPERANÇA DO SUL,SÃO PAULO,Brasil,3506706,35,33,8,0.0,1.0,Cerrado,
2e4e8c4f-c653-3802-bba7-9d8560154bae, -21.704399, -48.416901,2026-05-07 00:36:00,METOP-C,MATÃO,SÃO PAULO,Brasil,3529302,35,33,9,0.0,0.83,Cerrado,
bd91c230-a62d-331e-b29e-3dd99828137d, -12.912600, -49.481899,2026-05-07 00:36:00,METOP-C,ARAGUAÇU,TOCANTINS,Brasil,1702000,17,33,11,0.0,0.63,Cerrado,
3e118c78-72c3-36a5-9af7-98a06882a371, -14.038000, -47.603298,2026-05-07 00:36:00,METOP-C,CAVALCANTE,GOIÁS,Brasil,5205307,52,33,10,0.0,0.56,Cerrado,
45cd9791-58e4-3a54-8115-9c3492c56404, -10.557400, -42.423302,2026-05-07 00:36:00,METOP-C,XIQUE-XIQUE,BAHIA,Brasil,2933604,29,33,17,0.0,1.0,Caatinga,
08bb306b-6ee5-3bcd-88a6-03e0af4e09ae,  -9.407700, -50.676800,2026-05-07 00:36:00,METOP-C,SANTANA DO ARAGUAIA,PARÁ,Brasil,1506708,15,33,6,0.0,0.58,Amazônia,
5db125a8-17f2-35ca-bd8f-50e1e1fb6676,  -8.807200, -49.945400,2026-05-07 00:36:00,METOP-C,SANTA MARIA DAS BARREIRAS,PARÁ,Brasil,1506583,15,33,4,0.0,0.4,Amazônia,
61c0e837-5d34-38c9-b431-a21e27a0e151, -11.728100, -54.792301,2026-05-07 00:36:00,METOP-C,CLÁUDIA,MATO GROSSO,Brasil,5103056,51,33,9,0.0,0.07,Amazônia,
fba5ce9e-25e5-369c-a073-c319e3684b9e, -22.011101, -48.424301,2026-05-07 00:36:00,METOP-C,BOA ESPERANÇA DO SUL,SÃO PAULO,Brasil,3506706,35,33,7,0.0,1.0,Cerrado,
2fd968ba-1cbc-3fb3-9e39-2c4c2ea5b08e, -10.640000, -48.001801,2026-05-07 00:36:00,METOP-C,MONTE DO CARMO,TOCANTINS,Brasil,1713601,17,33,8,0.0,0.13,Cerrado,
d99e0e41-093d-393c-beff-f96c6d7cc0ae, -12.350000, -50.016800,2026-05-07 00:36:00,METOP-C,SANDOLÂNDIA,TOCANTINS,Brasil,1718840,17,33,8,0.0,0.47,Cerrado,
c7fdb569-b8a6-36f5-97b2-6570d4fc5d0f, -10.559700, -42.432701,2026-05-07 00:36:00,METOP-C,XIQUE-XIQUE,BAHIA,Brasil,2933604,29,33,17,0.0,1.0,Caatinga,
c99911e8-985e-306e-8529-d8c755d35871, -12.781900, -59.009600,2026-05-07 00:40:00,GOES-19,CAMPOS DE JÚLIO,MATO GROSSO,Brasil,5102686,51,33,7,0.3,0.73,Cerrado,29.9
42717ed5-73ee-3115-a334-0bb9478adb5f, -12.503300, -58.478100,2026-05-07 00:40:00,GOES-19,SAPEZAL,MATO GROSSO,Brasil,5107875,51,33,9,0.0,0.13,Cerrado,49.9
e4bb563b-306c-3a84-8c5c-d0cf49b06f8b, -12.503300, -58.478100,2026-05-07 01:00:00,GOES-19,SAPEZAL,MATO GROSSO,Brasil,5107875,51,33,9,0.0,0.13,Cerrado,57.7
40d505e5-c87d-3b68-a8bf-52ddad8affbf, -18.436860, -54.712830,2026-05-07 01:09:00,TERRA_M-M,COXIM,MATO GROSSO DO SUL,Brasil,5003306,50,33,10,0.0,0.67,Cerrado,59.3
e6bf9fbf-a9a5-320a-813c-95856f94065d, -21.955990, -57.588830,2026-05-07 01:09:00,TERRA_M-M,PORTO MURTINHO,MATO GROSSO DO SUL,Brasil,5006903,50,33,3,1.0,0.74,Cerrado,15.1
49d92cf4-2a15-3f62-a6be-731bf5805a15, -16.165610, -58.499760,2026-05-07 01:11:00,TERRA_M-M,CÁCERES,MATO GROSSO,Brasil,5102504,51,33,8,0.0,1.0,Pantanal,21.1
7f0a46de-ce07-389a-83a8-6215d33bc8fe, -12.767480, -59.002140,2026-05-07 01:11:00,TERRA_M-M,CAMPOS DE JÚLIO,MATO GROSSO,Brasil,5102686,51,33,7,0.3,0.28,Cerrado,7.9
4127ff28-12ef-3688-8035-b11ea8ec5f75, -12.501240, -58.480610,2026-05-07 01:11:00,TERRA_M-M,SAPEZAL,MATO GROSSO,Brasil,5107875,51,33,9,0.0,0.13,Cerrado,52.1
cc438278-f23c-3c8b-9a9d-456d0a6d3b74, -12.498930, -58.465980,2026-05-07 01:11:00,TERRA_M-M,SAPEZAL,MATO GROSSO,Brasil,5107875,51,33,9,0.0,0.12,Cerrado,17.5
4862e9f2-788a-3fc1-b4c9-5837903973ee, -16.167100, -58.492850,2026-05-07 01:11:00,TERRA_M-M,CÁCERES,MATO GROSSO,Brasil,5102504,51,33,8,0.0,0.51,Pantanal,32.5
7c6f3d88-2a6f-3d81-92e5-8a1bd74fcf92, -16.163570, -58.487000,2026-05-07 01:11:00,TERRA_M-M,CÁCERES,MATO GROSSO,Brasil,5102504,51,33,8,0.0,0.2,Pantanal,28.9
f2da2319-8e3e-3332-9709-74d35668d4a6, -12.490270, -58.482420,2026-05-07 01:11:00,TERRA_M-M,SAPEZAL,MATO GROSSO,Brasil,5107875,51,33,9,0.0,0.13,Cerrado,24.0
39e84f99-3775-319a-8f70-1cd09babb743, -12.777970, -59.000380,2026-05-07 01:11:00,TERRA_M-M,CAMPOS DE JÚLIO,MATO GROSSO,Brasil,5102686,51,33,7,0.3,0.49,Cerrado,21.8
f78cb6b1-089c-3e81-896d-8d3fae689133, -12.780000, -59.013500,2026-05-07 01:11:00,TERRA_M-M,CAMPOS DE JÚLIO,MATO GROSSO,Brasil,5102686,51,33,7,0.3,0.46,Cerrado,32.6
ca21ef6d-f33b-3c43-9a5b-810b969f2859, -21.715000, -48.412600,2026-05-07 03:20:00,GOES-19,GAVIÃO PEIXOTO,SÃO PAULO,Brasil,3516853,35,33,9,0.0,1.0,Cerrado,49.9
81c333fe-d79b-33b8-953f-ad113d8ac550,  -8.164130, -35.804320,2026-05-07 03:25:00,NPP-375D,BEZERROS,PERNAMBUCO,Brasil,2601904,26,33,0,1.31,0.01,Mata Atlântica,1.0
79c1ec78-236a-35f8-a0aa-c4ae352bb7de, -10.554280, -42.437060,2026-05-07 03:25:00,NPP-375D,XIQUE-XIQUE,BAHIA,Brasil,2933604,29,33,17,0.0,0.99,Caatinga,4.9
73a607a9-1c8e-304d-a01f-10b7d23ec7eb,  -8.904420, -36.901720,2026-05-07 03:25:00,NPP-375D,PEDRA,PERNAMBUCO,Brasil,2610806,26,33,2,0.1,0.96,Caatinga,1.2
736b2d91-4f99-3bf2-bedf-93e958f4cca2,  -9.250100, -40.241860,2026-05-07 03:25:00,NPP-375D,JUAZEIRO,BAHIA,Brasil,2918407,29,33,3,0.0,0.93,Caatinga,2.6
189f0366-2a4a-3bf9-896d-eb3c827f09db, -10.555380, -42.431610,2026-05-07 03:25:00,NPP-375D,XIQUE-XIQUE,BAHIA,Brasil,2933604,29,33,17,0.0,1.0,Caatinga,1.7
15ddc843-608a-34b0-b77b-bab99d16312d, -12.850380, -43.756810,2026-05-07 03:28:00,NPP-375D,SERRA DOURADA,BAHIA,Brasil,2930303,29,33,17,0.67,0.92,Cerrado,1.0
bb3deec4-1891-35e7-8596-ad7bbc6d3426, -11.791510, -43.635120,2026-05-07 03:28:00,NPP-375D,BARRA,BAHIA,Brasil,2902708,29,33,16,1.13,0.63,Cerrado,2.4
c2f82465-875e-3650-9255-46fce44f8834, -12.865160, -43.753620,2026-05-07 03:28:00,NPP-375D,SERRA DOURADA,BAHIA,Brasil,2930303,29,33,17,0.6,0.91,Cerrado,2.3
ede9e7b4-8c61-3fa5-b28d-5722b3c085b1, -12.863870, -43.759720,2026-05-07 03:28:00,NPP-375D,SERRA DOURADA,BAHIA,Brasil,2930303,29,33,17,0.61,0.9,Cerrado,2.3
a23ce569-85cc-36dd-ac73-1970ad0c9770, -11.783400, -43.639790,2026-05-07 03:28:00,NPP-375D,BARRA,BAHIA,Brasil,2902708,29,33,16,1.1,0.47,Cerrado,2.4
3d8c5b50-728e-3e6d-8bb9-438a0d40dcf8, -12.857130, -43.758270,2026-05-07 03:28:00,NPP-375D,SERRA DOURADA,BAHIA,Brasil,2930303,29,33,17,0.67,0.91,Cerrado,2.3
7654ba01-1e2f-3ef5-b6c5-00fa3700d189, -20.231840, -46.851520,2026-05-07 03:30:00,NPP-375D,DELFINÓPOLIS,MINAS GERAIS,Brasil,3121209,31,33,23,0.0,0.57,Cerrado,2.3
72939e50-7dc5-3f3c-96e8-64a00b5329d7, -20.225470, -46.847270,2026-05-07 03:30:00,NPP-375D,DELFINÓPOLIS,MINAS GERAIS,Brasil,3121209,31,33,22,0.0,0.51,Cerrado,2.3
731003e7-48b2-3356-b616-e9fed191a8e9, -20.229540, -46.849840,2026-05-07 03:30:00,NPP-375D,DELFINÓPOLIS,MINAS GERAIS,Brasil,3121209,31,33,23,0.0,0.52,Cerrado,4.4
5f9d6c63-5fc1-36f5-903b-96250d820377,  -8.220480, -36.115020,2026-05-07 03:45:00,NOAA-20,SÃO CAITANO,PERNAMBUCO,Brasil,2613107,26,33,1,1.29,0.15,Caatinga,1.1
f37b22b3-fc01-3eb0-ada1-3272417f0e7b,  -5.775100, -45.125120,2026-05-07 03:45:00,NOAA-20,BARRA DO CORDA,MARANHÃO,Brasil,2101608,21,33,3,0.0,0.36,Cerrado,1.1
5ed5b777-48ac-3c5f-aec1-d99962f749fd,  -5.774390, -45.129120,2026-05-07 03:45:00,NOAA-20,BARRA DO CORDA,MARANHÃO,Brasil,2101608,21,33,3,0.0,0.35,Cerrado,0.9
cd185adc-d765-3ec3-83b0-a7b64e5fd30b,  -8.908700, -37.343540,2026-05-07 03:45:00,NOAA-20,ITAÍBA,PERNAMBUCO,Brasil,2607505,26,33,3,0.0,1.0,Caatinga,0.7
b27f85c2-3817-33d4-a8ae-b5fa8a8d1018,  -8.903160, -36.899620,2026-05-07 03:45:00,NOAA-20,PEDRA,PERNAMBUCO,Brasil,2610806,26,33,2,0.1,0.96,Caatinga,1.2
a91df4a2-1458-3805-a7a2-bd87070cdeb1,  -5.775800, -45.121140,2026-05-07 03:45:00,NOAA-20,BARRA DO CORDA,MARANHÃO,Brasil,2101608,21,33,3,0.0,0.36,Cerrado,1.1
eef4d352-77f6-3b0e-9ac3-bbd3e3c906ef,  -5.532760, -35.520520,2026-05-07 03:45:00,NOAA-20,TAIPU,RIO GRANDE DO NORTE,Brasil,2413904,24,33,-999,6.36,0.01,Caatinga,0.6
6605db02-bc9d-3ca3-85a2-d22e6ae1a8b5,  -6.019920, -35.491130,2026-05-07 03:45:00,NOAA-20,MACAÍBA,RIO GRANDE DO NORTE,Brasil,2407104,24,33,0,8.18,0.02,Caatinga,0.7
23248289-4d14-32b3-ae73-a6fdea8253ad,  -8.843270, -36.554330,2026-05-07 03:45:00,NOAA-20,GARANHUNS,PERNAMBUCO,Brasil,2606002,26,33,2,0.55,0.71,Mata Atlântica,1.0
9de639bc-7f98-36b5-82a8-5988296d12ff,  -8.350380, -36.301260,2026-05-07 03:45:00,NOAA-20,TACAIMBÓ,PERNAMBUCO,Brasil,2614709,26,33,0,1.65,0.14,Caatinga,1.2
6cfe548b-5099-367a-9cd6-c5bc5aa7a821,  -7.365300, -39.753830,2026-05-07 03:45:00,NOAA-20,EXU,PERNAMBUCO,Brasil,2605301,26,33,4,0.3,0.17,Caatinga,0.7
e7dc744e-d031-3797-9540-d386cb78f5cd, -19.134450, -44.620200,2026-05-07 03:47:00,NOAA-20,CURVELO,MINAS GERAIS,Brasil,3120904,31,33,26,0.0,0.97,Cerrado,1.6
047ed091-ef8b-3bae-89ec-f76b890aa99a, -14.858300, -48.563030,2026-05-07 03:47:00,NOAA-20,NIQUELÂNDIA,GOIÁS,Brasil,5214606,52,33,23,0.0,0.51,Cerrado,4.7
d8c7144b-3888-3ce5-aeb1-9e4edf71e764, -11.792580, -43.632680,2026-05-07 03:47:00,NOAA-20,BARRA,BAHIA,Brasil,2902708,29,33,15,1.12,0.76,Cerrado,2.4
f1fda464-1905-3dc3-a9f6-c65bb3646b3a, -19.133300, -44.621290,2026-05-07 03:47:00,NOAA-20,CURVELO,MINAS GERAIS,Brasil,3120904,31,33,26,0.0,0.91,Cerrado,1.5
01b50c85-9dfb-393d-9e0f-28e2938b08d2, -12.274330, -43.550340,2026-05-07 03:47:00,NOAA-20,MUQUÉM DO SÃO FRANCISCO,BAHIA,Brasil,2922250,29,33,0,0.0,0.98,Cerrado,1.5
b3bc561c-5441-31ed-9d13-9a679c419201, -13.953610, -47.552300,2026-05-07 03:47:00,NOAA-20,CAVALCANTE,GOIÁS,Brasil,5205307,52,33,10,0.0,0.65,Cerrado,1.4
0f8becef-c449-3173-97bf-d114ddf6536a, -15.838010, -39.183930,2026-05-07 03:47:00,NOAA-20,BELMONTE,BAHIA,Brasil,2903409,29,33,0,3.78,0.07,Mata Atlântica,3.0
8607ec03-e5c5-31e4-a353-79690a131f5d, -14.900320, -45.181030,2026-05-07 03:47:00,NOAA-20,BONITO DE MINAS,MINAS GERAIS,Brasil,3108255,31,33,21,0.0,0.93,Cerrado,1.7
cc98ce04-dc2b-3603-a8d3-19f167cff54f, -11.617750, -48.055090,2026-05-07 03:47:00,NOAA-20,CHAPADA DA NATIVIDADE,TOCANTINS,Brasil,1705102,17,33,9,0.0,0.53,Cerrado,2.1
323b57fd-e23d-3448-b90e-afa5268a1fae, -14.132590, -45.344980,2026-05-07 03:47:00,NOAA-20,JABORANDI,BAHIA,Brasil,2917359,29,33,27,0.0,0.82,Cerrado,2.0
82d19ff0-50b3-3156-9e7e-4ef1a3bcf4ae, -10.639150, -48.008790,2026-05-07 03:47:00,NOAA-20,MONTE DO CARMO,TOCANTINS,Brasil,1713601,17,33,8,0.0,0.13,Cerrado,2.4
ca75ce0e-cd18-3a7b-b593-96df247b0370, -14.039380, -47.604160,2026-05-07 03:47:00,NOAA-20,CAVALCANTE,GOIÁS,Brasil,5205307,52,33,10,0.0,0.59,Cerrado,1.1
e6780b05-09a3-359d-a5ed-80fe3070b356,  -8.304540, -45.398420,2026-05-07 03:47:00,NOAA-20,BAIXA GRANDE DO RIBEIRO,PIAUÍ,Brasil,2201150,22,33,13,0.0,0.62,Cerrado,1.0
9c062ed3-4152-3fdf-a37a-0a7c409a9ac7,  -8.309490, -45.402740,2026-05-07 03:47:00,NOAA-20,BAIXA GRANDE DO RIBEIRO,PIAUÍ,Brasil,2201150,22,33,13,0.0,0.62,Cerrado,1.0
b1b26ab5-6fc5-32ab-84c0-549000347716, -10.636110, -48.008850,2026-05-07 03:47:00,NOAA-20,MONTE DO CARMO,TOCANTINS,Brasil,1713601,17,33,8,0.0,0.13,Cerrado,5.9
880a4c93-9be1-32ac-9c8f-278e362abd52, -10.552060, -42.432960,2026-05-07 03:47:00,NOAA-20,XIQUE-XIQUE,BAHIA,Brasil,2933604,29,33,17,0.0,0.99,Caatinga,0.7
0255c200-97d9-378b-8753-df898ac0a1eb, -20.224370, -46.845750,2026-05-07 03:47:00,NOAA-20,DELFINÓPOLIS,MINAS GERAIS,Brasil,3121209,31,33,21,0.0,0.51,Cerrado,1.9
533c5838-0930-360a-bc40-4e38ce1d1b95,  -9.010590, -41.995290,2026-05-07 03:47:00,NOAA-20,DOM INOCÊNCIO,PIAUÍ,Brasil,2203453,22,33,4,0.0,0.92,Caatinga,1.8
2169f693-a830-30f3-af2d-632e72eed31a, -12.344670, -50.016370,2026-05-07 03:47:00,NOAA-20,SANDOLÂNDIA,TOCANTINS,Brasil,1718840,17,33,8,0.0,0.47,Cerrado,4.6
3ad695b8-8605-3a1d-9855-d136815eca1e,  -8.310200, -45.398830,2026-05-07 03:47:00,NOAA-20,BAIXA GRANDE DO RIBEIRO,PIAUÍ,Brasil,2201150,22,33,13,0.0,0.63,Cerrado,1.0
7f0af9de-0edc-3c53-aa4a-10b1cc31a8d1, -11.787050, -43.636680,2026-05-07 03:47:00,NOAA-20,BARRA,BAHIA,Brasil,2902708,29,33,16,1.11,0.51,Cerrado,2.4
2cb175f5-f774-32d3-82b7-1008085c156f,  -8.725550, -47.982090,2026-05-07 03:47:00,NOAA-20,SANTA MARIA DO TOCANTINS,TOCANTINS,Brasil,1718881,17,33,5,0.0,0.28,Cerrado,3.3
2d571cd7-91a0-3322-a2df-99b0dde540aa, -12.855380, -43.755280,2026-05-07 03:47:00,NOAA-20,SERRA DOURADA,BAHIA,Brasil,2930303,29,33,17,0.65,0.94,Cerrado,1.8
f2e476ad-9324-3033-8ff0-12e64697f1b7, -12.859970, -43.756160,2026-05-07 03:47:00,NOAA-20,SERRA DOURADA,BAHIA,Brasil,2930303,29,33,17,0.63,0.92,Cerrado,3.2
d5730b22-deb0-3695-9595-db9d9deb0f3b, -11.946970, -43.379950,2026-05-07 03:47:00,NOAA-20,MUQUÉM DO SÃO FRANCISCO,BAHIA,Brasil,2922250,29,33,0,0.52,0.67,Cerrado,1.1
b056b9f2-6cb5-36e4-aed8-896022c8976d, -15.841430, -39.184540,2026-05-07 03:47:00,NOAA-20,BELMONTE,BAHIA,Brasil,2903409,29,33,0,3.87,0.06,Mata Atlântica,3.0
4f2681d3-f6da-3f51-b2d8-1495904cdc24,  -8.724430, -47.987740,2026-05-07 03:47:00,NOAA-20,SANTA MARIA DO TOCANTINS,TOCANTINS,Brasil,1718881,17,33,5,0.0,0.27,Cerrado,1.4
bd346eb9-8832-31f6-ac53-91a7d8030e1e, -11.611560, -48.053900,2026-05-07 03:47:00,NOAA-20,CHAPADA DA NATIVIDADE,TOCANTINS,Brasil,1705102,17,33,9,0.0,0.51,Cerrado,1.7
1e3428b5-2a0c-37c4-8bf9-62d3dd114a9b, -13.954580, -47.547500,2026-05-07 03:47:00,NOAA-20,CAVALCANTE,GOIÁS,Brasil,5205307,52,33,11,0.0,0.66,Cerrado,1.4
9de3e69d-f70e-3e65-b1bf-99a83d86cde4, -14.859930, -48.562080,2026-05-07 03:47:00,NOAA-20,NIQUELÂNDIA,GOIÁS,Brasil,5214606,52,33,24,0.0,0.51,Cerrado,4.7
7d72b672-1a7e-3421-87c2-9ab28999d0b9, -14.044100, -47.610460,2026-05-07 03:47:00,NOAA-20,CAVALCANTE,GOIÁS,Brasil,5205307,52,33,10,0.0,0.65,Cerrado,1.0
713b7e4e-59ba-3c2b-833a-22c7c70aedb2, -11.787940, -43.631800,2026-05-07 03:47:00,NOAA-20,BARRA,BAHIA,Brasil,2902708,29,33,15,1.11,0.61,Cerrado,2.4
7c625017-9f20-3e5b-80db-7b98425e20ee, -12.860850, -43.751340,2026-05-07 03:47:00,NOAA-20,SERRA DOURADA,BAHIA,Brasil,2930303,29,33,17,0.61,0.94,Cerrado,3.2
c46c9bd2-c299-30d0-99dc-c35bc866cf38, -21.329700, -47.081360,2026-05-07 03:47:00,NOAA-20,MOCOCA,SÃO PAULO,Brasil,3530508,35,33,8,0.0,0.75,Cerrado,1.9
0699c156-c88e-3f00-bdbf-6c102871def7, -14.860980, -48.557180,2026-05-07 03:47:00,NOAA-20,NIQUELÂNDIA,GOIÁS,Brasil,5214606,52,33,24,0.0,0.52,Cerrado,4.7
94ef7c04-6987-3d76-9900-d95b5fe9939b,  -8.724920, -47.984710,2026-05-07 03:47:00,NOAA-20,SANTA MARIA DO TOCANTINS,TOCANTINS,Brasil,1718881,17,33,5,0.0,0.28,Cerrado,1.6
363576ec-5200-368d-8b03-ccb25d71bc14, -20.229120, -46.847480,2026-05-07 03:47:00,NOAA-20,DELFINÓPOLIS,MINAS GERAIS,Brasil,3121209,31,33,22,0.0,0.51,Cerrado,1.1
3725ea89-fb3f-323c-a5bc-6b11ef33f4f1, -13.627830, -47.819770,2026-05-07 03:47:00,NOAA-20,CAVALCANTE,GOIÁS,Brasil,5205307,52,33,9,0.0,0.46,Cerrado,1.7
07072fbf-c6a3-3bf2-b0b2-5cf52f05521f, -12.755850, -46.965210,2026-05-07 03:47:00,NOAA-20,ARRAIAS,TOCANTINS,Brasil,1702406,17,33,17,0.0,0.82,Cerrado,1.5
4bd5ccf4-64cc-3847-b4f8-91916cff63ad, -12.854490, -43.760090,2026-05-07 03:47:00,NOAA-20,SERRA DOURADA,BAHIA,Brasil,2930303,29,33,17,0.7,0.89,Cerrado,2.4
4bbf5a97-7511-3407-b908-4f83a24e07cd, -14.862010, -48.552390,2026-05-07 03:47:00,NOAA-20,NIQUELÂNDIA,GOIÁS,Brasil,5214606,52,33,25,0.0,0.52,Cerrado,2.8
7ff335f6-0248-3de2-8b7b-27d1d4e8b8a9, -10.632840, -48.007770,2026-05-07 03:47:00,NOAA-20,MONTE DO CARMO,TOCANTINS,Brasil,1713601,17,33,8,0.0,0.13,Cerrado,2.4
099c6e5f-fa8f-3353-ac91-64763fd47672, -11.602820, -48.056630,2026-05-07 03:47:00,NOAA-20,CHAPADA DA NATIVIDADE,TOCANTINS,Brasil,1705102,17,33,9,0.0,0.43,Cerrado,0.9
d585002e-6b3a-3c70-9236-768ddd81c0b9, -12.274250, -43.553220,2026-05-07 03:47:00,NOAA-20,MUQUÉM DO SÃO FRANCISCO,BAHIA,Brasil,2922250,29,33,0,0.0,0.87,Cerrado,1.5
83ef9bf3-beaa-35a4-90c6-ef4205d2da77, -14.131720, -45.349410,2026-05-07 03:47:00,NOAA-20,JABORANDI,BAHIA,Brasil,2917359,29,33,26,0.0,0.82,Cerrado,0.9
d88461d8-50f1-38a7-bf3c-a58c7d3a8f27, -14.126730, -45.348440,2026-05-07 03:47:00,NOAA-20,JABORANDI,BAHIA,Brasil,2917359,29,33,27,0.0,0.82,Cerrado,0.9
5d005bbf-12db-3e5b-bf27-ebd9ea51f03d,  -8.725990, -47.979030,2026-05-07 03:47:00,NOAA-20,SANTA MARIA DO TOCANTINS,TOCANTINS,Brasil,1718881,17,33,5,0.0,0.28,Cerrado,1.6
3a2097d5-49a2-3078-b5d0-d2a13ad7f6b3, -12.756660, -46.961150,2026-05-07 03:47:00,NOAA-20,ARRAIAS,TOCANTINS,Brasil,1702406,17,33,17,0.0,0.83,Cerrado,1.1
9bdfe70e-3493-331b-9ff2-5f15fc98eafb, -12.850780, -43.754390,2026-05-07 03:47:00,NOAA-20,SERRA DOURADA,BAHIA,Brasil,2930303,29,33,17,0.65,0.95,Cerrado,1.8
a3c3c4ae-7ddf-3569-9b50-f794c26f9dfe, -14.860310, -48.553370,2026-05-07 03:47:00,NOAA-20,NIQUELÂNDIA,GOIÁS,Brasil,5214606,52,33,25,0.0,0.52,Cerrado,3.7
c3a67f98-7654-3697-b59f-9f92c9ed776c, -20.227020, -46.842010,2026-05-07 03:47:00,NOAA-20,DELFINÓPOLIS,MINAS GERAIS,Brasil,3121209,31,33,21,0.0,0.51,Cerrado,2.3
cb055959-7027-37a5-9d14-a1c7c1f95e77, -20.230360, -46.841400,2026-05-07 03:47:00,NOAA-20,DELFINÓPOLIS,MINAS GERAIS,Brasil,3121209,31,33,22,0.0,0.52,Cerrado,1.7
15e02752-c8c5-3df9-bf87-5fe7ba28220b, -14.125560, -45.354390,2026-05-07 03:47:00,NOAA-20,JABORANDI,BAHIA,Brasil,2917359,29,33,26,0.0,0.82,Cerrado,1.2
185e6e7f-e1f2-3dd6-a982-bb28df50a9fe, -10.555670, -42.438030,2026-05-07 03:47:00,NOAA-20,XIQUE-XIQUE,BAHIA,Brasil,2933604,29,33,17,0.0,0.99,Caatinga,3.4
8438819a-b1cd-3202-a24a-a54cc707474f, -14.126150, -45.351410,2026-05-07 03:47:00,NOAA-20,JABORANDI,BAHIA,Brasil,2917359,29,33,26,0.0,0.82,Cerrado,0.9
c18389b6-8d88-3a0c-ac5a-570d8e061a41, -12.864560, -43.757040,2026-05-07 03:47:00,NOAA-20,SERRA DOURADA,BAHIA,Brasil,2930303,29,33,17,0.6,0.9,Cerrado,3.2
e4fb3f9d-e0f6-3a8a-8773-a7a7d7efddaa, -11.946090, -43.384770,2026-05-07 03:47:00,NOAA-20,MUQUÉM DO SÃO FRANCISCO,BAHIA,Brasil,2922250,29,33,0,0.56,0.66,Cerrado,1.1
08486fc9-9245-3579-88e1-9fb228e344dc, -14.120570, -45.353420,2026-05-07 03:47:00,NOAA-20,JABORANDI,BAHIA,Brasil,2917359,29,33,26,0.0,0.82,Cerrado,0.9
3a8e0a04-29b4-38b1-922d-a35b1ce36540, -11.616240, -48.053990,2026-05-07 03:47:00,NOAA-20,CHAPADA DA NATIVIDADE,TOCANTINS,Brasil,1705102,17,33,9,0.0,0.52,Cerrado,1.8
83bc0f0f-c910-3cc9-be8a-2bc10c68bb19, -11.610040, -48.052820,2026-05-07 03:47:00,NOAA-20,CHAPADA DA NATIVIDADE,TOCANTINS,Brasil,1705102,17,33,9,0.0,0.51,Cerrado,1.8
07a330c2-25af-3e81-bd58-95fb621a3e8d, -11.604380, -48.057690,2026-05-07 03:47:00,NOAA-20,CHAPADA DA NATIVIDADE,TOCANTINS,Brasil,1705102,17,33,9,0.0,0.49,Cerrado,1.7
5fdf9a66-f660-352a-9150-5813ef24e794, -14.859310, -48.558200,2026-05-07 03:47:00,NOAA-20,NIQUELÂNDIA,GOIÁS,Brasil,5214606,52,33,24,0.0,0.51,Cerrado,4.7
47870ef8-5a92-3ffb-9137-236702d56e41, -14.127610, -45.343980,2026-05-07 03:47:00,NOAA-20,JABORANDI,BAHIA,Brasil,2917359,29,33,27,0.0,0.82,Cerrado,2.0
b3d17aa3-9f53-37c1-b527-64e87d9543e0, -21.335700, -47.076990,2026-05-07 03:47:00,NOAA-20,MOCOCA,SÃO PAULO,Brasil,3530508,35,33,8,0.0,0.56,Cerrado,1.9
ebda794e-a714-374c-bae1-d2591226be5c, -12.278900, -43.551240,2026-05-07 03:47:00,NOAA-20,MUQUÉM DO SÃO FRANCISCO,BAHIA,Brasil,2922250,29,33,0,0.0,0.81,Cerrado,1.0
6b6b54d3-8868-37d3-9926-a705566ec1cb, -13.955460, -47.543160,2026-05-07 03:47:00,NOAA-20,CAVALCANTE,GOIÁS,Brasil,5205307,52,33,11,0.0,0.66,Cerrado,1.4
75564b0f-0d0a-3b81-97a2-a967a4c41c71, -21.356360, -45.138560,2026-05-07 03:47:00,NOAA-20,CARMO DA CACHOEIRA,MINAS GERAIS,Brasil,3113909,31,33,18,0.0,0.92,Mata Atlântica,1.7
7eb053ce-edd3-3d76-a7c7-1d9b33891aef, -10.556440, -42.433760,2026-05-07 03:47:00,NOAA-20,XIQUE-XIQUE,BAHIA,Brasil,2933604,29,33,17,0.0,1.0,Caatinga,6.2
4a8701c3-ce27-3c62-aae2-286850ed4410, -14.121160, -45.350450,2026-05-07 03:47:00,NOAA-20,JABORANDI,BAHIA,Brasil,2917359,29,33,26,0.0,0.82,Cerrado,1.2
bdb6676a-2dd3-355f-818a-02b6a7ca0a08, -20.225700, -46.848210,2026-05-07 03:47:00,NOAA-20,DELFINÓPOLIS,MINAS GERAIS,Brasil,3121209,31,33,22,0.0,0.51,Cerrado,2.3
0bd59216-1737-3a96-8d2e-72a482137a37, -22.743220, -48.210340,2026-05-07 03:49:00,NOAA-20,ANHEMBI,SÃO PAULO,Brasil,3502309,35,33,7,0.0,1.0,Cerrado,0.4
d7e1ab60-260d-3aec-9ea6-6147d73c5fab, -23.326950, -48.864880,2026-05-07 03:49:00,NOAA-20,PARANAPANEMA,SÃO PAULO,Brasil,3535804,35,33,4,0.0,0.1,Cerrado,1.1
ad64e900-8fd2-3a12-abda-aee3470b49e6, -21.704170, -48.419770,2026-05-07 03:49:00,NOAA-20,MATÃO,SÃO PAULO,Brasil,3529302,35,33,9,0.0,1.0,Cerrado,9.5
4f281458-7235-3533-bed3-f45c44443f47, -22.742520, -48.213600,2026-05-07 03:49:00,NOAA-20,ANHEMBI,SÃO PAULO,Brasil,3502309,35,33,7,0.0,1.0,Cerrado,0.4
5a41d4a5-91d7-335e-8a3d-864368858fda, -22.972340, -52.691950,2026-05-07 03:49:00,NOAA-20,GUAIRAÇÁ,PARANÁ,Brasil,4108908,41,33,4,0.0,0.26,Mata Atlântica,2.5
1c697d7a-88b7-3ff2-9625-0aabf47eac91, -22.700180, -43.359960,2026-05-07 03:49:00,NOAA-20,BELFORD ROXO,RIO DE JANEIRO,Brasil,3300456,33,33,-999,0.0,1.0,Mata Atlântica,1.0
d14e8a63-3fb5-3692-96a4-6c58d29f355a, -22.741810, -48.216890,2026-05-07 03:49:00,NOAA-20,ANHEMBI,SÃO PAULO,Brasil,3502309,35,33,7,0.0,1.0,Cerrado,0.3
46f82bf9-352d-3a46-a546-34910f3ff587, -22.007750, -48.428730,2026-05-07 03:49:00,NOAA-20,BOA ESPERANÇA DO SUL,SÃO PAULO,Brasil,3506706,35,33,7,0.0,1.0,Cerrado,2.4
25e2d953-b8b6-33d9-a9d8-a61e6a2695eb, -21.699680, -48.415150,2026-05-07 03:49:00,NOAA-20,MATÃO,SÃO PAULO,Brasil,3529302,35,33,9,0.0,0.87,Cerrado,9.5
a11660b8-e312-3c53-b330-6fe8eabf2379, -21.703450, -48.423070,2026-05-07 03:49:00,NOAA-20,MATÃO,SÃO PAULO,Brasil,3529302,35,33,9,0.0,1.0,Cerrado,4.4
bad3bad4-d7ab-3ee3-92f1-65c2ce67f160, -22.008500, -48.425320,2026-05-07 03:49:00,NOAA-20,BOA ESPERANÇA DO SUL,SÃO PAULO,Brasil,3506706,35,33,7,0.0,1.0,Cerrado,2.2
6b89b7a6-9d8e-3b98-baba-9bb2c394bd1c, -21.698970, -48.418430,2026-05-07 03:49:00,NOAA-20,MATÃO,SÃO PAULO,Brasil,3529302,35,33,9,0.0,0.97,Cerrado,9.5
47318aac-f160-3edb-9111-d501987f6faa, -22.609750, -47.227660,2026-05-07 03:49:00,NOAA-20,COSMÓPOLIS,SÃO PAULO,Brasil,3512803,35,33,8,0.0,1.0,Cerrado,0.9
3dffd045-584b-3e99-ac3b-20d13b6da191, -22.970910, -52.697670,2026-05-07 03:49:00,NOAA-20,GUAIRAÇÁ,PARANÁ,Brasil,4108908,41,33,4,0.0,0.53,Mata Atlântica,2.5
adaf6657-7d68-3500-b565-a4efca41a0aa, -21.704890, -48.416480,2026-05-07 03:49:00,NOAA-20,MATÃO,SÃO PAULO,Brasil,3529302,35,33,9,0.0,0.8,Cerrado,9.5
369f532e-4a8d-393f-9388-c831b2b56a93, -10.559070, -42.435990,2026-05-07 04:34:00,NOAA-21,XIQUE-XIQUE,BAHIA,Brasil,2933604,29,33,17,0.0,1.0,Caatinga,1.7
156d3c32-c013-3900-8c72-bc4ca6c50913,  -5.781610, -45.121790,2026-05-07 04:34:00,NOAA-21,BARRA DO CORDA,MARANHÃO,Brasil,2101608,21,33,3,0.0,0.35,Cerrado,1.1
b7d42a78-e6d2-3bb6-a5af-9a548bbc3eb7,  -6.318850, -44.634400,2026-05-07 04:34:00,NOAA-21,MIRADOR,MARANHÃO,Brasil,2106706,21,33,4,0.0,0.32,Cerrado,0.8
9e0a48a1-ef06-3421-92c0-9f8f4cc1d76f, -10.238980, -52.231300,2026-05-07 04:34:00,NOAA-21,SANTA CRUZ DO XINGU,MATO GROSSO,Brasil,5107743,51,33,6,0.0,0.17,Amazônia,2.2
06590acc-9710-30f9-aab8-ddb25a036f11, -11.612640, -48.054830,2026-05-07 04:34:00,NOAA-21,CHAPADA DA NATIVIDADE,TOCANTINS,Brasil,1705102,17,33,9,0.0,0.52,Cerrado,1.6
4f73ad8c-0f0f-393a-9f1b-1f98067ce7c8, -12.344410, -50.013550,2026-05-07 04:34:00,NOAA-21,SANDOLÂNDIA,TOCANTINS,Brasil,1718840,17,33,8,0.0,0.46,Cerrado,3.8
e596f04e-f8c4-339c-a0a7-af8a89a28528,  -5.778120, -45.121230,2026-05-07 04:34:00,NOAA-21,BARRA DO CORDA,MARANHÃO,Brasil,2101608,21,33,3,0.0,0.35,Cerrado,1.1
2fa70400-e59b-3a99-8160-e91f9b141123,  -9.469860, -47.801180,2026-05-07 04:34:00,NOAA-21,RIO SONO,TOCANTINS,Brasil,1718758,17,33,9,0.0,0.42,Cerrado,1.2
ad5ea1e5-7368-32a9-a5da-a0ee246c8b7e,  -8.307090, -45.393950,2026-05-07 04:34:00,NOAA-21,BAIXA GRANDE DO RIBEIRO,PIAUÍ,Brasil,2201150,22,33,13,0.0,0.62,Cerrado,1.5
522ac14f-f6d6-380b-abd3-446a3d77ebea, -12.351560, -50.033060,2026-05-07 04:34:00,NOAA-21,SANDOLÂNDIA,TOCANTINS,Brasil,1718840,17,33,8,0.0,0.42,Cerrado,1.8
d449ad3f-1f63-33e6-a011-3baa0a555ae9, -11.609310, -48.054310,2026-05-07 04:34:00,NOAA-21,CHAPADA DA NATIVIDADE,TOCANTINS,Brasil,1705102,17,33,9,0.0,0.51,Cerrado,1.6
8e9b2eb6-ec09-3ebd-8c22-9db0561c23e3,  -8.314140, -45.395230,2026-05-07 04:34:00,NOAA-21,BAIXA GRANDE DO RIBEIRO,PIAUÍ,Brasil,2201150,22,33,12,0.0,0.63,Cerrado,0.4
981c8815-86a9-3a75-bfc1-eef7c9b86fec,  -7.154180, -48.238560,2026-05-07 04:34:00,NOAA-21,ARAGUAÍNA,TOCANTINS,Brasil,1702109,17,33,4,0.0,0.29,Amazônia,0.7
ce2e9b42-da38-3ef2-a754-b891daecef09,  -8.628400, -49.541300,2026-05-07 04:34:00,NOAA-21,CONCEIÇÃO DO ARAGUAIA,PARÁ,Brasil,1502707,15,33,4,0.0,0.7,Amazônia,0.8
beefe741-25c5-3691-b3c5-aa79bbf67f3e, -10.235300, -52.230700,2026-05-07 04:34:00,NOAA-21,SANTA CRUZ DO XINGU,MATO GROSSO,Brasil,5107743,51,33,6,0.0,0.12,Amazônia,2.2
4f7c1ec9-38a2-3051-bb27-bf0cfdaa4a8f, -10.242660, -52.231940,2026-05-07 04:34:00,NOAA-21,SANTA CRUZ DO XINGU,MATO GROSSO,Brasil,5107743,51,33,6,0.0,0.26,Amazônia,0.9
cb12bddd-0293-3c55-bc78-d6d45cace958, -11.619300, -48.055900,2026-05-07 04:34:00,NOAA-21,CHAPADA DA NATIVIDADE,TOCANTINS,Brasil,1705102,17,33,9,0.0,0.53,Cerrado,1.6
bf9f3342-732f-3172-90bc-79ceec490712, -10.923490, -55.143180,2026-05-07 04:34:00,NOAA-21,NOVA SANTA HELENA,MATO GROSSO,Brasil,5106190,51,33,5,0.0,0.47,Amazônia,2.2
94311cae-8541-36cc-8d1d-4623f64f5450,  -8.680210, -49.090340,2026-05-07 04:34:00,NOAA-21,GOIANORTE,TOCANTINS,Brasil,1708304,17,33,6,0.0,0.2,Cerrado,1.1
90e597ea-9880-3b8d-89d9-91a4c9021217,  -8.747950, -50.234960,2026-05-07 04:34:00,NOAA-21,SANTA MARIA DAS BARREIRAS,PARÁ,Brasil,1506583,15,33,6,0.0,0.83,Amazônia,1.3
becc0041-0f84-3d48-bd68-6da7fc334c18,  -7.276370, -46.792860,2026-05-07 04:34:00,NOAA-21,RIACHÃO,MARANHÃO,Brasil,2109502,21,33,6,0.0,0.41,Cerrado,2.2
0a7b35cf-8db9-3fa7-909a-939517d98e98,  -8.310020, -45.398620,2026-05-07 04:34:00,NOAA-21,BAIXA GRANDE DO RIBEIRO,PIAUÍ,Brasil,2201150,22,33,13,0.0,0.63,Cerrado,1.5
49c47510-6f5f-3ba6-a777-442085d10069, -12.276710, -43.552660,2026-05-07 04:34:00,NOAA-21,MUQUÉM DO SÃO FRANCISCO,BAHIA,Brasil,2922250,29,33,0,0.0,0.84,Cerrado,0.9
6bc1f99f-7f80-38eb-a654-efe35ba838dd, -11.619840, -48.052340,2026-05-07 04:34:00,NOAA-21,CHAPADA DA NATIVIDADE,TOCANTINS,Brasil,1705102,17,33,9,0.0,0.52,Cerrado,1.6
f6c5ddc6-2634-3413-85e9-4085d1ca3c3c, -12.347740, -50.014090,2026-05-07 04:34:00,NOAA-21,SANDOLÂNDIA,TOCANTINS,Brasil,1718840,17,33,8,0.0,0.47,Cerrado,3.8
7001aa59-74f9-3d4a-b5c4-bae6b6c3786b,  -7.153640, -48.242030,2026-05-07 04:34:00,NOAA-21,ARAGUAÍNA,TOCANTINS,Brasil,1702109,17,33,4,0.0,0.2,Amazônia,0.7
9c27d08c-c11f-3c93-9338-14532e76e8bf,  -6.333830, -44.632580,2026-05-07 04:34:00,NOAA-21,MIRADOR,MARANHÃO,Brasil,2106706,21,33,4,0.0,0.32,Cerrado,1.4
47acee25-7924-363c-9830-4cf1f8c79410, -11.605440, -48.057330,2026-05-07 04:34:00,NOAA-21,CHAPADA DA NATIVIDADE,TOCANTINS,Brasil,1705102,17,33,9,0.0,0.51,Cerrado,1.3
d422a66d-41d3-36e7-98d7-0205f761b746, -11.946370, -43.382470,2026-05-07 04:34:00,NOAA-21,MUQUÉM DO SÃO FRANCISCO,BAHIA,Brasil,2922250,29,33,0,0.54,0.66,Cerrado,1.1
f3330b23-208b-35c5-bed2-7e8683df14f7,  -8.812260, -49.945610,2026-05-07 04:34:00,NOAA-21,SANTA MARIA DAS BARREIRAS,PARÁ,Brasil,1506583,15,33,4,0.0,0.24,Amazônia,2.7
bd2d961c-5771-3320-ada7-97da3345877c,  -8.631180, -49.545420,2026-05-07 04:34:00,NOAA-21,CONCEIÇÃO DO ARAGUAIA,PARÁ,Brasil,1502707,15,33,4,0.0,0.71,Amazônia,0.8
19bad0bb-bfd3-318c-875f-0e270954b9a7, -10.553730, -42.433320,2026-05-07 04:34:00,NOAA-21,XIQUE-XIQUE,BAHIA,Brasil,2933604,29,33,17,0.0,1.0,Caatinga,1.7
69bb7841-49f7-3789-86ce-d0350b21c23f,  -9.405280, -50.689960,2026-05-07 04:34:00,NOAA-21,SANTANA DO ARAGUAIA,PARÁ,Brasil,1506708,15,33,6,0.0,0.96,Amazônia,1.6
eb10cfa9-b579-3860-a4f8-8acbb1a2b048, -11.438960, -55.101470,2026-05-07 04:34:00,NOAA-21,CLÁUDIA,MATO GROSSO,Brasil,5103056,51,33,8,0.0,0.12,Amazônia,2.1
1d36549d-a6a6-30ab-84b8-e508401d289c, -12.863510, -43.751510,2026-05-07 04:34:00,NOAA-21,SERRA DOURADA,BAHIA,Brasil,2930303,29,33,17,0.6,0.92,Cerrado,0.8
aa554049-4913-3e55-8fe0-1e3d1b43b61c, -11.605980, -48.053770,2026-05-07 04:34:00,NOAA-21,CHAPADA DA NATIVIDADE,TOCANTINS,Brasil,1705102,17,33,9,0.0,0.5,Cerrado,1.3
11bbd564-4a6d-3aba-b77d-db8c16651aff, -10.484800, -49.360250,2026-05-07 04:34:00,NOAA-21,CRISTALÂNDIA,TOCANTINS,Brasil,1706100,17,33,8,0.0,0.2,Cerrado,1.5
6c4406a1-af28-3b81-817c-92154daefc43, -10.638010, -48.007050,2026-05-07 04:34:00,NOAA-21,MONTE DO CARMO,TOCANTINS,Brasil,1713601,17,33,8,0.0,0.13,Cerrado,5.8
203d28b2-b195-3cfa-aa22-78f872966108, -11.615970, -48.055360,2026-05-07 04:34:00,NOAA-21,CHAPADA DA NATIVIDADE,TOCANTINS,Brasil,1705102,17,33,9,0.0,0.52,Cerrado,1.6
e1df4236-2943-3005-9dbb-b42504a9b0e2, -12.756580, -46.965810,2026-05-07 04:34:00,NOAA-21,ARRAIAS,TOCANTINS,Brasil,1702406,17,33,17,0.0,0.82,Cerrado,2.4
354c609d-c0ce-395d-a515-93c654d6f687,  -8.811670, -49.949270,2026-05-07 04:34:00,NOAA-21,SANTA MARIA DAS BARREIRAS,PARÁ,Brasil,1506583,15,33,4,0.0,0.33,Amazônia,3.5
54f78bfb-a300-3a50-b42f-6826698911ae,  -8.843370, -36.556310,2026-05-07 04:34:00,NOAA-21,GARANHUNS,PERNAMBUCO,Brasil,2606002,26,33,2,0.53,0.73,Mata Atlântica,2.3
9b521258-c9ba-3b70-aa5c-9e39df5db043, -12.757140, -46.961970,2026-05-07 04:34:00,NOAA-21,ARRAIAS,TOCANTINS,Brasil,1702406,17,33,17,0.0,0.83,Cerrado,1.0
c2b1da2b-162a-3bc7-adb3-c5ad4fae2f41,  -9.466550, -47.800660,2026-05-07 04:34:00,NOAA-21,RIO SONO,TOCANTINS,Brasil,1718758,17,33,9,0.0,0.43,Cerrado,1.2
172718b1-fd81-39bc-a851-e49b5f32ec69,  -6.323060, -44.630890,2026-05-07 04:34:00,NOAA-21,MIRADOR,MARANHÃO,Brasil,2106706,21,33,4,0.0,0.32,Cerrado,1.8
dbc47158-c7a2-3e40-8c15-5b3456ff04b3,  -6.434100, -44.216820,2026-05-07 04:34:00,NOAA-21,SUCUPIRA DO NORTE,MARANHÃO,Brasil,2111904,21,33,3,0.0,0.36,Cerrado,0.5
576de9df-416f-349d-8229-4e627404e083,  -6.106600, -44.746230,2026-05-07 04:34:00,NOAA-21,MIRADOR,MARANHÃO,Brasil,2106706,21,33,3,0.0,0.29,Cerrado,1.0
59813818-7ea8-3182-9be0-1321bb5aeb7c,  -9.404020, -48.423070,2026-05-07 04:34:00,NOAA-21,MIRACEMA DO TOCANTINS,TOCANTINS,Brasil,1713205,17,33,9,0.0,0.34,Cerrado,0.6
c705ec75-4545-3bce-bfdb-426315747e08,  -9.259460, -49.255950,2026-05-07 04:34:00,NOAA-21,DOIS IRMÃOS DO TOCANTINS,TOCANTINS,Brasil,1707207,17,33,9,0.0,0.2,Cerrado,2.0
1e6bacf3-1103-3dc3-a1d8-0c1b2dc60863, -11.616510, -48.051810,2026-05-07 04:34:00,NOAA-21,CHAPADA DA NATIVIDADE,TOCANTINS,Brasil,1705102,17,33,9,0.0,0.52,Cerrado,1.6
2ef71f20-2bcc-3ec3-80cc-07445cabf7c3, -12.415500, -49.671650,2026-05-07 04:34:00,NOAA-21,SANDOLÂNDIA,TOCANTINS,Brasil,1718840,17,33,11,0.0,0.41,Cerrado,1.0
108fbb31-2a33-344c-9789-4985e23b7b6d, -10.025340, -50.742330,2026-05-07 04:34:00,NOAA-21,VILA RICA,MATO GROSSO,Brasil,5108600,51,33,8,0.0,0.98,Amazônia,0.7
a381db08-c8e5-3a50-a851-18f610c664c1,  -8.692960, -49.095960,2026-05-07 04:34:00,NOAA-21,GOIANORTE,TOCANTINS,Brasil,1708304,17,33,7,0.0,0.55,Cerrado,3.3
2d95c0a8-b2dd-3936-b501-2b558b212f70, -10.555280, -42.431080,2026-05-07 04:34:00,NOAA-21,XIQUE-XIQUE,BAHIA,Brasil,2933604,29,33,17,0.0,1.0,Caatinga,3.2
d98d57e4-6a69-3229-abef-85a6b58449f6,  -5.780440, -45.129540,2026-05-07 04:34:00,NOAA-21,BARRA DO CORDA,MARANHÃO,Brasil,2101608,21,33,3,0.0,0.35,Cerrado,1.7
9e4dd025-af9b-34fc-93c9-0cad340d8fa2,  -9.406520, -50.682280,2026-05-07 04:34:00,NOAA-21,SANTANA DO ARAGUAIA,PARÁ,Brasil,1506708,15,33,6,0.0,0.87,Amazônia,1.0
60daf643-2722-312b-9189-b639a1e42613, -11.577260, -54.564020,2026-05-07 04:34:00,NOAA-21,UNIÃO DO SUL,MATO GROSSO,Brasil,5108303,51,33,7,0.0,0.16,Amazônia,1.4
c4b7370e-0e9c-3ef4-8f1c-31cb0006e566,  -8.728670, -47.977490,2026-05-07 04:34:00,NOAA-21,SANTA MARIA DO TOCANTINS,TOCANTINS,Brasil,1718881,17,33,5,0.0,0.27,Cerrado,1.7
ba548d03-9d26-35fb-92a5-0d95951c79d9, -12.854270, -43.757890,2026-05-07 04:34:00,NOAA-21,SERRA DOURADA,BAHIA,Brasil,2930303,29,33,17,0.68,0.91,Cerrado,1.0
6bc49f2b-cbbe-3646-8f31-c5db8da38110,  -6.105920, -44.745410,2026-05-07 04:34:00,NOAA-21,MIRADOR,MARANHÃO,Brasil,2106706,21,33,3,0.0,0.29,Cerrado,1.0
2c3e70fd-1a91-3445-9f3a-e993181376bd, -12.412190, -49.671110,2026-05-07 04:34:00,NOAA-21,SANDOLÂNDIA,TOCANTINS,Brasil,1718840,17,33,11,0.0,0.55,Cerrado,1.0
7b2de316-d322-30bf-95fd-c7b6dd7f217c,  -8.170350, -46.882670,2026-05-07 04:34:00,NOAA-21,CAMPOS LINDOS,TOCANTINS,Brasil,1703842,17,33,10,0.0,0.42,Cerrado,0.9
5a52b5b1-f705-3fc9-8635-86b47e15df4a,  -8.728140, -47.980970,2026-05-07 04:34:00,NOAA-21,SANTA MARIA DO TOCANTINS,TOCANTINS,Brasil,1718881,17,33,5,0.0,0.28,Cerrado,1.7
7e65bd7e-82cb-3fc0-b713-8dc9e45c1778, -12.863010, -43.755310,2026-05-07 04:34:00,NOAA-21,SERRA DOURADA,BAHIA,Brasil,2930303,29,33,17,0.61,0.91,Cerrado,0.8
dad988c3-2574-3e8a-887b-c50af94fc3ea, -12.347170, -50.017670,2026-05-07 04:34:00,NOAA-21,SANDOLÂNDIA,TOCANTINS,Brasil,1718840,17,33,8,0.0,0.47,Cerrado,3.8
56de1416-a89b-380e-8423-6aef0b3040b4, -12.352130, -50.029490,2026-05-07 04:34:00,NOAA-21,SANDOLÂNDIA,TOCANTINS,Brasil,1718840,17,33,8,0.0,0.48,Cerrado,1.8
4928641b-4c4a-367e-b918-1d194c335ed7,  -8.808880, -49.945060,2026-05-07 04:34:00,NOAA-21,SANTA MARIA DAS BARREIRAS,PARÁ,Brasil,1506583,15,33,4,0.0,0.34,Amazônia,2.7
2e5a863d-70c7-37d0-a7d1-9d216f630e15,  -8.724830, -47.980450,2026-05-07 04:34:00,NOAA-21,SANTA MARIA DO TOCANTINS,TOCANTINS,Brasil,1718881,17,33,5,0.0,0.28,Cerrado,1.7
0ce28ffb-2d0d-3f26-96b9-b1bc51d54be5, -10.488120, -49.360780,2026-05-07 04:34:00,NOAA-21,CRISTALÂNDIA,TOCANTINS,Brasil,1706100,17,33,8,0.0,0.22,Cerrado,0.7
a9e720d1-99e7-389b-b197-f51a83536f85,  -8.727600, -47.984440,2026-05-07 04:34:00,NOAA-21,SANTA MARIA DO TOCANTINS,TOCANTINS,Brasil,1718881,17,33,5,0.0,0.28,Cerrado,2.0
39d993ed-b63f-36e1-93ab-f00458c270f8, -11.946870, -43.378690,2026-05-07 04:34:00,NOAA-21,MUQUÉM DO SÃO FRANCISCO,BAHIA,Brasil,2922250,29,33,0,0.52,0.67,Cerrado,1.1
25cbd618-03d7-317a-867c-cb84634141bd,  -8.537200, -39.568050,2026-05-07 04:34:00,NOAA-21,OROCÓ,PERNAMBUCO,Brasil,2609808,26,33,13,0.0,1.0,Caatinga,1.1
a77ad714-93f4-300a-b280-40f9cb4e497d, -12.858390, -43.758500,2026-05-07 04:34:00,NOAA-21,SERRA DOURADA,BAHIA,Brasil,2930303,29,33,17,0.66,0.9,Cerrado,1.0
634c7f4e-3f9a-3735-9d5c-ab86788a76fa,  -6.456010, -47.851940,2026-05-07 04:34:00,NOAA-21,ANGICO,TOCANTINS,Brasil,1701051,17,33,3,0.0,0.27,Cerrado,1.0
61e75b11-83a9-3d9b-a1db-f96420e3e7b8,  -5.777530, -45.125100,2026-05-07 04:34:00,NOAA-21,BARRA DO CORDA,MARANHÃO,Brasil,2101608,21,33,3,0.0,0.36,Cerrado,1.1
935ceab4-c9f7-3437-bb17-e89e698d5e22, -11.481480, -52.919440,2026-05-07 04:34:00,NOAA-21,SÃO FÉLIX DO ARAGUAIA,MATO GROSSO,Brasil,5107859,51,33,7,0.0,0.07,Amazônia,1.8
ecc26cde-4973-393e-b58f-ab24955716ac,  -8.631750, -49.541840,2026-05-07 04:34:00,NOAA-21,CONCEIÇÃO DO ARAGUAIA,PARÁ,Brasil,1502707,15,33,4,0.0,0.7,Amazônia,0.8
6facaed7-3bc5-31e3-ba65-80be135a118f,  -8.683540, -49.090870,2026-05-07 04:34:00,NOAA-21,GOIANORTE,TOCANTINS,Brasil,1708304,17,33,7,0.0,0.24,Cerrado,1.1
64a37a44-912c-3e12-803b-9483fd014224, -12.280850, -43.553250,2026-05-07 04:34:00,NOAA-21,MUQUÉM DO SÃO FRANCISCO,BAHIA,Brasil,2922250,29,33,0,0.0,0.71,Cerrado,0.9
b5dc0388-768f-37e1-8852-0542bb7ac724,  -8.981250, -48.081700,2026-05-07 04:34:00,NOAA-21,BOM JESUS DO TOCANTINS,TOCANTINS,Brasil,1703305,17,33,12,0.0,0.32,Cerrado,0.5
0b868351-fe05-3880-94a6-db163d7bcbe1,  -9.347340, -47.088630,2026-05-07 04:34:00,NOAA-21,LIZARDA,TOCANTINS,Brasil,1712405,17,33,15,0.0,0.42,Cerrado,0.5
c15c064f-c510-3948-901f-04e3ea920f0e,  -8.749870, -48.929360,2026-05-07 04:34:00,NOAA-21,GOIANORTE,TOCANTINS,Brasil,1708304,17,33,8,0.0,0.81,Cerrado,1.0
56f349fb-0740-373e-b552-e5d15966887e, -10.554710, -42.435370,2026-05-07 04:34:00,NOAA-21,XIQUE-XIQUE,BAHIA,Brasil,2933604,29,33,17,0.0,0.99,Caatinga,3.2
5e988c19-e9b5-3e97-b76d-2844510b0e82,  -9.673710, -48.526820,2026-05-07 04:34:00,NOAA-21,MIRACEMA DO TOCANTINS,TOCANTINS,Brasil,1713205,17,33,9,0.0,0.97,Cerrado,0.7
9794a3c7-42a8-3f2b-bb64-ca2dc544c29a, -11.614890, -54.177750,2026-05-07 04:34:00,NOAA-21,UNIÃO DO SUL,MATO GROSSO,Brasil,5108303,51,33,9,0.0,0.07,Amazônia,3.3
9612afd8-cd6a-3d9d-9b67-ef2697a79fcc,  -6.785530, -46.822210,2026-05-07 04:34:00,NOAA-21,SÃO PEDRO DOS CRENTES,MARANHÃO,Brasil,2111573,21,33,5,0.0,1.0,Cerrado,0.4
d4ffe325-7fe3-39c0-8f7d-aa24f14c5be1,  -9.466010, -47.804160,2026-05-07 04:34:00,NOAA-21,RIO SONO,TOCANTINS,Brasil,1718758,17,33,9,0.0,0.42,Cerrado,1.2
e446484b-5ba5-3cf3-ac5c-f5836c5dcbc7, -10.637470, -48.010560,2026-05-07 04:34:00,NOAA-21,MONTE DO CARMO,TOCANTINS,Brasil,1713601,17,33,8,0.0,0.13,Cerrado,5.8
8709330b-0d58-30f6-b263-1c38e6d4ab87,  -8.847010, -36.555140,2026-05-07 04:34:00,NOAA-21,GARANHUNS,PERNAMBUCO,Brasil,2606002,26,33,1,0.55,0.76,Mata Atlântica,2.1
afd52aca-67f6-3360-9801-921f31740d0e, -13.134930, -42.968710,2026-05-07 04:34:00,NOAA-21,BOM JESUS DA LAPA,BAHIA,Brasil,2903904,29,33,18,0.0,0.84,Caatinga,2.1
793d6840-df8f-3c1d-ae4c-59de2cc3a067,  -7.279160, -46.796960,2026-05-07 04:34:00,NOAA-21,RIACHÃO,MARANHÃO,Brasil,2109502,21,33,6,0.0,0.41,Cerrado,1.0
11cc4c2b-821b-3e5a-8586-f920d5ff1ed5, -11.615530, -54.174080,2026-05-07 04:34:00,NOAA-21,UNIÃO DO SUL,MATO GROSSO,Brasil,5108303,51,33,9,0.0,0.07,Amazônia,2.0
76b69e45-c0bb-3f84-9624-561078c15f4a,  -9.405900, -50.686120,2026-05-07 04:34:00,NOAA-21,SANTANA DO ARAGUAIA,PARÁ,Brasil,1506708,15,33,6,0.0,0.92,Amazônia,1.0
4ca322cd-fc93-3950-89a5-1c8cacdfd92b,  -5.781020, -45.125660,2026-05-07 04:34:00,NOAA-21,BARRA DO CORDA,MARANHÃO,Brasil,2101608,21,33,3,0.0,0.35,Cerrado,1.1
6331552b-ccda-3195-8f2d-31e885f86959, -13.959880, -47.545500,2026-05-07 04:36:00,NOAA-21,CAVALCANTE,GOIÁS,Brasil,5205307,52,33,11,0.0,0.66,Cerrado,0.5
e342e022-544c-3241-afad-46c0b53f6f10, -11.839990, -57.848330,2026-05-07 04:36:00,NOAA-21,JUARA,MATO GROSSO,Brasil,5105101,51,33,2,0.0,0.09,Amazônia,1.9
04008f0c-4ded-3f29-b6a2-7f64c4d9b5a3, -13.891480, -47.533170,2026-05-07 04:36:00,NOAA-21,CAVALCANTE,GOIÁS,Brasil,5205307,52,33,11,0.0,0.42,Cerrado,1.9
c4527c3f-ccec-342f-96d7-1b95d31e99f7, -12.499700, -58.482100,2026-05-07 04:36:00,NOAA-21,SAPEZAL,MATO GROSSO,Brasil,5107875,51,33,9,0.0,0.13,Cerrado,2.2
6e6d61c5-e64c-3db3-8c23-297cd5e10882, -14.902920, -45.183490,2026-05-07 04:36:00,NOAA-21,BONITO DE MINAS,MINAS GERAIS,Brasil,3108255,31,33,21,0.0,0.88,Cerrado,2.0
884810dc-8aab-3fce-b903-a031455daeaa, -11.726410, -54.807220,2026-05-07 04:36:00,NOAA-21,CLÁUDIA,MATO GROSSO,Brasil,5103056,51,33,9,0.0,0.07,Amazônia,0.4
5212d3ba-534d-3178-941d-7fb38a81665a, -11.739740, -54.805470,2026-05-07 04:36:00,NOAA-21,CLÁUDIA,MATO GROSSO,Brasil,5103056,51,33,9,0.0,0.17,Amazônia,1.6
4516ac12-486d-3d3a-a0f4-260d2142a3c6, -18.168980, -51.105710,2026-05-07 04:36:00,NOAA-21,RIO VERDE,GOIÁS,Brasil,5218805,52,33,9,0.0,1.0,Cerrado,0.8
0c5dd7ad-865a-3549-af8e-f2d14e953877, -13.991850, -47.589120,2026-05-07 04:36:00,NOAA-21,CAVALCANTE,GOIÁS,Brasil,5205307,52,33,10,0.0,0.67,Cerrado,0.5
4996df55-eaa9-337d-969f-05bc319e889a, -16.466870, -49.127680,2026-05-07 04:36:00,NOAA-21,NERÓPOLIS,GOIÁS,Brasil,5214507,52,33,19,0.0,1.0,Cerrado,0.5
721aa3ac-4d79-3a27-82ea-925202084387, -14.862470, -48.555820,2026-05-07 04:36:00,NOAA-21,NIQUELÂNDIA,GOIÁS,Brasil,5214606,52,33,25,0.0,0.52,Cerrado,1.5
b72ee63a-7a30-3b55-b1ab-f59b0654b959, -13.868170, -48.186920,2026-05-07 04:36:00,NOAA-21,COLINAS DO SUL,GOIÁS,Brasil,5205521,52,33,10,0.0,0.45,Cerrado,1.4
7d98c984-f3e0-3a7c-8e7d-98a0442da532, -18.670720, -48.214240,2026-05-07 04:36:00,NOAA-21,ARAGUARI,MINAS GERAIS,Brasil,3103504,31,33,20,0.0,1.0,Mata Atlântica,0.4
5191b947-50f2-38ed-8e36-8268b7a401a4, -14.865810, -48.556370,2026-05-07 04:36:00,NOAA-21,NIQUELÂNDIA,GOIÁS,Brasil,5214606,52,33,25,0.0,0.52,Cerrado,1.5
2069986b-cf78-3c54-891b-b87a958bd1d1, -14.139740, -45.341110,2026-05-07 04:36:00,NOAA-21,JABORANDI,BAHIA,Brasil,2917359,29,33,27,0.0,0.82,Cerrado,1.6
436574ea-ca86-3303-bd02-445d4bf557e0, -16.107810, -49.233250,2026-05-07 04:36:00,NOAA-21,PETROLINA DE GOIÁS,GOIÁS,Brasil,5216809,52,33,17,0.0,0.42,Cerrado,1.1
3b7a0a2d-88a3-374b-95e7-46da09a80fbd, -12.500350, -58.478810,2026-05-07 04:36:00,NOAA-21,SAPEZAL,MATO GROSSO,Brasil,5107875,51,33,9,0.0,0.13,Cerrado,3.0
e3f2d98a-4ae2-3706-8c5f-d01a49df0f50, -13.955920, -47.548700,2026-05-07 04:36:00,NOAA-21,CAVALCANTE,GOIÁS,Brasil,5205307,52,33,11,0.0,0.66,Cerrado,0.8
834e35f1-1033-34dd-9d21-d5817d0f7d8d, -12.501630, -58.478990,2026-05-07 04:36:00,NOAA-21,SAPEZAL,MATO GROSSO,Brasil,5107875,51,33,9,0.0,0.13,Cerrado,2.1
b5883b92-3c90-33ac-8942-479f91229c83, -12.495720, -58.481200,2026-05-07 04:36:00,NOAA-21,SAPEZAL,MATO GROSSO,Brasil,5107875,51,33,9,0.0,0.13,Cerrado,2.6
53c1cda2-53e3-33e0-8838-fa28e4bddc75, -14.071420, -47.784090,2026-05-07 04:36:00,NOAA-21,CAVALCANTE,GOIÁS,Brasil,5205307,52,33,9,0.0,0.53,Cerrado,3.4
124a5f32-3301-3f35-b7e0-79bd8263b455, -12.497590, -58.471360,2026-05-07 04:36:00,NOAA-21,SAPEZAL,MATO GROSSO,Brasil,5107875,51,33,9,0.0,0.12,Cerrado,3.6
2f50000e-4ccd-3c2f-bba2-abbdaad9c4b5, -16.164670, -58.496570,2026-05-07 04:36:00,NOAA-21,CÁCERES,MATO GROSSO,Brasil,5102504,51,33,8,0.0,0.72,Pantanal,2.8
51f9eb6e-118d-342d-a441-8f843288267b, -12.777300, -59.009560,2026-05-07 04:36:00,NOAA-21,CAMPOS DE JÚLIO,MATO GROSSO,Brasil,5102686,51,33,7,0.3,0.33,Cerrado,1.3
1e776a6d-47fe-3740-b848-e9d7e145c36b, -12.559310, -49.383880,2026-05-07 04:36:00,NOAA-21,ARAGUAÇU,TOCANTINS,Brasil,1702000,17,33,10,0.0,0.72,Cerrado,0.6
25cbed78-c68c-35ee-8f6d-a1d4a14c85c1, -12.501000, -58.482280,2026-05-07 04:36:00,NOAA-21,SAPEZAL,MATO GROSSO,Brasil,5107875,51,33,9,0.0,0.13,Cerrado,1.7
cea3d420-8b45-3fec-b5c3-f3c6beb5c9ff, -13.299140, -49.999310,2026-05-07 04:36:00,NOAA-21,SÃO MIGUEL DO ARAGUAIA,GOIÁS,Brasil,5220207,52,33,17,0.0,0.99,Cerrado,0.6
8c5c1268-db36-3d57-84a9-fa1173e215e4, -14.861920, -48.559440,2026-05-07 04:36:00,NOAA-21,NIQUELÂNDIA,GOIÁS,Brasil,5214606,52,33,24,0.0,0.52,Cerrado,1.5
b1904b99-1a51-34a3-9b87-c793ce9335f2, -12.500990, -58.475550,2026-05-07 04:36:00,NOAA-21,SAPEZAL,MATO GROSSO,Brasil,5107875,51,33,9,0.0,0.13,Cerrado,3.0
68f7afc8-7109-31dc-a7ff-a2bd1fba2fb0, -14.135940, -45.340550,2026-05-07 04:36:00,NOAA-21,JABORANDI,BAHIA,Brasil,2917359,29,33,27,0.0,0.82,Cerrado,2.0
b75be358-e315-3127-8a0a-921732462036, -11.736940, -54.796710,2026-05-07 04:36:00,NOAA-21,CLÁUDIA,MATO GROSSO,Brasil,5103056,51,33,9,0.0,0.07,Amazônia,1.0
941d33c3-8791-3434-915d-dd7a24a1a3c5, -16.165810, -58.490750,2026-05-07 04:36:00,NOAA-21,CÁCERES,MATO GROSSO,Brasil,5102504,51,33,8,0.0,0.25,Pantanal,2.9
8872e598-57d6-3b85-aacd-5e115f4e73a7, -14.138950, -45.342930,2026-05-07 04:36:00,NOAA-21,JABORANDI,BAHIA,Brasil,2917359,29,33,27,0.0,0.82,Cerrado,1.7
66fc88ad-0198-3e17-9392-c580bcaf392c, -13.631640, -47.820080,2026-05-07 04:36:00,NOAA-21,CAVALCANTE,GOIÁS,Brasil,5205307,52,33,9,0.0,0.46,Cerrado,1.1
dcf6e4c2-05ae-3cc6-bb57-31e58a586f54, -16.064880, -49.734160,2026-05-07 04:36:00,NOAA-21,ITABERAÍ,GOIÁS,Brasil,5210406,52,33,15,0.0,1.0,Cerrado,0.8
f8aace7a-cf19-306f-8567-2082d0afad48, -14.865260, -48.559990,2026-05-07 04:36:00,NOAA-21,NIQUELÂNDIA,GOIÁS,Brasil,5214606,52,33,24,0.0,0.52,Cerrado,1.5
6b2b9a88-dcb3-3102-a9c8-fa07e9f1db5b, -16.170760, -58.491770,2026-05-07 04:36:00,NOAA-21,CÁCERES,MATO GROSSO,Brasil,5102504,51,33,8,0.0,0.69,Pantanal,2.5
cf7b0f97-a290-36e1-9a2b-0e12ebe76795, -11.732030, -54.799950,2026-05-07 04:36:00,NOAA-21,CLÁUDIA,MATO GROSSO,Brasil,5103056,51,33,9,0.0,0.07,Amazônia,1.2
1b76ad46-991b-350b-af15-0d279954c0c8, -12.778020, -59.005920,2026-05-07 04:36:00,NOAA-21,CAMPOS DE JÚLIO,MATO GROSSO,Brasil,5102686,51,33,7,0.3,0.43,Cerrado,1.1
f492b6e5-6562-3cc7-ad13-5f940c806200, -19.133790, -44.622410,2026-05-07 04:36:00,NOAA-21,CURVELO,MINAS GERAIS,Brasil,3120904,31,33,26,0.0,0.94,Cerrado,1.2
48991ed1-b065-3f6e-aab2-b92d22c3bd2d, -11.744640, -54.802300,2026-05-07 04:36:00,NOAA-21,CLÁUDIA,MATO GROSSO,Brasil,5103056,51,33,9,0.0,0.16,Amazônia,1.6
0d111c33-74e6-3ef4-b111-e75f9660f05e, -16.605130, -58.240580,2026-05-07 04:36:00,NOAA-21,CÁCERES,MATO GROSSO,Brasil,5102504,51,33,9,0.0,0.94,Pantanal,4.2
9e882709-4fa6-393f-a1b4-fb683e06c6ad, -14.038980, -47.602980,2026-05-07 04:36:00,NOAA-21,CAVALCANTE,GOIÁS,Brasil,5205307,52,33,10,0.0,0.57,Cerrado,1.5
84b6e832-efe7-3587-b930-3d6909e29ad9, -14.045260, -47.607680,2026-05-07 04:36:00,NOAA-21,CAVALCANTE,GOIÁS,Brasil,5205307,52,33,10,0.0,0.65,Cerrado,1.5
ceebf001-3967-32ea-bf74-befa7bd05ba6, -11.801950, -56.964120,2026-05-07 04:36:00,NOAA-21,PORTO DOS GAÚCHOS,MATO GROSSO,Brasil,5106802,51,33,7,0.0,0.1,Amazônia,1.7
cba42ada-16a4-3872-a7e2-09c08f2b92b8, -13.691950, -52.587740,2026-05-07 04:36:00,NOAA-21,ÁGUA BOA,MATO GROSSO,Brasil,5100201,51,33,8,0.0,0.7,Cerrado,0.7
18beb8f8-d2a6-3277-81ba-49f6ad8156a8, -19.134280, -44.618300,2026-05-07 04:36:00,NOAA-21,CURVELO,MINAS GERAIS,Brasil,3120904,31,33,26,0.0,0.86,Cerrado,1.2
25e96d66-c7e9-3d71-acc9-74020dcd5ead, -12.502250, -58.475720,2026-05-07 04:36:00,NOAA-21,SAPEZAL,MATO GROSSO,Brasil,5107875,51,33,9,0.0,0.13,Cerrado,2.1
35eaf917-c873-3c2c-a579-ec10cd39c5b8, -16.473220, -55.070690,2026-05-07 04:36:00,NOAA-21,SANTO ANTÔNIO DO LEVERGER,MATO GROSSO,Brasil,5107800,51,33,8,0.0,0.54,Pantanal,1.3
928444ce-7d91-358e-9872-bf9c5ebb14f8, -13.695540, -52.588360,2026-05-07 04:36:00,NOAA-21,ÁGUA BOA,MATO GROSSO,Brasil,5100201,51,33,8,0.0,0.55,Cerrado,0.8
cb3b1c18-cf06-3ab4-8e41-f38cfac1ef68, -16.470200, -49.128230,2026-05-07 04:36:00,NOAA-21,NERÓPOLIS,GOIÁS,Brasil,5214507,52,33,19,0.0,1.0,Cerrado,0.5
3319dd29-e312-35f6-b910-3e559fcfedeb, -12.496340, -58.477890,2026-05-07 04:36:00,NOAA-21,SAPEZAL,MATO GROSSO,Brasil,5107875,51,33,9,0.0,0.13,Cerrado,3.4
84414fe2-647c-3920-98e7-9850256f88f2, -12.491030, -58.476980,2026-05-07 04:36:00,NOAA-21,SAPEZAL,MATO GROSSO,Brasil,5107875,51,33,9,0.0,0.13,Cerrado,3.4
31153f8f-30d3-3e9b-bb36-7da4d6e7d7f5, -14.037970, -47.607430,2026-05-07 04:36:00,NOAA-21,CAVALCANTE,GOIÁS,Brasil,5205307,52,33,10,0.0,0.62,Cerrado,1.3
f205638f-d130-370d-afe3-6b01ae05a9c1, -11.797090, -56.963240,2026-05-07 04:36:00,NOAA-21,PORTO DOS GAÚCHOS,MATO GROSSO,Brasil,5106802,51,33,7,0.0,0.1,Amazônia,1.7
c4979393-6fb0-362e-b828-0fa45f035c9f, -14.126350, -45.353640,2026-05-07 04:36:00,NOAA-21,JABORANDI,BAHIA,Brasil,2917359,29,33,26,0.0,0.82,Cerrado,1.3
2d3a7017-3ac5-3476-b8df-eed1b51c4f35, -17.428950, -47.851360,2026-05-07 04:36:00,NOAA-21,CAMPO ALEGRE DE GOIÁS,GOIÁS,Brasil,5204805,52,33,26,0.0,1.0,Cerrado,1.2
eec5f657-825a-3850-ba77-7278ccd2a0bf, -11.739040, -54.809450,2026-05-07 04:36:00,NOAA-21,CLÁUDIA,MATO GROSSO,Brasil,5103056,51,33,9,0.0,0.22,Amazônia,0.9
858ade2e-af91-3f63-af5c-b509c2c5eb8b, -13.861980, -48.182460,2026-05-07 04:36:00,NOAA-21,COLINAS DO SUL,GOIÁS,Brasil,5205521,52,33,10,0.0,0.45,Cerrado,1.2
84694122-1f93-3350-8271-3a19ab057fc2, -13.889140, -47.525320,2026-05-07 04:36:00,NOAA-21,CAVALCANTE,GOIÁS,Brasil,5205307,52,33,11,0.0,0.45,Cerrado,3.3
8d917f6a-d13a-3763-84a3-f3d6564d5e22, -12.499050, -58.485410,2026-05-07 04:36:00,NOAA-21,SAPEZAL,MATO GROSSO,Brasil,5107875,51,33,9,0.0,0.13,Cerrado,2.2
7167e4c5-759c-370f-9a7f-f44f49ddf0b5, -16.600300, -58.239580,2026-05-07 04:36:00,NOAA-21,CÁCERES,MATO GROSSO,Brasil,5102504,51,33,9,0.0,0.62,Pantanal,4.5
3dcf442b-0aed-3a9a-af92-c4c1f9835700, -14.134600, -45.350060,2026-05-07 04:36:00,NOAA-21,JABORANDI,BAHIA,Brasil,2917359,29,33,26,0.0,0.82,Cerrado,2.1
b58a40bb-e2a5-3d4a-9834-37837ec66c69, -14.861370, -48.563060,2026-05-07 04:36:00,NOAA-21,NIQUELÂNDIA,GOIÁS,Brasil,5214606,52,33,23,0.0,0.51,Cerrado,1.4
ba5a046d-101c-30e0-9806-615a39c33710, -14.260760, -45.240550,2026-05-07 04:36:00,NOAA-21,COCOS,BAHIA,Brasil,2908101,29,33,27,0.0,0.92,Cerrado,0.5
23c072a1-3d40-3310-8b3c-1ed6f6c6f966, -13.872490, -46.972650,2026-05-07 04:36:00,NOAA-21,NOVA ROMA,GOIÁS,Brasil,5214903,52,33,11,0.0,1.0,Cerrado,1.0
a3bea2df-f06b-3d66-a816-ab3554fdb33b, -13.542110, -49.904120,2026-05-07 04:36:00,NOAA-21,BONÓPOLIS,GOIÁS,Brasil,5203575,52,33,20,0.0,1.0,Cerrado,0.6
bec761fd-65a0-30bc-8697-8677cd780003, -14.864710, -48.563610,2026-05-07 04:36:00,NOAA-21,NIQUELÂNDIA,GOIÁS,Brasil,5214606,52,33,23,0.0,0.52,Cerrado,1.4
5cfcc51e-5787-3252-a427-3f020eadb69a, -14.408090, -44.585430,2026-05-07 04:36:00,NOAA-21,MONTALVÂNIA,MINAS GERAIS,Brasil,3142700,31,33,21,0.0,0.86,Cerrado,0.6
68c83028-d95a-3978-9ad2-141badfe1f2d, -12.496970, -58.474610,2026-05-07 04:36:00,NOAA-21,SAPEZAL,MATO GROSSO,Brasil,5107875,51,33,9,0.0,0.13,Cerrado,3.4
5cec8364-7ded-3120-b7e4-900b354a8e51, -12.495080, -58.484550,2026-05-07 04:36:00,NOAA-21,SAPEZAL,MATO GROSSO,Brasil,5107875,51,33,9,0.0,0.13,Cerrado,2.6
7beb775e-d30d-3943-8d12-5fd801e918ef, -12.501630, -58.472290,2026-05-07 04:36:00,NOAA-21,SAPEZAL,MATO GROSSO,Brasil,5107875,51,33,9,0.0,0.13,Cerrado,2.9
288b5212-79d4-3f68-b9db-3652324780b5, -14.122560, -45.353040,2026-05-07 04:36:00,NOAA-21,JABORANDI,BAHIA,Brasil,2917359,29,33,26,0.0,0.82,Cerrado,1.3
544968a2-6498-3494-a3b3-6e84a5602957, -14.038530, -47.603690,2026-05-07 04:36:00,NOAA-21,CAVALCANTE,GOIÁS,Brasil,5205307,52,33,10,0.0,0.57,Cerrado,1.3
d534695d-7a36-307c-90fd-2e94b850b017, -14.150390, -52.892630,2026-05-07 04:36:00,NOAA-21,ÁGUA BOA,MATO GROSSO,Brasil,5100201,51,33,17,0.0,0.86,Cerrado,2.4
14abe602-a6ee-3df4-9c83-b5d6383b0ae3, -11.840590, -57.845170,2026-05-07 04:36:00,NOAA-21,JUARA,MATO GROSSO,Brasil,5105101,51,33,2,0.0,0.09,Amazônia,1.9
d19eaeb5-fb3d-3e49-8168-4723d1f485e9, -13.959620, -47.333730,2026-05-07 04:36:00,NOAA-21,CAVALCANTE,GOIÁS,Brasil,5205307,52,33,10,0.0,0.63,Cerrado,1.3
d8680374-baca-35dc-9aa6-5be6f9eb09b2, -14.131470, -45.344750,2026-05-07 04:36:00,NOAA-21,JABORANDI,BAHIA,Brasil,2917359,29,33,27,0.0,0.82,Cerrado,2.0
09527eb8-09ad-3192-ad7c-f9b4554d5374, -13.632190, -47.816400,2026-05-07 04:36:00,NOAA-21,CAVALCANTE,GOIÁS,Brasil,5205307,52,33,9,0.0,0.47,Cerrado,1.1
f2701bb8-d2ad-306a-b066-5cd072f30427, -14.859130, -48.555280,2026-05-07 04:36:00,NOAA-21,NIQUELÂNDIA,GOIÁS,Brasil,5214606,52,33,25,0.0,0.51,Cerrado,2.6
0d96c3d7-ceca-30d9-8c8b-6a86e90f3123, -14.130810, -45.349490,2026-05-07 04:36:00,NOAA-21,JABORANDI,BAHIA,Brasil,2917359,29,33,27,0.0,0.82,Cerrado,2.1
a09669da-9e37-36dc-8ade-b44dd68f2d85, -18.487130, -51.689300,2026-05-07 04:36:00,NOAA-21,ITARUMÃ,GOIÁS,Brasil,5211305,52,33,9,0.0,0.42,Cerrado,1.3
30f12890-c168-31a7-b451-ae75fa4f2eac, -14.038430, -47.606700,2026-05-07 04:36:00,NOAA-21,CAVALCANTE,GOIÁS,Brasil,5205307,52,33,10,0.0,0.61,Cerrado,1.5
adedb313-4fb8-3bc5-94a0-07c3cf507d9b, -12.500380, -58.485590,2026-05-07 04:36:00,NOAA-21,SAPEZAL,MATO GROSSO,Brasil,5107875,51,33,9,0.0,0.13,Cerrado,1.7
22b44149-83bf-3fab-a08c-ed59fd47d18e, -14.149660, -52.896960,2026-05-07 04:36:00,NOAA-21,ÁGUA BOA,MATO GROSSO,Brasil,5100201,51,33,17,0.0,0.94,Cerrado,2.4
941489f1-39b3-39f3-ade6-78c672f15c9e, -16.160850, -58.489740,2026-05-07 04:36:00,NOAA-21,CÁCERES,MATO GROSSO,Brasil,5102504,51,33,8,0.0,0.47,Pantanal,2.9
d603b0cf-4e1e-3d3c-916f-f82d54f02a5a, -12.914300, -49.485170,2026-05-07 04:36:00,NOAA-21,ARAGUAÇU,TOCANTINS,Brasil,1702000,17,33,12,0.0,0.55,Cerrado,2.0
a1ab936e-9b17-3a82-abd4-a3aa4863b501, -11.738340, -54.813420,2026-05-07 04:36:00,NOAA-21,CLÁUDIA,MATO GROSSO,Brasil,5103056,51,33,9,0.0,0.2,Amazônia,0.9
949391b4-5b23-34b4-874d-4295288acce8, -11.735540, -54.804680,2026-05-07 04:36:00,NOAA-21,CLÁUDIA,MATO GROSSO,Brasil,5103056,51,33,9,0.0,0.08,Amazônia,1.2
20095f29-6f7b-3863-826a-341672a19174, -13.215120, -47.883710,2026-05-07 04:36:00,NOAA-21,PARANÃ,TOCANTINS,Brasil,1716208,17,33,11,0.0,0.39,Cerrado,1.1
0692a52e-f326-3e4c-8cf4-92c3d1a82094, -14.127010, -45.348910,2026-05-07 04:36:00,NOAA-21,JABORANDI,BAHIA,Brasil,2917359,29,33,27,0.0,0.82,Cerrado,1.3
db0bfb10-f005-362f-9fec-c9a852ece401, -18.168410, -51.109340,2026-05-07 04:36:00,NOAA-21,RIO VERDE,GOIÁS,Brasil,5218805,52,33,9,0.0,1.0,Cerrado,0.8
0655c427-3958-3121-bd90-6e35163c7e99, -12.502860, -58.472450,2026-05-07 04:36:00,NOAA-21,SAPEZAL,MATO GROSSO,Brasil,5107875,51,33,9,0.0,0.13,Cerrado,2.0
2b58c2d6-644a-3870-aa83-69b307d2f5a3, -11.736240, -54.800690,2026-05-07 04:36:00,NOAA-21,CLÁUDIA,MATO GROSSO,Brasil,5103056,51,33,9,0.0,0.07,Amazônia,1.2
ac04d1ef-32ad-38bf-a860-7a4a991d08ad, -11.731330, -54.803940,2026-05-07 04:36:00,NOAA-21,CLÁUDIA,MATO GROSSO,Brasil,5103056,51,33,9,0.0,0.07,Amazônia,1.2
636ed9e0-24e8-33cc-bfec-7df43d2c7993, -21.358060, -45.138790,2026-05-07 04:38:00,NOAA-21,CARMO DA CACHOEIRA,MINAS GERAIS,Brasil,3113909,31,33,18,0.0,0.82,Mata Atlântica,1.9
b79a39ef-e0e8-3484-af39-8bbca632719e, -23.628480, -49.293190,2026-05-07 04:38:00,NOAA-21,CORONEL MACEDO,SÃO PAULO,Brasil,3512605,35,33,4,0.0,0.3,Mata Atlântica,1.2
c7678b40-f7fd-3d99-a749-6a82aa03ebb9, -21.951720, -57.589740,2026-05-07 04:38:00,NOAA-21,PORTO MURTINHO,MATO GROSSO DO SUL,Brasil,5006903,50,33,3,1.0,0.8,Cerrado,4.3
3d76fc34-ce1f-327d-8b36-0c05e4d38287, -18.436820, -54.703930,2026-05-07 04:38:00,NOAA-21,COXIM,MATO GROSSO DO SUL,Brasil,5003306,50,33,10,0.0,0.86,Cerrado,11.1
a554d239-2c96-3b89-af70-c2013b9edda1, -20.796110, -51.659380,2026-05-07 04:38:00,NOAA-21,TRÊS LAGOAS,MATO GROSSO DO SUL,Brasil,5008305,50,33,7,0.0,-999.0,Mata Atlântica,0.9
c66f4221-9869-325f-9ce6-fc49e57bf0e2, -21.333870, -47.076450,2026-05-07 04:38:00,NOAA-21,MOCOCA,SÃO PAULO,Brasil,3530508,35,33,8,0.0,0.62,Cerrado,1.8
bab10fc9-2be0-37be-994e-003e7edbe8d5, -22.744170, -48.212300,2026-05-07 04:38:00,NOAA-21,ANHEMBI,SÃO PAULO,Brasil,3502309,35,33,7,0.0,1.0,Cerrado,0.6
6f1b8b4f-6c92-31fd-99c2-da484168b545, -21.156760, -50.225880,2026-05-07 04:38:00,NOAA-21,BREJO ALEGRE,SÃO PAULO,Brasil,3507753,35,33,7,0.0,1.0,Mata Atlântica,1.0
158d2480-00a8-3c72-b56f-e2e268b5c9d2, -20.231230, -46.842010,2026-05-07 04:38:00,NOAA-21,DELFINÓPOLIS,MINAS GERAIS,Brasil,3121209,31,33,22,0.0,0.52,Cerrado,2.8
e5c67a47-292d-3236-aa5c-1aa9dba5c687, -20.226830, -46.846380,2026-05-07 04:38:00,NOAA-21,DELFINÓPOLIS,MINAS GERAIS,Brasil,3121209,31,33,22,0.0,0.51,Cerrado,2.8
ffc674b8-4f03-3118-8608-9b3325b239f4, -22.974760, -52.692960,2026-05-07 04:38:00,NOAA-21,GUAIRAÇÁ,PARANÁ,Brasil,4108908,41,33,4,0.0,0.39,Mata Atlântica,3.5
7832f451-91b5-39e1-b18d-8f448a244187, -21.704440, -48.415300,2026-05-07 04:38:00,NOAA-21,MATÃO,SÃO PAULO,Brasil,3529302,35,33,9,0.0,0.74,Cerrado,14.6
e2f0a564-576e-3aa4-8179-8f7d5146b7fb, -21.333220, -47.081390,2026-05-07 04:38:00,NOAA-21,MOCOCA,SÃO PAULO,Brasil,3530508,35,33,8,0.0,0.56,Cerrado,1.8
cc0ac775-8791-3d88-95f8-8d4d8d0dea43, -21.707980, -48.415860,2026-05-07 04:38:00,NOAA-21,MATÃO,SÃO PAULO,Brasil,3529302,35,33,9,0.0,0.83,Cerrado,14.6
2e8e7060-3170-3882-a677-76b683a46092, -18.443460, -54.710180,2026-05-07 04:38:00,NOAA-21,COXIM,MATO GROSSO DO SUL,Brasil,5003306,50,33,10,0.0,0.94,Cerrado,5.5
6e8f0a3c-8a1b-346e-a2b9-5c32de7cd751, -18.784280, -51.936640,2026-05-07 04:38:00,NOAA-21,APORÉ,GOIÁS,Brasil,5201504,52,33,8,0.0,1.0,Cerrado,0.9
6d5438c8-0828-32b7-983e-321ab59fd87f, -18.435310, -54.710280,2026-05-07 04:38:00,NOAA-21,COXIM,MATO GROSSO DO SUL,Brasil,5003306,50,33,10,0.0,0.61,Cerrado,2.8
9afe4779-44f3-3081-bf1a-017fb28059d6, -20.227440, -46.841710,2026-05-07 04:38:00,NOAA-21,DELFINÓPOLIS,MINAS GERAIS,Brasil,3121209,31,33,21,0.0,0.51,Cerrado,2.8
09a9d59c-8c49-3df2-9ded-941e4c894bd3, -21.977790, -57.590680,2026-05-07 04:38:00,NOAA-21,PORTO MURTINHO,MATO GROSSO DO SUL,Brasil,5006903,50,33,3,1.0,0.1,Cerrado,2.5
9e06d7c8-b357-3948-9f3e-6c45c297f0f8, -22.012750, -48.428630,2026-05-07 04:38:00,NOAA-21,BOA ESPERANÇA DO SUL,SÃO PAULO,Brasil,3506706,35,33,7,0.0,1.0,Cerrado,0.4
048819f8-8848-3d94-85b8-7e2090d8f12b, -18.331610, -54.526050,2026-05-07 04:38:00,NOAA-21,COXIM,MATO GROSSO DO SUL,Brasil,5003306,50,33,9,0.0,1.0,Cerrado,1.9
732bc759-9afb-3b95-b695-cb5be879cedc, -21.973580, -57.589810,2026-05-07 04:38:00,NOAA-21,PORTO MURTINHO,MATO GROSSO DO SUL,Brasil,5006903,50,33,3,1.0,0.18,Cerrado,1.9
f322ab9f-169a-3dad-8497-e957d6921cf0, -22.710640, -43.320110,2026-05-07 04:38:00,NOAA-21,DUQUE DE CAXIAS,RIO DE JANEIRO,Brasil,3301702,33,33,-999,0.0,-999.0,Mata Atlântica,1.4
035f65fc-20fd-3474-b588-5855a977f813, -21.977020, -57.594550,2026-05-07 04:38:00,NOAA-21,PORTO MURTINHO,MATO GROSSO DO SUL,Brasil,5006903,50,33,3,1.0,0.08,Cerrado,2.5
b09100a0-c3d1-37e0-9a2c-4d1c000ffab9, -18.439900, -54.706300,2026-05-07 04:38:00,NOAA-21,COXIM,MATO GROSSO DO SUL,Brasil,5003306,50,33,10,0.0,0.87,Cerrado,7.5
519195c8-749d-3228-b0a3-dcc77e48f73d, -21.905840, -50.731990,2026-05-07 04:38:00,NOAA-21,BASTOS,SÃO PAULO,Brasil,3505807,35,33,7,0.0,1.0,Mata Atlântica,3.6
8cccb6e4-41ca-3ca9-a5f7-b92355c4831f, -19.949050, -54.380860,2026-05-07 04:38:00,NOAA-21,BANDEIRANTES,MATO GROSSO DO SUL,Brasil,5001508,50,33,4,0.0,0.5,Cerrado,3.7
eed65aa2-e780-3ec5-accc-7e4c75ac3409, -22.747780, -48.212910,2026-05-07 04:38:00,NOAA-21,ANHEMBI,SÃO PAULO,Brasil,3502309,35,33,6,0.0,1.0,Cerrado,0.8
fb0cd4b1-8b2b-3961-8d13-d14014747372, -20.710220, -55.181520,2026-05-07 04:38:00,NOAA-21,SIDROLÂNDIA,MATO GROSSO DO SUL,Brasil,5007901,50,33,10,0.0,0.64,Cerrado,2.0
9491273f-232b-3c0c-bde4-1d3efecc8aa2, -18.439070, -54.711030,2026-05-07 04:38:00,NOAA-21,COXIM,MATO GROSSO DO SUL,Brasil,5003306,50,33,10,0.0,0.76,Cerrado,2.8
385342dc-d16d-337f-ba3f-5fa9cb2daca3, -21.703840, -48.419630,2026-05-07 04:38:00,NOAA-21,MATÃO,SÃO PAULO,Brasil,3529302,35,33,9,0.0,0.99,Cerrado,10.6
f336a59e-805b-3097-86e1-294600742a64, -21.955080, -57.594880,2026-05-07 04:38:00,NOAA-21,PORTO MURTINHO,MATO GROSSO DO SUL,Brasil,5006903,50,33,3,1.05,0.79,Cerrado,1.9
76075c63-2fe4-35d1-986c-c4ebb885a254, -23.079770, -48.617560,2026-05-07 04:38:00,NOAA-21,ITATINGA,SÃO PAULO,Brasil,3523503,35,33,4,0.0,0.91,Cerrado,0.8
a2c46de2-5241-3cdb-b51b-15b9d667eb1d, -18.440570, -54.704690,2026-05-07 04:38:00,NOAA-21,COXIM,MATO GROSSO DO SUL,Brasil,5003306,50,33,10,0.0,0.91,Cerrado,11.1
7418caff-79fd-31e1-b8c1-00f6ae7f512a, -23.327370, -48.863190,2026-05-07 04:38:00,NOAA-21,PARANAPANEMA,SÃO PAULO,Brasil,3535804,35,33,4,0.0,0.1,Cerrado,1.2
a6579a30-241b-37dc-9ce0-b15df65ed372, -23.769720, -49.160390,2026-05-07 04:38:00,NOAA-21,ITABERÁ,SÃO PAULO,Brasil,3521705,35,33,4,0.0,0.65,Cerrado,1.0
2f6a0001-1182-3de6-9db1-bc9d906484f2, -18.225620, -54.595910,2026-05-07 04:38:00,NOAA-21,PEDRO GOMES,MATO GROSSO DO SUL,Brasil,5006408,50,33,9,0.0,1.0,Cerrado,0.8
e315d028-05ee-37a5-a659-11f70ceaf8d7, -18.779720, -51.943520,2026-05-07 04:38:00,NOAA-21,APORÉ,GOIÁS,Brasil,5201504,52,33,8,0.0,1.0,Cerrado,1.8
4faa662d-c38e-3584-927a-2b38f1dd6490, -18.444320, -54.705470,2026-05-07 04:38:00,NOAA-21,COXIM,MATO GROSSO DO SUL,Brasil,5003306,50,33,10,0.0,0.98,Cerrado,11.0
f727db20-8eeb-3a20-92e3-f1942dc3d299, -20.713940, -55.182320,2026-05-07 04:38:00,NOAA-21,SIDROLÂNDIA,MATO GROSSO DO SUL,Brasil,5007901,50,33,10,0.0,0.44,Cerrado,2.6
5dc1405d-b0ad-3c66-b5dd-e4a14903d646, -18.440730, -54.701560,2026-05-07 04:38:00,NOAA-21,COXIM,MATO GROSSO DO SUL,Brasil,5003306,50,33,10,0.0,0.97,Cerrado,7.5
58408299-ed1d-3cb3-b6fa-57b7443cd355, -19.777950, -54.091790,2026-05-07 04:38:00,NOAA-21,BANDEIRANTES,MATO GROSSO DO SUL,Brasil,5001508,50,33,4,0.0,1.0,Cerrado,0.8
2dd5fcc7-9cdf-3133-a823-295870c3be19, -21.951770, -57.589860,2026-05-07 04:38:00,NOAA-21,PORTO MURTINHO,MATO GROSSO DO SUL,Brasil,5006903,50,33,3,1.0,0.81,Cerrado,3.5
46a974c5-0f3f-32bd-a73f-e781f7139eaf, -20.715020, -52.080400,2026-05-07 04:38:00,NOAA-21,TRÊS LAGOAS,MATO GROSSO DO SUL,Brasil,5008305,50,33,5,0.0,1.0,Cerrado,0.9
615e80a1-ac22-3b92-83ab-d94f244e399c, -18.436150, -54.705540,2026-05-07 04:38:00,NOAA-21,COXIM,MATO GROSSO DO SUL,Brasil,5003306,50,33,10,0.0,0.8,Cerrado,7.5
31d6c927-3254-3aa3-99de-e0889335c1b3, -21.707390, -48.420170,2026-05-07 04:38:00,NOAA-21,MATÃO,SÃO PAULO,Brasil,3529302,35,33,9,0.0,1.0,Cerrado,10.6
2146170b-9aa9-3864-8044-b2420b1b9a02, -18.787640, -51.937250,2026-05-07 04:38:00,NOAA-21,APORÉ,GOIÁS,Brasil,5201504,52,33,8,0.0,1.0,Cerrado,0.9
530cf087-b86d-3c19-a915-f066590c811b, -18.288080, -54.129860,2026-05-07 04:38:00,NOAA-21,ALCINÓPOLIS,MATO GROSSO DO SUL,Brasil,5000252,50,33,8,0.0,0.48,Cerrado,2.0
23b1571e-02be-3454-86c4-52754e34aeb7, -21.981980, -57.591580,2026-05-07 04:38:00,NOAA-21,PORTO MURTINHO,MATO GROSSO DO SUL,Brasil,5006903,50,33,3,1.0,0.13,Cerrado,2.5
fb36f833-a605-314a-8cb4-55c8e462a532, -20.714810, -55.177490,2026-05-07 04:38:00,NOAA-21,SIDROLÂNDIA,MATO GROSSO DO SUL,Brasil,5007901,50,33,10,0.0,0.37,Cerrado,1.9
964b224c-6b81-3015-a2fa-d77dcba7e28f, -18.439710, -54.709420,2026-05-07 04:38:00,NOAA-21,COXIM,MATO GROSSO DO SUL,Brasil,5003306,50,33,10,0.0,0.8,Cerrado,5.9
2b471b34-64a5-3d96-8a4c-6ba637f97569, -18.783680, -51.940380,2026-05-07 04:38:00,NOAA-21,APORÉ,GOIÁS,Brasil,5201504,52,33,8,0.0,1.0,Cerrado,1.8
7e34aa8f-740a-3148-9bac-ec7ca2eb9f6a, -18.435960, -54.708660,2026-05-07 04:38:00,NOAA-21,COXIM,MATO GROSSO DO SUL,Brasil,5003306,50,33,10,0.0,0.68,Cerrado,5.9
43535567-3c22-37e8-820d-50cec2d413ff, -18.443650, -54.707080,2026-05-07 04:38:00,NOAA-21,COXIM,MATO GROSSO DO SUL,Brasil,5003306,50,33,10,0.0,0.96,Cerrado,16.6
1d41f85d-baac-373f-ad62-be37a6f905af, -22.971430, -52.692330,2026-05-07 04:38:00,NOAA-21,GUAIRAÇÁ,PARANÁ,Brasil,4108908,41,33,4,0.0,0.26,Mata Atlântica,1.4
076f21e2-7f3c-3cd6-8088-7ab3f415d843, -18.436980, -54.700800,2026-05-07 04:38:00,NOAA-21,COXIM,MATO GROSSO DO SUL,Brasil,5003306,50,33,10,0.0,0.97,Cerrado,7.5
cbc7155d-c80e-3601-bb44-a8a921f615fd, -21.412600, -45.949800,2026-05-07 04:38:00,NOAA-21,ALFENAS,MINAS GERAIS,Brasil,3101607,31,33,13,0.0,-999.0,Mata Atlântica,0.8
f73a8439-5e4f-3442-b601-8920406ff00b, -19.948270, -54.385300,2026-05-07 04:38:00,NOAA-21,BANDEIRANTES,MATO GROSSO DO SUL,Brasil,5001508,50,33,4,0.0,0.37,Cerrado,3.5
551b98fc-089a-3e4d-896a-4abf83dacffc, -19.986260, -49.703030,2026-05-07 04:38:00,NOAA-21,RIOLÂNDIA,SÃO PAULO,Brasil,3544202,35,33,9,0.0,1.0,Mata Atlântica,0.4
fb66755b-aa36-3602-ad64-326c1860fa9c, -22.009200, -48.428080,2026-05-07 04:38:00,NOAA-21,BOA ESPERANÇA DO SUL,SÃO PAULO,Brasil,3506706,35,33,7,0.0,1.0,Cerrado,1.5
20293339-60a2-35d8-a955-352cd745df65, -21.955920, -57.590670,2026-05-07 04:38:00,NOAA-21,PORTO MURTINHO,MATO GROSSO DO SUL,Brasil,5006903,50,33,3,1.01,0.81,Cerrado,4.3
ef2642f3-012a-3f9b-9ccd-041bc5c4df3d, -21.154400, -48.713900,2026-05-07 04:38:00,NOAA-21,PIRANGI,SÃO PAULO,Brasil,3539004,35,33,9,0.0,1.0,Mata Atlântica,0.9
4222369c-945c-37bd-b8fb-c5e3aca0f64f,  -5.779200, -45.125690,2026-05-07 05:06:00,NPP-375D,BARRA DO CORDA,MARANHÃO,Brasil,2101608,21,33,3,0.0,0.35,Cerrado,1.2
7880070e-f8dc-3e68-a2a2-2680747e96ff,  -5.777410, -45.121760,2026-05-07 05:06:00,NPP-375D,BARRA DO CORDA,MARANHÃO,Brasil,2101608,21,33,3,0.0,0.36,Cerrado,0.9
bb43c2d9-aaee-3be3-b849-31814df330d9,  -5.776490, -45.128360,2026-05-07 05:06:00,NPP-375D,BARRA DO CORDA,MARANHÃO,Brasil,2101608,21,33,3,0.0,0.36,Cerrado,0.9
485691e4-d059-3f13-a0ca-a69daab13c62,  -7.277900, -46.793670,2026-05-07 05:06:00,NPP-375D,RIACHÃO,MARANHÃO,Brasil,2109502,21,33,6,0.0,0.41,Cerrado,1.7
8a4faa1d-4bb7-3bee-b03f-e1eb2e67f3ab,  -8.306040, -45.392480,2026-05-07 05:06:00,NPP-375D,BAIXA GRANDE DO RIBEIRO,PIAUÍ,Brasil,2201150,22,33,12,0.0,0.62,Cerrado,0.8
d1adedfe-44b9-3063-a78c-4270807da1fa,  -5.778710, -45.128970,2026-05-07 05:06:00,NPP-375D,BARRA DO CORDA,MARANHÃO,Brasil,2101608,21,33,3,0.0,0.36,Cerrado,1.2
0bacbd6f-fc58-32dd-b407-d586947dc4e9,  -8.310920, -45.397520,2026-05-07 05:06:00,NPP-375D,BAIXA GRANDE DO RIBEIRO,PIAUÍ,Brasil,2201150,22,33,13,0.0,0.63,Cerrado,0.8
539166f5-cba1-35b4-a6af-70ed10cb5315,  -7.153010, -48.239120,2026-05-07 05:06:00,NPP-375D,ARAGUAÍNA,TOCANTINS,Brasil,1702109,17,33,4,0.0,0.25,Amazônia,1.4
ab61016f-3177-3d0a-84e6-8d9db758b0bd,  -5.779680, -45.122390,2026-05-07 05:06:00,NPP-375D,BARRA DO CORDA,MARANHÃO,Brasil,2101608,21,33,3,0.0,0.35,Cerrado,1.2
6c8c22cd-ed92-318a-a1f1-29d3593fc876,  -5.776950, -45.125060,2026-05-07 05:06:00,NPP-375D,BARRA DO CORDA,MARANHÃO,Brasil,2101608,21,33,3,0.0,0.36,Cerrado,0.9
e6817a6e-4eaf-3336-9172-8f05ffc0a543,  -8.036400, -46.451310,2026-05-07 05:06:00,NPP-375D,RIACHÃO,MARANHÃO,Brasil,2109502,21,33,5,0.0,0.33,Cerrado,2.7
9cf51a5e-4bb7-3521-93aa-b94221d137c9, -14.135350, -45.348660,2026-05-07 05:08:00,NPP-375D,JABORANDI,BAHIA,Brasil,2917359,29,33,27,0.0,0.82,Cerrado,1.0
e2f7a340-b006-3a5f-8ef2-a3ce2769b215, -12.347120, -50.015940,2026-05-07 05:08:00,NPP-375D,SANDOLÂNDIA,TOCANTINS,Brasil,1718840,17,33,8,0.0,0.47,Cerrado,4.8
df9d8a4b-93a5-3e6f-9715-18bbd6c6a5bd, -12.353360, -50.032840,2026-05-07 05:08:00,NPP-375D,SANDOLÂNDIA,TOCANTINS,Brasil,1718840,17,33,8,0.0,0.41,Cerrado,1.1
83b75ab3-7306-3f4a-84ae-07da44e8eedd, -10.633530, -59.421770,2026-05-07 05:08:00,NPP-375D,ARIPUANÃ,MATO GROSSO,Brasil,5101407,51,33,0,0.0,0.37,Amazônia,0.5
f2844d4f-1ef2-3b32-9a43-613a6f2da0aa, -12.773960, -59.010860,2026-05-07 05:08:00,NPP-375D,CAMPOS DE JÚLIO,MATO GROSSO,Brasil,5102686,51,33,7,0.3,0.15,Cerrado,1.1
6243c790-320b-3467-8707-1c745c46ac48, -14.131850, -45.349110,2026-05-07 05:08:00,NPP-375D,JABORANDI,BAHIA,Brasil,2917359,29,33,27,0.0,0.82,Cerrado,2.0
3cc71721-1f6d-3803-84ac-109e1c83965f, -13.713460, -56.882010,2026-05-07 05:08:00,NPP-375D,SÃO JOSÉ DO RIO CLARO,MATO GROSSO,Brasil,5107305,51,33,7,0.0,0.68,Cerrado,0.9
6eeb5a10-0760-3dbf-a1ca-bf1d2b15fb11, -12.151750, -54.647050,2026-05-07 05:08:00,NPP-375D,FELIZ NATAL,MATO GROSSO,Brasil,5103700,51,33,7,0.0,0.08,Amazônia,1.3
4deea63b-726e-3776-80ee-c8375bbd0b34, -12.346580, -50.019860,2026-05-07 05:08:00,NPP-375D,SANDOLÂNDIA,TOCANTINS,Brasil,1718840,17,33,8,0.0,0.47,Cerrado,4.8
c9e24409-8cf6-3f25-8cb2-cfdea03c1cd8, -13.958410, -47.545780,2026-05-07 05:08:00,NPP-375D,CAVALCANTE,GOIÁS,Brasil,5205307,52,33,11,0.0,0.66,Cerrado,0.4
41546e77-2628-36f6-bafa-849c5d7ce479,  -8.682320, -49.087970,2026-05-07 05:08:00,NPP-375D,GOIANORTE,TOCANTINS,Brasil,1708304,17,33,6,0.0,0.2,Cerrado,0.9
860d1532-2f76-32a5-bb61-365baff28d19, -14.860980, -48.558260,2026-05-07 05:08:00,NPP-375D,NIQUELÂNDIA,GOIÁS,Brasil,5214606,52,33,24,0.0,0.52,Cerrado,1.7
efa99c48-968a-343e-9ca5-510d77d3b056, -11.616650, -54.177770,2026-05-07 05:08:00,NPP-375D,UNIÃO DO SUL,MATO GROSSO,Brasil,5108303,51,33,9,0.0,0.07,Amazônia,1.9
0ab70c0f-3974-3316-91d2-398bce287bb3, -12.497730, -58.483940,2026-05-07 05:08:00,NPP-375D,SAPEZAL,MATO GROSSO,Brasil,5107875,51,33,9,0.0,0.13,Cerrado,3.3
f2c0d220-51c3-379d-a79f-e77679619977, -11.480350, -52.918850,2026-05-07 05:08:00,NPP-375D,SÃO FÉLIX DO ARAGUAIA,MATO GROSSO,Brasil,5107859,51,33,7,0.0,0.07,Amazônia,1.7
d7800f46-c42e-34ab-a147-cbf0a716d1ec, -12.765990, -58.992070,2026-05-07 05:08:00,NPP-375D,CAMPOS DE JÚLIO,MATO GROSSO,Brasil,5102686,51,33,7,0.3,0.28,Cerrado,0.7
68a6ce90-8b09-35ea-b62c-1813ae21d7b2, -13.941020, -54.801360,2026-05-07 05:08:00,NPP-375D,PARANATINGA,MATO GROSSO,Brasil,5106307,51,33,8,0.0,0.21,Cerrado,0.7
1ca93471-8739-34dc-8f79-1e5f79be8aba, -14.037020, -47.605810,2026-05-07 05:08:00,NPP-375D,CAVALCANTE,GOIÁS,Brasil,5205307,52,33,10,0.0,0.59,Cerrado,0.9
4e5ec55a-c166-3072-8645-b5f5a5d443fa, -14.128980, -45.352140,2026-05-07 05:08:00,NPP-375D,JABORANDI,BAHIA,Brasil,2917359,29,33,26,0.0,0.82,Cerrado,3.2
d7e9f858-bce0-34d1-86b5-29b8580699bb, -10.558620, -42.437130,2026-05-07 05:08:00,NPP-375D,XIQUE-XIQUE,BAHIA,Brasil,2933604,29,33,17,0.0,1.0,Caatinga,2.1
2d7551ef-2665-351c-81fe-135cf7c45103,  -9.465190, -47.802740,2026-05-07 05:08:00,NPP-375D,RIO SONO,TOCANTINS,Brasil,1718758,17,33,9,0.0,0.43,Cerrado,0.9
ec7a1b68-e781-37d4-ad86-18b6b18972c4, -12.498420, -58.479920,2026-05-07 05:08:00,NPP-375D,SAPEZAL,MATO GROSSO,Brasil,5107875,51,33,9,0.0,0.13,Cerrado,3.3
777f7b1e-500a-3eb5-9005-0ef20065f897, -11.839350, -57.847460,2026-05-07 05:08:00,NPP-375D,JUARA,MATO GROSSO,Brasil,5105101,51,33,2,0.0,0.09,Amazônia,5.1
c203e3ef-c9a8-3c73-91c8-f0bfffe2f5b9, -10.924990, -55.144440,2026-05-07 05:08:00,NPP-375D,NOVA SANTA HELENA,MATO GROSSO,Brasil,5106190,51,33,5,0.0,0.45,Amazônia,1.3
04c8bc23-2f78-3d78-abe8-c4a7e9c5da6c,  -8.726550, -47.980950,2026-05-07 05:08:00,NPP-375D,SANTA MARIA DO TOCANTINS,TOCANTINS,Brasil,1718881,17,33,5,0.0,0.28,Cerrado,2.1
95b1de57-dd7e-32c8-b86e-4de23608b227, -13.957680, -47.551530,2026-05-07 05:08:00,NPP-375D,CAVALCANTE,GOIÁS,Brasil,5205307,52,33,10,0.0,0.66,Cerrado,0.5
1931f75c-b9e9-3789-a8be-390e8d53f44f,  -8.748880, -48.929440,2026-05-07 05:08:00,NPP-375D,GOIANORTE,TOCANTINS,Brasil,1708304,17,33,8,0.0,0.81,Cerrado,0.9
5eba450a-c005-3706-a2b5-854fc331da73, -11.725620, -54.804100,2026-05-07 05:08:00,NPP-375D,CLÁUDIA,MATO GROSSO,Brasil,5103056,51,33,9,0.0,0.07,Amazônia,0.7
b48577d3-c060-369c-b132-7969fd83db44, -13.715440, -56.882010,2026-05-07 05:08:00,NPP-375D,SÃO JOSÉ DO RIO CLARO,MATO GROSSO,Brasil,5107305,51,33,7,0.0,0.79,Cerrado,1.0
caea065a-3dc9-37c5-9e0c-fabd1890843d, -12.499100, -58.475910,2026-05-07 05:08:00,NPP-375D,SAPEZAL,MATO GROSSO,Brasil,5107875,51,33,9,0.0,0.13,Cerrado,4.6
de5f6a84-5be4-3d42-a73b-ee756fe67047, -14.123080, -45.351260,2026-05-07 05:08:00,NPP-375D,JABORANDI,BAHIA,Brasil,2917359,29,33,26,0.0,0.82,Cerrado,1.5
78aa4bde-d9cc-3d90-8a49-858fc54515cd, -12.501270, -58.484570,2026-05-07 05:08:00,NPP-375D,SAPEZAL,MATO GROSSO,Brasil,5107875,51,33,9,0.0,0.13,Cerrado,2.3
3f86259e-c0c9-34bb-ac70-806638c22377, -13.184080, -52.692180,2026-05-07 05:08:00,NPP-375D,CANARANA,MATO GROSSO,Brasil,5102702,51,33,8,0.0,0.21,Amazônia,1.2
b4cf8936-f08c-3d68-858f-aee967549803, -14.861630, -48.553020,2026-05-07 05:08:00,NPP-375D,NIQUELÂNDIA,GOIÁS,Brasil,5214606,52,33,25,0.0,0.52,Cerrado,1.3
eaa74153-4d8b-30e6-a2b1-d294aa158908, -14.150060, -52.898750,2026-05-07 05:08:00,NPP-375D,ÁGUA BOA,MATO GROSSO,Brasil,5100201,51,33,17,0.0,0.98,Cerrado,1.3
8ada0917-2b0c-39ce-8adc-c0821a19de82,  -8.629760, -49.542550,2026-05-07 05:08:00,NPP-375D,CONCEIÇÃO DO ARAGUAIA,PARÁ,Brasil,1502707,15,33,4,0.0,0.7,Amazônia,0.7
07ecbf38-8654-350b-80b6-05b23b4bcd4e, -12.499780, -58.471900,2026-05-07 05:08:00,NPP-375D,SAPEZAL,MATO GROSSO,Brasil,5107875,51,33,9,0.0,0.13,Cerrado,4.6
44fd7452-cf42-37be-90b2-b24cc62beac6, -11.742900, -54.803210,2026-05-07 05:08:00,NPP-375D,CLÁUDIA,MATO GROSSO,Brasil,5103056,51,33,9,0.0,0.17,Amazônia,0.6
dfecbec1-7104-381f-b4eb-7f3f03e2d9b8, -11.796990, -56.964760,2026-05-07 05:08:00,NPP-375D,PORTO DOS GAÚCHOS,MATO GROSSO,Brasil,5106802,51,33,7,0.0,0.1,Amazônia,0.5
4ea67518-8b08-3d2c-bfd1-0fa12ffaac8c, -12.495560, -58.475280,2026-05-07 05:08:00,NPP-375D,SAPEZAL,MATO GROSSO,Brasil,5107875,51,33,9,0.0,0.13,Cerrado,4.6
f3200bb2-c359-3e57-aefd-5f94a3dc2783, -11.613260, -54.177250,2026-05-07 05:08:00,NPP-375D,UNIÃO DO SUL,MATO GROSSO,Brasil,5108303,51,33,9,0.0,0.07,Amazônia,1.9
825510aa-d7f0-32b9-bc26-b6813826510b, -13.940460, -54.805050,2026-05-07 05:08:00,NPP-375D,PARANATINGA,MATO GROSSO,Brasil,5106307,51,33,8,0.0,0.21,Cerrado,0.7
49ed0a3c-13e2-398f-8296-50870da7ab55, -11.574030, -54.564320,2026-05-07 05:08:00,NPP-375D,UNIÃO DO SUL,MATO GROSSO,Brasil,5108303,51,33,7,0.0,0.08,Amazônia,1.0
c4e1cf4c-7419-3ea9-82dc-81d47b88484c, -12.756110, -46.964010,2026-05-07 05:08:00,NPP-375D,ARRAIAS,TOCANTINS,Brasil,1702406,17,33,17,0.0,0.83,Cerrado,1.2
e68acd8e-7b9a-3efb-a48d-3e0b19f851cc, -11.797590, -56.961110,2026-05-07 05:08:00,NPP-375D,PORTO DOS GAÚCHOS,MATO GROSSO,Brasil,5106802,51,33,7,0.0,0.1,Amazônia,0.7
067ef532-524f-3fa3-9721-1d4551765224, -11.732870, -54.801610,2026-05-07 05:08:00,NPP-375D,CLÁUDIA,MATO GROSSO,Brasil,5103056,51,33,9,0.0,0.07,Amazônia,1.1
ef581bf2-8056-3c9f-8330-698d6639a334,  -8.727200, -47.976260,2026-05-07 05:08:00,NPP-375D,SANTA MARIA DO TOCANTINS,TOCANTINS,Brasil,1718881,17,33,5,0.0,0.27,Cerrado,2.1
bbe60755-f9b5-3b9e-a89b-51fcacc6eda2, -13.888560, -47.523380,2026-05-07 05:08:00,NPP-375D,CAVALCANTE,GOIÁS,Brasil,5205307,52,33,11,0.0,0.5,Cerrado,1.0
57fa274c-b497-3775-a255-93a2259cb2cd, -11.728970, -54.804630,2026-05-07 05:08:00,NPP-375D,CLÁUDIA,MATO GROSSO,Brasil,5103056,51,33,9,0.0,0.07,Amazônia,0.7
1caf7314-3eb7-3dca-a2e4-42e5e3043faf, -11.798190, -56.957460,2026-05-07 05:08:00,NPP-375D,PORTO DOS GAÚCHOS,MATO GROSSO,Brasil,5106802,51,33,7,0.0,0.1,Amazônia,0.7
f3ccddb2-1d77-3e67-aef0-4ac5c0dc59d2, -12.778300, -59.007250,2026-05-07 05:08:00,NPP-375D,CAMPOS DE JÚLIO,MATO GROSSO,Brasil,5102686,51,33,7,0.3,0.44,Cerrado,2.1
2c69b8b4-43d1-391d-b074-22d67ac0243b, -13.183460, -52.696480,2026-05-07 05:08:00,NPP-375D,CANARANA,MATO GROSSO,Brasil,5102702,51,33,8,0.0,0.22,Amazônia,1.2
fae0b10a-57a6-3d61-b656-6bc81f0344a6, -10.638520, -48.011580,2026-05-07 05:08:00,NPP-375D,MONTE DO CARMO,TOCANTINS,Brasil,1713601,17,33,8,0.0,0.12,Cerrado,3.8
c80647d5-596f-37af-9b54-7177e541821a,  -9.466890, -47.804290,2026-05-07 05:08:00,NPP-375D,RIO SONO,TOCANTINS,Brasil,1718758,17,33,9,0.0,0.42,Cerrado,1.5
81983675-c004-3c18-8431-3dcb90565b63, -11.735100, -54.809270,2026-05-07 05:08:00,NPP-375D,CLÁUDIA,MATO GROSSO,Brasil,5103056,51,33,9,0.0,0.07,Amazônia,0.7
71e6ec55-72d2-3b70-a7ee-2610122c0fa3, -12.491330, -58.478710,2026-05-07 05:08:00,NPP-375D,SAPEZAL,MATO GROSSO,Brasil,5107875,51,33,9,0.0,0.13,Cerrado,0.8
ed77ee25-2df0-3e21-9693-e324fc6b52e1, -12.492020, -58.474690,2026-05-07 05:08:00,NPP-375D,SAPEZAL,MATO GROSSO,Brasil,5107875,51,33,9,0.0,0.12,Cerrado,1.3
eba913fc-689c-374b-9b23-ce97c98c111c, -13.629370, -47.821840,2026-05-07 05:08:00,NPP-375D,CAVALCANTE,GOIÁS,Brasil,5205307,52,33,9,0.0,0.44,Cerrado,2.9
90b60a80-4f37-335b-8d2a-0ff763532bea, -14.147050, -52.893850,2026-05-07 05:08:00,NPP-375D,ÁGUA BOA,MATO GROSSO,Brasil,5100201,51,33,17,0.0,0.81,Cerrado,1.8
eb667e62-84bd-3f25-a8a2-9b1cc4e842de, -12.755740, -46.967090,2026-05-07 05:08:00,NPP-375D,ARRAIAS,TOCANTINS,Brasil,1702406,17,33,17,0.0,0.82,Cerrado,1.2
4a01341d-538e-3a87-b79d-20cc0f5fc76b, -11.739560, -54.802680,2026-05-07 05:08:00,NPP-375D,CLÁUDIA,MATO GROSSO,Brasil,5103056,51,33,9,0.0,0.12,Amazônia,0.6
83a76511-f77f-33d9-8344-63704435bae0, -12.851230, -43.754790,2026-05-07 05:08:00,NPP-375D,SERRA DOURADA,BAHIA,Brasil,2930303,29,33,17,0.65,0.94,Cerrado,0.7
3ddadf64-3bca-36e9-990c-1b9bf64a5391, -14.315470, -57.612710,2026-05-07 05:08:00,NPP-375D,NOVA MARILÂNDIA,MATO GROSSO,Brasil,5108857,51,33,7,0.0,0.21,Amazônia,0.5
5afa2b03-4865-3f7e-96db-bd8ed4ad3545, -12.494190, -58.483330,2026-05-07 05:08:00,NPP-375D,SAPEZAL,MATO GROSSO,Brasil,5107875,51,33,9,0.0,0.13,Cerrado,3.3
00d2e303-3250-3a1f-8129-7cd8d1244905, -14.135830, -45.344350,2026-05-07 05:08:00,NPP-375D,JABORANDI,BAHIA,Brasil,2917359,29,33,27,0.0,0.82,Cerrado,1.0
ba3b61c3-fb99-34b9-bb6c-7581d88a8c51, -12.864070, -43.756480,2026-05-07 05:08:00,NPP-375D,SERRA DOURADA,BAHIA,Brasil,2930303,29,33,17,0.61,0.91,Cerrado,1.5
c243dd3f-a73a-3f1a-b802-ae0e8717e631, -11.731750, -54.808740,2026-05-07 05:08:00,NPP-375D,CLÁUDIA,MATO GROSSO,Brasil,5103056,51,33,9,0.0,0.07,Amazônia,0.7
2075cf8e-a2f8-3810-b810-a3eec3ea24f5, -14.042150, -47.606150,2026-05-07 05:08:00,NPP-375D,CAVALCANTE,GOIÁS,Brasil,5205307,52,33,10,0.0,0.63,Cerrado,0.9
cbebafa5-9a55-3569-8a7e-9ae74289eee5,  -8.810310, -49.948570,2026-05-07 05:08:00,NPP-375D,SANTA MARIA DAS BARREIRAS,PARÁ,Brasil,1506583,15,33,4,0.0,0.39,Amazônia,3.2
8c3e3105-f647-3612-a470-156e9d8d8c06, -13.184700, -52.687860,2026-05-07 05:08:00,NPP-375D,CANARANA,MATO GROSSO,Brasil,5102702,51,33,8,0.0,0.21,Amazônia,1.2
756f9989-d689-318e-bc40-668329092761, -14.150680, -52.894450,2026-05-07 05:08:00,NPP-375D,ÁGUA BOA,MATO GROSSO,Brasil,5100201,51,33,17,0.0,0.91,Cerrado,1.3
dda33501-4f3d-334e-8080-b3124763d535,  -8.633880, -49.543140,2026-05-07 05:08:00,NPP-375D,CONCEIÇÃO DO ARAGUAIA,PARÁ,Brasil,1502707,15,33,4,0.0,0.7,Amazônia,0.7
92fb8968-16dd-355e-a768-9887d6d06b00, -11.729520, -54.801070,2026-05-07 05:08:00,NPP-375D,CLÁUDIA,MATO GROSSO,Brasil,5103056,51,33,9,0.0,0.07,Amazônia,0.7
200e472a-58ec-3d99-97f0-3c5cffcb3a82, -13.153410, -56.806980,2026-05-07 05:08:00,NPP-375D,SÃO JOSÉ DO RIO CLARO,MATO GROSSO,Brasil,5107305,51,33,9,0.0,0.06,Amazônia,0.9
82353509-3ae7-3c6b-858b-5d8ec56923b1, -11.800370, -56.965320,2026-05-07 05:08:00,NPP-375D,PORTO DOS GAÚCHOS,MATO GROSSO,Brasil,5106802,51,33,7,0.0,0.1,Amazônia,0.7
0c3aecb0-7e27-35d4-a245-735a76f91c1c, -11.800970, -56.961670,2026-05-07 05:08:00,NPP-375D,PORTO DOS GAÚCHOS,MATO GROSSO,Brasil,5106802,51,33,7,0.0,0.1,Amazônia,0.9
c099a21b-169a-3e40-9024-b41a9f8370b2, -14.129450, -45.347870,2026-05-07 05:08:00,NPP-375D,JABORANDI,BAHIA,Brasil,2917359,29,33,27,0.0,0.82,Cerrado,1.0
93c7593f-aac5-3c91-b9a7-42def6ff6dd2, -12.506850, -58.473150,2026-05-07 05:08:00,NPP-375D,SAPEZAL,MATO GROSSO,Brasil,5107875,51,33,9,0.0,0.13,Cerrado,1.1
17822b54-d5e2-3247-84c9-2405de69620b, -11.438910, -55.100510,2026-05-07 05:08:00,NPP-375D,CLÁUDIA,MATO GROSSO,Brasil,5103056,51,33,8,0.0,0.12,Amazônia,0.7
c40ae14f-5246-3dd1-a3ab-2bef4d08d957, -11.728410, -54.808200,2026-05-07 05:08:00,NPP-375D,CLÁUDIA,MATO GROSSO,Brasil,5103056,51,33,9,0.0,0.07,Amazônia,0.7
9ba95b53-0f77-30f3-97a0-ebf2400b155f, -12.916150, -49.486370,2026-05-07 05:08:00,NPP-375D,ARAGUAÇU,TOCANTINS,Brasil,1702000,17,33,12,0.0,0.55,Cerrado,1.7
d6ba3753-236f-36dd-bfba-b8ef997965e0, -13.888270, -47.525690,2026-05-07 05:08:00,NPP-375D,CAVALCANTE,GOIÁS,Brasil,5205307,52,33,11,0.0,0.43,Cerrado,1.9
ec52160d-d16f-31aa-892e-a084f3ced31c, -10.236830, -52.231240,2026-05-07 05:08:00,NPP-375D,SANTA CRUZ DO XINGU,MATO GROSSO,Brasil,5107743,51,33,6,0.0,0.14,Amazônia,1.7
d830c4e7-a863-35ac-9d52-6d616a917274, -11.738440, -54.809810,2026-05-07 05:08:00,NPP-375D,CLÁUDIA,MATO GROSSO,Brasil,5103056,51,33,9,0.0,0.2,Amazônia,0.7
c8f76283-eb43-315c-8465-04a3feac539e, -14.129930, -45.343570,2026-05-07 05:08:00,NPP-375D,JABORANDI,BAHIA,Brasil,2917359,29,33,27,0.0,0.82,Cerrado,1.0
0709fafa-2347-39aa-91c5-cffb8a86fa0c, -10.485800, -49.359840,2026-05-07 05:08:00,NPP-375D,CRISTALÂNDIA,TOCANTINS,Brasil,1706100,17,33,8,0.0,0.2,Cerrado,1.7
b3d69321-fb15-34b0-b096-52f2008a2436, -13.693350, -52.589390,2026-05-07 05:08:00,NPP-375D,ÁGUA BOA,MATO GROSSO,Brasil,5100201,51,33,8,0.0,0.56,Cerrado,1.1
957ea0c2-4219-36fb-8cdc-65e4c21ed691, -10.639170, -48.006740,2026-05-07 05:08:00,NPP-375D,MONTE DO CARMO,TOCANTINS,Brasil,1713601,17,33,7,0.0,0.13,Cerrado,3.8
85e5bc5f-9ce9-360b-b712-a1c668d3a3a4, -12.502640, -58.476540,2026-05-07 05:08:00,NPP-375D,SAPEZAL,MATO GROSSO,Brasil,5107875,51,33,9,0.0,0.13,Cerrado,1.1
2e6b2d3d-ec1f-3910-8ee4-d459668cb2e4, -11.438360, -55.104040,2026-05-07 05:08:00,NPP-375D,CLÁUDIA,MATO GROSSO,Brasil,5103056,51,33,8,0.0,0.12,Amazônia,1.2
9dad45d5-2570-352e-8cee-0dbdbec54e5e, -12.414590, -49.669730,2026-05-07 05:08:00,NPP-375D,SANDOLÂNDIA,TOCANTINS,Brasil,1718840,17,33,11,0.0,0.43,Cerrado,1.1
dc697c09-1ff2-3911-9287-aa73e6ba2f44, -14.125950, -45.348290,2026-05-07 05:08:00,NPP-375D,JABORANDI,BAHIA,Brasil,2917359,29,33,27,0.0,0.82,Cerrado,2.0
f53ab10a-7c97-3392-a1b4-dd0fa6d9293e, -12.412650, -49.671230,2026-05-07 05:08:00,NPP-375D,SANDOLÂNDIA,TOCANTINS,Brasil,1718840,17,33,11,0.0,0.53,Cerrado,1.6
3b9363e6-7b8f-3d78-98e8-a69673fee783, -12.349150, -50.032220,2026-05-07 05:08:00,NPP-375D,SANDOLÂNDIA,TOCANTINS,Brasil,1718840,17,33,8,0.0,0.45,Cerrado,1.1
53747027-0bff-3291-bb68-13123067650c, -11.732310, -54.805170,2026-05-07 05:08:00,NPP-375D,CLÁUDIA,MATO GROSSO,Brasil,5103056,51,33,9,0.0,0.07,Amazônia,1.1
017fc3d6-989b-3b5c-9417-703d8af781ff, -11.618890, -48.054410,2026-05-07 05:08:00,NPP-375D,CHAPADA DA NATIVIDADE,TOCANTINS,Brasil,1705102,17,33,9,0.0,0.53,Cerrado,2.3
4a19da2f-4e08-3434-af79-3a3bfc3cfca2, -11.617210, -54.174130,2026-05-07 05:08:00,NPP-375D,UNIÃO DO SUL,MATO GROSSO,Brasil,5108303,51,33,9,0.0,0.07,Amazônia,1.5
d2dbad33-5f36-37bd-abcc-b98e9b0c4241, -12.494880, -58.479300,2026-05-07 05:08:00,NPP-375D,SAPEZAL,MATO GROSSO,Brasil,5107875,51,33,9,0.0,0.13,Cerrado,3.3
ba3936ac-483d-3640-b49f-5e23d0433e20, -12.755200, -46.967030,2026-05-07 05:08:00,NPP-375D,ARRAIAS,TOCANTINS,Brasil,1702406,17,33,17,0.0,0.82,Cerrado,1.2
6453962e-85fa-3869-b737-dda74e3593fb, -14.860330, -48.563480,2026-05-07 05:08:00,NPP-375D,NIQUELÂNDIA,GOIÁS,Brasil,5214606,52,33,23,0.0,0.51,Cerrado,1.7
879f42ce-d79b-3c51-882d-886774559d11, -12.864670, -43.751090,2026-05-07 05:08:00,NPP-375D,SERRA DOURADA,BAHIA,Brasil,2930303,29,33,17,0.6,0.91,Cerrado,1.5
bfa8762a-04fa-34dc-bae4-d310037ce34a, -14.132350, -45.344820,2026-05-07 05:08:00,NPP-375D,JABORANDI,BAHIA,Brasil,2917359,29,33,27,0.0,0.82,Cerrado,2.0
c062ffe6-ce30-3df2-a313-b916a05be591, -11.603920, -48.057370,2026-05-07 05:08:00,NPP-375D,CHAPADA DA NATIVIDADE,TOCANTINS,Brasil,1705102,17,33,9,0.0,0.47,Cerrado,1.3
997a0d70-b67c-3f13-a102-e5dbabe3e657,  -8.681760, -49.091950,2026-05-07 05:08:00,NPP-375D,GOIANORTE,TOCANTINS,Brasil,1708304,17,33,6,0.0,0.3,Cerrado,0.9
5a889bf9-3688-3b48-a352-363397748071, -11.608680, -48.058110,2026-05-07 05:08:00,NPP-375D,CHAPADA DA NATIVIDADE,TOCANTINS,Brasil,1705102,17,33,9,0.0,0.51,Cerrado,1.3
6150cc02-486b-385e-9a3b-c6647153db32, -11.733420, -54.798050,2026-05-07 05:08:00,NPP-375D,CLÁUDIA,MATO GROSSO,Brasil,5103056,51,33,9,0.0,0.07,Amazônia,1.7
9384b479-26d4-3f15-b13a-14dde35770e7, -10.240430, -52.231790,2026-05-07 05:08:00,NPP-375D,SANTA CRUZ DO XINGU,MATO GROSSO,Brasil,5107743,51,33,6,0.0,0.22,Amazônia,1.7
d47988fc-0e84-35cd-94a3-663f7b9e3a68, -11.614120, -48.053680,2026-05-07 05:08:00,NPP-375D,CHAPADA DA NATIVIDADE,TOCANTINS,Brasil,1705102,17,33,9,0.0,0.52,Cerrado,2.3
bd475d3a-c815-38b1-bc4f-f4db565e6a6b, -12.503320, -58.472530,2026-05-07 05:08:00,NPP-375D,SAPEZAL,MATO GROSSO,Brasil,5107875,51,33,9,0.0,0.13,Cerrado,1.1
8124f293-c290-30a7-8c58-f92a694b20cb, -12.755590, -46.963960,2026-05-07 05:08:00,NPP-375D,ARRAIAS,TOCANTINS,Brasil,1702406,17,33,17,0.0,0.83,Cerrado,1.2
21eb54e5-e070-3e2a-adc9-718776459bf5, -13.958040, -47.548680,2026-05-07 05:08:00,NPP-375D,CAVALCANTE,GOIÁS,Brasil,5205307,52,33,11,0.0,0.66,Cerrado,0.5
edf12eef-07c9-3973-8a38-a8eb62fab48a, -11.736210, -54.802150,2026-05-07 05:08:00,NPP-375D,CLÁUDIA,MATO GROSSO,Brasil,5103056,51,33,9,0.0,0.08,Amazônia,1.1
2fa42343-f452-3a0d-9069-d3b8480320ec, -14.125450, -45.352540,2026-05-07 05:08:00,NPP-375D,JABORANDI,BAHIA,Brasil,2917359,29,33,26,0.0,0.82,Cerrado,2.9
819cb006-0151-3fb2-a6ee-cc6744f2684d, -11.737890, -54.813370,2026-05-07 05:08:00,NPP-375D,CLÁUDIA,MATO GROSSO,Brasil,5103056,51,33,9,0.0,0.18,Amazônia,0.7
630a771b-6cde-376e-b760-dd4baf51c37c, -12.990450, -54.682240,2026-05-07 05:08:00,NPP-375D,NOVA UBIRATÃ,MATO GROSSO,Brasil,5106240,51,33,7,0.0,0.09,Amazônia,1.5
21c630d7-f46f-3a3a-97bb-9c6f7549ff69, -12.501950, -58.480550,2026-05-07 05:08:00,NPP-375D,SAPEZAL,MATO GROSSO,Brasil,5107875,51,33,9,0.0,0.13,Cerrado,2.3
8c41fe6a-dd92-3181-b9a5-9c3af386c4f0, -12.774680, -59.006610,2026-05-07 05:08:00,NPP-375D,CAMPOS DE JÚLIO,MATO GROSSO,Brasil,5102686,51,33,7,0.3,0.17,Cerrado,2.1
bd4daaa6-7d1f-3fba-8a59-f1d0c13c98b1, -12.496240, -58.471270,2026-05-07 05:08:00,NPP-375D,SAPEZAL,MATO GROSSO,Brasil,5107875,51,33,9,0.0,0.12,Cerrado,4.6
c34c2dd8-0bbe-3dd6-8df8-bc041c365f82, -11.609360, -48.052950,2026-05-07 05:08:00,NPP-375D,CHAPADA DA NATIVIDADE,TOCANTINS,Brasil,1705102,17,33,9,0.0,0.51,Cerrado,1.3
a3d8e50b-3fc2-3227-993f-5c5f7dfdf8ff, -13.628900, -47.822510,2026-05-07 05:08:00,NPP-375D,CAVALCANTE,GOIÁS,Brasil,5205307,52,33,9,0.0,0.44,Cerrado,3.8
662a6207-8ab1-3fe9-90bd-ef455e8ea4bf,  -8.810830, -49.945040,2026-05-07 05:08:00,NPP-375D,SANTA MARIA DAS BARREIRAS,PARÁ,Brasil,1506583,15,33,4,0.0,0.28,Amazônia,3.2
3dd90073-b54b-31f0-a0fe-22fa26f26515, -11.739000, -54.806240,2026-05-07 05:08:00,NPP-375D,CLÁUDIA,MATO GROSSO,Brasil,5103056,51,33,9,0.0,0.17,Amazônia,0.6
c515a49d-c505-3569-a4b9-c55791feb7df, -13.893610, -47.524490,2026-05-07 05:08:00,NPP-375D,CAVALCANTE,GOIÁS,Brasil,5205307,52,33,11,0.0,0.48,Cerrado,1.0
687dba8e-c7e2-3ff7-a28a-4eda3a33dd93, -12.490650, -58.482740,2026-05-07 05:08:00,NPP-375D,SAPEZAL,MATO GROSSO,Brasil,5107875,51,33,9,0.0,0.13,Cerrado,0.8
995a4a60-706f-3014-b6ed-e11b91fa266e, -11.735650, -54.805710,2026-05-07 05:08:00,NPP-375D,CLÁUDIA,MATO GROSSO,Brasil,5103056,51,33,9,0.0,0.08,Amazônia,1.1
4ddce661-44ef-36c7-81f9-3a0a873d3b19, -12.857650, -43.755640,2026-05-07 05:08:00,NPP-375D,SERRA DOURADA,BAHIA,Brasil,2930303,29,33,17,0.64,0.93,Cerrado,1.5
b6b4962b-4410-3e0d-803e-40963510cb95, -12.765270, -58.996280,2026-05-07 05:08:00,NPP-375D,CAMPOS DE JÚLIO,MATO GROSSO,Brasil,5102686,51,33,7,0.3,0.29,Cerrado,0.7
07b2ae8b-08da-3b69-a179-7254673fcdc0, -12.342910, -50.015310,2026-05-07 05:08:00,NPP-375D,SANDOLÂNDIA,TOCANTINS,Brasil,1718840,17,33,8,0.0,0.47,Cerrado,0.9
eb61bed5-5f89-3a90-9925-f3f289f75e4a, -11.842820, -57.848050,2026-05-07 05:08:00,NPP-375D,JUARA,MATO GROSSO,Brasil,5105101,51,33,2,0.0,0.09,Amazônia,1.6
68ac67fe-b0c8-3704-8a3f-cbb938889ad3, -10.551850, -42.436290,2026-05-07 05:08:00,NPP-375D,XIQUE-XIQUE,BAHIA,Brasil,2933604,29,33,17,0.0,0.99,Caatinga,1.4
dda8c424-4693-393f-a4f2-07329c906033, -21.331840, -47.081230,2026-05-07 05:10:00,NPP-375D,MOCOCA,SÃO PAULO,Brasil,3530508,35,33,8,0.0,0.62,Cerrado,1.3
ca9eca26-f559-371e-9a0c-76a97a8edce7, -16.165480, -58.490510,2026-05-07 05:10:00,NPP-375D,CÁCERES,MATO GROSSO,Brasil,5102504,51,33,8,0.0,0.2,Pantanal,1.7
8b8e0f37-e2dd-31b1-be2c-3b99908aa3c6, -21.706090, -48.418160,2026-05-07 05:10:00,NPP-375D,MATÃO,SÃO PAULO,Brasil,3529302,35,33,9,0.0,0.91,Cerrado,7.1
e88e6940-272c-3175-b93e-f2ef4127840f, -20.715440, -52.078840,2026-05-07 05:10:00,NPP-375D,TRÊS LAGOAS,MATO GROSSO DO SUL,Brasil,5008305,50,33,5,0.0,1.0,Cerrado,0.9
1758d5d7-dc2e-3f51-9ec9-cf933d6942ca, -19.948130, -54.380520,2026-05-07 05:10:00,NPP-375D,BANDEIRANTES,MATO GROSSO DO SUL,Brasil,5001508,50,33,4,0.0,0.51,Cerrado,2.0
2b57eaa9-b41e-31ef-80da-e07ffd0b3ec8, -20.226580, -46.844940,2026-05-07 05:10:00,NPP-375D,DELFINÓPOLIS,MINAS GERAIS,Brasil,3121209,31,33,22,0.0,0.51,Cerrado,1.2
ec44ff24-cc9d-30d9-ad05-648466a0f2c4, -20.711350, -55.181440,2026-05-07 05:10:00,NPP-375D,SIDROLÂNDIA,MATO GROSSO DO SUL,Brasil,5007901,50,33,10,0.0,0.55,Cerrado,2.4
e113581b-cb36-3418-84ef-0e0c0d1e4c4d, -21.957760, -57.592690,2026-05-07 05:10:00,NPP-375D,PORTO MURTINHO,MATO GROSSO DO SUL,Brasil,5006903,50,33,3,1.02,0.8,Cerrado,2.1
8a6a2c96-ffbe-3dd4-9e47-22bcd41a9651, -21.705740, -48.421790,2026-05-07 05:10:00,NPP-375D,MATÃO,SÃO PAULO,Brasil,3529302,35,33,9,0.0,1.0,Cerrado,6.9
939d14f3-2206-3874-aee9-3618f4173918, -22.971830, -52.692950,2026-05-07 05:10:00,NPP-375D,GUAIRAÇÁ,PARANÁ,Brasil,4108908,41,33,4,0.0,0.31,Mata Atlântica,2.9
a6e746f5-5a82-3632-8bba-2edeeadf5eb3, -18.487070, -51.690630,2026-05-07 05:10:00,NPP-375D,SERRANÓPOLIS,GOIÁS,Brasil,5220504,52,33,9,0.0,0.38,Cerrado,0.7
26e4f808-9027-3ddc-9e05-8274cdd765e9, -16.603220, -58.238370,2026-05-07 05:10:00,NPP-375D,CÁCERES,MATO GROSSO,Brasil,5102504,51,33,9,0.0,0.86,Pantanal,1.9
3908e495-5fe8-39bd-bb1a-37fecf0dfbb9, -21.706440, -48.414510,2026-05-07 05:10:00,NPP-375D,MATÃO,SÃO PAULO,Brasil,3529302,35,33,9,0.0,0.72,Cerrado,7.1
c3993632-3d27-3281-a106-e6c35c8eff29, -18.785760, -51.936440,2026-05-07 05:10:00,NPP-375D,APORÉ,GOIÁS,Brasil,5201504,52,33,8,0.0,1.0,Cerrado,0.9
362180b3-6e41-3e38-bf86-225aba6b70cf, -21.902090, -50.730200,2026-05-07 05:10:00,NPP-375D,BASTOS,SÃO PAULO,Brasil,3505807,35,33,7,0.0,1.0,Mata Atlântica,1.4
91e85452-2070-36c2-92a6-3fa0f41ac77b, -18.780720, -51.943410,2026-05-07 05:10:00,NPP-375D,APORÉ,GOIÁS,Brasil,5201504,52,33,8,0.0,1.0,Cerrado,1.0
b7e5f87f-4314-35b4-910e-b2c6f9698229, -18.785280, -51.940200,2026-05-07 05:10:00,NPP-375D,APORÉ,GOIÁS,Brasil,5201504,52,33,8,0.0,1.0,Cerrado,1.7
13a1a869-7c97-3ba7-81c8-75dd02ad5774, -22.745470, -48.216110,2026-05-07 05:10:00,NPP-375D,ANHEMBI,SÃO PAULO,Brasil,3502309,35,33,6,0.0,1.0,Cerrado,0.4
6d566ac9-583d-3185-b32b-e6a862ea27cd, -22.745820, -48.212470,2026-05-07 05:10:00,NPP-375D,ANHEMBI,SÃO PAULO,Brasil,3502309,35,33,6,0.0,1.0,Cerrado,0.4
4eb93b36-748f-3cc8-b644-547cd5288581, -21.702170, -48.420510,2026-05-07 05:10:00,NPP-375D,MATÃO,SÃO PAULO,Brasil,3529302,35,33,9,0.0,1.0,Cerrado,5.8
40bedda4-37dc-31cc-b7de-20b6ea4c3681, -21.975030, -57.591980,2026-05-07 05:10:00,NPP-375D,PORTO MURTINHO,MATO GROSSO DO SUL,Brasil,5006903,50,33,3,1.0,0.07,Cerrado,2.0
ac818842-eb6d-3f5f-b3d3-254ec6d9f096, -22.008420, -48.426610,2026-05-07 05:10:00,NPP-375D,BOA ESPERANÇA DO SUL,SÃO PAULO,Brasil,3506706,35,33,7,0.0,1.0,Cerrado,1.0
9f3307cc-288d-37e1-bdab-3f63302c218f, -21.707890, -48.417360,2026-05-07 05:10:00,NPP-375D,MATÃO,SÃO PAULO,Brasil,3529302,35,33,9,0.0,0.89,Cerrado,6.4
1f844546-1cf2-34e4-ba1b-6e4396a83515, -18.437150, -54.707540,2026-05-07 05:10:00,NPP-375D,COXIM,MATO GROSSO DO SUL,Brasil,5003306,50,33,10,0.0,0.76,Cerrado,9.9
7ff0e072-9f31-3ae3-a045-e06caa2e492a, -20.711940, -55.177330,2026-05-07 05:10:00,NPP-375D,SIDROLÂNDIA,MATO GROSSO DO SUL,Brasil,5007901,50,33,10,0.0,0.56,Cerrado,2.4
b781e0ed-77da-3606-88cd-220b8164094a, -21.332240, -47.076810,2026-05-07 05:10:00,NPP-375D,MOCOCA,SÃO PAULO,Brasil,3530508,35,33,8,0.0,0.68,Cerrado,0.6
89608d5f-9296-353e-b962-a4d6cab99b0e, -20.793320, -51.659030,2026-05-07 05:10:00,NPP-375D,TRÊS LAGOAS,MATO GROSSO DO SUL,Brasil,5008305,50,33,7,0.0,-999.0,Mata Atlântica,0.8
bdaa5524-df3c-3180-884d-4fd5cc677127, -18.440650, -54.708080,2026-05-07 05:10:00,NPP-375D,COXIM,MATO GROSSO DO SUL,Brasil,5003306,50,33,10,0.0,0.86,Cerrado,9.9
6b381f66-a938-3b7e-8cf9-7935096f897c, -18.444760, -54.704520,2026-05-07 05:10:00,NPP-375D,COXIM,MATO GROSSO DO SUL,Brasil,5003306,50,33,10,0.0,1.0,Cerrado,3.4
3598faad-b0cc-3c62-be3b-6f13bbdf0117, -16.162050, -58.489890,2026-05-07 05:10:00,NPP-375D,CÁCERES,MATO GROSSO,Brasil,5102504,51,33,8,0.0,0.37,Pantanal,2.9
40edcadb-282e-3eba-9d44-1ccd523ae16b, -20.226950, -46.841140,2026-05-07 05:10:00,NPP-375D,DELFINÓPOLIS,MINAS GERAIS,Brasil,3121209,31,33,21,0.0,0.51,Cerrado,1.2
d34855ab-ead1-3c09-96cd-05108c9942ff, -16.599830, -58.237760,2026-05-07 05:10:00,NPP-375D,CÁCERES,MATO GROSSO,Brasil,5102504,51,33,9,0.0,0.59,Pantanal,1.8
62dcd4a4-9c10-3b89-9d3d-3d52e74fdbdb, -21.906410, -50.728590,2026-05-07 05:10:00,NPP-375D,BASTOS,SÃO PAULO,Brasil,3505807,35,33,7,0.0,1.0,Mata Atlântica,1.5
907ab444-44ae-3a02-b3be-997689152cf6, -21.978360, -57.592580,2026-05-07 05:10:00,NPP-375D,PORTO MURTINHO,MATO GROSSO DO SUL,Brasil,5006903,50,33,3,1.0,0.1,Cerrado,2.8
50e03eaa-129d-3075-82e6-e375fa51c8a4, -18.226650, -54.597930,2026-05-07 05:10:00,NPP-375D,PEDRO GOMES,MATO GROSSO DO SUL,Brasil,5006408,50,33,9,0.0,1.0,Cerrado,0.7
bb219c53-af38-3dbc-9463-e60553245a9d, -21.954420, -57.592100,2026-05-07 05:10:00,NPP-375D,PORTO MURTINHO,MATO GROSSO DO SUL,Brasil,5006903,50,33,3,1.02,0.8,Cerrado,3.3
d164eba0-1e77-3093-a078-e8b06d74f8fe, -21.981700, -57.593180,2026-05-07 05:10:00,NPP-375D,PORTO MURTINHO,MATO GROSSO DO SUL,Brasil,5006903,50,33,3,1.0,0.12,Cerrado,2.8
a75d14a7-cd87-3892-aede-25ddf745e07f, -18.781200, -51.939660,2026-05-07 05:10:00,NPP-375D,APORÉ,GOIÁS,Brasil,5201504,52,33,8,0.0,1.0,Cerrado,1.0
e1a28b9e-1cec-330c-964d-093435ad50e3, -21.707520, -48.420970,2026-05-07 05:10:00,NPP-375D,MATÃO,SÃO PAULO,Brasil,3529302,35,33,9,0.0,1.0,Cerrado,5.3
8cada2e1-8aac-3278-8dba-1bdbaf83b229, -18.434230, -54.702900,2026-05-07 05:10:00,NPP-375D,COXIM,MATO GROSSO DO SUL,Brasil,5003306,50,33,10,0.0,0.86,Cerrado,1.6
2ea99ef0-63cf-303e-8715-5c5e100a03ee, -16.602600, -58.242140,2026-05-07 05:10:00,NPP-375D,CÁCERES,MATO GROSSO,Brasil,5102504,51,33,9,0.0,0.67,Pantanal,3.2
d3232608-718a-3a16-be4a-7a52002cc14d, -18.488040, -51.682950,2026-05-07 05:10:00,NPP-375D,ITARUMÃ,GOIÁS,Brasil,5211305,52,33,9,0.0,0.83,Cerrado,1.0
01cae1cf-b7cf-31d7-97d6-e2c5e72571d6, -19.776650, -54.091770,2026-05-07 05:10:00,NPP-375D,BANDEIRANTES,MATO GROSSO DO SUL,Brasil,5001508,50,33,4,0.0,1.0,Cerrado,0.6
15fa2d8b-2307-3a2b-8619-757358a7da2e, -18.437740, -54.703460,2026-05-07 05:10:00,NPP-375D,COXIM,MATO GROSSO DO SUL,Brasil,5003306,50,33,10,0.0,0.89,Cerrado,7.7
54bf49e6-19bf-3c76-ba5b-86e817c0907c, -20.232470, -46.844530,2026-05-07 05:10:00,NPP-375D,DELFINÓPOLIS,MINAS GERAIS,Brasil,3121209,31,33,23,0.0,0.52,Cerrado,1.2
e4d43bf1-c646-3ac3-96cc-4b7cd99076c1, -18.483430, -51.686220,2026-05-07 05:10:00,NPP-375D,ITARUMÃ,GOIÁS,Brasil,5211305,52,33,9,0.0,0.58,Cerrado,1.1
982f92a5-a085-32fb-a94d-1bea6d0e687a, -18.441250, -54.703990,2026-05-07 05:10:00,NPP-375D,COXIM,MATO GROSSO DO SUL,Brasil,5003306,50,33,10,0.0,0.94,Cerrado,7.7
865d4333-fad4-385a-9cd0-8a666571e77a, -21.331990, -47.081590,2026-05-07 05:10:00,NPP-375D,MOCOCA,SÃO PAULO,Brasil,3530508,35,33,8,0.0,0.63,Cerrado,1.1
0fd7d826-dfe1-3b53-b570-6f5a0c454d1c, -16.169550, -58.487290,2026-05-07 05:10:00,NPP-375D,CÁCERES,MATO GROSSO,Brasil,5102504,51,33,8,0.0,0.41,Pantanal,1.7
86ab0079-80db-3530-8a8e-9d8effa4feaf, -21.955000, -57.588360,2026-05-07 05:10:00,NPP-375D,PORTO MURTINHO,MATO GROSSO DO SUL,Brasil,5006903,50,33,3,1.0,0.7,Cerrado,4.2
1f2742bb-672b-31cb-b798-9c0c7853d07d, -22.975950, -52.693510,2026-05-07 05:10:00,NPP-375D,GUAIRAÇÁ,PARANÁ,Brasil,4108908,41,33,4,0.0,0.5,Mata Atlântica,2.9
b22c67a2-52fe-3c10-a139-d683aebea626, -16.161410, -58.493720,2026-05-07 05:10:00,NPP-375D,CÁCERES,MATO GROSSO,Brasil,5102504,51,33,8,0.0,0.65,Pantanal,0.9
d3ffd40a-99a2-392d-9abb-7ed3a4da916d, -19.947520, -54.384900,2026-05-07 05:10:00,NPP-375D,BANDEIRANTES,MATO GROSSO DO SUL,Brasil,5001508,50,33,4,0.0,0.36,Cerrado,3.2
ee1185f3-ef35-3b04-9ad3-9596a8d250b4, -18.286410, -54.130680,2026-05-07 05:10:00,NPP-375D,ALCINÓPOLIS,MATO GROSSO DO SUL,Brasil,5000252,50,33,8,0.0,0.41,Cerrado,1.1
25b07a50-4871-3ad4-a356-2cbc87a72aae, -21.702550, -48.416840,2026-05-07 05:10:00,NPP-375D,MATÃO,SÃO PAULO,Brasil,3529302,35,33,9,0.0,0.86,Cerrado,7.2
11770038-8651-3ffd-b416-fcee1788b959, -21.905860, -50.733480,2026-05-07 05:10:00,NPP-375D,BASTOS,SÃO PAULO,Brasil,3505807,35,33,7,0.0,1.0,Mata Atlântica,1.5
03d56ee3-c9b4-3bff-93d7-ecbf04f7e793, -16.168910, -58.491120,2026-05-07 05:10:00,NPP-375D,CÁCERES,MATO GROSSO,Brasil,5102504,51,33,8,0.0,0.52,Pantanal,1.7
e6406b4e-c375-3d8c-92dc-ae481e928783, -16.164830, -58.494340,2026-05-07 05:10:00,NPP-375D,CÁCERES,MATO GROSSO,Brasil,5102504,51,33,8,0.0,0.52,Pantanal,2.6
6e3c8c99-0c2a-3174-aa87-8fb5f57542f1, -18.444160, -54.708610,2026-05-07 05:10:00,NPP-375D,COXIM,MATO GROSSO DO SUL,Brasil,5003306,50,33,10,0.0,0.97,Cerrado,3.7
071e2ef9-131c-37f9-a767-1d29988e77fc, -16.599210, -58.241540,2026-05-07 05:10:00,NPP-375D,CÁCERES,MATO GROSSO,Brasil,5102504,51,33,9,0.0,0.48,Pantanal,2.6
cc80ea87-6828-3f8e-a9a2-715cc68a1cf0,  -2.624640, -51.949550,2026-05-07 05:23:00,NOAA-20,SENADOR JOSÉ PORFÍRIO,PARÁ,Brasil,1507805,15,33,0,5.39,0.0,Amazônia,2.6
84bd05d9-57d5-37d4-b063-a1b6977dcd09, -11.734810, -54.805580,2026-05-07 05:25:00,NOAA-20,CLÁUDIA,MATO GROSSO,Brasil,5103056,51,33,9,0.0,0.07,Amazônia,0.7
d7993259-b623-32f1-af92-ceea68c0bbce, -11.605190, -48.055210,2026-05-07 05:25:00,NOAA-20,CHAPADA DA NATIVIDADE,TOCANTINS,Brasil,1705102,17,33,9,0.0,0.5,Cerrado,1.6
dd0f9cff-0a4f-3109-83e8-aab701ae651b,  -8.725940, -47.977080,2026-05-07 05:25:00,NOAA-20,SANTA MARIA DO TOCANTINS,TOCANTINS,Brasil,1718881,17,33,5,0.0,0.28,Cerrado,1.4
a9fc0359-3407-3f12-bfc2-9cfd4f726b45, -11.730900, -54.800300,2026-05-07 05:25:00,NOAA-20,CLÁUDIA,MATO GROSSO,Brasil,5103056,51,33,9,0.0,0.07,Amazônia,1.2
3329551a-826c-31d2-bb4a-32e9663425fc, -11.796630, -56.964320,2026-05-07 05:25:00,NOAA-20,PORTO DOS GAÚCHOS,MATO GROSSO,Brasil,5106802,51,33,7,0.0,0.1,Amazônia,1.2
77b13ea7-f91a-3da3-8ce3-3782d050f312, -11.740010, -54.801540,2026-05-07 05:25:00,NOAA-20,CLÁUDIA,MATO GROSSO,Brasil,5103056,51,33,9,0.0,0.1,Amazônia,0.7
2688d723-dbec-3c88-bf9f-01b9957ab990, -11.735450, -54.800950,2026-05-07 05:25:00,NOAA-20,CLÁUDIA,MATO GROSSO,Brasil,5103056,51,33,9,0.0,0.07,Amazônia,0.7
e92172ae-579a-3bf2-b7a2-29e0de47d7a7, -11.800570, -56.964920,2026-05-07 05:25:00,NOAA-20,PORTO DOS GAÚCHOS,MATO GROSSO,Brasil,5106802,51,33,7,0.0,0.1,Amazônia,1.2
9151bfba-a6ca-3e85-b594-9a2d7108c6b1, -11.725720, -54.804260,2026-05-07 05:25:00,NOAA-20,CLÁUDIA,MATO GROSSO,Brasil,5103056,51,33,9,0.0,0.07,Amazônia,1.2
4e4f744e-1d75-3a42-8765-c30d7d7d3b79, -10.241950, -52.231440,2026-05-07 05:25:00,NOAA-20,SANTA CRUZ DO XINGU,MATO GROSSO,Brasil,5107743,51,33,6,0.0,0.22,Amazônia,0.7
bbfaf4fe-4abc-3d5b-a524-908b2e90b376, -11.730260, -54.804930,2026-05-07 05:25:00,NOAA-20,CLÁUDIA,MATO GROSSO,Brasil,5103056,51,33,9,0.0,0.07,Amazônia,1.2
dda74287-e54e-37cf-87f3-3674d6385615,  -9.248790, -60.333000,2026-05-07 05:25:00,NOAA-20,COLNIZA,MATO GROSSO,Brasil,5103254,51,33,0,0.0,-999.0,Amazônia,1.2
7cbe3410-dc33-3ef6-b53f-1b7f48bd729e, -11.797350, -56.959180,2026-05-07 05:25:00,NOAA-20,PORTO DOS GAÚCHOS,MATO GROSSO,Brasil,5106802,51,33,7,0.0,0.1,Amazônia,1.2
ccfdc0e7-349d-3620-9428-a18e5a18c348, -11.726420, -54.805930,2026-05-07 05:25:00,NOAA-20,CLÁUDIA,MATO GROSSO,Brasil,5103056,51,33,9,0.0,0.07,Amazônia,0.7
817d8b10-29f4-3f3a-a4f8-c467c71676d4,  -8.725180, -47.983100,2026-05-07 05:25:00,NOAA-20,SANTA MARIA DO TOCANTINS,TOCANTINS,Brasil,1718881,17,33,5,0.0,0.28,Cerrado,1.4
1f45d019-2b89-317c-8559-abcb7f781aa5, -11.619170, -48.057290,2026-05-07 05:25:00,NOAA-20,CHAPADA DA NATIVIDADE,TOCANTINS,Brasil,1705102,17,33,9,0.0,0.53,Cerrado,1.5
6210c9ea-75df-3aee-935a-a6bcc987a30d, -11.477270, -52.918880,2026-05-07 05:25:00,NOAA-20,SÃO FÉLIX DO ARAGUAIA,MATO GROSSO,Brasil,5107859,51,33,7,0.0,0.07,Amazônia,1.1
f5b03273-d7c6-3ae1-a728-b093b199a47f, -11.727020, -54.801310,2026-05-07 05:25:00,NOAA-20,CLÁUDIA,MATO GROSSO,Brasil,5103056,51,33,9,0.0,0.07,Amazônia,0.8
59498f8c-611d-3cd9-bed6-66a4aa07f8e9, -11.739360, -54.806190,2026-05-07 05:25:00,NOAA-20,CLÁUDIA,MATO GROSSO,Brasil,5103056,51,33,9,0.0,0.18,Amazônia,0.7
5e7ea00c-df03-31af-82a3-8c38a20a9e5a,  -9.248240, -60.336530,2026-05-07 05:25:00,NOAA-20,COLNIZA,MATO GROSSO,Brasil,5103254,51,33,0,0.0,0.86,Amazônia,1.2
ab999258-a931-3b4b-96b5-f8c68918f0c1, -11.732170, -54.797340,2026-05-07 05:25:00,NOAA-20,CLÁUDIA,MATO GROSSO,Brasil,5103056,51,33,9,0.0,0.07,Amazônia,1.0
8166e008-e496-3726-b4ae-ec956b76329b, -10.236190, -52.234100,2026-05-07 05:25:00,NOAA-20,SANTA CRUZ DO XINGU,MATO GROSSO,Brasil,5107743,51,33,6,0.0,0.17,Amazônia,0.9
70cbdbc5-c92d-3d84-9ea2-71900d3ad47e, -12.342420, -50.014750,2026-05-07 05:25:00,NOAA-20,SANDOLÂNDIA,TOCANTINS,Brasil,1718840,17,33,8,0.0,0.46,Cerrado,2.9
1734be02-49d6-3506-85e9-2eff46796076, -11.730970, -54.806610,2026-05-07 05:25:00,NOAA-20,CLÁUDIA,MATO GROSSO,Brasil,5103056,51,33,9,0.0,0.07,Amazônia,1.0
bb8dc17e-dc94-3b76-98de-afc784e0c392, -11.736120, -54.802640,2026-05-07 05:25:00,NOAA-20,CLÁUDIA,MATO GROSSO,Brasil,5103056,51,33,9,0.0,0.08,Amazônia,1.0
3386c8e9-861f-3788-9bac-a58584051b02,  -8.810370, -49.946820,2026-05-07 05:25:00,NOAA-20,SANTA MARIA DAS BARREIRAS,PARÁ,Brasil,1506583,15,33,4,0.0,0.34,Amazônia,2.9
e40c5d88-f107-3ebd-b8c4-60f58c5b3fe2, -10.236640, -52.230750,2026-05-07 05:25:00,NOAA-20,SANTA CRUZ DO XINGU,MATO GROSSO,Brasil,5107743,51,33,6,0.0,0.13,Amazônia,0.9
68fa9efd-61da-3f51-a740-a4a84b1535d6, -10.636360, -48.009050,2026-05-07 05:25:00,NOAA-20,MONTE DO CARMO,TOCANTINS,Brasil,1713601,17,33,8,0.0,0.13,Cerrado,4.2
f42b4536-be98-3f8d-867c-be68d8285aa2, -10.637130, -48.007860,2026-05-07 05:25:00,NOAA-20,MONTE DO CARMO,TOCANTINS,Brasil,1713601,17,33,8,0.0,0.13,Cerrado,3.9
31a7be73-ecdf-3aa4-ba21-e0e2edaf6d20, -11.617650, -48.053470,2026-05-07 05:25:00,NOAA-20,CHAPADA DA NATIVIDADE,TOCANTINS,Brasil,1705102,17,33,9,0.0,0.52,Cerrado,1.3
d9a46dd1-e629-3736-b017-9e3f522c4fb4, -12.348100, -50.020610,2026-05-07 05:25:00,NOAA-20,SANDOLÂNDIA,TOCANTINS,Brasil,1718840,17,33,8,0.0,0.47,Cerrado,3.2
6fcb3fdb-a926-3745-87f6-1472b13587e0, -12.345960, -50.015480,2026-05-07 05:25:00,NOAA-20,SANDOLÂNDIA,TOCANTINS,Brasil,1718840,17,33,8,0.0,0.47,Cerrado,2.4
16ef2687-aca9-38c4-8633-973396ca41ba, -11.602930, -48.058070,2026-05-07 05:25:00,NOAA-20,CHAPADA DA NATIVIDADE,TOCANTINS,Brasil,1705102,17,33,9,0.0,0.44,Cerrado,1.3
f48de07d-e55c-348a-b631-c98590f8bf19, -11.735510, -54.807270,2026-05-07 05:25:00,NOAA-20,CLÁUDIA,MATO GROSSO,Brasil,5103056,51,33,9,0.0,0.08,Amazônia,1.0
9599da05-7fd6-35f4-9dec-f74868e27f5f, -11.612180, -48.056270,2026-05-07 05:25:00,NOAA-20,CHAPADA DA NATIVIDADE,TOCANTINS,Brasil,1705102,17,33,9,0.0,0.52,Cerrado,1.5
b73de6e7-318c-32df-b271-cc26cefa110e, -11.736720, -54.797990,2026-05-07 05:25:00,NOAA-20,CLÁUDIA,MATO GROSSO,Brasil,5103056,51,33,9,0.0,0.07,Amazônia,1.0
2516d1c8-f3ae-3fa8-978a-c392920b4e3b, -10.632610, -59.419000,2026-05-07 05:25:00,NOAA-20,ARIPUANÃ,MATO GROSSO,Brasil,5101407,51,33,0,0.0,0.35,Amazônia,0.6
28ee1f5e-a677-3b5c-849a-5fe2849a5f1b, -11.609910, -48.059180,2026-05-07 05:25:00,NOAA-20,CHAPADA DA NATIVIDADE,TOCANTINS,Brasil,1705102,17,33,8,0.0,0.52,Cerrado,1.3
a389b7b5-b60b-3b26-8e99-8f8385989175, -11.437860, -55.101930,2026-05-07 05:25:00,NOAA-20,CLÁUDIA,MATO GROSSO,Brasil,5103056,51,33,8,0.0,0.12,Amazônia,1.7
f7b254c5-6774-3dc5-b9d1-deac1509cd7f, -12.345390, -50.020520,2026-05-07 05:25:00,NOAA-20,SANDOLÂNDIA,TOCANTINS,Brasil,1718840,17,33,8,0.0,0.47,Cerrado,2.4
10368405-8a8e-3cf8-a29b-7429730a975d, -10.636040, -59.419540,2026-05-07 05:25:00,NOAA-20,ARIPUANÃ,MATO GROSSO,Brasil,5101407,51,33,0,0.0,0.34,Amazônia,0.6
6103694e-3c14-3681-9afe-951db83f962e, -11.731570, -54.801990,2026-05-07 05:25:00,NOAA-20,CLÁUDIA,MATO GROSSO,Brasil,5103056,51,33,9,0.0,0.07,Amazônia,1.0
0bf866f9-4c71-32de-8898-ba3ef6b02e22, -11.740680, -54.803230,2026-05-07 05:25:00,NOAA-20,CLÁUDIA,MATO GROSSO,Brasil,5103056,51,33,9,0.0,0.14,Amazônia,1.5
58e67d50-2159-3394-9ea5-e25738d226a9, -18.780570, -51.941310,2026-05-07 05:27:00,NOAA-20,APORÉ,GOIÁS,Brasil,5201504,52,33,8,0.0,1.0,Cerrado,1.7
076b75e3-1465-34b3-8abe-afbcd801d545, -12.502330, -58.471390,2026-05-07 05:27:00,NOAA-20,SAPEZAL,MATO GROSSO,Brasil,5107875,51,33,9,0.0,0.13,Cerrado,2.8
410a018f-4395-3bcb-bbff-2b6452bd9182, -18.443060, -54.707640,2026-05-07 05:27:00,NOAA-20,COXIM,MATO GROSSO DO SUL,Brasil,5003306,50,33,10,0.0,0.94,Cerrado,5.7
f6c348dd-5a64-3d1d-9021-eb220cb13a0e, -11.840800, -57.846310,2026-05-07 05:27:00,NOAA-20,JUARA,MATO GROSSO,Brasil,5105101,51,33,2,0.0,0.09,Amazônia,4.2
d77ccefd-398e-3f73-a868-057079ba9312, -13.213000, -47.883740,2026-05-07 05:27:00,NOAA-20,PARANÃ,TOCANTINS,Brasil,1716208,17,33,11,0.0,0.41,Cerrado,1.6
4ef92496-8151-3df4-bedb-eee9132ad6b9, -18.438360, -54.704070,2026-05-07 05:27:00,NOAA-20,COXIM,MATO GROSSO DO SUL,Brasil,5003306,50,33,10,0.0,0.89,Cerrado,3.8
ed732adb-5ea2-3cd6-8107-9ef1b1e9cfe3, -13.212330, -47.890320,2026-05-07 05:27:00,NOAA-20,PARANÃ,TOCANTINS,Brasil,1716208,17,33,11,0.0,0.31,Cerrado,1.6
ff54534e-888c-3ace-8bb0-d4be903444b6, -12.493740, -58.479030,2026-05-07 05:27:00,NOAA-20,SAPEZAL,MATO GROSSO,Brasil,5107875,51,33,9,0.0,0.13,Cerrado,2.7
821043a8-7ecb-361c-a9f1-d12edb160704, -12.498030, -58.475230,2026-05-07 05:27:00,NOAA-20,SAPEZAL,MATO GROSSO,Brasil,5107875,51,33,9,0.0,0.13,Cerrado,2.8
114c023d-6a54-3185-a6d6-93469b40637e, -11.837060, -57.845770,2026-05-07 05:27:00,NOAA-20,JUARA,MATO GROSSO,Brasil,5105101,51,33,2,0.0,0.09,Amazônia,1.5
9b28da91-a961-3be2-8f59-92d68cd425db, -16.602360, -58.241750,2026-05-07 05:27:00,NOAA-20,CÁCERES,MATO GROSSO,Brasil,5102504,51,33,9,0.0,0.67,Pantanal,2.8
e438f371-65d9-3167-adfb-c172ef147f11, -13.715650, -56.881130,2026-05-07 05:27:00,NOAA-20,SÃO JOSÉ DO RIO CLARO,MATO GROSSO,Brasil,5107305,51,33,7,0.0,0.83,Cerrado,0.6
d27bb972-7228-3618-9118-cf9c2a377c2f, -16.164470, -58.487050,2026-05-07 05:27:00,NOAA-20,CÁCERES,MATO GROSSO,Brasil,5102504,51,33,8,0.0,0.14,Pantanal,1.7
cffb249b-c0d9-3543-b44c-3fb07e45223f, -14.146490, -52.895080,2026-05-07 05:27:00,NOAA-20,ÁGUA BOA,MATO GROSSO,Brasil,5100201,51,33,17,0.0,0.84,Cerrado,2.3
db22c01e-815b-34b9-b8c2-c7ad49ffadbf, -12.505980, -58.471920,2026-05-07 05:27:00,NOAA-20,SAPEZAL,MATO GROSSO,Brasil,5107875,51,33,9,0.0,0.13,Cerrado,1.2
dd36a984-6de2-37bf-90d7-f93ae4bbeea6, -13.942130, -54.803470,2026-05-07 05:27:00,NOAA-20,PARANATINGA,MATO GROSSO,Brasil,5106307,51,33,8,0.0,0.21,Cerrado,2.7
4b977112-ae40-3029-a8b6-ce5987a98186, -12.764780, -58.991310,2026-05-07 05:27:00,NOAA-20,CAMPOS DE JÚLIO,MATO GROSSO,Brasil,5102686,51,33,7,0.3,0.28,Cerrado,0.4
cd32d4b7-0fb4-35cc-ace3-5c0bc1b183a9, -14.860380, -48.561630,2026-05-07 05:27:00,NOAA-20,NIQUELÂNDIA,GOIÁS,Brasil,5214606,52,33,24,0.0,0.51,Cerrado,0.9
12c24b88-39a9-3494-aa3a-55dd40d3d86e, -18.438010, -54.707160,2026-05-07 05:27:00,NOAA-20,COXIM,MATO GROSSO DO SUL,Brasil,5003306,50,33,10,0.0,0.79,Cerrado,5.0
ace70c28-335e-3a62-a424-9b087c3fe8c8, -12.776330, -59.003730,2026-05-07 05:27:00,NOAA-20,CAMPOS DE JÚLIO,MATO GROSSO,Brasil,5102686,51,33,7,0.3,0.32,Cerrado,1.5
7dab94d9-82c3-3fb4-be5d-b7685902c7cd, -12.498680, -58.470860,2026-05-07 05:27:00,NOAA-20,SAPEZAL,MATO GROSSO,Brasil,5107875,51,33,9,0.0,0.12,Cerrado,2.8
0afa32e1-74d4-350f-a3dc-1bc1ecbab429, -12.501680, -58.475760,2026-05-07 05:27:00,NOAA-20,SAPEZAL,MATO GROSSO,Brasil,5107875,51,33,9,0.0,0.13,Cerrado,2.8
3d17f6ff-5d73-354d-9817-36153657c761, -12.493100, -58.483380,2026-05-07 05:27:00,NOAA-20,SAPEZAL,MATO GROSSO,Brasil,5107875,51,33,9,0.0,0.13,Cerrado,2.7
78d11dff-d3eb-381b-a28e-7542dc368ae0, -13.210430, -47.883010,2026-05-07 05:27:00,NOAA-20,PARANÃ,TOCANTINS,Brasil,1716208,17,33,11,0.0,0.45,Cerrado,3.0
66044bea-84ba-369e-802c-7d9efaf4432d, -12.500390, -58.484490,2026-05-07 05:27:00,NOAA-20,SAPEZAL,MATO GROSSO,Brasil,5107875,51,33,9,0.0,0.13,Cerrado,2.4
b7174a30-e470-3a9d-94c4-0cf003684e1f, -16.159980, -58.491340,2026-05-07 05:27:00,NOAA-20,CÁCERES,MATO GROSSO,Brasil,5102504,51,33,8,0.0,0.62,Pantanal,0.7
0f56cefd-9869-3b2b-82b2-7956f53eef06, -12.497390, -58.479600,2026-05-07 05:27:00,NOAA-20,SAPEZAL,MATO GROSSO,Brasil,5107875,51,33,9,0.0,0.13,Cerrado,2.4
ad851a6a-c88e-36ae-9896-2e404a5885ea, -12.501040, -58.480130,2026-05-07 05:27:00,NOAA-20,SAPEZAL,MATO GROSSO,Brasil,5107875,51,33,9,0.0,0.13,Cerrado,2.4
496265d2-c9c1-3e40-a0e8-ac96ce4fd2d4, -12.779290, -59.008390,2026-05-07 05:27:00,NOAA-20,CAMPOS DE JÚLIO,MATO GROSSO,Brasil,5102686,51,33,7,0.3,0.51,Cerrado,0.7
34412ca5-f6fd-3843-ac2a-ce3e4527e66c, -18.437660, -54.710250,2026-05-07 05:27:00,NOAA-20,COXIM,MATO GROSSO DO SUL,Brasil,5003306,50,33,10,0.0,0.71,Cerrado,5.0
f920ce55-4123-3013-9896-b46fb620c69c, -12.764160, -58.995450,2026-05-07 05:27:00,NOAA-20,CAMPOS DE JÚLIO,MATO GROSSO,Brasil,5102686,51,33,7,0.3,0.29,Cerrado,0.4
baa2ca67-aff7-3ede-84eb-a7b70314c7a5, -13.937440, -54.802750,2026-05-07 05:27:00,NOAA-20,PARANATINGA,MATO GROSSO,Brasil,5106307,51,33,8,0.0,0.21,Cerrado,1.6
73d3e338-f2ac-32a5-a654-7c11347868ac, -12.494380, -58.474680,2026-05-07 05:27:00,NOAA-20,SAPEZAL,MATO GROSSO,Brasil,5107875,51,33,9,0.0,0.12,Cerrado,3.5
38bfebe7-7f75-3447-b6b2-df50d9b9712d, -18.331290, -54.524580,2026-05-07 05:27:00,NOAA-20,COXIM,MATO GROSSO DO SUL,Brasil,5003306,50,33,9,0.0,1.0,Cerrado,1.2
c68c8b0f-8297-39e7-8330-4afc5f5cce54, -18.438710, -54.700960,2026-05-07 05:27:00,NOAA-20,COXIM,MATO GROSSO DO SUL,Brasil,5003306,50,33,10,0.0,0.97,Cerrado,3.8
6ea36897-24fc-3430-b885-b3fdffce5999, -12.505330, -58.476300,2026-05-07 05:27:00,NOAA-20,SAPEZAL,MATO GROSSO,Brasil,5107875,51,33,9,0.0,0.13,Cerrado,1.2
5567349d-1ad4-3b1e-9923-ba97d041562d, -12.495030, -58.470310,2026-05-07 05:27:00,NOAA-20,SAPEZAL,MATO GROSSO,Brasil,5107875,51,33,9,0.0,0.12,Cerrado,3.5
f77fec9d-d39a-329a-a12e-ab03e4e5dc63, -16.603050, -58.236730,2026-05-07 05:27:00,NOAA-20,CÁCERES,MATO GROSSO,Brasil,5102504,51,33,9,0.0,0.84,Pantanal,1.4
6540ce68-448f-3b4c-be79-72bf3e77cf64, -11.841430, -57.848010,2026-05-07 05:27:00,NOAA-20,JUARA,MATO GROSSO,Brasil,5105101,51,33,2,0.0,0.09,Amazônia,2.0
28e56247-d818-3ffe-b644-3c49f236c42b, -12.496750, -58.483940,2026-05-07 05:27:00,NOAA-20,SAPEZAL,MATO GROSSO,Brasil,5107875,51,33,9,0.0,0.13,Cerrado,2.4
9d637ee4-6497-32e1-bcb5-9255a4eb457c, -14.861020, -48.555180,2026-05-07 05:27:00,NOAA-20,NIQUELÂNDIA,GOIÁS,Brasil,5214606,52,33,25,0.0,0.52,Cerrado,0.9
eaa753aa-9df8-3a23-9ed5-0ff7086f5d68, -16.168290, -58.487630,2026-05-07 05:27:00,NOAA-20,CÁCERES,MATO GROSSO,Brasil,5102504,51,33,8,0.0,0.33,Pantanal,1.7
ee9b4de1-610d-3f3d-99fd-022749e6c4fa, -18.433330, -54.703460,2026-05-07 05:27:00,NOAA-20,COXIM,MATO GROSSO DO SUL,Brasil,5003306,50,33,10,0.0,0.81,Cerrado,3.8
216db8f7-37f4-3faa-bede-6a050384ffeb, -12.775730, -59.007850,2026-05-07 05:27:00,NOAA-20,CAMPOS DE JÚLIO,MATO GROSSO,Brasil,5102686,51,33,7,0.3,0.21,Cerrado,1.5
e71e1ee2-25bf-30fa-b5e4-7201e4afd991, -13.209740, -47.889380,2026-05-07 05:27:00,NOAA-20,PARANÃ,TOCANTINS,Brasil,1716208,17,33,11,0.0,0.37,Cerrado,2.3
9ab0c4c8-2dce-3234-8b8d-76550d96f074, -13.153980, -56.806350,2026-05-07 05:27:00,NOAA-20,SÃO JOSÉ DO RIO CLARO,MATO GROSSO,Brasil,5107305,51,33,9,0.0,0.06,Amazônia,0.9
ab01738d-25b3-3da7-a241-303cd5b4cace, -19.947980, -54.381230,2026-05-07 05:27:00,NOAA-20,BANDEIRANTES,MATO GROSSO DO SUL,Brasil,5001508,50,33,4,0.0,0.48,Cerrado,2.2
cbfd1e91-d50c-3b60-b4da-502eef841191, -19.947620, -54.384640,2026-05-07 05:27:00,NOAA-20,BANDEIRANTES,MATO GROSSO DO SUL,Brasil,5001508,50,33,4,0.0,0.37,Cerrado,1.7
cae824cb-e577-35f2-8bf3-59ecaa1d99c9, -16.163790, -58.491900,2026-05-07 05:27:00,NOAA-20,CÁCERES,MATO GROSSO,Brasil,5102504,51,33,8,0.0,0.37,Pantanal,3.1
72e43030-3157-32c2-83a9-58f832eef03a, -16.598470, -58.241180,2026-05-07 05:27:00,NOAA-20,CÁCERES,MATO GROSSO,Brasil,5102504,51,33,9,0.0,0.44,Pantanal,2.8
067dd221-7f53-3f3d-aa8e-85162fb75209, -16.167610, -58.492470,2026-05-07 05:27:00,NOAA-20,CÁCERES,MATO GROSSO,Brasil,5102504,51,33,8,0.0,0.51,Pantanal,3.1
17247147-c8e2-3307-8594-430e929812c3, -12.772160, -59.007300,2026-05-07 05:27:00,NOAA-20,CAMPOS DE JÚLIO,MATO GROSSO,Brasil,5102686,51,33,7,0.3,0.2,Cerrado,1.5
6116d2d5-f318-3be0-a531-ad09ea218c05, -18.443410, -54.704540,2026-05-07 05:27:00,NOAA-20,COXIM,MATO GROSSO DO SUL,Brasil,5003306,50,33,10,0.0,0.97,Cerrado,5.0
20aa0cfc-b542-3a69-92d7-ea43b69f81ed, -13.181470, -52.695510,2026-05-07 05:27:00,NOAA-20,CANARANA,MATO GROSSO,Brasil,5102702,51,33,8,0.0,0.22,Amazônia,0.8
05b3a05a-db8d-341e-9564-e0cbd41197b2, -13.186840, -52.696170,2026-05-07 05:27:00,NOAA-20,CANARANA,MATO GROSSO,Brasil,5102702,51,33,8,0.0,0.22,Amazônia,0.8
628a6f4c-a9a5-3b03-b479-022d101ce654, -12.766230, -58.997900,2026-05-07 05:27:00,NOAA-20,CAMPOS DE JÚLIO,MATO GROSSO,Brasil,5102686,51,33,7,0.3,0.29,Cerrado,0.5
69001ced-4fad-3c60-8990-7c8f87134280, -16.599150, -58.236170,2026-05-07 05:27:00,NOAA-20,CÁCERES,MATO GROSSO,Brasil,5102504,51,33,9,0.0,0.53,Pantanal,1.4
f5244375-471e-398e-84fe-a5ed78c22753, -12.766830, -58.993740,2026-05-07 05:27:00,NOAA-20,CAMPOS DE JÚLIO,MATO GROSSO,Brasil,5102686,51,33,7,0.3,0.28,Cerrado,1.0
1ff9b59f-8fc8-33fb-a319-63c0b3edde62, -21.952650, -57.589550,2026-05-07 05:29:00,NOAA-20,PORTO MURTINHO,MATO GROSSO DO SUL,Brasil,5006903,50,33,3,1.0,0.79,Cerrado,3.3
a5033250-b028-3f17-ba22-cc03314e2079, -21.978710, -57.593880,2026-05-07 05:29:00,NOAA-20,PORTO MURTINHO,MATO GROSSO DO SUL,Brasil,5006903,50,33,3,1.0,0.09,Cerrado,1.9
b44a383b-51fe-34f0-bc9d-71958e41e6ec, -21.974370, -57.593150,2026-05-07 05:29:00,NOAA-20,PORTO MURTINHO,MATO GROSSO DO SUL,Brasil,5006903,50,33,3,1.0,0.12,Cerrado,1.9
5a8053eb-bfa3-3c61-8f9a-7e75b86755e0, -22.968350, -52.695320,2026-05-07 05:29:00,NOAA-20,GUAIRAÇÁ,PARANÁ,Brasil,4108908,41,33,4,0.0,0.28,Mata Atlântica,0.8
0ba84f08-a4a5-3ee4-b74e-2281bc4bcc7f, -22.974390, -52.695810,2026-05-07 05:29:00,NOAA-20,GUAIRAÇÁ,PARANÁ,Brasil,4108908,41,33,4,0.0,0.62,Mata Atlântica,2.8
e5192c4c-6eee-35f4-a912-331aa8385e6b, -20.713980, -55.181330,2026-05-07 05:29:00,NOAA-20,SIDROLÂNDIA,MATO GROSSO DO SUL,Brasil,5007901,50,33,10,0.0,0.36,Cerrado,2.8
429720a1-61ac-3fc4-a1b0-2aa548a80e37, -21.957010, -57.590170,2026-05-07 05:29:00,NOAA-20,PORTO MURTINHO,MATO GROSSO DO SUL,Brasil,5006903,50,33,3,1.0,0.81,Cerrado,3.0
a90b98db-f561-3f04-9f6e-cf3d5efd94da, -11.729490, -54.801200,2026-05-07 06:59:00,AQUA_M-M,CLÁUDIA,MATO GROSSO,Brasil,5103056,51,33,9,0.0,0.07,Amazônia,6.1
2af63e22-d928-3ed3-9503-9e84324eb688, -16.165090, -58.490150,2026-05-07 07:01:00,AQUA_M-M,CÁCERES,MATO GROSSO,Brasil,5102504,51,33,8,0.0,0.14,Pantanal,7.9
1d799d7c-22b6-3109-bd72-2231bb938d8f, -18.443680, -54.704170,2026-05-07 07:01:00,AQUA_M-M,COXIM,MATO GROSSO DO SUL,Brasil,5003306,50,33,10,0.0,0.98,Cerrado,11.4
cfd022e7-d807-3142-b486-027bda8dfe06, -18.433830, -54.702850,2026-05-07 07:01:00,AQUA_M-M,COXIM,MATO GROSSO DO SUL,Brasil,5003306,50,33,10,0.0,0.85,Cerrado,20.0
d875f9d1-3baa-3f90-95ac-6a8b49e2c3a8, -12.493060, -58.475250,2026-05-07 07:01:00,AQUA_M-M,SAPEZAL,MATO GROSSO,Brasil,5107875,51,33,9,0.0,0.13,Cerrado,10.3
0be9b239-a820-3735-bbbd-60c93d191654, -12.158600, -46.654600,2026-05-07 11:50:00,GOES-19,PONTE ALTA DO BOM JESUS,TOCANTINS,Brasil,1717800,17,33,10,0.0,0.52,Cerrado,98.7
67d1a67d-326c-3590-82f0-a8861c51a1af, -12.158200, -46.677200,2026-05-07 11:50:00,GOES-19,PONTE ALTA DO BOM JESUS,TOCANTINS,Brasil,1717800,17,33,10,0.0,0.54,Cerrado,85.3
d5443efa-fe18-3bd5-9c92-cbe0c300d1d9, -12.158200, -46.677200,2026-05-07 12:00:00,GOES-19,PONTE ALTA DO BOM JESUS,TOCANTINS,Brasil,1717800,17,33,10,0.0,0.54,Cerrado,81.3
9437713a-9140-33d3-aa70-bbca0f8014be,  -8.784100, -44.831500,2026-05-07 12:00:00,GOES-19,CURRAIS,PIAUÍ,Brasil,2203230,22,33,13,0.0,0.77,Cerrado,90.5
2de44cd4-72f5-3461-ae35-0d8fa94cc1e5, -12.158600, -46.654600,2026-05-07 12:00:00,GOES-19,PONTE ALTA DO BOM JESUS,TOCANTINS,Brasil,1717800,17,33,10,0.0,0.52,Cerrado,99.0
7f07669a-2af6-3a08-9726-6f1290e62e36, -12.921380, -49.480820,2026-05-07 12:00:00,TERRA_M-T,ARAGUAÇU,TOCANTINS,Brasil,1702000,17,33,12,0.0,0.54,Cerrado,4.9
87a14148-c07f-3cdd-8c73-d7c2dd7cfc0c,  -8.688300, -49.092570,2026-05-07 12:00:00,TERRA_M-T,GOIANORTE,TOCANTINS,Brasil,1708304,17,33,7,0.0,0.34,Cerrado,26.4
0136bd42-4dbf-3651-959f-b929fb18ed28, -11.063600, -49.504200,2026-05-07 12:00:00,TERRA_M-T,SANTA RITA DO TOCANTINS,TOCANTINS,Brasil,1718899,17,33,8,0.0,0.32,Cerrado,13.0
acc41f5e-c930-3394-9a77-c2cb4d85fd37, -12.344720, -50.012810,2026-05-07 12:00:00,TERRA_M-T,SANDOLÂNDIA,TOCANTINS,Brasil,1718840,17,33,8,0.0,0.46,Cerrado,6.0
421a5e32-783f-367d-b73c-e8bd5486ec59, -12.156610, -46.671140,2026-05-07 12:00:00,TERRA_M-T,PONTE ALTA DO BOM JESUS,TOCANTINS,Brasil,1717800,17,33,10,0.0,0.53,Cerrado,128.4
77a90c1e-9faf-3cc9-a842-4fa749128cb0, -10.576920, -47.043670,2026-05-07 12:00:00,TERRA_M-T,PONTE ALTA DO TOCANTINS,TOCANTINS,Brasil,1717909,17,33,9,0.0,0.49,Cerrado,18.2
f7a705b2-8a86-3062-a107-fe440a864133,  -8.778310, -44.838920,2026-05-07 12:00:00,TERRA_M-T,CURRAIS,PIAUÍ,Brasil,2203230,22,33,13,0.0,0.77,Cerrado,8.3
abad7490-2e4a-3e6e-a6e9-5605d872280c, -11.544810, -42.189600,2026-05-07 12:00:00,TERRA_M-T,IBIPEBA,BAHIA,Brasil,2912400,29,33,18,0.0,1.0,Caatinga,71.0
1c86f549-a37b-3493-89da-8b210bc3cc01, -12.157970, -46.661260,2026-05-07 12:00:00,TERRA_M-T,PONTE ALTA DO BOM JESUS,TOCANTINS,Brasil,1717800,17,33,10,0.0,0.53,Cerrado,128.8
efa019fa-fe08-31ad-96d2-320b97f29ae0,  -8.788150, -44.840160,2026-05-07 12:00:00,TERRA_M-T,CURRAIS,PIAUÍ,Brasil,2203230,22,33,13,0.0,0.76,Cerrado,63.3
c1a9556a-0b69-3492-ae57-1e484883da28, -11.776590, -47.090660,2026-05-07 12:00:00,TERRA_M-T,DIANÓPOLIS,TOCANTINS,Brasil,1707009,17,33,10,0.0,0.37,Cerrado,18.9
5706acd1-d501-3d7c-96fa-f3521ccfc56f, -12.148720, -46.660020,2026-05-07 12:00:00,TERRA_M-T,PONTE ALTA DO BOM JESUS,TOCANTINS,Brasil,1717800,17,33,9,0.0,0.53,Cerrado,22.0
1e4365b6-726a-3d58-8d44-bcf98b505680, -10.567120, -47.045360,2026-05-07 12:00:00,TERRA_M-T,PONTE ALTA DO TOCANTINS,TOCANTINS,Brasil,1717909,17,33,9,0.0,0.49,Cerrado,25.3
7abbc0e0-f03f-35aa-81f4-1fbc57bfd1fa,  -6.120410, -44.699490,2026-05-07 12:00:00,TERRA_M-T,MIRADOR,MARANHÃO,Brasil,2106706,21,33,3,0.0,0.29,Cerrado,16.9
3d0cf0a2-6c00-390d-973f-6555eeb5a89c,  -8.779770, -44.827940,2026-05-07 12:00:00,TERRA_M-T,CURRAIS,PIAUÍ,Brasil,2203230,22,33,13,0.0,0.78,Cerrado,10.7
7ee9e3f9-4407-371b-99fd-ee7f14537ba2, -13.960120, -47.546700,2026-05-07 12:00:00,TERRA_M-T,CAVALCANTE,GOIÁS,Brasil,5205307,52,33,11,0.0,0.66,Cerrado,7.5
0dcf1706-30b4-3d9d-b3fa-d8cbfb9807aa,  -9.468480, -46.137810,2026-05-07 12:00:00,TERRA_M-T,ALTO PARNAÍBA,MARANHÃO,Brasil,2100501,21,33,16,0.0,0.74,Cerrado,36.3
5badd357-9846-34db-9078-adf8513c6a62,  -8.679280, -49.091280,2026-05-07 12:00:00,TERRA_M-T,GOIANORTE,TOCANTINS,Brasil,1708304,17,33,6,0.0,0.26,Cerrado,18.0
a00d3937-d11d-3e8e-90c1-db09e2b0b5d9,  -6.905950, -42.836840,2026-05-07 12:00:00,TERRA_M-T,FLORIANO,PIAUÍ,Brasil,2203909,22,33,5,0.0,0.57,Caatinga,32.7
719f7534-92bb-3002-8908-d697d3bbf73c, -14.138570, -45.351160,2026-05-07 12:00:00,TERRA_M-T,JABORANDI,BAHIA,Brasil,2917359,29,33,26,0.0,0.82,Cerrado,46.7
dd10914b-4dfb-392e-8267-1d60f7ae4244, -11.547130, -42.170670,2026-05-07 12:00:00,TERRA_M-T,IBIPEBA,BAHIA,Brasil,2912400,29,33,18,0.0,0.84,Caatinga,41.4
a236b162-a489-35fe-a7a3-5625615cf721, -12.147370, -46.669890,2026-05-07 12:00:00,TERRA_M-T,PONTE ALTA DO BOM JESUS,TOCANTINS,Brasil,1717800,17,33,9,0.0,0.53,Cerrado,22.1
cf3d503d-ea87-3c52-b677-40dda395bc5b, -11.775300, -47.100070,2026-05-07 12:00:00,TERRA_M-T,DIANÓPOLIS,TOCANTINS,Brasil,1707009,17,33,10,0.0,0.37,Cerrado,5.5
18f9d419-b629-3310-bd2e-3433772552a6, -13.602870, -47.868660,2026-05-07 12:00:00,TERRA_M-T,CAVALCANTE,GOIÁS,Brasil,5205307,52,33,9,0.0,0.45,Cerrado,24.4
c92f5e42-bdea-3c15-b500-2cde75e3c89d, -12.382230, -47.173370,2026-05-07 12:00:00,TERRA_M-T,CONCEIÇÃO DO TOCANTINS,TOCANTINS,Brasil,1705607,17,33,16,0.0,0.9,Cerrado,4.5
79707b1a-7a7e-3a5e-bdaf-24d256a3c77a, -10.578200, -47.034380,2026-05-07 12:00:00,TERRA_M-T,PONTE ALTA DO TOCANTINS,TOCANTINS,Brasil,1717909,17,33,9,0.0,0.49,Cerrado,5.2
c2303dbc-3f7b-3eb6-818d-453cf891e21f, -12.791290, -44.822140,2026-05-07 12:00:00,TERRA_M-T,SÃO DESIDÉRIO,BAHIA,Brasil,2928901,29,33,18,0.0,0.79,Cerrado,10.1
011f1d39-9ecb-3dec-97cd-e350ea6ef91b,  -6.904030, -42.850940,2026-05-07 12:00:00,TERRA_M-T,FLORIANO,PIAUÍ,Brasil,2203909,22,33,5,0.0,0.57,Caatinga,15.4
96099181-6a4f-3332-b670-a076079496b3, -14.148810, -45.352510,2026-05-07 12:00:00,TERRA_M-T,JABORANDI,BAHIA,Brasil,2917359,29,33,26,0.0,0.81,Cerrado,9.4
2b03c391-2e26-3824-8fa4-88b1c11fe68c, -14.150380, -45.340140,2026-05-07 12:00:00,TERRA_M-T,JABORANDI,BAHIA,Brasil,2917359,29,33,27,0.0,0.82,Cerrado,10.9
c789905e-c8c7-3c8f-b74f-e9d860c44f04, -10.568420, -47.036090,2026-05-07 12:00:00,TERRA_M-T,PONTE ALTA DO TOCANTINS,TOCANTINS,Brasil,1717909,17,33,9,0.0,0.49,Cerrado,33.1
d901aaa3-128b-3116-aec3-ae8793e13acc,  -8.632580, -49.538010,2026-05-07 12:00:00,TERRA_M-T,CONCEIÇÃO DO ARAGUAIA,PARÁ,Brasil,1502707,15,33,4,0.0,0.62,Amazônia,7.1
533386f6-8ff2-37e7-8d8d-866c31ac1182,  -8.170970, -43.167190,2026-05-07 12:00:00,TERRA_M-T,CANTO DO BURITI,PIAUÍ,Brasil,2202307,22,33,4,0.0,0.8,Caatinga,8.6
dac3ff89-3027-3096-9b75-54e364f1bf6a,  -9.554270, -48.658700,2026-05-07 12:00:00,TERRA_M-T,MIRANORTE,TOCANTINS,Brasil,1713304,17,33,9,0.0,0.35,Cerrado,4.1
07a9942d-ef10-3f3c-8579-690b369d6184,  -8.680630, -49.082010,2026-05-07 12:00:00,TERRA_M-T,GOIANORTE,TOCANTINS,Brasil,1708304,17,33,6,0.0,0.38,Cerrado,5.5
f2310bb0-9bb7-31bd-8390-3aa33b309d44,  -8.530420, -44.325260,2026-05-07 12:00:00,TERRA_M-T,PALMEIRA DO PIAUÍ,PIAUÍ,Brasil,2207405,22,33,13,0.0,0.86,Cerrado,11.5
33009e83-e64e-3fc0-bb66-48a39dfea0a8,  -8.631180, -49.547620,2026-05-07 12:00:00,TERRA_M-T,CONCEIÇÃO DO ARAGUAIA,PARÁ,Brasil,1502707,15,33,4,0.0,0.71,Amazônia,8.0
5b0967f6-5d62-36fe-a797-dd5503dc9f21,  -6.118990, -44.709930,2026-05-07 12:00:00,TERRA_M-T,MIRADOR,MARANHÃO,Brasil,2106706,21,33,3,0.0,0.29,Cerrado,9.8
3cd033b3-5309-3955-9c1f-8fcfa8080343,  -9.459250, -46.136620,2026-05-07 12:00:00,TERRA_M-T,ALTO PARNAÍBA,MARANHÃO,Brasil,2100501,21,33,16,0.0,0.81,Cerrado,13.0
a2361e19-d878-368f-b670-6d7cdb0aae51,  -6.906750, -42.843070,2026-05-07 12:00:00,TERRA_M-T,FLORIANO,PIAUÍ,Brasil,2203909,22,33,5,0.0,0.57,Caatinga,41.4
119ab1ec-d9fb-3a6e-afdb-be6d335fa756, -14.140140, -45.338810,2026-05-07 12:00:00,TERRA_M-T,JABORANDI,BAHIA,Brasil,2917359,29,33,27,0.0,0.82,Cerrado,30.7
28b0d909-4642-363f-8b07-7e670d9d95af,  -8.789620, -44.829220,2026-05-07 12:00:00,TERRA_M-T,CURRAIS,PIAUÍ,Brasil,2203230,22,33,13,0.0,0.77,Cerrado,48.4
bf140bf2-1e12-3852-8380-14b943cd0c67, -13.604150, -47.859390,2026-05-07 12:00:00,TERRA_M-T,CAVALCANTE,GOIÁS,Brasil,5205307,52,33,9,0.0,0.45,Cerrado,16.3
462def40-ce25-373b-a665-b3d2fbb953f2, -18.783060, -51.936360,2026-05-07 12:02:00,TERRA_M-T,APORÉ,GOIÁS,Brasil,5201504,52,33,8,0.0,1.0,Cerrado,6.1
2e8c1cbc-bae9-3b6b-9ad8-c3ea9a676e3a, -18.784600, -51.926230,2026-05-07 12:02:00,TERRA_M-T,APORÉ,GOIÁS,Brasil,5201504,52,33,8,0.0,1.0,Cerrado,15.8
5b163bb4-9741-37ec-9290-b31bc2609604, -14.687640, -46.159340,2026-05-07 12:02:00,TERRA_M-T,SÍTIO D'ABADIA,GOIÁS,Brasil,5220702,52,33,13,0.0,0.83,Cerrado,10.1
e778cf7d-0fe6-3287-bf74-751cc1c4f374, -20.490810, -50.430270,2026-05-07 12:02:00,TERRA_M-T,SÃO JOÃO DE IRACEMA,SÃO PAULO,Brasil,3549250,35,33,7,0.0,1.0,Mata Atlântica,3.9
dc9843f8-134d-3546-8c4f-d12652d891f7, -17.593830, -44.596900,2026-05-07 12:02:00,TERRA_M-T,VÁRZEA DA PALMA,MINAS GERAIS,Brasil,3170800,31,33,16,0.0,0.24,Cerrado,11.5
b2bcf5d6-beda-3ee0-9f9b-38283b9e4446, -20.489460, -50.439660,2026-05-07 12:02:00,TERRA_M-T,SÃO JOÃO DE IRACEMA,SÃO PAULO,Brasil,3549250,35,33,7,0.0,1.0,Mata Atlântica,10.1
2bd2dba8-93fe-3bda-ae0e-65746fcb20ca, -26.704600, -50.903520,2026-05-07 12:04:00,TERRA_M-T,CAÇADOR,SANTA CATARINA,Brasil,4203006,42,33,3,0.0,0.02,Mata Atlântica,5.8
7edbc7e9-5e1d-3b5b-914c-a344c9ce5183, -22.919550, -48.678090,2026-05-07 12:04:00,TERRA_M-T,BOTUCATU,SÃO PAULO,Brasil,3507506,35,33,4,0.0,0.62,Cerrado,33.0
d5e1ff82-6c2c-3f88-9ea0-39ce3d7b08db, -22.984990, -51.541580,2026-05-07 12:04:00,TERRA_M-T,JAGUAPITÃ,PARANÁ,Brasil,4111902,41,33,4,0.0,0.44,Mata Atlântica,5.1
4c5208c8-8c05-3696-a59a-76cf3f6ac447, -22.918170, -48.688790,2026-05-07 12:04:00,TERRA_M-T,BOTUCATU,SÃO PAULO,Brasil,3507506,35,33,4,0.0,0.18,Cerrado,19.1
4dc87682-e038-3e6c-a402-acc6804bd55f, -12.158600, -46.654600,2026-05-07 12:10:00,GOES-19,PONTE ALTA DO BOM JESUS,TOCANTINS,Brasil,1717800,17,33,10,0.0,0.52,Cerrado,109.2
20d96a89-6081-3075-a6a6-38834d847d1d, -12.139400, -46.657300,2026-05-07 12:10:00,GOES-19,PONTE ALTA DO BOM JESUS,TOCANTINS,Brasil,1717800,17,33,9,0.0,0.53,Cerrado,80.3
94fd2693-9a8a-3a2c-9dec-7a780a40407c, -12.158200, -46.677200,2026-05-07 12:10:00,GOES-19,PONTE ALTA DO BOM JESUS,TOCANTINS,Brasil,1717800,17,33,10,0.0,0.54,Cerrado,81.4
dfb59f4f-405a-3b7f-844f-ef5a60680783,  -8.784100, -44.831500,2026-05-07 12:10:00,GOES-19,CURRAIS,PIAUÍ,Brasil,2203230,22,33,13,0.0,0.77,Cerrado,99.0
e147ae19-c3b8-3f8d-81dd-a070103de388, -12.158600, -46.654600,2026-05-07 12:20:00,GOES-19,PONTE ALTA DO BOM JESUS,TOCANTINS,Brasil,1717800,17,33,10,0.0,0.52,Cerrado,149.2
01656a87-32ae-33f2-bc7a-7056fb958552,  -8.784100, -44.831500,2026-05-07 12:20:00,GOES-19,CURRAIS,PIAUÍ,Brasil,2203230,22,33,13,0.0,0.77,Cerrado,80.6
a513ebce-aec2-348e-8acb-76d5bdf63f86, -12.158200, -46.677200,2026-05-07 12:20:00,GOES-19,PONTE ALTA DO BOM JESUS,TOCANTINS,Brasil,1717800,17,33,10,0.0,0.54,Cerrado,96.4
c6f8e457-72c8-3d2e-af48-1de455431d29,  -8.784100, -44.831500,2026-05-07 12:30:00,GOES-19,CURRAIS,PIAUÍ,Brasil,2203230,22,33,13,0.0,0.77,Cerrado,84.2
45180cb3-5097-3a0d-ae12-f427920802d3, -12.158600, -46.654600,2026-05-07 12:30:00,GOES-19,PONTE ALTA DO BOM JESUS,TOCANTINS,Brasil,1717800,17,33,10,0.0,0.52,Cerrado,118.5
79921c95-db9b-36f4-81c3-05dadf24a64e, -12.158200, -46.677200,2026-05-07 12:30:00,GOES-19,PONTE ALTA DO BOM JESUS,TOCANTINS,Brasil,1717800,17,33,10,0.0,0.54,Cerrado,80.5
7a338a01-5746-3699-bb0b-81d30f058ee5, -12.158600, -46.654600,2026-05-07 12:40:00,GOES-19,PONTE ALTA DO BOM JESUS,TOCANTINS,Brasil,1717800,17,33,10,0.0,0.52,Cerrado,102.8
3dd727e8-444e-372c-86ad-e339d1c66af6,  -8.784100, -44.831500,2026-05-07 12:40:00,GOES-19,CURRAIS,PIAUÍ,Brasil,2203230,22,33,13,0.0,0.77,Cerrado,78.3
a2a2dd8e-9092-3623-90cc-5ed88d58217f,  -8.784100, -44.831500,2026-05-07 12:50:00,GOES-19,CURRAIS,PIAUÍ,Brasil,2203230,22,33,13,0.0,0.77,Cerrado,79.6
9e80c5cd-fcbc-345b-a27f-1fb6d20786f4, -12.158600, -46.654600,2026-05-07 12:50:00,GOES-19,PONTE ALTA DO BOM JESUS,TOCANTINS,Brasil,1717800,17,33,10,0.0,0.52,Cerrado,84.2
838c93c1-5619-3f14-b2f0-ce2b0ae55ba3, -10.570100, -47.043300,2026-05-07 12:50:00,GOES-19,PONTE ALTA DO TOCANTINS,TOCANTINS,Brasil,1717909,17,33,9,0.0,0.49,Cerrado,102.9
9a43a938-d9b3-395a-8168-25b73a0bd891, -12.350800, -50.026600,2026-05-07 12:50:00,GOES-19,SANDOLÂNDIA,TOCANTINS,Brasil,1718840,17,33,8,0.0,0.48,Cerrado,84.1
8849c496-e09b-3c59-b39f-7c1e9e3ba2cf,  -8.784100, -44.831500,2026-05-07 13:00:00,GOES-19,CURRAIS,PIAUÍ,Brasil,2203230,22,33,13,0.0,0.77,Cerrado,80.2
bad1f4bb-e6e7-3888-bf12-5ffc4955191a, -10.570100, -47.043300,2026-05-07 13:00:00,GOES-19,PONTE ALTA DO TOCANTINS,TOCANTINS,Brasil,1717909,17,33,9,0.0,0.49,Cerrado,81.3
4e2ddec1-1f44-321a-8eff-41f8086ab9a2, -12.350800, -50.026600,2026-05-07 13:00:00,GOES-19,SANDOLÂNDIA,TOCANTINS,Brasil,1718840,17,33,8,0.0,0.48,Cerrado,123.5
d5f1aa7d-55e5-376a-b9c6-b00ae57298b8, -12.351200, -50.005000,2026-05-07 13:00:00,GOES-19,SANDOLÂNDIA,TOCANTINS,Brasil,1718840,17,33,8,0.0,0.46,Cerrado,70.9
991a5f2f-aafa-3d47-abdc-4933c6b7026e, -11.787900, -47.088400,2026-05-07 13:00:00,GOES-19,DIANÓPOLIS,TOCANTINS,Brasil,1707009,17,33,10,0.0,0.37,Cerrado,114.0
9da20a87-2535-389b-80aa-8b859ecf675c,  -8.784100, -44.831500,2026-05-07 13:10:00,GOES-19,CURRAIS,PIAUÍ,Brasil,2203230,22,33,13,0.0,0.77,Cerrado,74.5
d1f92fed-2542-30f1-8e2a-c652b4ef798b, -14.150700, -45.331000,2026-05-07 13:10:00,GOES-19,JABORANDI,BAHIA,Brasil,2917359,29,33,27,0.0,0.82,Cerrado,81.7
33d41eb1-6d66-3a6d-a245-1d6b317a857a, -12.158600, -46.654600,2026-05-07 13:10:00,GOES-19,PONTE ALTA DO BOM JESUS,TOCANTINS,Brasil,1717800,17,33,10,0.0,0.52,Cerrado,86.6
92027650-2402-3268-a715-431b947ddb3a, -12.350800, -50.026600,2026-05-07 13:10:00,GOES-19,SANDOLÂNDIA,TOCANTINS,Brasil,1718840,17,33,8,0.0,0.48,Cerrado,87.9
d3dea191-1cf9-3702-90cd-afe4027d078d, -14.131200, -45.334400,2026-05-07 13:10:00,GOES-19,JABORANDI,BAHIA,Brasil,2917359,29,33,27,0.0,0.83,Cerrado,92.9
72b1094e-6321-3921-b5ed-0f54befc6459, -12.351200, -50.005000,2026-05-07 13:10:00,GOES-19,SANDOLÂNDIA,TOCANTINS,Brasil,1718840,17,33,8,0.0,0.46,Cerrado,72.2
69a80448-3eb5-300e-837a-4f02f08c2b62,  -9.465800, -46.119000,2026-05-07 13:10:00,GOES-19,ALTO PARNAÍBA,MARANHÃO,Brasil,2100501,21,33,16,0.0,0.6,Cerrado,83.2
bcbc9785-3d69-3ccc-9a27-12f593442734, -11.787500, -47.110800,2026-05-07 13:10:00,GOES-19,DIANÓPOLIS,TOCANTINS,Brasil,1707009,17,33,10,0.0,0.37,Cerrado,93.0
98e0d5ce-de6d-3535-95f2-d529965f6ca5, -10.814700, -49.775100,2026-05-07 13:10:00,GOES-19,LAGOA DA CONFUSÃO,TOCANTINS,Brasil,1711902,17,33,4,0.0,0.86,Cerrado,113.4
786355d4-0cb6-345f-86cd-85240da8c47b, -11.787900, -47.088400,2026-05-07 13:10:00,GOES-19,DIANÓPOLIS,TOCANTINS,Brasil,1707009,17,33,10,0.0,0.37,Cerrado,169.0
62b48989-681b-38fd-bd26-ead2c596b700,  -9.465500, -46.141500,2026-05-07 13:10:00,GOES-19,ALTO PARNAÍBA,MARANHÃO,Brasil,2100501,21,33,16,0.0,0.8,Cerrado,68.7
87566cd4-6e11-35ef-98cd-ddec5c0c6d73, -10.814400, -49.796700,2026-05-07 13:10:00,GOES-19,LAGOA DA CONFUSÃO,TOCANTINS,Brasil,1711902,17,33,3,0.0,0.37,Cerrado,95.7
0814d96e-d19f-3e3b-b707-3f6adc34bff6, -12.351200, -50.005000,2026-05-07 13:20:00,GOES-19,SANDOLÂNDIA,TOCANTINS,Brasil,1718840,17,33,8,0.0,0.46,Cerrado,66.5
01093389-42b7-3689-b083-00917936edad, -12.350800, -50.026600,2026-05-07 13:20:00,GOES-19,SANDOLÂNDIA,TOCANTINS,Brasil,1718840,17,33,8,0.0,0.48,Cerrado,105.7
fb34f4fb-7079-3ed3-bd3a-1ad6ae426f14, -14.131200, -45.334400,2026-05-07 13:20:00,GOES-19,JABORANDI,BAHIA,Brasil,2917359,29,33,27,0.0,0.83,Cerrado,96.2
d43450dd-de69-3a2e-b665-192778785518, -10.927300, -49.848800,2026-05-07 13:20:00,GOES-19,LAGOA DA CONFUSÃO,TOCANTINS,Brasil,1711902,17,33,6,0.0,0.86,Cerrado,83.2
ad471ab6-435d-32bb-b2a3-66459a42a450, -10.570100, -47.043300,2026-05-07 13:20:00,GOES-19,PONTE ALTA DO TOCANTINS,TOCANTINS,Brasil,1717909,17,33,9,0.0,0.49,Cerrado,77.6
dd91e7d4-da56-39d4-9bd7-516e46425425, -14.150700, -45.331000,2026-05-07 13:20:00,GOES-19,JABORANDI,BAHIA,Brasil,2917359,29,33,27,0.0,0.82,Cerrado,79.8
d9ea9356-206b-3eda-802d-005d441cbf5b, -12.158600, -46.654600,2026-05-07 13:20:00,GOES-19,PONTE ALTA DO BOM JESUS,TOCANTINS,Brasil,1717800,17,33,10,0.0,0.52,Cerrado,66.1
9db9f50f-7a13-3253-bc3c-c49f7567285f, -10.814700, -49.775100,2026-05-07 13:20:00,GOES-19,LAGOA DA CONFUSÃO,TOCANTINS,Brasil,1711902,17,33,4,0.0,0.86,Cerrado,96.3
4852fa01-9648-3129-9e50-f6e5f73e7bcd, -11.787900, -47.088400,2026-05-07 13:20:00,GOES-19,DIANÓPOLIS,TOCANTINS,Brasil,1707009,17,33,10,0.0,0.37,Cerrado,171.9
d8895e8f-c27f-31e5-9ed0-c3eaa606082f, -11.787500, -47.110800,2026-05-07 13:20:00,GOES-19,DIANÓPOLIS,TOCANTINS,Brasil,1707009,17,33,10,0.0,0.37,Cerrado,87.0
ca65f313-7043-3d13-afbf-e50dc63e93e5,  -9.465800, -46.119000,2026-05-07 13:20:00,GOES-19,ALTO PARNAÍBA,MARANHÃO,Brasil,2100501,21,33,16,0.0,0.6,Cerrado,97.8
61708dd2-7b0a-36cb-ba56-8ac96ece174e,  -9.465500, -46.141500,2026-05-07 13:20:00,GOES-19,ALTO PARNAÍBA,MARANHÃO,Brasil,2100501,21,33,16,0.0,0.8,Cerrado,73.4
196dca3e-8378-3f9b-b039-d7ef838f8c30, -12.351200, -50.005000,2026-05-07 13:30:00,GOES-19,SANDOLÂNDIA,TOCANTINS,Brasil,1718840,17,33,8,0.0,0.46,Cerrado,86.7
b59000a3-2415-34fe-b654-adda7c9cad86, -14.130700, -45.357700,2026-05-07 13:30:00,GOES-19,JABORANDI,BAHIA,Brasil,2917359,29,33,26,0.0,0.82,Cerrado,69.6
354e1a20-eb05-3977-889a-fefa74044d47, -12.350800, -50.026600,2026-05-07 13:30:00,GOES-19,SANDOLÂNDIA,TOCANTINS,Brasil,1718840,17,33,8,0.0,0.48,Cerrado,137.7
762d184b-ac8a-3b9b-85d9-0c01f5b3adca, -14.150700, -45.331000,2026-05-07 13:30:00,GOES-19,JABORANDI,BAHIA,Brasil,2917359,29,33,27,0.0,0.82,Cerrado,92.4
2b655fe0-68aa-3ade-b77b-934e4e490121, -10.570100, -47.043300,2026-05-07 13:30:00,GOES-19,PONTE ALTA DO TOCANTINS,TOCANTINS,Brasil,1717909,17,33,9,0.0,0.49,Cerrado,91.3
7da08927-e233-304f-9769-ec59796ba000, -10.927300, -49.848800,2026-05-07 13:30:00,GOES-19,LAGOA DA CONFUSÃO,TOCANTINS,Brasil,1711902,17,33,6,0.0,0.86,Cerrado,75.5
787f582c-f699-3128-bc98-500615124784,  -8.784100, -44.831500,2026-05-07 13:30:00,GOES-19,CURRAIS,PIAUÍ,Brasil,2203230,22,33,13,0.0,0.77,Cerrado,77.8
0a18fe36-bc02-3c7d-b030-228e9b718e0a, -14.131200, -45.334400,2026-05-07 13:30:00,GOES-19,JABORANDI,BAHIA,Brasil,2917359,29,33,27,0.0,0.83,Cerrado,101.7
223513dd-5ed2-333e-b215-7e98fbb28ee8, -11.787500, -47.110800,2026-05-07 13:30:00,GOES-19,DIANÓPOLIS,TOCANTINS,Brasil,1707009,17,33,10,0.0,0.37,Cerrado,63.9
9ca5d9b0-9e70-378b-b30a-a3446f9bcd06, -11.787900, -47.088400,2026-05-07 13:30:00,GOES-19,DIANÓPOLIS,TOCANTINS,Brasil,1707009,17,33,10,0.0,0.37,Cerrado,120.1
1b6feab2-0deb-3874-80e3-bdd5ec1b609f,  -9.465800, -46.119000,2026-05-07 13:30:00,GOES-19,ALTO PARNAÍBA,MARANHÃO,Brasil,2100501,21,33,16,0.0,0.6,Cerrado,77.0
d33580be-106b-3ac0-bcb9-f5dfef4f2ef7,  -9.446800, -46.121100,2026-05-07 13:30:00,GOES-19,ALTO PARNAÍBA,MARANHÃO,Brasil,2100501,21,33,16,0.0,0.63,Cerrado,75.4
939fe800-2426-3285-996a-7d6de1c651b0, -10.570100, -47.043300,2026-05-07 13:40:00,GOES-19,PONTE ALTA DO TOCANTINS,TOCANTINS,Brasil,1717909,17,33,9,0.0,0.49,Cerrado,121.7
aaadee2e-eb47-3301-9980-386596f6b2ec, -14.130700, -45.357700,2026-05-07 13:40:00,GOES-19,JABORANDI,BAHIA,Brasil,2917359,29,33,26,0.0,0.82,Cerrado,67.0
446bc91b-2078-3fc6-a355-7259383bff0f, -14.131200, -45.334400,2026-05-07 13:40:00,GOES-19,JABORANDI,BAHIA,Brasil,2917359,29,33,27,0.0,0.83,Cerrado,135.1
00430dc1-3804-3325-ba55-4af996e3c06e, -12.350800, -50.026600,2026-05-07 13:40:00,GOES-19,SANDOLÂNDIA,TOCANTINS,Brasil,1718840,17,33,8,0.0,0.48,Cerrado,123.9
b0300abe-3407-340f-b96f-80924de14ff1,  -8.784100, -44.831500,2026-05-07 13:40:00,GOES-19,CURRAIS,PIAUÍ,Brasil,2203230,22,33,13,0.0,0.77,Cerrado,70.9
4a5ddb2a-d61d-39a9-85a6-55f1234c4e4c, -14.150700, -45.331000,2026-05-07 13:40:00,GOES-19,JABORANDI,BAHIA,Brasil,2917359,29,33,27,0.0,0.82,Cerrado,79.6
c21421bc-d1d2-3f9d-bfd1-72f46b144c16, -12.351200, -50.005000,2026-05-07 13:40:00,GOES-19,SANDOLÂNDIA,TOCANTINS,Brasil,1718840,17,33,8,0.0,0.46,Cerrado,80.3
6c330a88-2f75-3320-b72a-64449ca35edc, -10.569700, -47.065700,2026-05-07 13:40:00,GOES-19,PONTE ALTA DO TOCANTINS,TOCANTINS,Brasil,1717909,17,33,9,0.0,0.47,Cerrado,78.9
87653261-3893-3fa6-8f04-ce39e69fc0ef, -11.787900, -47.088400,2026-05-07 13:40:00,GOES-19,DIANÓPOLIS,TOCANTINS,Brasil,1707009,17,33,10,0.0,0.37,Cerrado,199.3
c86f0ace-9cbb-3839-b193-edc78b77d6f8,  -9.465800, -46.119000,2026-05-07 13:40:00,GOES-19,ALTO PARNAÍBA,MARANHÃO,Brasil,2100501,21,33,16,0.0,0.6,Cerrado,101.3
4c1f688c-6dfa-3e1b-a13b-f5688b015ac1,  -9.465500, -46.141500,2026-05-07 13:40:00,GOES-19,ALTO PARNAÍBA,MARANHÃO,Brasil,2100501,21,33,16,0.0,0.8,Cerrado,65.6
aae48da3-c205-30f4-aba5-6362f9eecfc6,  -9.446800, -46.121100,2026-05-07 13:40:00,GOES-19,ALTO PARNAÍBA,MARANHÃO,Brasil,2100501,21,33,16,0.0,0.63,Cerrado,67.4
b846cb27-135c-3669-a937-dcf03c1841d7, -11.787500, -47.110800,2026-05-07 13:40:00,GOES-19,DIANÓPOLIS,TOCANTINS,Brasil,1707009,17,33,10,0.0,0.37,Cerrado,90.3
8017b37b-86e9-39b7-b149-3f7ad9d19877, -12.351200, -50.005000,2026-05-07 13:50:00,GOES-19,SANDOLÂNDIA,TOCANTINS,Brasil,1718840,17,33,8,0.0,0.46,Cerrado,71.8
2a831810-cb61-378b-922d-cdac1ab3a56a, -10.777400, -49.736200,2026-05-07 13:50:00,GOES-19,LAGOA DA CONFUSÃO,TOCANTINS,Brasil,1711902,17,33,6,0.0,0.88,Cerrado,70.1
b63282dd-e68a-3b00-b060-914c9a14aa10, -14.130700, -45.357700,2026-05-07 13:50:00,GOES-19,JABORANDI,BAHIA,Brasil,2917359,29,33,26,0.0,0.82,Cerrado,80.2
32c8c688-0b6b-3260-9a4a-23db91191756, -12.350800, -50.026600,2026-05-07 13:50:00,GOES-19,SANDOLÂNDIA,TOCANTINS,Brasil,1718840,17,33,8,0.0,0.48,Cerrado,113.2
322ef3e2-9c2c-3806-b707-37cd5f8e8a32,  -9.465500, -46.141500,2026-05-07 13:50:00,GOES-19,ALTO PARNAÍBA,MARANHÃO,Brasil,2100501,21,33,16,0.0,0.8,Cerrado,78.0
0c21fa12-dc96-34cb-9cc8-0d8fb356a5df,  -8.784100, -44.831500,2026-05-07 13:50:00,GOES-19,CURRAIS,PIAUÍ,Brasil,2203230,22,33,13,0.0,0.77,Cerrado,73.8
10c42d3f-6f69-3a1e-a057-9a0d3b38f284, -14.131200, -45.334400,2026-05-07 13:50:00,GOES-19,JABORANDI,BAHIA,Brasil,2917359,29,33,27,0.0,0.83,Cerrado,122.4
26cf8098-f0fb-3a63-92f4-97d0720dcbb8, -10.570100, -47.043300,2026-05-07 13:50:00,GOES-19,PONTE ALTA DO TOCANTINS,TOCANTINS,Brasil,1717909,17,33,9,0.0,0.49,Cerrado,193.8
583efe67-4684-312f-8677-9e08ca83f006, -10.569700, -47.065700,2026-05-07 13:50:00,GOES-19,PONTE ALTA DO TOCANTINS,TOCANTINS,Brasil,1717909,17,33,9,0.0,0.47,Cerrado,119.5
bbd3169c-5dc7-373e-8614-5fc8f0927565, -14.150700, -45.331000,2026-05-07 13:50:00,GOES-19,JABORANDI,BAHIA,Brasil,2917359,29,33,27,0.0,0.82,Cerrado,72.9
e1de4b2a-c389-3465-9bfb-883b2eecf504, -11.192700, -46.154600,2026-05-07 13:50:00,GOES-19,FORMOSA DO RIO PRETO,BAHIA,Brasil,2911105,29,33,16,0.0,0.62,Cerrado,64.0
7d04c784-beca-32c5-9216-c90bf7443421, -11.787900, -47.088400,2026-05-07 13:50:00,GOES-19,DIANÓPOLIS,TOCANTINS,Brasil,1707009,17,33,10,0.0,0.37,Cerrado,195.6
f5667abe-e238-3922-829e-a5b80822dc77, -10.589100, -47.041000,2026-05-07 13:50:00,GOES-19,PONTE ALTA DO TOCANTINS,TOCANTINS,Brasil,1717909,17,33,9,0.0,0.49,Cerrado,79.2
748fa241-0cc0-3825-a63a-7b5ad403475e, -12.782100, -58.989900,2026-05-07 13:50:00,GOES-19,CAMPOS DE JÚLIO,MATO GROSSO,Brasil,5102686,51,33,7,0.3,0.79,Cerrado,70.3
7eb4fda8-cf2f-3526-80de-ca9bf2360d1d, -11.787500, -47.110800,2026-05-07 13:50:00,GOES-19,DIANÓPOLIS,TOCANTINS,Brasil,1707009,17,33,10,0.0,0.37,Cerrado,137.5
a2e211e1-a0b9-3497-9743-8d6c2820aa05,  -9.465800, -46.119000,2026-05-07 13:50:00,GOES-19,ALTO PARNAÍBA,MARANHÃO,Brasil,2100501,21,33,16,0.0,0.6,Cerrado,88.6
33838be0-63b0-390b-91fa-d4c3e24a1829, -14.150700, -45.331000,2026-05-07 14:00:00,GOES-19,JABORANDI,BAHIA,Brasil,2917359,29,33,27,0.0,0.82,Cerrado,79.2
b7f8710d-7376-3ada-a702-2d026ad276d0, -10.777400, -49.736200,2026-05-07 14:00:00,GOES-19,LAGOA DA CONFUSÃO,TOCANTINS,Brasil,1711902,17,33,6,0.0,0.88,Cerrado,66.6
30a07b58-fa68-3b53-aed3-10d3a8696e8e, -10.570100, -47.043300,2026-05-07 14:00:00,GOES-19,PONTE ALTA DO TOCANTINS,TOCANTINS,Brasil,1717909,17,33,9,0.0,0.49,Cerrado,333.4
cb4dc075-9776-339f-91c6-8e07ec0bfc70, -12.350800, -50.026600,2026-05-07 14:00:00,GOES-19,SANDOLÂNDIA,TOCANTINS,Brasil,1718840,17,33,8,0.0,0.48,Cerrado,114.1
bc01ec0a-2e04-3fbc-83c0-266d73635dc5, -13.992400, -56.643700,2026-05-07 14:00:00,GOES-19,DIAMANTINO,MATO GROSSO,Brasil,5103502,51,33,7,0.0,0.21,Cerrado,58.9
2d2fd600-0136-3ea9-a58f-032c2b18f8f7, -10.569700, -47.065700,2026-05-07 14:00:00,GOES-19,PONTE ALTA DO TOCANTINS,TOCANTINS,Brasil,1717909,17,33,9,0.0,0.47,Cerrado,225.4
a26553bd-6ab6-364d-93ef-22d6cd226a4f, -12.351200, -50.005000,2026-05-07 14:00:00,GOES-19,SANDOLÂNDIA,TOCANTINS,Brasil,1718840,17,33,8,0.0,0.46,Cerrado,79.8
70540611-bfa2-365b-9ce5-f10195167f4c, -10.551100, -47.045600,2026-05-07 14:00:00,GOES-19,PONTE ALTA DO TOCANTINS,TOCANTINS,Brasil,1717909,17,33,9,0.0,0.49,Cerrado,68.3
1e597e48-2da1-3759-9cdb-305626c91cfd, -14.131200, -45.334400,2026-05-07 14:00:00,GOES-19,JABORANDI,BAHIA,Brasil,2917359,29,33,27,0.0,0.83,Cerrado,128.1
57e26215-ff69-3495-9c80-ac9a58ff6471,  -9.465500, -46.141500,2026-05-07 14:00:00,GOES-19,ALTO PARNAÍBA,MARANHÃO,Brasil,2100501,21,33,16,0.0,0.8,Cerrado,64.7
deeab339-0492-3b26-94af-27b49e5e23b5,  -8.784100, -44.831500,2026-05-07 14:00:00,GOES-19,CURRAIS,PIAUÍ,Brasil,2203230,22,33,13,0.0,0.77,Cerrado,76.2
d4928e41-29c0-313f-af8c-83d1bf043e76,  -9.446800, -46.121100,2026-05-07 14:00:00,GOES-19,ALTO PARNAÍBA,MARANHÃO,Brasil,2100501,21,33,16,0.0,0.63,Cerrado,61.0
0b6bdcfe-14af-3259-a0fb-9bdb47f3895d,  -9.465800, -46.119000,2026-05-07 14:00:00,GOES-19,ALTO PARNAÍBA,MARANHÃO,Brasil,2100501,21,33,16,0.0,0.6,Cerrado,81.9
c990b4a5-17c4-32ab-a87b-14bcc262cf62, -11.806600, -47.108200,2026-05-07 14:00:00,GOES-19,DIANÓPOLIS,TOCANTINS,Brasil,1707009,17,33,10,0.0,0.53,Cerrado,95.9
d79e049f-90cb-3791-8f9f-d85668f8651b, -10.589100, -47.041000,2026-05-07 14:00:00,GOES-19,PONTE ALTA DO TOCANTINS,TOCANTINS,Brasil,1717909,17,33,9,0.0,0.49,Cerrado,90.1
f9f24562-1e51-3934-9879-1fd89931914c, -11.787500, -47.110800,2026-05-07 14:00:00,GOES-19,DIANÓPOLIS,TOCANTINS,Brasil,1707009,17,33,10,0.0,0.37,Cerrado,118.7
b67123ad-4276-3049-891b-1ada6367e462, -11.192700, -46.154600,2026-05-07 14:00:00,GOES-19,FORMOSA DO RIO PRETO,BAHIA,Brasil,2911105,29,33,16,0.0,0.62,Cerrado,94.1
5a54ef22-5b9a-335d-bb96-ba4f808cf649, -11.787900, -47.088400,2026-05-07 14:00:00,GOES-19,DIANÓPOLIS,TOCANTINS,Brasil,1707009,17,33,10,0.0,0.37,Cerrado,179.8
2e60d974-590d-34aa-81ea-ae45bfbd8aa3, -10.588800, -47.063400,2026-05-07 14:10:00,GOES-19,PONTE ALTA DO TOCANTINS,TOCANTINS,Brasil,1717909,17,33,9,0.0,0.47,Cerrado,65.7
92bb800f-dfbc-3128-a681-87fe1bbb6ebb, -12.351200, -50.005000,2026-05-07 14:10:00,GOES-19,SANDOLÂNDIA,TOCANTINS,Brasil,1718840,17,33,8,0.0,0.46,Cerrado,65.0
4dc36b9b-b981-3090-812d-d5f329833537,  -8.784100, -44.831500,2026-05-07 14:10:00,GOES-19,CURRAIS,PIAUÍ,Brasil,2203230,22,33,13,0.0,0.77,Cerrado,75.5
0e506956-4410-3bfc-a90e-e77623f4f213, -14.131200, -45.334400,2026-05-07 14:10:00,GOES-19,JABORANDI,BAHIA,Brasil,2917359,29,33,27,0.0,0.83,Cerrado,110.3
4d8ce34d-b4f8-32f8-aed9-eeab2502488b, -13.188200, -52.692200,2026-05-07 14:10:00,GOES-19,CANARANA,MATO GROSSO,Brasil,5102702,51,33,8,0.0,0.21,Amazônia,78.2
863fce86-0078-321f-94b3-cc2794cb16f7, -12.350800, -50.026600,2026-05-07 14:10:00,GOES-19,SANDOLÂNDIA,TOCANTINS,Brasil,1718840,17,33,8,0.0,0.48,Cerrado,115.8
869ed3a5-8117-39e8-9808-7ffb3e5d61f6, -10.570100, -47.043300,2026-05-07 14:10:00,GOES-19,PONTE ALTA DO TOCANTINS,TOCANTINS,Brasil,1717909,17,33,9,0.0,0.49,Cerrado,141.9
78799d30-1396-31e5-b5d2-1dd1a2b26f4d, -14.130700, -45.357700,2026-05-07 14:10:00,GOES-19,JABORANDI,BAHIA,Brasil,2917359,29,33,26,0.0,0.82,Cerrado,71.0
dae7d706-19e3-32e7-9ab4-e24023e43820, -10.795400, -49.798700,2026-05-07 14:10:00,GOES-19,LAGOA DA CONFUSÃO,TOCANTINS,Brasil,1711902,17,33,4,0.0,0.77,Cerrado,60.5
5015216c-266f-397a-a40b-3b8404afb915, -11.806600, -47.108200,2026-05-07 14:10:00,GOES-19,DIANÓPOLIS,TOCANTINS,Brasil,1707009,17,33,10,0.0,0.53,Cerrado,77.6
378b6df7-7d6a-342b-8a02-099443943d7c, -10.427400, -46.433400,2026-05-07 14:10:00,GOES-19,MATEIROS,TOCANTINS,Brasil,1712702,17,33,16,0.0,0.7,Cerrado,119.8
478a835e-8bdd-3d85-aa7e-6a76f3353538, -11.787900, -47.088400,2026-05-07 14:10:00,GOES-19,DIANÓPOLIS,TOCANTINS,Brasil,1707009,17,33,10,0.0,0.37,Cerrado,182.5
53635bcd-271f-3149-8809-6d40976bccc6, -10.446500, -46.431000,2026-05-07 14:10:00,GOES-19,MATEIROS,TOCANTINS,Brasil,1712702,17,33,16,0.0,0.71,Cerrado,114.2
23b1a162-3e2f-3e04-a3a7-ab04f0781dcf, -11.787500, -47.110800,2026-05-07 14:10:00,GOES-19,DIANÓPOLIS,TOCANTINS,Brasil,1707009,17,33,10,0.0,0.37,Cerrado,105.0
12682d18-ea81-3ec9-b4c8-c729f5dad70f, -10.551100, -47.045600,2026-05-07 14:20:00,GOES-19,PONTE ALTA DO TOCANTINS,TOCANTINS,Brasil,1717909,17,33,9,0.0,0.49,Cerrado,98.3
a8aeba02-f06c-3f7d-94ad-59e297e99ebe, -10.550700, -47.068000,2026-05-07 14:20:00,GOES-19,PONTE ALTA DO TOCANTINS,TOCANTINS,Brasil,1717909,17,33,9,0.0,0.46,Cerrado,86.0
be6d86da-7772-3aeb-9e1a-f198a42b29b0, -14.131200, -45.334400,2026-05-07 14:20:00,GOES-19,JABORANDI,BAHIA,Brasil,2917359,29,33,27,0.0,0.83,Cerrado,95.1
4d1edabc-fd28-365e-956c-ff15b361f360, -10.588800, -47.063400,2026-05-07 14:20:00,GOES-19,PONTE ALTA DO TOCANTINS,TOCANTINS,Brasil,1717909,17,33,9,0.0,0.47,Cerrado,243.3
82c47e74-d797-3eb7-baa1-8cc61556476a, -12.350800, -50.026600,2026-05-07 14:20:00,GOES-19,SANDOLÂNDIA,TOCANTINS,Brasil,1718840,17,33,8,0.0,0.48,Cerrado,106.6
221fcb4d-609e-3af1-a91f-f88a5309c064, -13.188200, -52.692200,2026-05-07 14:20:00,GOES-19,CANARANA,MATO GROSSO,Brasil,5102702,51,33,8,0.0,0.21,Amazônia,59.6
00c19e28-e63f-3615-97a9-0feb8ffdd5f8, -10.570100, -47.043300,2026-05-07 14:20:00,GOES-19,PONTE ALTA DO TOCANTINS,TOCANTINS,Brasil,1717909,17,33,9,0.0,0.49,Cerrado,212.5
078e0a56-59d0-3615-96d4-05471f777b76, -12.351200, -50.005000,2026-05-07 14:20:00,GOES-19,SANDOLÂNDIA,TOCANTINS,Brasil,1718840,17,33,8,0.0,0.46,Cerrado,71.6
62edbdf0-2f3d-3c4a-a321-06d0088df0c4, -10.569700, -47.065700,2026-05-07 14:20:00,GOES-19,PONTE ALTA DO TOCANTINS,TOCANTINS,Brasil,1717909,17,33,9,0.0,0.47,Cerrado,379.2
1be61b96-58aa-3ad7-a808-cec22ee56279, -14.150700, -45.331000,2026-05-07 14:20:00,GOES-19,JABORANDI,BAHIA,Brasil,2917359,29,33,27,0.0,0.82,Cerrado,81.4
fb1f4332-42b7-3120-b903-5160c62b6c20, -13.992400, -56.643700,2026-05-07 14:20:00,GOES-19,DIAMANTINO,MATO GROSSO,Brasil,5103502,51,33,7,0.0,0.21,Cerrado,62.1
7aeef080-ccf5-34eb-a704-d05a8f6bacf9, -11.192700, -46.154600,2026-05-07 14:20:00,GOES-19,FORMOSA DO RIO PRETO,BAHIA,Brasil,2911105,29,33,16,0.0,0.62,Cerrado,157.8
9f1f5282-2486-3aa0-a177-fc7426f6b73f, -11.787500, -47.110800,2026-05-07 14:20:00,GOES-19,DIANÓPOLIS,TOCANTINS,Brasil,1707009,17,33,10,0.0,0.37,Cerrado,116.9
c1b2a2bb-56ba-30bc-b285-f07ae745dd0b, -10.427400, -46.433400,2026-05-07 14:20:00,GOES-19,MATEIROS,TOCANTINS,Brasil,1712702,17,33,16,0.0,0.7,Cerrado,97.8
841b290e-df11-3749-a37e-300d2ca729e0, -10.589100, -47.041000,2026-05-07 14:20:00,GOES-19,PONTE ALTA DO TOCANTINS,TOCANTINS,Brasil,1717909,17,33,9,0.0,0.49,Cerrado,138.5
ab650900-161f-3445-aaca-5c173613809a, -11.806600, -47.108200,2026-05-07 14:20:00,GOES-19,DIANÓPOLIS,TOCANTINS,Brasil,1707009,17,33,10,0.0,0.53,Cerrado,77.0
bb41d2cb-c968-3cea-b6f5-b96e3d33dbe0, -11.787900, -47.088400,2026-05-07 14:20:00,GOES-19,DIANÓPOLIS,TOCANTINS,Brasil,1707009,17,33,10,0.0,0.37,Cerrado,151.8
15120451-7c7b-371a-942d-88a55b17fb25, -11.297800, -54.766800,2026-05-07 14:20:00,GOES-19,CLÁUDIA,MATO GROSSO,Brasil,5103056,51,33,8,0.0,0.13,Amazônia,61.5
15691db4-aa9b-3d43-ac10-15e089fd34dc, -12.351200, -50.005000,2026-05-07 14:30:00,GOES-19,SANDOLÂNDIA,TOCANTINS,Brasil,1718840,17,33,8,0.0,0.46,Cerrado,69.7
31b2a974-ed65-3cba-a5b4-90ca22f54405, -10.551100, -47.045600,2026-05-07 14:30:00,GOES-19,PONTE ALTA DO TOCANTINS,TOCANTINS,Brasil,1717909,17,33,9,0.0,0.49,Cerrado,86.1
ef30a104-6cbf-3f2c-b728-d0fe24274299, -10.550700, -47.068000,2026-05-07 14:30:00,GOES-19,PONTE ALTA DO TOCANTINS,TOCANTINS,Brasil,1717909,17,33,9,0.0,0.46,Cerrado,72.9
c8b66670-4195-3383-9f13-8aa0f0308bf7, -13.188200, -52.692200,2026-05-07 14:30:00,GOES-19,CANARANA,MATO GROSSO,Brasil,5102702,51,33,8,0.0,0.21,Amazônia,107.5
dbd95b80-bd9e-372f-aad3-1203e7a308d5, -12.350800, -50.026600,2026-05-07 14:30:00,GOES-19,SANDOLÂNDIA,TOCANTINS,Brasil,1718840,17,33,8,0.0,0.48,Cerrado,96.0
d3a2ed46-ab3a-3454-82ee-812413b525ae, -10.570100, -47.043300,2026-05-07 14:30:00,GOES-19,PONTE ALTA DO TOCANTINS,TOCANTINS,Brasil,1717909,17,33,9,0.0,0.49,Cerrado,317.2
bd08cc28-9db9-3fd8-896b-b3a2f58ced81, -14.131200, -45.334400,2026-05-07 14:30:00,GOES-19,JABORANDI,BAHIA,Brasil,2917359,29,33,27,0.0,0.83,Cerrado,105.6
2de297c9-372f-3beb-95b0-8b68141e5cdc, -10.795400, -49.798700,2026-05-07 14:30:00,GOES-19,LAGOA DA CONFUSÃO,TOCANTINS,Brasil,1711902,17,33,4,0.0,0.77,Cerrado,62.5
bdd7d32b-e06d-3c35-a3db-c1b5e67b9804, -10.814400, -49.796700,2026-05-07 14:30:00,GOES-19,LAGOA DA CONFUSÃO,TOCANTINS,Brasil,1711902,17,33,3,0.0,0.37,Cerrado,74.0
a49604ed-4f30-3fe0-992e-081d4dfc2732, -10.446100, -46.453600,2026-05-07 14:30:00,GOES-19,MATEIROS,TOCANTINS,Brasil,1712702,17,33,16,0.0,0.69,Cerrado,94.5
f9effede-b100-3138-ad52-3b6c8892e18c, -11.787500, -47.110800,2026-05-07 14:30:00,GOES-19,DIANÓPOLIS,TOCANTINS,Brasil,1707009,17,33,10,0.0,0.37,Cerrado,102.8
bbfa4532-9375-3f84-ac97-e3487dbd0a6b, -10.446500, -46.431000,2026-05-07 14:30:00,GOES-19,MATEIROS,TOCANTINS,Brasil,1712702,17,33,16,0.0,0.71,Cerrado,101.2
bd4b8e74-603e-36ce-9697-57b021b32e56, -10.589100, -47.041000,2026-05-07 14:30:00,GOES-19,PONTE ALTA DO TOCANTINS,TOCANTINS,Brasil,1717909,17,33,9,0.0,0.49,Cerrado,106.8
2419d18b-bcd1-33f5-88c9-5c7dc75af82c, -11.806600, -47.108200,2026-05-07 14:30:00,GOES-19,DIANÓPOLIS,TOCANTINS,Brasil,1707009,17,33,10,0.0,0.53,Cerrado,83.4
eae57a3c-9de7-3ebb-81d8-1af0ea7ea5f3,  -9.465800, -46.119000,2026-05-07 14:30:00,GOES-19,ALTO PARNAÍBA,MARANHÃO,Brasil,2100501,21,33,16,0.0,0.6,Cerrado,69.4
c653b50f-8939-383a-9094-64d1c14a66b3, -11.787900, -47.088400,2026-05-07 14:30:00,GOES-19,DIANÓPOLIS,TOCANTINS,Brasil,1707009,17,33,10,0.0,0.37,Cerrado,156.8
9876e932-92cd-3704-bb19-6876c23da7ca, -10.570100, -47.043300,2026-05-07 14:40:00,GOES-19,PONTE ALTA DO TOCANTINS,TOCANTINS,Brasil,1717909,17,33,9,0.0,0.49,Cerrado,183.3
e5a7b97e-80a8-3f4a-a87d-89d59fd1033f, -12.351200, -50.005000,2026-05-07 14:40:00,GOES-19,SANDOLÂNDIA,TOCANTINS,Brasil,1718840,17,33,8,0.0,0.46,Cerrado,67.3
99cc51dd-6f61-383e-99c2-87107d027c33, -12.350800, -50.026600,2026-05-07 14:40:00,GOES-19,SANDOLÂNDIA,TOCANTINS,Brasil,1718840,17,33,8,0.0,0.48,Cerrado,103.0
169ac0cc-8da4-39c7-870a-cc629cc1aec0, -12.781900, -59.009600,2026-05-07 14:40:00,GOES-19,CAMPOS DE JÚLIO,MATO GROSSO,Brasil,5102686,51,33,7,0.3,0.73,Cerrado,66.8
b3abc8df-6197-368f-bc3e-7e79ca9a84a6, -13.188200, -52.692200,2026-05-07 14:40:00,GOES-19,CANARANA,MATO GROSSO,Brasil,5102702,51,33,8,0.0,0.21,Amazônia,125.8
886bdbff-68aa-3280-a044-59923e27845e, -14.131200, -45.334400,2026-05-07 14:40:00,GOES-19,JABORANDI,BAHIA,Brasil,2917359,29,33,27,0.0,0.83,Cerrado,98.3
922cba12-f92a-3737-a105-2685b8b879f6, -10.569700, -47.065700,2026-05-07 14:40:00,GOES-19,PONTE ALTA DO TOCANTINS,TOCANTINS,Brasil,1717909,17,33,9,0.0,0.47,Cerrado,229.5
9df61a1f-85e8-38f0-8b03-f2f4c2135077, -11.192700, -46.154600,2026-05-07 14:40:00,GOES-19,FORMOSA DO RIO PRETO,BAHIA,Brasil,2911105,29,33,16,0.0,0.62,Cerrado,249.6
13933d4a-9db8-38a2-93b1-a53c9c56ef53, -11.806600, -47.108200,2026-05-07 14:40:00,GOES-19,DIANÓPOLIS,TOCANTINS,Brasil,1707009,17,33,10,0.0,0.53,Cerrado,73.7
6e105733-04f7-34a0-86ab-ad808a5193cd, -10.446100, -46.453600,2026-05-07 14:40:00,GOES-19,MATEIROS,TOCANTINS,Brasil,1712702,17,33,16,0.0,0.69,Cerrado,164.6
2beb8e44-22e7-38ad-bfc4-3d0372b4bc3e, -11.192400, -46.177300,2026-05-07 14:40:00,GOES-19,FORMOSA DO RIO PRETO,BAHIA,Brasil,2911105,29,33,17,0.0,0.74,Cerrado,63.8
7bcd5f84-8825-310f-962e-ccaa6bb63d0b, -10.446500, -46.431000,2026-05-07 14:40:00,GOES-19,MATEIROS,TOCANTINS,Brasil,1712702,17,33,16,0.0,0.71,Cerrado,140.3
e01fedfd-648d-3dda-a8fd-639ec9018f62, -12.782100, -58.989900,2026-05-07 14:40:00,GOES-19,CAMPOS DE JÚLIO,MATO GROSSO,Brasil,5102686,51,33,7,0.3,0.79,Cerrado,60.4
62e66f2b-b4c4-3ee3-aca3-8d3720507890, -10.589100, -47.041000,2026-05-07 14:40:00,GOES-19,PONTE ALTA DO TOCANTINS,TOCANTINS,Brasil,1717909,17,33,9,0.0,0.49,Cerrado,90.7
24283547-1395-3bcf-9cdc-425610cc5227, -11.787500, -47.110800,2026-05-07 14:40:00,GOES-19,DIANÓPOLIS,TOCANTINS,Brasil,1707009,17,33,10,0.0,0.37,Cerrado,86.6
b64e881b-f52e-3f95-be51-a43a6d752db2, -11.787900, -47.088400,2026-05-07 14:40:00,GOES-19,DIANÓPOLIS,TOCANTINS,Brasil,1707009,17,33,10,0.0,0.37,Cerrado,138.8
ef152e1f-9122-3d95-bc4c-1e7250dc1ef2, -14.130700, -45.357700,2026-05-07 14:50:00,GOES-19,JABORANDI,BAHIA,Brasil,2917359,29,33,26,0.0,0.82,Cerrado,73.5
1c917960-f786-345f-b002-3fc9e439c18d, -12.351200, -50.005000,2026-05-07 14:50:00,GOES-19,SANDOLÂNDIA,TOCANTINS,Brasil,1718840,17,33,8,0.0,0.46,Cerrado,69.8
328e82c9-fd5b-3a86-ab6e-b1087977505e, -10.569700, -47.065700,2026-05-07 14:50:00,GOES-19,PONTE ALTA DO TOCANTINS,TOCANTINS,Brasil,1717909,17,33,9,0.0,0.47,Cerrado,357.3
bc81adc1-ecdc-3065-a1a4-32d72b26548b, -10.570100, -47.043300,2026-05-07 14:50:00,GOES-19,PONTE ALTA DO TOCANTINS,TOCANTINS,Brasil,1717909,17,33,9,0.0,0.49,Cerrado,192.8
c8b7371e-e5c9-32b6-8280-ae1bd66b5901, -12.350800, -50.026600,2026-05-07 14:50:00,GOES-19,SANDOLÂNDIA,TOCANTINS,Brasil,1718840,17,33,8,0.0,0.48,Cerrado,99.2
56e75d59-31d6-3928-80d2-d0ec90bb1c2c, -12.781900, -59.009600,2026-05-07 14:50:00,GOES-19,CAMPOS DE JÚLIO,MATO GROSSO,Brasil,5102686,51,33,7,0.3,0.73,Cerrado,77.0
a7f48cd1-845e-33f9-8ebf-4bd3babbe561, -16.165500, -58.484200,2026-05-07 14:50:00,GOES-19,CÁCERES,MATO GROSSO,Brasil,5102504,51,33,8,0.0,0.13,Pantanal,65.8
4412a12f-a137-345e-9c75-3ab9fab76c35, -10.550700, -47.068000,2026-05-07 14:50:00,GOES-19,PONTE ALTA DO TOCANTINS,TOCANTINS,Brasil,1717909,17,33,9,0.0,0.46,Cerrado,58.8
eb18dc27-7fb5-3ce5-b229-4800126b2b71, -13.188200, -52.692200,2026-05-07 14:50:00,GOES-19,CANARANA,MATO GROSSO,Brasil,5102702,51,33,8,0.0,0.21,Amazônia,113.6
aa3de002-7616-3d92-88fc-2d3336fe1f8f, -14.131200, -45.334400,2026-05-07 14:50:00,GOES-19,JABORANDI,BAHIA,Brasil,2917359,29,33,27,0.0,0.83,Cerrado,101.7
81e54dea-f0e4-307b-868e-baed21a41d53, -11.787900, -47.088400,2026-05-07 14:50:00,GOES-19,DIANÓPOLIS,TOCANTINS,Brasil,1707009,17,33,10,0.0,0.37,Cerrado,113.5
b776b180-12c0-37dc-b89f-3a6a22492ea2, -11.787500, -47.110800,2026-05-07 14:50:00,GOES-19,DIANÓPOLIS,TOCANTINS,Brasil,1707009,17,33,10,0.0,0.37,Cerrado,92.9
bb62b722-c9a2-3481-8c7e-f709c7e40d80, -11.192700, -46.154600,2026-05-07 14:50:00,GOES-19,FORMOSA DO RIO PRETO,BAHIA,Brasil,2911105,29,33,16,0.0,0.62,Cerrado,280.3
13a0842c-4bdc-3142-966e-fbac505281d9, -10.589100, -47.041000,2026-05-07 14:50:00,GOES-19,PONTE ALTA DO TOCANTINS,TOCANTINS,Brasil,1717909,17,33,9,0.0,0.49,Cerrado,87.3
5d1be2db-db7a-3859-8d40-3d5d01e421bd, -21.833700, -47.207900,2026-05-07 14:50:00,GOES-19,SANTA CRUZ DAS PALMEIRAS,SÃO PAULO,Brasil,3546306,35,33,8,0.0,1.0,Mata Atlântica,82.5
c06e7e88-51cf-3eb8-94ae-4989b8647593, -12.782100, -58.989900,2026-05-07 14:50:00,GOES-19,CAMPOS DE JÚLIO,MATO GROSSO,Brasil,5102686,51,33,7,0.3,0.79,Cerrado,79.1
b6c45645-08cc-3c5d-8099-21d7f38715e1, -10.927300, -49.848800,2026-05-07 15:00:00,GOES-19,LAGOA DA CONFUSÃO,TOCANTINS,Brasil,1711902,17,33,6,0.0,0.86,Cerrado,58.8
21bed83e-69bc-32c2-87c3-71d32ac5d0fb, -13.169000, -52.694400,2026-05-07 15:00:00,GOES-19,CANARANA,MATO GROSSO,Brasil,5102702,51,33,8,0.0,0.47,Amazônia,97.7
62ca4ebc-6a4b-3753-bbb7-3f89c4159792, -14.400100, -44.584600,2026-05-07 15:00:00,GOES-19,MONTALVÂNIA,MINAS GERAIS,Brasil,3142700,31,33,21,0.0,0.87,Cerrado,66.5
18c4c565-6cef-3828-b38c-529425168830, -16.165500, -58.484200,2026-05-07 15:00:00,GOES-19,CÁCERES,MATO GROSSO,Brasil,5102504,51,33,8,0.0,0.13,Pantanal,79.2
190daee5-2a2f-380a-84a8-acbbc630da24, -12.350800, -50.026600,2026-05-07 15:00:00,GOES-19,SANDOLÂNDIA,TOCANTINS,Brasil,1718840,17,33,8,0.0,0.48,Cerrado,104.8
2e4ecc32-79cb-331d-a0bc-e2d05e886aec, -10.513200, -49.678600,2026-05-07 15:00:00,GOES-19,CRISTALÂNDIA,TOCANTINS,Brasil,1706100,17,33,8,0.0,0.59,Cerrado,106.1
40e59dfb-2668-3484-b414-9b3b48426e7c, -13.188500, -52.671100,2026-05-07 15:00:00,GOES-19,CANARANA,MATO GROSSO,Brasil,5102702,51,33,8,0.0,0.45,Amazônia,73.1
ebdc8c6e-e2ca-3322-afbe-4146f3814138, -10.927000, -49.870300,2026-05-07 15:00:00,GOES-19,LAGOA DA CONFUSÃO,TOCANTINS,Brasil,1711902,17,33,6,0.0,0.73,Cerrado,53.7
0e17834e-b00a-361e-affd-5a015a98870e, -12.351200, -50.005000,2026-05-07 15:00:00,GOES-19,SANDOLÂNDIA,TOCANTINS,Brasil,1718840,17,33,8,0.0,0.46,Cerrado,61.4
2af735c5-fc11-3bb7-8498-380c462f645b, -14.131200, -45.334400,2026-05-07 15:00:00,GOES-19,JABORANDI,BAHIA,Brasil,2917359,29,33,27,0.0,0.83,Cerrado,87.1
f7bfa137-e2db-3c5b-b3ab-64a9043e9a65, -14.130700, -45.357700,2026-05-07 15:00:00,GOES-19,JABORANDI,BAHIA,Brasil,2917359,29,33,26,0.0,0.82,Cerrado,73.1
03aa507d-f10b-3195-8ec3-325d48139c7f, -12.781900, -59.009600,2026-05-07 15:00:00,GOES-19,CAMPOS DE JÚLIO,MATO GROSSO,Brasil,5102686,51,33,7,0.3,0.73,Cerrado,92.3
df541b76-7c79-394e-8034-91bc2ddf1acf, -13.187800, -52.713200,2026-05-07 15:00:00,GOES-19,CANARANA,MATO GROSSO,Brasil,5102702,51,33,8,0.0,0.44,Amazônia,63.7
4186527f-d806-3beb-b9c3-c3add094e3b4, -13.188200, -52.692200,2026-05-07 15:00:00,GOES-19,CANARANA,MATO GROSSO,Brasil,5102702,51,33,8,0.0,0.21,Amazônia,275.2
be87ed53-2e12-3c1b-a127-dda9327206cc, -11.783300, -49.750200,2026-05-07 15:00:00,GOES-19,FORMOSO DO ARAGUAIA,TOCANTINS,Brasil,1708205,17,33,8,0.0,0.9,Cerrado,57.4
f0861643-a684-3a74-a807-02293b63ec67, -12.782100, -58.989900,2026-05-07 15:00:00,GOES-19,CAMPOS DE JÚLIO,MATO GROSSO,Brasil,5102686,51,33,7,0.3,0.79,Cerrado,96.1
2bd4cd3f-6528-3074-aba6-4f6f0dd260e7, -11.806600, -47.108200,2026-05-07 15:00:00,GOES-19,DIANÓPOLIS,TOCANTINS,Brasil,1707009,17,33,10,0.0,0.53,Cerrado,50.9
907af9ac-19d5-3924-b87d-6440da5fa041, -11.787900, -47.088400,2026-05-07 15:00:00,GOES-19,DIANÓPOLIS,TOCANTINS,Brasil,1707009,17,33,10,0.0,0.37,Cerrado,113.0
09708cf0-839b-3e54-bf7f-3c68110d8847, -11.787500, -47.110800,2026-05-07 15:00:00,GOES-19,DIANÓPOLIS,TOCANTINS,Brasil,1707009,17,33,10,0.0,0.37,Cerrado,74.4
2adfe387-c2c5-38ec-99b4-12e59ba0b17c, -16.415900, -54.928800,2026-05-07 15:10:00,GOES-19,RONDONÓPOLIS,MATO GROSSO,Brasil,5107602,51,33,8,0.0,1.0,Cerrado,69.7
880e3cf1-07dd-3570-aaa5-292f76eef250, -13.188500, -52.671100,2026-05-07 15:10:00,GOES-19,CANARANA,MATO GROSSO,Brasil,5102702,51,33,8,0.0,0.45,Amazônia,84.4
a8803e39-61cb-3e85-bb2a-8e797d04da83, -10.513200, -49.678600,2026-05-07 15:10:00,GOES-19,CRISTALÂNDIA,TOCANTINS,Brasil,1706100,17,33,8,0.0,0.59,Cerrado,55.4
89bfc320-eb2c-3d73-be96-353c3ac06e8f, -12.781900, -59.009600,2026-05-07 15:10:00,GOES-19,CAMPOS DE JÚLIO,MATO GROSSO,Brasil,5102686,51,33,7,0.3,0.73,Cerrado,108.7
927a8b38-698e-374b-8720-10f959a69684, -12.350800, -50.026600,2026-05-07 15:10:00,GOES-19,SANDOLÂNDIA,TOCANTINS,Brasil,1718840,17,33,8,0.0,0.48,Cerrado,105.6
bb951140-7ad7-33a0-a7b4-bd96cd3dfca9, -14.131200, -45.334400,2026-05-07 15:10:00,GOES-19,JABORANDI,BAHIA,Brasil,2917359,29,33,27,0.0,0.83,Cerrado,82.7
0ce62a01-c842-355a-a168-66dfaabefdd9, -13.188200, -52.692200,2026-05-07 15:10:00,GOES-19,CANARANA,MATO GROSSO,Brasil,5102702,51,33,8,0.0,0.21,Amazônia,348.5
2f85aba1-7e90-3ee0-af79-0c82ca2f6c28, -14.400100, -44.584600,2026-05-07 15:10:00,GOES-19,MONTALVÂNIA,MINAS GERAIS,Brasil,3142700,31,33,21,0.0,0.87,Cerrado,64.5
b19c9201-54d6-353e-ac85-d03cbe9c217c, -10.570100, -47.043300,2026-05-07 15:10:00,GOES-19,PONTE ALTA DO TOCANTINS,TOCANTINS,Brasil,1717909,17,33,9,0.0,0.49,Cerrado,110.8
531127c8-5b59-3e74-9ad7-bf1d4c98a2e4, -13.169000, -52.694400,2026-05-07 15:10:00,GOES-19,CANARANA,MATO GROSSO,Brasil,5102702,51,33,8,0.0,0.47,Amazônia,112.6
c72652b4-e800-3cd8-8b25-c95c0e44d1c1, -13.187800, -52.713200,2026-05-07 15:10:00,GOES-19,CANARANA,MATO GROSSO,Brasil,5102702,51,33,8,0.0,0.44,Amazônia,86.5
e1add3a5-b2f6-36df-b082-eb90740640cd, -10.569700, -47.065700,2026-05-07 15:10:00,GOES-19,PONTE ALTA DO TOCANTINS,TOCANTINS,Brasil,1717909,17,33,9,0.0,0.47,Cerrado,179.1
c7be6912-9f39-3748-889e-ec1fbc0dd78f, -11.787900, -47.088400,2026-05-07 15:10:00,GOES-19,DIANÓPOLIS,TOCANTINS,Brasil,1707009,17,33,10,0.0,0.37,Cerrado,90.1
2069fb8f-9850-3b37-a310-02bd5de06a94, -10.616000, -46.522500,2026-05-07 15:10:00,GOES-19,MATEIROS,TOCANTINS,Brasil,1712702,17,33,16,0.0,0.74,Cerrado,56.9
d4cce96f-f7fe-37e3-a381-42ea81159e0d, -11.806600, -47.108200,2026-05-07 15:10:00,GOES-19,DIANÓPOLIS,TOCANTINS,Brasil,1707009,17,33,10,0.0,0.53,Cerrado,49.7
882e68ad-8f29-3115-8cbf-48262f19b738, -11.192700, -46.154600,2026-05-07 15:10:00,GOES-19,FORMOSA DO RIO PRETO,BAHIA,Brasil,2911105,29,33,16,0.0,0.62,Cerrado,117.3
49e66f13-e166-30a8-9f8d-1eb60a465ba9, -12.782100, -58.989900,2026-05-07 15:10:00,GOES-19,CAMPOS DE JÚLIO,MATO GROSSO,Brasil,5102686,51,33,7,0.3,0.79,Cerrado,99.8
190e874d-18f0-30fa-a6c1-ba716ea4b9d5, -10.543700, -46.283800,2026-05-07 15:10:00,GOES-19,MATEIROS,TOCANTINS,Brasil,1712702,17,33,16,0.0,0.85,Cerrado,55.1
17a7df16-a03d-3e91-a0ca-1266527f8455, -11.787500, -47.110800,2026-05-07 15:10:00,GOES-19,DIANÓPOLIS,TOCANTINS,Brasil,1707009,17,33,10,0.0,0.37,Cerrado,68.7
c4ecdff0-a112-3db3-893f-8d2d5716cdf4, -16.416300, -54.907900,2026-05-07 15:20:00,GOES-19,RONDONÓPOLIS,MATO GROSSO,Brasil,5107602,51,33,8,0.0,0.98,Cerrado,83.6
19f3a213-1293-35ae-a48c-e38e678286d0, -13.188500, -52.671100,2026-05-07 15:20:00,GOES-19,CANARANA,MATO GROSSO,Brasil,5102702,51,33,8,0.0,0.45,Amazônia,129.3
4681a86e-59f1-30b4-9772-7dc6498f0801, -14.131200, -45.334400,2026-05-07 15:20:00,GOES-19,JABORANDI,BAHIA,Brasil,2917359,29,33,27,0.0,0.83,Cerrado,84.9
60f224ea-a568-307c-9ee9-7e95940feed9, -12.351200, -50.005000,2026-05-07 15:20:00,GOES-19,SANDOLÂNDIA,TOCANTINS,Brasil,1718840,17,33,8,0.0,0.46,Cerrado,69.3
2ee60f97-6eca-302e-9dfe-b3abc815454f, -16.435900, -54.905300,2026-05-07 15:20:00,GOES-19,RONDONÓPOLIS,MATO GROSSO,Brasil,5107602,51,33,8,0.0,1.0,Cerrado,77.6
28f41e8b-b867-35d5-b4be-0f320c155534, -13.187800, -52.713200,2026-05-07 15:20:00,GOES-19,CANARANA,MATO GROSSO,Brasil,5102702,51,33,8,0.0,0.44,Amazônia,104.7
e6dd12cd-4be4-3da1-92f3-41e06164a1a1, -14.400100, -44.584600,2026-05-07 15:20:00,GOES-19,MONTALVÂNIA,MINAS GERAIS,Brasil,3142700,31,33,21,0.0,0.87,Cerrado,62.4
96e023ce-8bf0-33c8-8167-aad96750ecc3, -13.169000, -52.694400,2026-05-07 15:20:00,GOES-19,CANARANA,MATO GROSSO,Brasil,5102702,51,33,8,0.0,0.47,Amazônia,117.7
40d23b78-af60-3686-9de6-afa77aa0e8d6, -16.415900, -54.928800,2026-05-07 15:20:00,GOES-19,RONDONÓPOLIS,MATO GROSSO,Brasil,5107602,51,33,8,0.0,1.0,Cerrado,84.5
7994fd85-9560-3087-b34f-7048b17591fe, -13.188200, -52.692200,2026-05-07 15:20:00,GOES-19,CANARANA,MATO GROSSO,Brasil,5102702,51,33,8,0.0,0.21,Amazônia,385.2
8049a17a-29ca-3111-9c4d-b3cab895179b, -12.781900, -59.009600,2026-05-07 15:20:00,GOES-19,CAMPOS DE JÚLIO,MATO GROSSO,Brasil,5102686,51,33,7,0.3,0.73,Cerrado,131.8
dc5dc942-7b04-3129-9b34-6693d67e1a10, -10.570100, -47.043300,2026-05-07 15:20:00,GOES-19,PONTE ALTA DO TOCANTINS,TOCANTINS,Brasil,1717909,17,33,9,0.0,0.49,Cerrado,174.6
82fdacb2-6bbb-3420-8c9a-80dfc865fbe8, -12.350800, -50.026600,2026-05-07 15:20:00,GOES-19,SANDOLÂNDIA,TOCANTINS,Brasil,1718840,17,33,8,0.0,0.48,Cerrado,92.5
8a3afe76-ba00-3c01-ac27-9bd5ab5c9531, -11.787900, -47.088400,2026-05-07 15:20:00,GOES-19,DIANÓPOLIS,TOCANTINS,Brasil,1707009,17,33,10,0.0,0.37,Cerrado,91.4
cab64a5b-b40c-399b-8ee1-80c790582973, -12.782100, -58.989900,2026-05-07 15:20:00,GOES-19,CAMPOS DE JÚLIO,MATO GROSSO,Brasil,5102686,51,33,7,0.3,0.79,Cerrado,102.7
a5a6023c-5ceb-3943-8ec9-298842f32404,  -5.143750, -35.618670,2026-05-07 15:29:00,NOAA-21,TOUROS,RIO GRANDE DO NORTE,Brasil,2414407,24,33,2,2.46,0.02,Caatinga,19.8
36b26e36-cc28-38a1-9e2b-70e8fee708c3,  -6.089790, -40.325390,2026-05-07 15:29:00,NOAA-21,TAUÁ,CEARÁ,Brasil,2313302,23,33,4,0.0,0.12,Caatinga,0.3
03526913-0a6a-31ce-9dbd-9380e8f302be,  -9.488990, -36.987280,2026-05-07 15:29:00,NOAA-21,MAJOR ISIDORO,ALAGOAS,Brasil,2704401,27,33,3,0.0,1.0,Caatinga,3.7
c7a4009b-4bbe-39ea-afdc-1c6563004868,  -9.126550, -37.576340,2026-05-07 15:29:00,NOAA-21,CANAPI,ALAGOAS,Brasil,2701605,27,33,5,0.0,0.99,Caatinga,4.9
70749001-57ab-3880-94bd-6a96acb9ce57,  -4.392120, -38.227280,2026-05-07 15:29:00,NOAA-21,BEBERIBE,CEARÁ,Brasil,2302206,23,33,1,3.2,0.0,Caatinga,13.6
1b5d948a-73da-37fa-bdb6-acd3def95f12,  -5.579440, -42.732870,2026-05-07 15:29:00,NOAA-21,MONSENHOR GIL,PIAUÍ,Brasil,2206407,22,33,4,0.1,0.13,Caatinga,21.5
1b505b0d-43a3-3b77-810b-ce9b117357ed, -12.988680, -39.825880,2026-05-07 15:29:00,NOAA-21,BREJÕES,BAHIA,Brasil,2904308,29,33,4,2.58,0.9,Mata Atlântica,5.9
d9dbfa37-5de4-3932-9736-aea15c6721f0,  -9.730750, -37.274170,2026-05-07 15:29:00,NOAA-21,PÃO DE AÇÚCAR,ALAGOAS,Brasil,2706406,27,33,3,0.0,0.86,Caatinga,6.6
b0edb4e9-9a23-31eb-84fc-5b6f0431a1e8,  -9.730380, -37.271320,2026-05-07 15:29:00,NOAA-21,PÃO DE AÇÚCAR,ALAGOAS,Brasil,2706406,27,33,3,0.0,0.8,Caatinga,6.6
1a1bbc43-6c88-3c24-94a8-a8e796b553d9, -12.988650, -39.825300,2026-05-07 15:29:00,NOAA-21,BREJÕES,BAHIA,Brasil,2904308,29,33,4,2.58,0.89,Mata Atlântica,7.0
2c1ebfe3-4fb4-3283-9ebe-2ef748d5c232,  -9.735390, -37.270820,2026-05-07 15:29:00,NOAA-21,PÃO DE AÇÚCAR,ALAGOAS,Brasil,2706406,27,33,3,0.0,0.62,Caatinga,1.9
f8c00a26-9169-3afe-8012-291fce134833,  -9.966930, -37.485010,2026-05-07 15:29:00,NOAA-21,PORTO DA FOLHA,SERGIPE,Brasil,2805604,28,33,0,0.0,1.0,Caatinga,9.3
ff859cf0-a50e-3930-afc1-04696417aebd,  -9.790370, -36.966010,2026-05-07 15:29:00,NOAA-21,TRAIPU,ALAGOAS,Brasil,2709202,27,33,3,0.0,0.62,Caatinga,9.8
850fadab-5a94-3ac3-a854-57dbd3ff247a,  -9.123460, -37.592090,2026-05-07 15:29:00,NOAA-21,CANAPI,ALAGOAS,Brasil,2701605,27,33,5,0.0,1.0,Caatinga,3.1
46a22249-d328-3ea6-af70-9e7a84b3856b,  -5.115320, -39.466430,2026-05-07 15:29:00,NOAA-21,QUIXERAMOBIM,CEARÁ,Brasil,2311405,23,33,3,0.0,0.07,Caatinga,6.1
ee372fb5-84e9-36d0-91bf-1512d9394739,  -9.776140, -36.934570,2026-05-07 15:29:00,NOAA-21,TRAIPU,ALAGOAS,Brasil,2709202,27,33,3,0.0,1.0,Caatinga,7.0
855603e1-157c-36a7-b33e-6594a4672a05,  -5.862050, -43.258090,2026-05-07 15:29:00,NOAA-21,PARNARAMA,MARANHÃO,Brasil,2107803,21,33,4,0.0,0.36,Cerrado,31.2
4bb0236c-d543-32f3-ae63-9b2ce6ca92af,  -9.793520, -36.968470,2026-05-07 15:29:00,NOAA-21,TRAIPU,ALAGOAS,Brasil,2709202,27,33,3,0.0,0.48,Caatinga,6.0
2044448d-c306-3b59-8c6e-72281c7465b3,  -9.685870, -37.061540,2026-05-07 15:29:00,NOAA-21,BATALHA,ALAGOAS,Brasil,2700706,27,33,3,0.0,0.62,Caatinga,7.5
0febb709-d544-3c6e-9f2e-fa03e2b8cd50,  -9.966550, -37.482020,2026-05-07 15:29:00,NOAA-21,PORTO DA FOLHA,SERGIPE,Brasil,2805604,28,33,0,0.0,1.0,Caatinga,9.3
78763fc3-e0cc-3734-9ab0-971591393b99,  -5.147900, -35.618060,2026-05-07 15:29:00,NOAA-21,TOUROS,RIO GRANDE DO NORTE,Brasil,2414407,24,33,2,2.37,0.01,Caatinga,19.8
85d610f2-cab7-3867-976b-843afd5ba8ed, -14.400100, -44.584600,2026-05-07 15:30:00,GOES-19,MONTALVÂNIA,MINAS GERAIS,Brasil,3142700,31,33,21,0.0,0.87,Cerrado,60.4
ce5dc27d-0f31-3530-b5c9-57505253377d, -13.188200, -52.692200,2026-05-07 15:30:00,GOES-19,CANARANA,MATO GROSSO,Brasil,5102702,51,33,8,0.0,0.21,Amazônia,569.7
9e32acd6-976e-3851-8f49-c238f10002f6, -12.350800, -50.026600,2026-05-07 15:30:00,GOES-19,SANDOLÂNDIA,TOCANTINS,Brasil,1718840,17,33,8,0.0,0.48,Cerrado,98.3
c7ee6bed-b484-3246-96dc-bc1c7a6627d8, -13.169000, -52.694400,2026-05-07 15:30:00,GOES-19,CANARANA,MATO GROSSO,Brasil,5102702,51,33,8,0.0,0.47,Amazônia,172.8
434e201b-5fed-3b5e-8c6d-9373e839e64a, -13.188500, -52.671100,2026-05-07 15:30:00,GOES-19,CANARANA,MATO GROSSO,Brasil,5102702,51,33,8,0.0,0.45,Amazônia,122.2
16ee1c7a-3db5-35fc-acc7-7b222d29c61d, -16.435900, -54.905300,2026-05-07 15:30:00,GOES-19,RONDONÓPOLIS,MATO GROSSO,Brasil,5107602,51,33,8,0.0,1.0,Cerrado,86.3
16f4e3d2-03ef-32d6-b01a-b738ab7a5676, -13.187800, -52.713200,2026-05-07 15:30:00,GOES-19,CANARANA,MATO GROSSO,Brasil,5102702,51,33,8,0.0,0.44,Amazônia,164.7
49a75e74-1c2f-38f3-a6ab-a42a5471892c, -16.416300, -54.907900,2026-05-07 15:30:00,GOES-19,RONDONÓPOLIS,MATO GROSSO,Brasil,5107602,51,33,8,0.0,0.98,Cerrado,90.2
df68f54f-72da-3562-a6bd-42b1003e0b80, -12.781900, -59.009600,2026-05-07 15:30:00,GOES-19,CAMPOS DE JÚLIO,MATO GROSSO,Brasil,5102686,51,33,7,0.3,0.73,Cerrado,165.6
5bb6272d-43e3-3b3e-b3da-9624d3049d87, -16.415900, -54.928800,2026-05-07 15:30:00,GOES-19,RONDONÓPOLIS,MATO GROSSO,Brasil,5107602,51,33,8,0.0,1.0,Cerrado,75.5
66eda193-961d-32ad-abb9-6f30502723f0, -12.762900, -59.011100,2026-05-07 15:30:00,GOES-19,CAMPOS DE JÚLIO,MATO GROSSO,Brasil,5102686,51,33,7,0.3,0.24,Cerrado,58.1
7f2833c0-75d1-3d6e-a100-d42aafe33e9a, -11.787900, -47.088400,2026-05-07 15:30:00,GOES-19,DIANÓPOLIS,TOCANTINS,Brasil,1707009,17,33,10,0.0,0.37,Cerrado,84.0
719c581e-fbf1-3f3c-837c-197bb634bd93, -11.821800, -50.989600,2026-05-07 15:30:00,GOES-19,SÃO FÉLIX DO ARAGUAIA,MATO GROSSO,Brasil,5107859,51,33,8,0.0,0.53,Cerrado,49.6
ec0a2f70-3280-33ca-988d-83b13e7bbf53, -13.207300, -52.689900,2026-05-07 15:30:00,GOES-19,CANARANA,MATO GROSSO,Brasil,5102702,51,33,8,0.0,1.0,Amazônia,76.7
8c5b3059-6c5e-3cf2-8419-81e9fbbbe592, -12.782100, -58.989900,2026-05-07 15:30:00,GOES-19,CAMPOS DE JÚLIO,MATO GROSSO,Brasil,5102686,51,33,7,0.3,0.79,Cerrado,106.5
162c2138-bb29-3231-adab-55f0b81abe11,  -8.913950, -38.418870,2026-05-07 15:31:00,NOAA-21,PETROLÂNDIA,PERNAMBUCO,Brasil,2611002,26,33,5,0.0,1.0,Caatinga,1.4
468ba3e8-cc31-3083-8921-9051e4c7c6d1, -12.781900, -59.009600,2026-05-07 15:40:00,GOES-19,CAMPOS DE JÚLIO,MATO GROSSO,Brasil,5102686,51,33,7,0.3,0.73,Cerrado,189.0
204d2545-ea23-37f7-8ff9-47ab0b3171dc, -12.763100, -58.991300,2026-05-07 15:40:00,GOES-19,CAMPOS DE JÚLIO,MATO GROSSO,Brasil,5102686,51,33,7,0.3,0.28,Cerrado,65.1
510fb758-49ea-3f38-a7bb-11d9defa5194, -10.570100, -47.043300,2026-05-07 15:40:00,GOES-19,PONTE ALTA DO TOCANTINS,TOCANTINS,Brasil,1717909,17,33,9,0.0,0.49,Cerrado,81.3
230ae627-867c-3594-9fab-71b5cdec3485, -13.188500, -52.671100,2026-05-07 15:40:00,GOES-19,CANARANA,MATO GROSSO,Brasil,5102702,51,33,8,0.0,0.45,Amazônia,118.3
4d9fd893-c2d2-354c-84bb-504e677709fc, -16.416300, -54.907900,2026-05-07 15:40:00,GOES-19,RONDONÓPOLIS,MATO GROSSO,Brasil,5107602,51,33,8,0.0,0.98,Cerrado,105.6
6e8a831e-f239-30fb-9b37-bd48609df4b4, -13.169000, -52.694400,2026-05-07 15:40:00,GOES-19,CANARANA,MATO GROSSO,Brasil,5102702,51,33,8,0.0,0.47,Amazônia,96.1
f757f186-31e4-3f05-a373-3b40ec3e6ce7, -13.187800, -52.713200,2026-05-07 15:40:00,GOES-19,CANARANA,MATO GROSSO,Brasil,5102702,51,33,8,0.0,0.44,Amazônia,155.9
07760d6b-17b4-3160-a928-e33503f90395, -13.188200, -52.692200,2026-05-07 15:40:00,GOES-19,CANARANA,MATO GROSSO,Brasil,5102702,51,33,8,0.0,0.21,Amazônia,570.0
cc8d2bee-cf37-3a97-a026-22c263d5280f, -16.415900, -54.928800,2026-05-07 15:40:00,GOES-19,RONDONÓPOLIS,MATO GROSSO,Brasil,5107602,51,33,8,0.0,1.0,Cerrado,92.8
4a46c55b-3acb-3442-a22b-2a08defd8b78, -12.782100, -58.989900,2026-05-07 15:40:00,GOES-19,CAMPOS DE JÚLIO,MATO GROSSO,Brasil,5102686,51,33,7,0.3,0.79,Cerrado,145.0
f49d9412-ce8c-3de3-97ea-18a5ee1380fb, -10.446500, -46.431000,2026-05-07 15:40:00,GOES-19,MATEIROS,TOCANTINS,Brasil,1712702,17,33,16,0.0,0.71,Cerrado,70.2
17823bdf-17fd-3e64-be75-fe3cb29f5eec, -11.787500, -47.110800,2026-05-07 15:40:00,GOES-19,DIANÓPOLIS,TOCANTINS,Brasil,1707009,17,33,10,0.0,0.37,Cerrado,57.6
7c4e170e-a60e-39fb-8e0c-52903722bab4, -14.557200, -58.919900,2026-05-07 15:40:00,GOES-19,TANGARÁ DA SERRA,MATO GROSSO,Brasil,5107958,51,33,7,0.0,0.24,Cerrado,127.7
a36c4384-0935-3c2a-b904-3573675e547e, -11.787900, -47.088400,2026-05-07 15:40:00,GOES-19,DIANÓPOLIS,TOCANTINS,Brasil,1707009,17,33,10,0.0,0.37,Cerrado,75.6
89ba098f-5128-3639-9ea7-5856a6df1769, -13.187800, -52.713200,2026-05-07 15:50:00,GOES-19,CANARANA,MATO GROSSO,Brasil,5102702,51,33,8,0.0,0.44,Amazônia,157.4
11b6d772-dfe1-300f-80b5-8d2af5d0ede2, -16.416300, -54.907900,2026-05-07 15:50:00,GOES-19,RONDONÓPOLIS,MATO GROSSO,Brasil,5107602,51,33,8,0.0,0.98,Cerrado,96.6
18dbbe1e-6848-3a44-b125-c9c268042c5f, -10.758400, -49.738200,2026-05-07 15:50:00,GOES-19,LAGOA DA CONFUSÃO,TOCANTINS,Brasil,1711902,17,33,7,0.0,0.88,Cerrado,65.9
0c8bf0da-d286-36e0-969b-82fa487b2adb, -10.777400, -49.736200,2026-05-07 15:50:00,GOES-19,LAGOA DA CONFUSÃO,TOCANTINS,Brasil,1711902,17,33,6,0.0,0.88,Cerrado,65.4
c0cc7d76-9e31-300f-93be-c4c233de8bf9, -16.415900, -54.928800,2026-05-07 15:50:00,GOES-19,RONDONÓPOLIS,MATO GROSSO,Brasil,5107602,51,33,8,0.0,1.0,Cerrado,77.1
0f33eee0-93b1-35d3-b76d-e39df8f18295, -13.169000, -52.694400,2026-05-07 15:50:00,GOES-19,CANARANA,MATO GROSSO,Brasil,5102702,51,33,8,0.0,0.47,Amazônia,107.0
20ae4294-502b-3753-8ad3-367a4510cb4a, -16.435900, -54.905300,2026-05-07 15:50:00,GOES-19,RONDONÓPOLIS,MATO GROSSO,Brasil,5107602,51,33,8,0.0,1.0,Cerrado,78.8
2cdecb2f-28e9-3f80-b6bc-5e7ef5de7558, -13.188500, -52.671100,2026-05-07 15:50:00,GOES-19,CANARANA,MATO GROSSO,Brasil,5102702,51,33,8,0.0,0.45,Amazônia,91.3
f5e94114-d559-3751-a46a-90f082d34726, -12.763100, -58.991300,2026-05-07 15:50:00,GOES-19,CAMPOS DE JÚLIO,MATO GROSSO,Brasil,5102686,51,33,7,0.3,0.28,Cerrado,82.5
994c57a7-b2db-3332-9f64-030934d51dca, -13.188200, -52.692200,2026-05-07 15:50:00,GOES-19,CANARANA,MATO GROSSO,Brasil,5102702,51,33,8,0.0,0.21,Amazônia,399.0
cb5240b0-4c16-3f9f-b2a4-1e2ae95f7f35, -13.207300, -52.689900,2026-05-07 15:50:00,GOES-19,CANARANA,MATO GROSSO,Brasil,5102702,51,33,8,0.0,1.0,Amazônia,83.7
c4cfe256-14dc-3b52-ab91-1fdad0114d35, -11.787500, -47.110800,2026-05-07 15:50:00,GOES-19,DIANÓPOLIS,TOCANTINS,Brasil,1707009,17,33,10,0.0,0.37,Cerrado,52.4
f459be39-1b58-3f41-a6ce-ca1e7990e0ec, -11.787900, -47.088400,2026-05-07 15:50:00,GOES-19,DIANÓPOLIS,TOCANTINS,Brasil,1707009,17,33,10,0.0,0.37,Cerrado,82.1
19556fe0-d8e1-373e-b1e2-44984dccb618, -12.782100, -58.989900,2026-05-07 15:50:00,GOES-19,CAMPOS DE JÚLIO,MATO GROSSO,Brasil,5102686,51,33,7,0.3,0.79,Cerrado,110.3
be77609f-6d87-3cef-9948-ca5f206af052, -14.401700, -44.583080,2026-05-07 15:58:00,NPP-375,MONTALVÂNIA,MINAS GERAIS,Brasil,3142700,31,33,20,0.0,0.87,Cerrado,19.3
59698b4d-0671-3283-9187-fcf0576c53d4, -14.398870, -44.583190,2026-05-07 15:58:00,NPP-375,MONTALVÂNIA,MINAS GERAIS,Brasil,3142700,31,33,20,0.0,0.87,Cerrado,10.4
250bc84d-d17a-3a46-b9fa-8dac0e17da10, -14.402150, -44.586860,2026-05-07 15:58:00,NPP-375,MONTALVÂNIA,MINAS GERAIS,Brasil,3142700,31,33,21,0.0,0.86,Cerrado,12.7
c3f30cd1-7f12-3f26-886b-a6b516e6ca07, -14.399280, -44.586960,2026-05-07 15:58:00,NPP-375,MONTALVÂNIA,MINAS GERAIS,Brasil,3142700,31,33,21,0.0,0.86,Cerrado,9.2
3143ece3-7055-3193-a433-3d749946170e, -15.839040, -41.916310,2026-05-07 15:58:00,NPP-375,TAIOBEIRAS,MINAS GERAIS,Brasil,3168002,31,33,24,0.0,0.46,Cerrado,7.4
30024cff-91ba-364e-bdaf-d83661c4ff80, -22.492740, -44.032420,2026-05-07 15:58:00,NPP-375,BARRA DO PIRAÍ,RIO DE JANEIRO,Brasil,3300308,33,33,4,0.0,1.0,Mata Atlântica,3.6
dfdd99e8-df11-3a15-9322-874b39252a13, -21.462700, -41.153740,2026-05-07 15:58:00,NPP-375,SÃO FRANCISCO DE ITABAPOANA,RIO DE JANEIRO,Brasil,3304755,33,33,3,0.0,1.0,Mata Atlântica,4.5
1f067e8a-0576-3e87-9cb1-a40ad45412bc, -16.435420, -45.511670,2026-05-07 15:58:00,NPP-375,SÃO ROMÃO,MINAS GERAIS,Brasil,3164209,31,33,27,0.0,0.79,Cerrado,2.7
02ba418f-d91f-34ec-9866-6efaeccd484c, -20.675650, -45.530540,2026-05-07 15:58:00,NPP-375,FORMIGA,MINAS GERAIS,Brasil,3126109,31,33,20,0.0,1.0,Cerrado,11.9
73b2d835-4f69-3d1b-992a-d306d4d21f25, -21.839730, -47.217660,2026-05-07 15:58:00,NPP-375,SANTA CRUZ DAS PALMEIRAS,SÃO PAULO,Brasil,3546306,35,33,8,0.0,1.0,Mata Atlântica,5.8
fa9ab06e-6c32-3d57-aa74-0eeead95ee8a, -15.039860, -41.991700,2026-05-07 15:58:00,NPP-375,CONDEÚBA,BAHIA,Brasil,2908705,29,33,27,0.0,1.0,Caatinga,2.2
1131fc2d-9a4a-3298-893d-a4e9138d790b, -15.926200, -43.735220,2026-05-07 15:58:00,NPP-375,SÃO JOÃO DA PONTE,MINAS GERAIS,Brasil,3162401,31,33,26,0.0,0.96,Cerrado,4.5
9ed373e5-ad4c-3103-b865-d4d0226f7de4, -14.563890, -47.476600,2026-05-07 15:58:00,NPP-375,SÃO JOÃO D'ALIANÇA,GOIÁS,Brasil,5220009,52,33,20,0.0,0.9,Cerrado,1.8
279884f1-3676-3dc9-9c54-111623774d72, -15.905940, -47.740090,2026-05-07 15:58:00,NPP-375,BRASÍLIA,DISTRITO FEDERAL,Brasil,5300108,53,33,11,0.0,1.0,Cerrado,2.3
1fb19b24-657c-3a2f-a6ef-ce6d237de01a, -14.370800, -41.585030,2026-05-07 15:58:00,NPP-375,BRUMADO,BAHIA,Brasil,2904605,29,33,3,0.0,0.83,Caatinga,6.6
d73089ec-4ddd-38f7-bf1a-df3dd83750ad, -14.402600, -44.590680,2026-05-07 15:58:00,NPP-375,MONTALVÂNIA,MINAS GERAIS,Brasil,3142700,31,33,21,0.0,0.86,Cerrado,12.7
dd5b0b04-e4a0-3593-bb5b-77744eaa2742, -17.505770, -42.357860,2026-05-07 15:58:00,NPP-375,MINAS NOVAS,MINAS GERAIS,Brasil,3141801,31,33,24,0.0,0.19,Cerrado,17.0
55843efe-b757-3f87-99dd-cf3ed8486a69, -21.836210, -47.217180,2026-05-07 15:58:00,NPP-375,SANTA CRUZ DAS PALMEIRAS,SÃO PAULO,Brasil,3546306,35,33,8,0.0,1.0,Mata Atlântica,6.7
649e2830-bc5b-3855-9dad-d6a032a2cb26, -20.674360, -45.533490,2026-05-07 15:58:00,NPP-375,FORMIGA,MINAS GERAIS,Brasil,3126109,31,33,20,0.0,1.0,Cerrado,8.2
d19d3981-45ba-39e5-bdaa-5e6e8a65bb07, -16.102120, -43.822370,2026-05-07 15:58:00,NPP-375,MONTES CLAROS,MINAS GERAIS,Brasil,3143302,31,33,27,0.0,0.66,Cerrado,7.5
b0cf23cb-7859-3779-9585-ffa5c99b8832, -15.731590, -42.327020,2026-05-07 15:58:00,NPP-375,RIO PARDO DE MINAS,MINAS GERAIS,Brasil,3155603,31,33,7,0.0,0.46,Cerrado,23.1
667abbf9-df74-39bb-9872-e94f3b8ab798, -15.039800, -41.994190,2026-05-07 15:58:00,NPP-375,CONDEÚBA,BAHIA,Brasil,2908705,29,33,27,0.0,0.99,Caatinga,3.2
8be526d7-d45c-3dc5-b03c-dcd6446e8fe0, -16.102860, -43.819850,2026-05-07 15:58:00,NPP-375,MONTES CLAROS,MINAS GERAIS,Brasil,3143302,31,33,27,0.0,0.58,Cerrado,7.1
4174b6b0-cd25-3921-80bd-213c534a31fe, -15.920770, -43.735750,2026-05-07 15:58:00,NPP-375,SÃO JOÃO DA PONTE,MINAS GERAIS,Brasil,3162401,31,33,26,0.0,1.0,Cerrado,3.7
429fa1ab-9c76-3374-ba62-d9da40852dd4, -15.406100, -44.263170,2026-05-07 15:58:00,NPP-375,JANUÁRIA,MINAS GERAIS,Brasil,3135209,31,33,27,0.0,0.99,Caatinga,8.8
f5ed4487-8086-3932-be3a-35a86496d1f8, -20.597620, -43.481860,2026-05-07 15:58:00,NPP-375,OURO PRETO,MINAS GERAIS,Brasil,3146107,31,33,20,0.0,0.36,Mata Atlântica,4.7
b8c9dac2-eb25-3b56-a6b4-b4384d5fecff, -15.016380, -42.201230,2026-05-07 15:58:00,NPP-375,CONDEÚBA,BAHIA,Brasil,2908705,29,33,27,0.0,0.91,Caatinga,8.2
d6212818-d8d2-3a33-87a9-8fdd6e46e7d9, -14.370830, -41.583040,2026-05-07 15:58:00,NPP-375,BRUMADO,BAHIA,Brasil,2904605,29,33,3,0.0,0.83,Caatinga,4.8
d5887e13-80b7-3bc6-b46b-05e07aaf57de, -14.977070, -44.889420,2026-05-07 15:58:00,NPP-375,BONITO DE MINAS,MINAS GERAIS,Brasil,3108255,31,33,24,0.0,0.39,Cerrado,3.7
c1f13059-233f-331e-a2f9-8e6b42ff41ff, -15.035660, -41.999890,2026-05-07 15:58:00,NPP-375,CONDEÚBA,BAHIA,Brasil,2908705,29,33,27,0.0,0.97,Caatinga,4.5
eb3d3572-78c8-3afb-acab-618399711a43, -14.404480, -44.582370,2026-05-07 15:58:00,NPP-375,MONTALVÂNIA,MINAS GERAIS,Brasil,3142700,31,33,20,0.0,0.87,Cerrado,10.4
53cffbe2-913f-3095-92d1-fb0d16464c15, -14.404900, -44.586180,2026-05-07 15:58:00,NPP-375,MONTALVÂNIA,MINAS GERAIS,Brasil,3142700,31,33,21,0.0,0.86,Cerrado,9.2
c3cbc660-f076-3821-b7d6-b2938d1091b9, -15.035020, -41.994730,2026-05-07 15:58:00,NPP-375,CONDEÚBA,BAHIA,Brasil,2908705,29,33,27,0.0,0.99,Caatinga,4.5
3a821b09-7632-3014-878b-4c9a9f594ba4, -14.399700, -44.590780,2026-05-07 15:58:00,NPP-375,MONTALVÂNIA,MINAS GERAIS,Brasil,3142700,31,33,21,0.0,0.86,Cerrado,9.2
40c74646-dd07-31b4-9a1c-f5c104d4237c, -15.406530, -44.266920,2026-05-07 15:58:00,NPP-375,JANUÁRIA,MINAS GERAIS,Brasil,3135209,31,33,27,0.0,0.99,Caatinga,7.5
e10c738b-91ad-3cb7-94c2-f8962309e17f, -15.730030, -42.329190,2026-05-07 15:58:00,NPP-375,RIO PARDO DE MINAS,MINAS GERAIS,Brasil,3155603,31,33,7,0.0,0.4,Cerrado,19.0
79698879-46dc-3dc9-a63d-4bb54b47962f, -15.410110, -44.266090,2026-05-07 15:58:00,NPP-375,JANUÁRIA,MINAS GERAIS,Brasil,3135209,31,33,27,0.0,0.97,Caatinga,5.7
dfeac2c8-cc57-3565-bc94-391f1a2cedf7, -15.732240, -42.332680,2026-05-07 15:58:00,NPP-375,RIO PARDO DE MINAS,MINAS GERAIS,Brasil,3155603,31,33,7,0.0,0.39,Cerrado,23.1
89d84d0b-c07c-3168-8696-f4f8fcb4b46e, -15.409710, -44.262320,2026-05-07 15:58:00,NPP-375,JANUÁRIA,MINAS GERAIS,Brasil,3135209,31,33,27,0.0,0.95,Caatinga,6.0
493b5ca7-6267-3f3e-a9cc-e348917896b5, -15.734940, -42.328480,2026-05-07 15:58:00,NPP-375,RIO PARDO DE MINAS,MINAS GERAIS,Brasil,3155603,31,33,6,0.0,0.44,Cerrado,19.0
5cf51d2e-b20f-329b-babb-7d9a957b290d, -10.569700, -47.065700,2026-05-07 16:00:00,GOES-19,PONTE ALTA DO TOCANTINS,TOCANTINS,Brasil,1717909,17,33,9,0.0,0.47,Cerrado,147.0
c4647bfb-0f99-3012-a35d-3618fe7d9602, -10.570100, -47.043300,2026-05-07 16:00:00,GOES-19,PONTE ALTA DO TOCANTINS,TOCANTINS,Brasil,1717909,17,33,9,0.0,0.49,Cerrado,101.2
28e1ecd9-9e6c-362e-a70d-c0b2378f36f9, -12.763100, -58.991300,2026-05-07 16:00:00,GOES-19,CAMPOS DE JÚLIO,MATO GROSSO,Brasil,5102686,51,33,7,0.3,0.28,Cerrado,70.8
db63f2cd-90f8-325a-9e2c-1620225bf31d, -14.557000, -58.939900,2026-05-07 16:00:00,GOES-19,TANGARÁ DA SERRA,MATO GROSSO,Brasil,5107958,51,33,7,0.0,0.23,Cerrado,208.9
32fadac7-e4fa-3941-93ff-971e6f750b03, -16.416300, -54.907900,2026-05-07 16:00:00,GOES-19,RONDONÓPOLIS,MATO GROSSO,Brasil,5107602,51,33,8,0.0,0.98,Cerrado,111.3
a72532bf-6e84-3b85-abbf-cb4cf9663198, -13.188200, -52.692200,2026-05-07 16:00:00,GOES-19,CANARANA,MATO GROSSO,Brasil,5102702,51,33,8,0.0,0.21,Amazônia,385.3
4ad6d652-5876-3f21-9c22-8d9580a67ec4, -12.350800, -50.026600,2026-05-07 16:00:00,GOES-19,SANDOLÂNDIA,TOCANTINS,Brasil,1718840,17,33,8,0.0,0.48,Cerrado,77.8
7e5956e0-a475-38d1-8fb5-e19c806031bd, -10.550700, -47.068000,2026-05-07 16:00:00,GOES-19,PONTE ALTA DO TOCANTINS,TOCANTINS,Brasil,1717909,17,33,9,0.0,0.46,Cerrado,64.6
5b5d073a-ff7d-34d2-b530-12513689c4c4, -10.758400, -49.738200,2026-05-07 16:00:00,GOES-19,LAGOA DA CONFUSÃO,TOCANTINS,Brasil,1711902,17,33,7,0.0,0.88,Cerrado,67.8
122a3b2e-bda9-31a9-a622-8991b4ea6c09, -13.169000, -52.694400,2026-05-07 16:00:00,GOES-19,CANARANA,MATO GROSSO,Brasil,5102702,51,33,8,0.0,0.47,Amazônia,149.3
3378d672-a5d5-347f-8c11-8de70633bfaf, -12.782100, -58.989900,2026-05-07 16:00:00,GOES-19,CAMPOS DE JÚLIO,MATO GROSSO,Brasil,5102686,51,33,7,0.3,0.79,Cerrado,94.4
93d9be8c-543e-315b-b87c-e9a59522bb22, -11.787900, -47.088400,2026-05-07 16:00:00,GOES-19,DIANÓPOLIS,TOCANTINS,Brasil,1707009,17,33,10,0.0,0.37,Cerrado,65.0
a7885c2c-53ff-32fb-b64b-bd9f60e07295, -10.242900, -47.421190,2026-05-07 16:01:00,NPP-375,LAGOA DO TOCANTINS,TOCANTINS,Brasil,1711951,17,33,9,0.0,0.6,Cerrado,7.3
3097e249-01f7-37f3-a23f-055aca7fca26, -10.434320, -46.444690,2026-05-07 16:01:00,NPP-375,MATEIROS,TOCANTINS,Brasil,1712702,17,33,16,0.0,0.69,Cerrado,15.7
c55227ff-771a-353e-9838-46fae81d02b2, -12.784820, -44.825580,2026-05-07 16:01:00,NPP-375,SÃO DESIDÉRIO,BAHIA,Brasil,2928901,29,33,18,0.0,0.79,Cerrado,4.2
0616cfda-4e03-31a4-923f-642a228e13a1, -10.429930, -46.458910,2026-05-07 16:01:00,NPP-375,MATEIROS,TOCANTINS,Brasil,1712702,17,33,16,0.0,0.68,Cerrado,25.4
53ca6e37-2ef4-37d9-88e4-f12898d0df68, -11.977870, -47.365230,2026-05-07 16:01:00,NPP-375,CONCEIÇÃO DO TOCANTINS,TOCANTINS,Brasil,1705607,17,33,10,0.0,0.62,Cerrado,4.3
ce739d33-b5a8-3148-81c7-a216eae99bd6, -11.789210, -47.099100,2026-05-07 16:01:00,NPP-375,DIANÓPOLIS,TOCANTINS,Brasil,1707009,17,33,9,0.0,0.37,Cerrado,19.4
b5ffbc32-ca54-394a-845a-78d13c390bf9, -14.130670, -45.341260,2026-05-07 16:01:00,NPP-375,JABORANDI,BAHIA,Brasil,2917359,29,33,27,0.0,0.82,Cerrado,5.9
3f47cac9-c24a-37ec-b581-7bfd6d1df716, -10.567690, -47.075950,2026-05-07 16:01:00,NPP-375,PONTE ALTA DO TOCANTINS,TOCANTINS,Brasil,1717909,17,33,9,0.0,0.45,Cerrado,19.8
f8303fcd-152a-355a-9748-e0f6cc235c7d,  -6.908600, -42.840680,2026-05-07 16:01:00,NPP-375,FLORIANO,PIAUÍ,Brasil,2203909,22,33,5,0.0,0.57,Caatinga,7.3
0f3006ed-388d-3471-9e57-efce92cf0499, -11.196010, -46.153640,2026-05-07 16:01:00,NPP-375,FORMOSA DO RIO PRETO,BAHIA,Brasil,2911105,29,33,16,0.0,0.63,Cerrado,6.4
9131d25d-9e26-3e83-acd0-adbda5e7731e,  -9.493510, -37.000440,2026-05-07 16:01:00,NPP-375,MAJOR ISIDORO,ALAGOAS,Brasil,2704401,27,33,3,0.0,1.0,Caatinga,2.3
cc2dda8f-3c9b-3060-a8e5-7f7ad339db26,  -8.928030, -36.969420,2026-05-07 16:01:00,NPP-375,ÁGUAS BELAS,PERNAMBUCO,Brasil,2600500,26,33,3,0.2,0.9,Caatinga,12.2
6d09c257-3df2-3c2b-bdde-a6dfd5f28a66,  -6.807950, -38.149800,2026-05-07 16:01:00,NPP-375,SOUSA,PARAÍBA,Brasil,2516201,25,33,2,4.97,0.04,Caatinga,1.2
b2873ef6-270d-3b58-9279-b95125de5397, -20.234800, -46.844660,2026-05-07 16:01:00,NPP-375,DELFINÓPOLIS,MINAS GERAIS,Brasil,3121209,31,33,23,0.0,0.52,Cerrado,7.7
5ada7fe5-1618-34aa-b166-fb681e448115, -14.142430, -45.339900,2026-05-07 16:01:00,NPP-375,JABORANDI,BAHIA,Brasil,2917359,29,33,27,0.0,0.82,Cerrado,3.7
eb0eb017-13a5-3acc-a4b4-a236c0888893, -10.435410, -46.453720,2026-05-07 16:01:00,NPP-375,MATEIROS,TOCANTINS,Brasil,1712702,17,33,16,0.0,0.68,Cerrado,7.8
86d2ec3d-f0ec-351a-bb20-349bcf7006ef, -11.790100, -43.632810,2026-05-07 16:01:00,NPP-375,BARRA,BAHIA,Brasil,2902708,29,33,15,1.12,0.67,Cerrado,8.6
d78a082f-57dc-3b66-9b0d-4d3e21826e00, -10.564630, -47.051130,2026-05-07 16:01:00,NPP-375,PONTE ALTA DO TOCANTINS,TOCANTINS,Brasil,1717909,17,33,9,0.0,0.49,Cerrado,13.7
9109beba-799a-3a41-8cfe-0823ebbc73d2,  -7.201890, -47.475660,2026-05-07 16:01:00,NPP-375,CAROLINA,MARANHÃO,Brasil,2102804,21,33,4,0.0,0.13,Cerrado,3.6
53931cb8-3369-3893-9e9f-f0461fcee0ac, -10.423380, -46.455360,2026-05-07 16:01:00,NPP-375,MATEIROS,TOCANTINS,Brasil,1712702,17,33,16,0.0,0.68,Cerrado,44.1
9f04f893-004f-3bf3-8d8d-3ef2ad9621a3, -10.571080, -47.072560,2026-05-07 16:01:00,NPP-375,PONTE ALTA DO TOCANTINS,TOCANTINS,Brasil,1717909,17,33,9,0.0,0.46,Cerrado,13.9
f709a78d-77d5-3201-8f49-b69d9ad8260c, -10.933060, -49.434940,2026-05-07 16:01:00,NPP-375,SANTA RITA DO TOCANTINS,TOCANTINS,Brasil,1718899,17,33,3,0.0,0.3,Cerrado,19.2
ddb0845b-d4d2-3e61-a0d2-638d368c2deb, -14.135500, -45.384190,2026-05-07 16:01:00,NPP-375,JABORANDI,BAHIA,Brasil,2917359,29,33,24,0.0,0.81,Cerrado,4.0
8f75c7c8-7e94-3cce-b0d0-cd350a437dbc, -10.567050, -47.070740,2026-05-07 16:01:00,NPP-375,PONTE ALTA DO TOCANTINS,TOCANTINS,Brasil,1717909,17,33,9,0.0,0.46,Cerrado,35.4
66dc0fae-3591-38ec-bb71-e417b5f02b7f, -18.387280, -46.576800,2026-05-07 16:01:00,NPP-375,PRESIDENTE OLEGÁRIO,MINAS GERAIS,Brasil,3153400,31,33,26,0.0,1.0,Cerrado,1.0
bce13844-dd31-3e15-8e61-ff7872efdd19, -10.064660, -37.746220,2026-05-07 16:01:00,NPP-375,MONTE ALEGRE DE SERGIPE,SERGIPE,Brasil,2804201,28,33,2,0.0,1.0,Caatinga,3.6
2971016e-3266-3870-b64d-4ffc301127e8,  -8.784430, -44.839840,2026-05-07 16:01:00,NPP-375,CURRAIS,PIAUÍ,Brasil,2203230,22,33,13,0.0,0.76,Cerrado,9.1
475505d5-d8cf-396e-945b-0e9d8c284883, -10.485940, -49.702060,2026-05-07 16:01:00,NPP-375,PIUM,TOCANTINS,Brasil,1717503,17,33,8,0.0,0.5,Cerrado,4.9
5d682364-00d0-3409-9c78-2e13395f3e1f, -12.153880, -46.663750,2026-05-07 16:01:00,NPP-375,PONTE ALTA DO BOM JESUS,TOCANTINS,Brasil,1717800,17,33,9,0.0,0.53,Cerrado,11.0
22f52c0a-a4b6-33b3-94dc-173ee31d77ca, -10.568780, -47.052780,2026-05-07 16:01:00,NPP-375,PONTE ALTA DO TOCANTINS,TOCANTINS,Brasil,1717909,17,33,9,0.0,0.49,Cerrado,19.3
354641a7-c745-3426-bd8d-d957eec1cfdc, -14.156870, -47.020500,2026-05-07 16:01:00,NPP-375,FLORES DE GOIÁS,GOIÁS,Brasil,5207907,52,33,9,0.0,1.0,Cerrado,2.7
f196be17-2673-3fce-a2a7-81ce86c2ed6f, -10.564830, -47.073480,2026-05-07 16:01:00,NPP-375,PONTE ALTA DO TOCANTINS,TOCANTINS,Brasil,1717909,17,33,9,0.0,0.46,Cerrado,13.9
77398357-c326-3153-9832-31ed3dad9859,  -9.792100, -36.969100,2026-05-07 16:01:00,NPP-375,TRAIPU,ALAGOAS,Brasil,2709202,27,33,3,0.0,0.44,Caatinga,3.5
fa8c8eea-8c4a-367b-817c-c7cba68088b1,  -6.909250, -42.845210,2026-05-07 16:01:00,NPP-375,FLORIANO,PIAUÍ,Brasil,2203909,22,33,5,0.0,0.57,Caatinga,7.3
77d51fa7-8b80-30f0-99a6-f9e6c54cd981,  -8.928560, -36.973010,2026-05-07 16:01:00,NPP-375,ÁGUAS BELAS,PERNAMBUCO,Brasil,2600500,26,33,3,0.2,0.89,Caatinga,12.2
f0a36616-3ab2-3b42-9782-01d98a0a88a2, -12.474780, -44.653780,2026-05-07 16:01:00,NPP-375,BAIANÓPOLIS,BAHIA,Brasil,2902500,29,33,8,1.62,0.42,Cerrado,4.1
7303ab9d-459e-3fd2-9a50-8f846dfdd8c4,  -9.776570, -36.934410,2026-05-07 16:01:00,NPP-375,TRAIPU,ALAGOAS,Brasil,2709202,27,33,3,0.0,1.0,Caatinga,8.0
c9ae97b0-b058-326f-84bf-51e966ba3756, -10.500470, -49.693010,2026-05-07 16:01:00,NPP-375,PIUM,TOCANTINS,Brasil,1717503,17,33,8,0.0,0.56,Cerrado,6.5
9c01df0d-47fb-3a3f-ba58-5a6c8e9852b4, -11.190580, -46.158970,2026-05-07 16:01:00,NPP-375,FORMOSA DO RIO PRETO,BAHIA,Brasil,2911105,29,33,16,0.0,0.65,Cerrado,2.7
439eef3a-4fe5-39f1-b5e4-e81af5e95e30, -11.195040, -46.145240,2026-05-07 16:01:00,NPP-375,FORMOSA DO RIO PRETO,BAHIA,Brasil,2911105,29,33,16,0.0,0.54,Cerrado,9.7
829e55b8-2561-3922-a92c-4eaace163127, -20.002370, -46.298160,2026-05-07 16:01:00,NPP-375,MEDEIROS,MINAS GERAIS,Brasil,3141306,31,33,26,0.0,1.0,Cerrado,2.2
3c564216-904d-34e0-84b3-1cccbce2c509, -11.436580, -49.485180,2026-05-07 16:01:00,NPP-375,DUERÉ,TOCANTINS,Brasil,1707306,17,33,8,0.0,0.36,Cerrado,4.7
3024a3ce-4b03-3923-a73b-68ef7c167297,  -9.126620, -37.577040,2026-05-07 16:01:00,NPP-375,CANAPI,ALAGOAS,Brasil,2701605,27,33,5,0.0,0.99,Caatinga,2.5
22bc6e0e-edf3-3285-a04e-9943fa6403c1,  -9.455890, -46.130010,2026-05-07 16:01:00,NPP-375,ALTO PARNAÍBA,MARANHÃO,Brasil,2100501,21,33,16,0.0,0.82,Cerrado,7.9
f1570588-b540-385d-b15a-680f1b633f9d, -10.571700, -47.077880,2026-05-07 16:01:00,NPP-375,PONTE ALTA DO TOCANTINS,TOCANTINS,Brasil,1717909,17,33,9,0.0,0.45,Cerrado,12.4
fb77e69c-4337-3370-a516-cd7b8dc3960b,  -6.806100, -38.997280,2026-05-07 16:01:00,NPP-375,LAVRAS DA MANGABEIRA,CEARÁ,Brasil,2307502,23,33,2,0.29,0.05,Caatinga,3.2
4b95a58c-95ef-39b1-8d60-5f3e8f8975da,  -9.491350, -36.985990,2026-05-07 16:01:00,NPP-375,MAJOR ISIDORO,ALAGOAS,Brasil,2704401,27,33,3,0.0,1.0,Caatinga,5.5
8f2eb077-befe-35f4-8b84-5dffa696f885, -11.976780, -46.790060,2026-05-07 16:01:00,NPP-375,DIANÓPOLIS,TOCANTINS,Brasil,1707009,17,33,10,0.0,0.69,Cerrado,6.7
3d622946-685e-313a-b835-bfa0d56cb289,  -9.455390, -46.126030,2026-05-07 16:01:00,NPP-375,ALTO PARNAÍBA,MARANHÃO,Brasil,2100501,21,33,16,0.0,0.74,Cerrado,7.9
8b51243f-a51d-3485-8dc9-3b829e8ee7e6, -10.566450, -47.065860,2026-05-07 16:01:00,NPP-375,PONTE ALTA DO TOCANTINS,TOCANTINS,Brasil,1717909,17,33,9,0.0,0.46,Cerrado,35.4
7ff753cc-de2e-3cd4-b9ae-9c49e125ab34, -10.565240, -47.056110,2026-05-07 16:01:00,NPP-375,PONTE ALTA DO TOCANTINS,TOCANTINS,Brasil,1717909,17,33,9,0.0,0.48,Cerrado,27.2
99e2d5fc-7eff-3df2-a497-0fa41aeab113, -11.195520, -46.149450,2026-05-07 16:01:00,NPP-375,FORMOSA DO RIO PRETO,BAHIA,Brasil,2911105,29,33,16,0.0,0.55,Cerrado,6.4
76277ca3-846b-3a43-bb2b-10c7c43ea728,  -8.783960, -44.836340,2026-05-07 16:01:00,NPP-375,CURRAIS,PIAUÍ,Brasil,2203230,22,33,13,0.0,0.76,Cerrado,9.1
591a2bc7-4a8f-3206-bd0b-7896dfd276e5, -12.790410, -44.824900,2026-05-07 16:01:00,NPP-375,SÃO DESIDÉRIO,BAHIA,Brasil,2928901,29,33,18,0.0,0.79,Cerrado,3.7
6db12a84-bf55-3bb3-8ecf-3638c8dbdbd5,  -8.749770, -49.306100,2026-05-07 16:01:00,NPP-375,ARAGUACEMA,TOCANTINS,Brasil,1701903,17,33,8,0.0,0.27,Cerrado,7.6
60fa136c-7a4c-31df-8639-503cd7032e47,  -6.538890, -37.886580,2026-05-07 16:01:00,NPP-375,JERICÓ,PARAÍBA,Brasil,2507408,25,33,3,0.84,0.19,Caatinga,4.5
4cf56a8a-f0b5-3646-bba2-de78b2a0fbb3,  -8.789260, -44.835640,2026-05-07 16:01:00,NPP-375,CURRAIS,PIAUÍ,Brasil,2203230,22,33,13,0.0,0.76,Cerrado,5.4
2c3a2674-f57c-3c85-af8d-c84e9e64a1bd, -10.569930, -47.062650,2026-05-07 16:01:00,NPP-375,PONTE ALTA DO TOCANTINS,TOCANTINS,Brasil,1717909,17,33,9,0.0,0.47,Cerrado,24.7
c5d1ad29-2ff4-331f-9ffc-00c5376b1076,  -8.887390, -36.858580,2026-05-07 16:01:00,NPP-375,PARANATAMA,PERNAMBUCO,Brasil,2610301,26,33,2,0.0,0.56,Caatinga,1.3
00e30c70-3a62-3b0f-bf93-db4b3e740765,  -9.684000, -37.060420,2026-05-07 16:01:00,NPP-375,BATALHA,ALAGOAS,Brasil,2700706,27,33,3,0.0,0.58,Caatinga,7.3
4eada16e-d499-36b6-bbe8-300af070963b, -12.785260, -44.829340,2026-05-07 16:01:00,NPP-375,SÃO DESIDÉRIO,BAHIA,Brasil,2928901,29,33,18,0.0,0.79,Cerrado,4.2
2d5fa1d7-7801-32f0-953d-f9cd67872f62, -10.198990, -46.459110,2026-05-07 16:01:00,NPP-375,SÃO FÉLIX DO TOCANTINS,TOCANTINS,Brasil,1720150,17,33,15,0.0,0.56,Cerrado,6.7
8bc00038-041f-3887-862f-c5e142a103e3, -10.939510, -49.435610,2026-05-07 16:01:00,NPP-375,SANTA RITA DO TOCANTINS,TOCANTINS,Brasil,1718899,17,33,3,0.0,0.31,Cerrado,18.3
f5d112ea-fc93-3c78-9713-87a52934ba24, -10.483610, -36.603880,2026-05-07 16:01:00,NPP-375,PACATUBA,SERGIPE,Brasil,2804904,28,33,-999,1.11,0.3,Mata Atlântica,3.2
e0352381-030f-3daa-9ba2-f69bb570473f, -14.134550, -45.375700,2026-05-07 16:01:00,NPP-375,JABORANDI,BAHIA,Brasil,2917359,29,33,25,0.0,0.81,Cerrado,8.3
5ae639d3-9145-35d1-998f-62aabd44a752, -10.563680, -47.063620,2026-05-07 16:01:00,NPP-375,PONTE ALTA DO TOCANTINS,TOCANTINS,Brasil,1717909,17,33,9,0.0,0.47,Cerrado,24.7
167d38e8-25f1-3f26-8f94-cfa1b65fa636, -14.135020, -45.379950,2026-05-07 16:01:00,NPP-375,JABORANDI,BAHIA,Brasil,2917359,29,33,24,0.0,0.81,Cerrado,8.3
0499c553-2451-344e-bd6e-7985611c3fb9,  -6.634570, -41.030680,2026-05-07 16:01:00,NPP-375,PIMENTEIRAS,PIAUÍ,Brasil,2208106,22,33,3,0.0,0.45,Caatinga,6.0
e235d003-74be-3b91-8baa-7cc67d1f8b6a, -14.135980, -45.388450,2026-05-07 16:01:00,NPP-375,JABORANDI,BAHIA,Brasil,2917359,29,33,24,0.0,0.81,Cerrado,4.0
ad1fa24e-ddb0-3f1e-a044-5662fab7ae54,  -8.783500, -44.832900,2026-05-07 16:01:00,NPP-375,CURRAIS,PIAUÍ,Brasil,2203230,22,33,13,0.0,0.77,Cerrado,18.9
dcac55ec-b4ec-343a-963c-25d5c591627e, -11.983330, -47.361550,2026-05-07 16:01:00,NPP-375,CONCEIÇÃO DO TOCANTINS,TOCANTINS,Brasil,1705607,17,33,10,0.0,0.91,Cerrado,9.5
88858861-0174-35c5-b4b1-2d9b56abb576, -10.940370, -49.443130,2026-05-07 16:01:00,NPP-375,SANTA RITA DO TOCANTINS,TOCANTINS,Brasil,1718899,17,33,3,0.0,0.31,Cerrado,12.8
826d21f1-a2c9-3870-9ef8-5ed7a978abbd, -11.553280, -48.273220,2026-05-07 16:01:00,NPP-375,SÃO VALÉRIO,TOCANTINS,Brasil,1720499,17,33,9,0.0,0.48,Cerrado,9.8
5cd0cf4b-fb71-3a99-85d7-4d5dde3356f5, -11.788610, -47.093850,2026-05-07 16:01:00,NPP-375,DIANÓPOLIS,TOCANTINS,Brasil,1707009,17,33,10,0.0,0.37,Cerrado,36.9
4a207e4f-110b-3d63-878e-f8b02c95b7b8,  -8.499350, -39.398800,2026-05-07 16:01:00,NPP-375,CABROBÓ,PERNAMBUCO,Brasil,2603009,26,33,6,0.0,1.0,Caatinga,6.5
21632ccf-5737-3147-9372-8f8355059159,  -9.791560, -36.965450,2026-05-07 16:01:00,NPP-375,TRAIPU,ALAGOAS,Brasil,2709202,27,33,3,0.0,0.66,Caatinga,3.5
e50d864d-b670-33e5-8ca4-47fe0e57491f, -10.569360, -47.057730,2026-05-07 16:01:00,NPP-375,PONTE ALTA DO TOCANTINS,TOCANTINS,Brasil,1717909,17,33,9,0.0,0.48,Cerrado,24.7
578bb0fc-1715-3e5f-bee4-685aeb769aa4, -10.564240, -47.068440,2026-05-07 16:01:00,NPP-375,PONTE ALTA DO TOCANTINS,TOCANTINS,Brasil,1717909,17,33,9,0.0,0.46,Cerrado,13.9
92073f13-a2f4-36d9-bcc6-24d25f988717, -11.199090, -46.148510,2026-05-07 16:01:00,NPP-375,FORMOSA DO RIO PRETO,BAHIA,Brasil,2911105,29,33,16,0.0,0.61,Cerrado,8.6
f2cd4586-b4e4-3ce3-8771-f119d46057b2, -10.423930, -46.459850,2026-05-07 16:01:00,NPP-375,MATEIROS,TOCANTINS,Brasil,1712702,17,33,16,0.0,0.68,Cerrado,25.4
f08475a9-d1ff-3f89-85de-d0ad853b1e10, -10.565850, -47.061020,2026-05-07 16:01:00,NPP-375,PONTE ALTA DO TOCANTINS,TOCANTINS,Brasil,1717909,17,33,9,0.0,0.47,Cerrado,27.2
984e6c17-7a0e-3bb2-b711-6c4500e400fe, -11.551760, -48.272570,2026-05-07 16:01:00,NPP-375,SÃO VALÉRIO,TOCANTINS,Brasil,1720499,17,33,9,0.0,0.55,Cerrado,6.1
1fce824d-62c3-3d7e-af9a-6b12560ed991, -10.434860, -46.449200,2026-05-07 16:01:00,NPP-375,MATEIROS,TOCANTINS,Brasil,1712702,17,33,16,0.0,0.68,Cerrado,7.8
325d90ba-d4e7-3c56-8652-cdb0cbbb6545, -13.952620, -45.423350,2026-05-07 16:01:00,NPP-375,JABORANDI,BAHIA,Brasil,2917359,29,33,26,0.0,0.87,Cerrado,10.2
8c337930-e1bb-3983-8c52-bb0f7d9b3fe5, -14.134070, -45.371440,2026-05-07 16:01:00,NPP-375,JABORANDI,BAHIA,Brasil,2917359,29,33,25,0.0,0.82,Cerrado,11.4
891b5e06-4273-3f5d-949a-2724d0354d5a, -10.249100, -46.457720,2026-05-07 16:01:00,NPP-375,MATEIROS,TOCANTINS,Brasil,1712702,17,33,15,0.0,0.58,Cerrado,2.0
e09a2bdb-9d17-38f2-8912-65c28b9f0ed6, -13.215300, -39.967960,2026-05-07 16:01:00,NPP-375,IRAJUBA,BAHIA,Brasil,2914208,29,33,4,4.83,0.63,Mata Atlântica,2.8
1fd1c67d-55e9-3d0b-b067-1b6f90fe3cbd, -12.673570, -45.479750,2026-05-07 16:01:00,NPP-375,SÃO DESIDÉRIO,BAHIA,Brasil,2928901,29,33,16,0.0,0.65,Cerrado,3.3
5cff0e1b-3149-3dd2-a1aa-fddecd5f4815,  -9.121970, -37.593020,2026-05-07 16:01:00,NPP-375,CANAPI,ALAGOAS,Brasil,2701605,27,33,5,0.0,1.0,Caatinga,6.1
97493c5c-3aa2-32f6-8b9b-f273407e1532, -13.950880, -45.422460,2026-05-07 16:01:00,NPP-375,JABORANDI,BAHIA,Brasil,2917359,29,33,26,0.0,0.87,Cerrado,11.8
f2fa3b68-3bd3-37e9-a691-85bd9ba473c7, -14.142910, -45.344150,2026-05-07 16:01:00,NPP-375,JABORANDI,BAHIA,Brasil,2917359,29,33,27,0.0,0.82,Cerrado,3.7
7ac0f366-9e11-3914-aaa1-2d019236b77e, -19.095830, -40.198060,2026-05-07 16:01:00,NPP-375,SOORETAMA,ESPÍRITO SANTO,Brasil,3205010,32,33,7,2.42,0.64,Mata Atlântica,3.1
5f3296c2-f9b0-3efc-bfa3-b997cbafe9fc, -14.136550, -45.340560,2026-05-07 16:01:00,NPP-375,JABORANDI,BAHIA,Brasil,2917359,29,33,27,0.0,0.82,Cerrado,5.9
36fa05ca-2cf7-3fdb-969d-727b3bcf81b2, -12.789960, -44.821140,2026-05-07 16:01:00,NPP-375,SÃO DESIDÉRIO,BAHIA,Brasil,2928901,29,33,18,0.0,0.79,Cerrado,5.2
4aeb74b0-7a26-3a21-9b8e-e73f77e5ac97, -10.570500, -47.067530,2026-05-07 16:01:00,NPP-375,PONTE ALTA DO TOCANTINS,TOCANTINS,Brasil,1717909,17,33,9,0.0,0.46,Cerrado,13.9
78a1c566-253d-3a78-8e9b-a3d2be32c696, -14.156570, -47.021030,2026-05-07 16:01:00,NPP-375,FLORES DE GOIÁS,GOIÁS,Brasil,5207907,52,33,9,0.0,1.0,Cerrado,4.0
aa778e9e-9052-36a3-a83b-5ec7c87afd66,  -8.478860, -37.648170,2026-05-07 16:01:00,NPP-375,IBIMIRIM,PERNAMBUCO,Brasil,2606606,26,33,5,0.0,0.92,Caatinga,2.2
55458701-ddd9-3436-8e83-8b4a52d1ddca,  -9.965710, -37.481990,2026-05-07 16:01:00,NPP-375,PORTO DA FOLHA,SERGIPE,Brasil,2805604,28,33,0,0.0,1.0,Caatinga,23.1
6a2e43c3-bd6f-3930-b3d9-330f8caed79f, -14.137030, -45.344830,2026-05-07 16:01:00,NPP-375,JABORANDI,BAHIA,Brasil,2917359,29,33,27,0.0,0.82,Cerrado,5.9
46dfac48-a188-380a-a140-65b605c68ba1, -10.575910, -47.039600,2026-05-07 16:01:00,NPP-375,PONTE ALTA DO TOCANTINS,TOCANTINS,Brasil,1717909,17,33,9,0.0,0.49,Cerrado,5.6
8ebf91ea-e74a-3d61-8ef9-7efdf5454495, -10.573880, -47.042050,2026-05-07 16:01:00,NPP-375,PONTE ALTA DO TOCANTINS,TOCANTINS,Brasil,1717909,17,33,9,0.0,0.49,Cerrado,5.1
9b44239f-5272-3d31-af78-ee262e7b5165, -11.211080, -49.399900,2026-05-07 16:01:00,NPP-375,DUERÉ,TOCANTINS,Brasil,1707306,17,33,9,0.0,0.74,Cerrado,8.3
7c90c96d-3cfa-3bfe-93ea-2e3948364f1e, -11.795590, -47.098380,2026-05-07 16:01:00,NPP-375,DIANÓPOLIS,TOCANTINS,Brasil,1707009,17,33,10,0.0,0.39,Cerrado,19.4
ef8137b4-bae9-366d-a633-4a2156974837, -14.131150, -45.345540,2026-05-07 16:01:00,NPP-375,JABORANDI,BAHIA,Brasil,2917359,29,33,27,0.0,0.82,Cerrado,5.9
687afc85-929a-3dfe-b380-1feb9d7dea02, -12.784370, -44.821820,2026-05-07 16:01:00,NPP-375,SÃO DESIDÉRIO,BAHIA,Brasil,2928901,29,33,18,0.0,0.79,Cerrado,7.4
197c09f3-bc1f-36f3-bd15-aeb862f11805, -11.403720, -40.368440,2026-05-07 16:01:00,NPP-375,SERROLÂNDIA,BAHIA,Brasil,2930600,29,33,2,0.0,0.85,Caatinga,3.9
bc9cb93e-edb0-3ce3-8e20-a5932bb4a5a2,  -8.851630, -36.551910,2026-05-07 16:01:00,NPP-375,GARANHUNS,PERNAMBUCO,Brasil,2606002,26,33,1,0.58,0.76,Mata Atlântica,3.8
1eb98661-cc9a-365d-86d0-dcd002ce5335, -11.984370, -47.364560,2026-05-07 16:01:00,NPP-375,CONCEIÇÃO DO TOCANTINS,TOCANTINS,Brasil,1705607,17,33,10,0.0,0.97,Cerrado,4.3
33a9a39d-5706-39b7-a3a5-ac388c2c3c04,  -6.119600, -44.704300,2026-05-07 16:03:00,NPP-375,MIRADOR,MARANHÃO,Brasil,2106706,21,33,3,0.0,0.29,Cerrado,7.6
8b99eeb4-e6f1-3e23-a5ce-5e59cc3cbe52,  -5.967160, -45.009540,2026-05-07 16:03:00,NPP-375,FERNANDO FALCÃO,MARANHÃO,Brasil,2104081,21,33,3,0.0,0.44,Cerrado,1.6
1a693d08-4932-3218-9920-ec2365945618,  -6.582710, -45.670650,2026-05-07 16:03:00,NPP-375,MIRADOR,MARANHÃO,Brasil,2106706,21,33,5,0.0,0.42,Cerrado,3.5
16e98698-313d-36da-855f-1bb1f423957f,  -6.118010, -44.703880,2026-05-07 16:03:00,NPP-375,MIRADOR,MARANHÃO,Brasil,2106706,21,33,3,0.0,0.29,Cerrado,7.1
d4e2720d-a512-3222-9439-a42947c08db0,  -4.390500, -38.230260,2026-05-07 16:03:00,NPP-375,BEBERIBE,CEARÁ,Brasil,2302206,23,33,1,3.15,0.0,Caatinga,6.1
5e9312a8-8c85-39dc-885a-bdc1f4094e15,  -4.927730, -45.329930,2026-05-07 16:03:00,NPP-375,LAGOA GRANDE DO MARANHÃO,MARANHÃO,Brasil,2105963,21,33,2,0.0,0.38,Cerrado,2.3
695f1ceb-c1c1-3800-99bc-ea68b69fa2a3,  -5.531900, -46.884850,2026-05-07 16:03:00,NPP-375,AMARANTE DO MARANHÃO,MARANHÃO,Brasil,2100600,21,33,3,0.0,0.69,Cerrado,4.1
fa23521c-66d1-3424-9e27-14dd0d15a079,  -5.784470, -45.118120,2026-05-07 16:03:00,NPP-375,BARRA DO CORDA,MARANHÃO,Brasil,2101608,21,33,3,0.0,0.34,Cerrado,10.7
8d46e28c-1057-3985-b244-4c74b9aa8d2a,  -6.155700, -45.103620,2026-05-07 16:03:00,NPP-375,FERNANDO FALCÃO,MARANHÃO,Brasil,2104081,21,33,4,0.0,0.5,Cerrado,6.3
9321420a-0282-37fc-815f-b4dbfaff3c50,  -5.018980, -42.641440,2026-05-07 16:03:00,NPP-375,TERESINA,PIAUÍ,Brasil,2211001,22,33,2,0.1,0.03,Cerrado,5.9
20410287-2ba9-36cf-9364-3ecbfabfebb9,  -5.414430, -43.212290,2026-05-07 16:03:00,NPP-375,MATÕES,MARANHÃO,Brasil,2106607,21,33,4,0.2,0.14,Cerrado,8.4
acbe72ad-f310-3504-a350-fcf0beb082d5,  -5.779760, -45.122090,2026-05-07 16:03:00,NPP-375,BARRA DO CORDA,MARANHÃO,Brasil,2101608,21,33,3,0.0,0.35,Cerrado,10.7
c753ec3a-213c-343b-af5d-6420bc779ff3,  -6.155240, -45.100370,2026-05-07 16:03:00,NPP-375,FERNANDO FALCÃO,MARANHÃO,Brasil,2104081,21,33,4,0.0,0.44,Cerrado,6.3
212a8567-0e34-36d7-8b01-a33bb7b36175,  -5.582640, -42.731460,2026-05-07 16:03:00,NPP-375,MONSENHOR GIL,PIAUÍ,Brasil,2206407,22,33,4,0.1,0.13,Caatinga,5.7
57efac67-80c8-39ba-8fd0-e6ca8da49f2a,  -6.211170, -45.234880,2026-05-07 16:03:00,NPP-375,FERNANDO FALCÃO,MARANHÃO,Brasil,2104081,21,33,7,0.0,0.55,Cerrado,9.6
a97e5cb4-57f3-320b-9d58-76ab471e1b41,  -6.114560, -44.705010,2026-05-07 16:03:00,NPP-375,MIRADOR,MARANHÃO,Brasil,2106706,21,33,3,0.0,0.29,Cerrado,7.6
2cfed456-3187-3799-a074-3eb1feba8708,  -5.779330, -45.118990,2026-05-07 16:03:00,NPP-375,BARRA DO CORDA,MARANHÃO,Brasil,2101608,21,33,3,0.0,0.34,Cerrado,10.7
4590ba50-9b89-3cec-ad54-e46599546e14,  -5.858040, -47.751540,2026-05-07 16:03:00,NPP-375,SÃO BENTO DO TOCANTINS,TOCANTINS,Brasil,1720101,17,33,4,0.0,0.21,Cerrado,12.4
2b0ddaf0-b801-318e-946b-93475760298e,  -5.023590, -38.081980,2026-05-07 16:03:00,NPP-375,RUSSAS,CEARÁ,Brasil,2311801,23,33,0,2.01,0.02,Caatinga,2.5
2a70d34d-19fc-3f7e-ad98-f43194dcb6de,  -4.389950, -38.226670,2026-05-07 16:03:00,NPP-375,BEBERIBE,CEARÁ,Brasil,2302206,23,33,1,3.2,0.0,Caatinga,6.1
2cdd2bd5-c27b-3ea7-af62-6e7c9bea9b87,  -5.583250, -42.735650,2026-05-07 16:03:00,NPP-375,MONSENHOR GIL,PIAUÍ,Brasil,2206407,22,33,4,0.1,0.13,Caatinga,5.7
5aca775b-c4c7-3076-872f-6eee6329cf69,  -6.117610, -44.700920,2026-05-07 16:03:00,NPP-375,MIRADOR,MARANHÃO,Brasil,2106706,21,33,3,0.0,0.29,Cerrado,7.1
e588c3bd-e093-3768-acf2-187b8fccac64, -13.188200, -52.692200,2026-05-07 16:10:00,GOES-19,CANARANA,MATO GROSSO,Brasil,5102702,51,33,8,0.0,0.21,Amazônia,461.2
471f06d9-d11d-34bd-bc0d-0064388468b6, -10.570100, -47.043300,2026-05-07 16:10:00,GOES-19,PONTE ALTA DO TOCANTINS,TOCANTINS,Brasil,1717909,17,33,9,0.0,0.49,Cerrado,124.8
fdd5d573-5953-3cc3-9993-b9359d574241, -10.569700, -47.065700,2026-05-07 16:10:00,GOES-19,PONTE ALTA DO TOCANTINS,TOCANTINS,Brasil,1717909,17,33,9,0.0,0.47,Cerrado,105.9
682976a8-e9ff-3c2c-90a9-40125f8c1c67, -12.781900, -59.009600,2026-05-07 16:10:00,GOES-19,CAMPOS DE JÚLIO,MATO GROSSO,Brasil,5102686,51,33,7,0.3,0.73,Cerrado,158.9
a6a1f714-1c24-3aba-80e3-78377b8b0888, -12.763100, -58.991300,2026-05-07 16:10:00,GOES-19,CAMPOS DE JÚLIO,MATO GROSSO,Brasil,5102686,51,33,7,0.3,0.28,Cerrado,54.0
72b4c204-4371-36ad-ac8e-675f542bb501, -10.758400, -49.738200,2026-05-07 16:10:00,GOES-19,LAGOA DA CONFUSÃO,TOCANTINS,Brasil,1711902,17,33,7,0.0,0.88,Cerrado,96.4
141c5a89-b80d-3574-8bab-802e9f785eda, -12.782100, -58.989900,2026-05-07 16:10:00,GOES-19,CAMPOS DE JÚLIO,MATO GROSSO,Brasil,5102686,51,33,7,0.3,0.79,Cerrado,107.9
4aaf1591-e207-3a01-80bc-5e878f54bbcd, -27.883850, -50.334140,2026-05-07 16:16:00,NOAA-20,LAGES,SANTA CATARINA,Brasil,4209300,42,33,3,0.4,0.04,Mata Atlântica,9.5
70aefd2a-8833-321b-9fb8-275533541f99, -27.881380, -50.336110,2026-05-07 16:16:00,NOAA-20,LAGES,SANTA CATARINA,Brasil,4209300,42,33,3,0.4,0.06,Mata Atlântica,15.2
6f5b966c-eb91-3f06-81f1-f8bb878a084e, -27.143600, -50.187440,2026-05-07 16:16:00,NOAA-20,TAIÓ,SANTA CATARINA,Brasil,4217808,42,33,2,0.51,0.25,Mata Atlântica,5.7
af4827eb-fdf3-396d-94d5-06d27e16dc71, -27.123380, -49.694500,2026-05-07 16:16:00,NOAA-20,RIO DO SUL,SANTA CATARINA,Brasil,4214805,42,33,2,0.65,0.06,Mata Atlântica,2.8
016a18b2-b5bb-33ce-89f3-9e276c0b7390, -26.546620, -48.937020,2026-05-07 16:16:00,NOAA-20,MASSARANDUBA,SANTA CATARINA,Brasil,4210605,42,33,-999,0.0,0.07,Mata Atlântica,2.5
65c01824-95d3-30dc-b655-bb73c539752a, -25.429800, -52.951350,2026-05-07 16:16:00,NOAA-20,QUEDAS DO IGUAÇU,PARANÁ,Brasil,4120903,41,33,2,1.16,0.3,Mata Atlântica,8.9
dcebacb5-56a9-395c-be07-9ea11e7ec582, -25.433510, -52.948120,2026-05-07 16:16:00,NOAA-20,QUEDAS DO IGUAÇU,PARANÁ,Brasil,4120903,41,33,2,1.19,0.32,Mata Atlântica,8.7
32ce21e9-d194-3e47-8a7c-f0e036a4d743, -27.883530, -50.328430,2026-05-07 16:16:00,NOAA-20,LAGES,SANTA CATARINA,Brasil,4209300,42,33,3,0.4,0.03,Mata Atlântica,9.5
31ef77af-df83-3ccd-9faa-9555ea2e040a, -25.892620, -51.647530,2026-05-07 16:16:00,NOAA-20,PINHÃO,PARANÁ,Brasil,4119301,41,33,3,0.0,0.01,Mata Atlântica,9.3
fbbb1fe9-1d11-393f-a718-6b959f8d8b18, -26.863920, -49.950370,2026-05-07 16:16:00,NOAA-20,VITOR MEIRELES,SANTA CATARINA,Brasil,4219358,42,33,2,0.89,0.04,Mata Atlântica,4.4
4d7faafa-c0b1-38fb-82cb-d7ab2426e2b0, -25.892990, -51.653990,2026-05-07 16:16:00,NOAA-20,PINHÃO,PARANÁ,Brasil,4119301,41,33,3,0.0,0.01,Mata Atlântica,8.0
ac1dbacb-b372-3128-8ac1-39d34c36507f, -25.713630, -49.992490,2026-05-07 16:16:00,NOAA-20,LAPA,PARANÁ,Brasil,4113205,41,33,3,0.1,0.02,Mata Atlântica,2.5
a6c959d8-d95c-356e-b6cc-fdffb5b58991, -25.988430, -49.054000,2026-05-07 16:16:00,NOAA-20,TIJUCAS DO SUL,PARANÁ,Brasil,4127601,41,33,-999,0.1,0.02,Mata Atlântica,3.6
07273d97-f202-37ae-abb7-21f5fd1642e5, -28.961890, -49.819350,2026-05-07 16:16:00,NOAA-20,JACINTO MACHADO,SANTA CATARINA,Brasil,4208708,42,33,0,1.24,0.05,Mata Atlântica,17.1
8d1404ee-1b95-323b-a70d-1cd25bc535d0, -27.881010, -50.330340,2026-05-07 16:16:00,NOAA-20,LAGES,SANTA CATARINA,Brasil,4209300,42,33,3,0.4,0.03,Mata Atlântica,14.4
d6fb013c-6075-34da-aa9c-60976dc78a4b, -27.124720, -49.693490,2026-05-07 16:16:00,NOAA-20,RIO DO SUL,SANTA CATARINA,Brasil,4214805,42,33,2,0.66,0.06,Mata Atlântica,3.5
d5f8cf78-b66d-3a5f-959b-dda4f35b72b2, -28.709470, -49.616170,2026-05-07 16:16:00,NOAA-20,NOVA VENEZA,SANTA CATARINA,Brasil,4211603,42,33,0,1.98,0.02,Mata Atlântica,3.4
3cc070ef-1827-3344-86d0-4eefee003f94, -25.156040, -52.470680,2026-05-07 16:16:00,NOAA-20,NOVA LARANJEIRAS,PARANÁ,Brasil,4117057,41,33,2,2.62,0.1,Mata Atlântica,5.6
bb7b948d-4251-3cf5-b96f-f132d645ee1a, -28.962210, -49.824770,2026-05-07 16:16:00,NOAA-20,JACINTO MACHADO,SANTA CATARINA,Brasil,4208708,42,33,0,1.21,0.04,Mata Atlântica,14.0
2105c601-49ae-3bcf-845f-cd7ee86a7178, -27.342710, -51.449340,2026-05-07 16:16:00,NOAA-20,CAMPOS NOVOS,SANTA CATARINA,Brasil,4203600,42,33,1,3.72,0.01,Mata Atlântica,7.9
b3381281-3b00-3458-be50-c13ac9cadb9e, -23.489940, -45.453150,2026-05-07 16:18:00,NOAA-20,NATIVIDADE DA SERRA,SÃO PAULO,Brasil,3532306,35,33,4,0.0,1.0,Mata Atlântica,5.3
2961c312-8ffb-36ad-a30c-7dbf9bfe715d, -17.504600, -42.358500,2026-05-07 16:18:00,NOAA-20,MINAS NOVAS,MINAS GERAIS,Brasil,3141801,31,33,24,0.0,0.19,Cerrado,7.6
a6bb6f6e-8de8-3243-8ecd-ab59cb4adfb6, -22.060840, -41.249100,2026-05-07 16:18:00,NOAA-20,CAMPOS DOS GOYTACAZES,RIO DE JANEIRO,Brasil,3301009,33,33,-999,0.3,1.0,Mata Atlântica,2.4
1745381b-5b0f-37c1-b4c5-16531eb25892, -19.009230, -39.892310,2026-05-07 16:18:00,NOAA-20,JAGUARÉ,ESPÍRITO SANTO,Brasil,3203056,32,33,-999,0.43,1.0,Mata Atlântica,3.8
f85cf143-3df4-363c-81e6-114471064852, -23.142050, -51.655470,2026-05-07 16:18:00,NOAA-20,ASTORGA,PARANÁ,Brasil,4102109,41,33,6,0.0,0.36,Mata Atlântica,6.3
27d6d3a3-e983-3e8a-88d8-a06fb0ee638b, -21.426910, -48.522950,2026-05-07 16:18:00,NOAA-20,TAQUARITINGA,SÃO PAULO,Brasil,3553708,35,33,9,0.0,-999.0,Cerrado,55.1
d4245c93-6bd3-3b31-9f20-cf4b1f9a1b71, -23.016490, -51.823910,2026-05-07 16:18:00,NOAA-20,SANTA FÉ,PARANÁ,Brasil,4123402,41,33,4,0.0,0.44,Mata Atlântica,8.9
03541731-a059-34e3-94c0-82720ac54251, -20.675610, -45.529490,2026-05-07 16:18:00,NOAA-20,FORMIGA,MINAS GERAIS,Brasil,3126109,31,33,20,0.0,1.0,Cerrado,9.5
481b4a03-ce86-3ba5-941e-d4a83e533579, -21.102140, -40.861760,2026-05-07 16:18:00,NOAA-20,MARATAÍZES,ESPÍRITO SANTO,Brasil,3203320,32,33,-999,0.09,-999.0,Mata Atlântica,6.8
d0398447-36c5-3d7d-8f02-b78811f6a5be, -21.386310, -45.808780,2026-05-07 16:18:00,NOAA-20,CAMPOS GERAIS,MINAS GERAIS,Brasil,3111606,31,33,9,0.0,1.0,Mata Atlântica,4.4
27faec51-4c42-3882-91f3-5d1b9be7991b, -18.246900, -51.264350,2026-05-07 16:18:00,NOAA-20,APARECIDA DO RIO DOCE,GOIÁS,Brasil,5201454,52,33,9,0.0,1.0,Cerrado,9.6
e6af734b-34fb-3d99-a354-b4cce82522e7, -20.196020, -48.021900,2026-05-07 16:18:00,NOAA-20,MIGUELÓPOLIS,SÃO PAULO,Brasil,3529708,35,33,19,0.0,1.0,Cerrado,4.2
185889d9-d261-3c59-bde0-a93c2c10356d, -18.798160, -39.909190,2026-05-07 16:18:00,NOAA-20,SÃO MATEUS,ESPÍRITO SANTO,Brasil,3204906,32,33,-999,0.83,0.49,Mata Atlântica,2.2
786181e5-f3f4-3018-8c13-2819a3e07ba0, -21.915240, -50.493690,2026-05-07 16:18:00,NOAA-20,TUPÃ,SÃO PAULO,Brasil,3555000,35,33,7,0.1,1.0,Mata Atlântica,6.1
0550dcbd-a6a0-35e7-88a5-620b6444ae4e, -21.266890, -41.760990,2026-05-07 16:18:00,NOAA-20,ITAPERUNA,RIO DE JANEIRO,Brasil,3302205,33,33,4,0.0,1.0,Mata Atlântica,3.7
8936d2b1-7e02-3226-96e5-a653889423dc, -20.618500, -51.116210,2026-05-07 16:18:00,NOAA-20,PEREIRA BARRETO,SÃO PAULO,Brasil,3537404,35,33,8,0.0,1.0,Mata Atlântica,3.3
bd4289b6-27d2-31bd-bdde-659fab2d667f, -22.922520, -48.681940,2026-05-07 16:18:00,NOAA-20,BOTUCATU,SÃO PAULO,Brasil,3507506,35,33,4,0.0,0.65,Cerrado,5.9
c4449989-e316-378c-82be-24c5f8d7e50f, -21.432560, -48.525990,2026-05-07 16:18:00,NOAA-20,TAQUARITINGA,SÃO PAULO,Brasil,3553708,35,33,9,0.0,1.0,Cerrado,55.1
06edd682-e71f-3fba-a261-7512145c5dbf, -22.917060, -48.682390,2026-05-07 16:18:00,NOAA-20,BOTUCATU,SÃO PAULO,Brasil,3507506,35,33,4,0.0,0.28,Cerrado,5.9
344266f3-dd70-32fe-b853-789aa95e4e2f, -21.839260, -47.218380,2026-05-07 16:18:00,NOAA-20,SANTA CRUZ DAS PALMEIRAS,SÃO PAULO,Brasil,3546306,35,33,8,0.0,1.0,Mata Atlântica,4.9
374de676-e74b-3bd6-a22f-1f9014521ded, -21.428220, -48.523120,2026-05-07 16:18:00,NOAA-20,TAQUARITINGA,SÃO PAULO,Brasil,3553708,35,33,9,0.0,-999.0,Cerrado,83.4
b8203fd0-740c-3a50-878d-8930f761d79c, -20.236690, -46.842050,2026-05-07 16:18:00,NOAA-20,DELFINÓPOLIS,MINAS GERAIS,Brasil,3121209,31,33,23,0.0,0.6,Cerrado,8.4
ee3b4441-7efc-34c8-99c4-3e225dc3d4c9, -20.002890, -46.297490,2026-05-07 16:18:00,NOAA-20,MEDEIROS,MINAS GERAIS,Brasil,3141306,31,33,26,0.0,1.0,Cerrado,4.6
0fd8262b-00a9-352c-ab3c-dd4f011b97d6, -20.617620, -51.116600,2026-05-07 16:18:00,NOAA-20,PEREIRA BARRETO,SÃO PAULO,Brasil,3537404,35,33,8,0.0,1.0,Mata Atlântica,5.5
d3f7ae84-9076-3fe9-b3c8-232a52f899fd, -17.508090, -42.357990,2026-05-07 16:18:00,NOAA-20,MINAS NOVAS,MINAS GERAIS,Brasil,3141801,31,33,24,0.0,0.19,Cerrado,7.6
77f568f8-e5d9-3b0e-8402-1d25a2ba448f, -20.226560, -46.836040,2026-05-07 16:18:00,NOAA-20,DELFINÓPOLIS,MINAS GERAIS,Brasil,3121209,31,33,20,0.0,0.51,Cerrado,11.8
01a28da4-5f79-3206-8c9f-25b5a36a1138, -20.724340, -43.646960,2026-05-07 16:18:00,NOAA-20,ITAVERAVA,MINAS GERAIS,Brasil,3133907,31,33,20,0.0,0.99,Mata Atlântica,1.9
c4ad1317-8281-3ec7-a154-ae32360cefab, -21.433900, -48.526190,2026-05-07 16:18:00,NOAA-20,TAQUARITINGA,SÃO PAULO,Brasil,3553708,35,33,9,0.0,1.0,Cerrado,83.4
a996567d-61cf-3a15-98da-8aa6695dc095, -23.203990, -48.962840,2026-05-07 16:18:00,NOAA-20,AVARÉ,SÃO PAULO,Brasil,3504503,35,33,4,0.0,0.68,Cerrado,3.7
c7de9be5-e57a-3eaf-957f-48b257106615, -21.427560, -48.529910,2026-05-07 16:18:00,NOAA-20,TAQUARITINGA,SÃO PAULO,Brasil,3553708,35,33,9,0.0,1.0,Cerrado,44.1
8271276c-1528-36ce-a8c8-7e58481e176b, -20.680460, -45.533440,2026-05-07 16:18:00,NOAA-20,FORMIGA,MINAS GERAIS,Brasil,3126109,31,33,20,0.0,1.0,Cerrado,7.6
30a7ef39-2836-36de-8264-93fd52eda6fb, -20.676140, -45.533940,2026-05-07 16:18:00,NOAA-20,FORMIGA,MINAS GERAIS,Brasil,3126109,31,33,20,0.0,1.0,Cerrado,13.2
384a9aa8-2007-36da-838f-85d376b432e8, -23.204340, -48.966870,2026-05-07 16:18:00,NOAA-20,AVARÉ,SÃO PAULO,Brasil,3504503,35,33,4,0.0,0.68,Cerrado,3.9
a3e9597d-19b2-349c-abb1-d3aaaf783520, -22.965660, -47.168510,2026-05-07 16:18:00,NOAA-20,CAMPINAS,SÃO PAULO,Brasil,3509502,35,33,4,0.0,-999.0,Mata Atlântica,3.6
c3df6795-d31d-3195-9033-5a457b9ef10e, -21.816510, -41.302900,2026-05-07 16:18:00,NOAA-20,CAMPOS DOS GOYTACAZES,RIO DE JANEIRO,Brasil,3301009,33,33,5,0.72,-999.0,Mata Atlântica,4.1
cf90c966-4fc3-3841-b42d-955c614a9413, -21.836740, -47.217820,2026-05-07 16:18:00,NOAA-20,SANTA CRUZ DAS PALMEIRAS,SÃO PAULO,Brasil,3546306,35,33,8,0.0,1.0,Mata Atlântica,11.5
ba50f093-c176-3d21-91b5-15bebb24e1a3, -21.460780, -41.154250,2026-05-07 16:18:00,NOAA-20,SÃO FRANCISCO DE ITABAPOANA,RIO DE JANEIRO,Brasil,3304755,33,33,3,0.0,1.0,Mata Atlântica,5.9
374a4db0-f03c-3ea6-ace8-20c6f6ed3e4c, -20.935510, -46.936100,2026-05-07 16:18:00,NOAA-20,SÃO SEBASTIÃO DO PARAÍSO,MINAS GERAIS,Brasil,3164704,31,33,8,0.0,0.58,Cerrado,4.9
bba874b0-59d5-3807-b144-41d479569853, -21.428930, -48.530090,2026-05-07 16:18:00,NOAA-20,TAQUARITINGA,SÃO PAULO,Brasil,3553708,35,33,9,0.0,1.0,Cerrado,96.0
4ba55f72-5daa-3ac5-ac5e-251b801bd298, -21.449320, -41.147860,2026-05-07 16:18:00,NOAA-20,SÃO FRANCISCO DE ITABAPOANA,RIO DE JANEIRO,Brasil,3304755,33,33,3,0.0,1.0,Mata Atlântica,2.1
b56cbf79-4311-3a3d-8f7c-4d1b50cdb68b, -23.135510, -51.656020,2026-05-07 16:18:00,NOAA-20,ASTORGA,PARANÁ,Brasil,4102109,41,33,6,0.0,0.36,Mata Atlântica,16.6
2e94baf6-9fb9-3dbd-8ea5-8754e2afdee8, -22.048170, -48.408690,2026-05-07 16:18:00,NOAA-20,TRABIJU,SÃO PAULO,Brasil,3554755,35,33,7,0.0,1.0,Cerrado,10.0
18e32e69-1eb5-3af6-84a2-06c614bf3388, -23.530110, -47.031440,2026-05-07 16:18:00,NOAA-20,SÃO ROQUE,SÃO PAULO,Brasil,3550605,35,33,3,0.0,0.36,Mata Atlântica,4.2
c720589f-3496-34ea-be57-9cc6d8cd8f0d, -18.900670, -40.712930,2026-05-07 16:18:00,NOAA-20,NOVA VENÉCIA,ESPÍRITO SANTO,Brasil,3203908,32,33,5,0.23,0.78,Mata Atlântica,2.2
f77cf4d0-43dc-3597-95b4-210fc4ffa821, -21.427240, -48.526410,2026-05-07 16:18:00,NOAA-20,TAQUARITINGA,SÃO PAULO,Brasil,3553708,35,33,9,0.0,1.0,Cerrado,55.1
a366c266-96db-374a-9c03-c2012ed17cb5, -23.533650, -47.031800,2026-05-07 16:18:00,NOAA-20,SÃO ROQUE,SÃO PAULO,Brasil,3550605,35,33,3,0.0,0.42,Mata Atlântica,8.3
49c4ba6b-35b6-3183-84e6-b406df51245a, -21.912940, -50.490460,2026-05-07 16:18:00,NOAA-20,TUPÃ,SÃO PAULO,Brasil,3555000,35,33,7,0.1,1.0,Mata Atlântica,4.2
81bd30b8-163f-33f7-9ab0-e286730fd911, -20.231320, -46.836270,2026-05-07 16:18:00,NOAA-20,DELFINÓPOLIS,MINAS GERAIS,Brasil,3121209,31,33,21,0.0,0.51,Cerrado,8.4
81c20c8f-ad02-3b37-9a0a-06037f8261bd, -18.252970, -51.263750,2026-05-07 16:18:00,NOAA-20,APARECIDA DO RIO DOCE,GOIÁS,Brasil,5201454,52,33,9,0.0,1.0,Cerrado,10.7
b2396d7f-998d-3903-8815-f7453258fa7c, -21.432890, -48.529480,2026-05-07 16:18:00,NOAA-20,TAQUARITINGA,SÃO PAULO,Brasil,3553708,35,33,9,0.0,1.0,Cerrado,44.1
017a8773-48e1-33fc-9fc9-e0209acb9680, -10.569700, -47.065700,2026-05-07 16:20:00,GOES-19,PONTE ALTA DO TOCANTINS,TOCANTINS,Brasil,1717909,17,33,9,0.0,0.47,Cerrado,210.8
f2c90146-2b7c-34ff-9e9e-25152972de80, -13.188200, -52.692200,2026-05-07 16:20:00,GOES-19,CANARANA,MATO GROSSO,Brasil,5102702,51,33,8,0.0,0.21,Amazônia,727.0
15eb5240-bd8a-32b1-b3c5-e5cca6886e4b, -10.550700, -47.068000,2026-05-07 16:20:00,GOES-19,PONTE ALTA DO TOCANTINS,TOCANTINS,Brasil,1717909,17,33,9,0.0,0.46,Cerrado,67.5
c4880f58-875f-3c41-8a6d-2b4f7147e44c, -12.763100, -58.991300,2026-05-07 16:20:00,GOES-19,CAMPOS DE JÚLIO,MATO GROSSO,Brasil,5102686,51,33,7,0.3,0.28,Cerrado,59.6
571297c4-bee1-3df0-b935-08bb4b2a2a04, -15.730700, -42.328940,2026-05-07 16:20:00,NOAA-20,RIO PARDO DE MINAS,MINAS GERAIS,Brasil,3155603,31,33,7,0.0,0.41,Cerrado,32.3
1e88a3dd-9849-3344-b868-8fc16c5f92ae, -11.301070, -54.021450,2026-05-07 16:20:00,NOAA-20,UNIÃO DO SUL,MATO GROSSO,Brasil,5108303,51,33,8,0.0,0.17,Amazônia,5.7
aef040f7-8860-3a76-80bd-68115eabe746, -11.792840, -43.630660,2026-05-07 16:20:00,NOAA-20,BARRA,BAHIA,Brasil,2902708,29,33,15,1.11,0.85,Cerrado,11.2
ed8352a4-06f1-3ec4-ab8f-93e8d872f88b, -12.344670, -50.014790,2026-05-07 16:20:00,NOAA-20,SANDOLÂNDIA,TOCANTINS,Brasil,1718840,17,33,8,0.0,0.46,Cerrado,6.5
3f675c69-fda3-386f-ad72-a9e587bd7a28, -10.566410, -47.063020,2026-05-07 16:20:00,NOAA-20,PONTE ALTA DO TOCANTINS,TOCANTINS,Brasil,1717909,17,33,9,0.0,0.47,Cerrado,31.6
d5eeb058-9558-3042-b86a-8659eb9126d7, -13.821110, -48.159020,2026-05-07 16:20:00,NOAA-20,COLINAS DO SUL,GOIÁS,Brasil,5205521,52,33,9,0.0,0.43,Cerrado,6.1
676cf3f4-3e38-3760-80d9-e31cda7a3bec,  -9.735560, -37.270230,2026-05-07 16:20:00,NOAA-20,PÃO DE AÇÚCAR,ALAGOAS,Brasil,2706406,27,33,3,0.0,0.6,Caatinga,1.0
5f1ff0aa-7924-3758-9342-c85bfa0ae768, -13.553440, -43.599060,2026-05-07 16:20:00,NOAA-20,SERRA DO RAMALHO,BAHIA,Brasil,2930154,29,33,30,0.0,1.0,Cerrado,4.1
7974f522-9105-386f-abc1-57a1b10381bf, -13.185050, -52.699140,2026-05-07 16:20:00,NOAA-20,CANARANA,MATO GROSSO,Brasil,5102702,51,33,8,0.0,0.22,Amazônia,62.0
63890c5f-88c8-32b1-aead-4f88cb29fe79, -15.734120, -42.328400,2026-05-07 16:20:00,NOAA-20,RIO PARDO DE MINAS,MINAS GERAIS,Brasil,3155603,31,33,6,0.0,0.44,Cerrado,32.3
2d18dfe3-289c-33f0-bb13-9765a058f5b2, -11.172990, -49.694850,2026-05-07 16:20:00,NOAA-20,DUERÉ,TOCANTINS,Brasil,1707306,17,33,5,0.0,0.37,Cerrado,7.3
5912f4a5-0576-387f-97ba-3e369d909335, -13.190790, -52.693610,2026-05-07 16:20:00,NOAA-20,CANARANA,MATO GROSSO,Brasil,5102702,51,33,8,0.0,0.21,Amazônia,137.2
075b6e91-a068-3c05-a5cc-7566858bd245, -10.501700, -49.824280,2026-05-07 16:20:00,NOAA-20,PIUM,TOCANTINS,Brasil,1717503,17,33,8,0.0,0.77,Cerrado,10.2
78fb0252-4a36-32b3-b7fc-c0a07511fed4, -11.294220, -54.756470,2026-05-07 16:20:00,NOAA-20,CLÁUDIA,MATO GROSSO,Brasil,5103056,51,33,8,0.0,0.24,Amazônia,11.7
039431d2-5ac7-35fb-8f14-c9045fe7bd3f, -11.821080, -50.985880,2026-05-07 16:20:00,NOAA-20,SÃO FÉLIX DO ARAGUAIA,MATO GROSSO,Brasil,5107859,51,33,8,0.0,0.53,Cerrado,10.1
7b18910d-906e-3c48-98cb-adc8b120b3a1, -10.569540, -47.054810,2026-05-07 16:20:00,NOAA-20,PONTE ALTA DO TOCANTINS,TOCANTINS,Brasil,1717909,17,33,9,0.0,0.48,Cerrado,7.5
229effbe-a3ac-3e57-88dc-5e47d363ea08, -11.482750, -52.916080,2026-05-07 16:20:00,NOAA-20,SÃO FÉLIX DO ARAGUAIA,MATO GROSSO,Brasil,5107859,51,33,7,0.0,0.07,Amazônia,6.0
3b4f5249-1b19-3fad-ba5a-e1b368ed7dd4, -10.503050, -49.673970,2026-05-07 16:20:00,NOAA-20,PIUM,TOCANTINS,Brasil,1717503,17,33,8,0.0,0.57,Cerrado,64.7
c6d41731-88e8-332f-ab0e-af1de558880d, -12.917780, -49.482980,2026-05-07 16:20:00,NOAA-20,ARAGUAÇU,TOCANTINS,Brasil,1702000,17,33,12,0.0,0.56,Cerrado,4.1
0e03b2ee-e1c4-3fc0-8c00-0ae817e2d503, -10.830170, -49.919120,2026-05-07 16:20:00,NOAA-20,LAGOA DA CONFUSÃO,TOCANTINS,Brasil,1711902,17,33,3,0.0,0.59,Cerrado,3.5
010b3aef-f6fe-3bf1-8b52-cbbe3e5b7e24, -11.825680, -50.977920,2026-05-07 16:20:00,NOAA-20,SÃO FÉLIX DO ARAGUAIA,MATO GROSSO,Brasil,5107859,51,33,8,0.0,0.54,Cerrado,15.5
e15a43a7-e918-390b-83b8-665a18eb6121, -10.566420, -47.047450,2026-05-07 16:20:00,NOAA-20,PONTE ALTA DO TOCANTINS,TOCANTINS,Brasil,1717909,17,33,9,0.0,0.49,Cerrado,7.1
29587dba-f710-3a06-9d28-b97a9cc1bc57, -10.436380, -46.441790,2026-05-07 16:20:00,NOAA-20,MATEIROS,TOCANTINS,Brasil,1712702,17,33,16,0.0,0.69,Cerrado,23.0
58fd5c57-e528-37f9-8c90-1ebf0e3be59f, -10.935730, -49.434250,2026-05-07 16:20:00,NOAA-20,SANTA RITA DO TOCANTINS,TOCANTINS,Brasil,1718899,17,33,3,0.0,0.3,Cerrado,23.4
2cac9f5a-88ef-3dc0-8e7a-7a2e4292a35a, -11.172260, -49.689040,2026-05-07 16:20:00,NOAA-20,DUERÉ,TOCANTINS,Brasil,1707306,17,33,5,0.0,0.41,Cerrado,6.0
135ce44f-da7e-3e7a-8dba-6301d7faad95, -16.972310, -45.687960,2026-05-07 16:20:00,NOAA-20,BRASILÂNDIA DE MINAS,MINAS GERAIS,Brasil,3108552,31,33,27,0.0,0.5,Cerrado,2.7
87989dce-4a5a-371a-8805-1c6079c18f2a, -11.981360, -47.148200,2026-05-07 16:20:00,NOAA-20,CONCEIÇÃO DO TOCANTINS,TOCANTINS,Brasil,1705607,17,33,10,0.0,0.46,Cerrado,6.1
33fd0205-6e47-3bc0-a0a2-34725a8a6502, -11.976390, -46.789050,2026-05-07 16:20:00,NOAA-20,DIANÓPOLIS,TOCANTINS,Brasil,1707009,17,33,10,0.0,0.68,Cerrado,8.5
3376884b-6230-3e14-a499-2082d5d5b9fe, -10.434580, -46.458000,2026-05-07 16:20:00,NOAA-20,MATEIROS,TOCANTINS,Brasil,1712702,17,33,16,0.0,0.68,Cerrado,79.5
42db631b-41ab-37e1-8e50-64138a22406c, -15.407660, -44.267780,2026-05-07 16:20:00,NOAA-20,JANUÁRIA,MINAS GERAIS,Brasil,3135209,31,33,27,0.0,0.99,Caatinga,16.3
89754ad7-0030-3a40-8740-269e4be405ab, -12.787460, -44.820250,2026-05-07 16:20:00,NOAA-20,SÃO DESIDÉRIO,BAHIA,Brasil,2928901,29,33,18,0.0,0.79,Cerrado,8.6
7b7e9080-ff5d-318c-bf2e-ccec40c0a03b, -11.733700, -54.802710,2026-05-07 16:20:00,NOAA-20,CLÁUDIA,MATO GROSSO,Brasil,5103056,51,33,9,0.0,0.07,Amazônia,9.1
02854e5e-8028-3332-b8c8-6b60109f2f1f, -14.135540, -45.385370,2026-05-07 16:20:00,NOAA-20,JABORANDI,BAHIA,Brasil,2917359,29,33,24,0.0,0.81,Cerrado,4.0
67053e09-da31-3965-91cf-746623877bbc, -12.158250, -46.664310,2026-05-07 16:20:00,NOAA-20,PONTE ALTA DO BOM JESUS,TOCANTINS,Brasil,1717800,17,33,10,0.0,0.53,Cerrado,3.2
16699949-a282-3d48-9db2-374f413789f3, -10.568440, -47.078320,2026-05-07 16:20:00,NOAA-20,PONTE ALTA DO TOCANTINS,TOCANTINS,Brasil,1717909,17,33,9,0.0,0.45,Cerrado,24.2
03bd2ba4-1b3c-339b-b836-817185357021, -10.936450, -49.439850,2026-05-07 16:20:00,NOAA-20,SANTA RITA DO TOCANTINS,TOCANTINS,Brasil,1718899,17,33,3,0.0,0.31,Cerrado,12.7
e3ec310b-1d3e-3cee-aaec-489a1daf78e7, -12.788090, -44.824770,2026-05-07 16:20:00,NOAA-20,SÃO DESIDÉRIO,BAHIA,Brasil,2928901,29,33,18,0.0,0.79,Cerrado,7.2
ae3485b5-6070-3864-8ffb-9370b93fec68, -13.193820, -52.700650,2026-05-07 16:20:00,NOAA-20,CANARANA,MATO GROSSO,Brasil,5102702,51,33,8,0.0,0.28,Amazônia,66.1
4223cc9b-0c2f-3cf6-a1d1-5f9f2561716f, -10.557620, -47.044910,2026-05-07 16:20:00,NOAA-20,PONTE ALTA DO TOCANTINS,TOCANTINS,Brasil,1717909,17,33,9,0.0,0.49,Cerrado,3.7
f0dcac6b-a27e-3d98-b679-253e505d6c02, -10.568540, -47.062600,2026-05-07 16:20:00,NOAA-20,PONTE ALTA DO TOCANTINS,TOCANTINS,Brasil,1717909,17,33,9,0.0,0.47,Cerrado,38.7
22f1c57c-7681-30ce-93c5-4ea8117fcd7f, -13.186430, -52.691420,2026-05-07 16:20:00,NOAA-20,CANARANA,MATO GROSSO,Brasil,5102702,51,33,8,0.0,0.21,Amazônia,106.5
fd5a83ca-e3e8-3856-9f53-b759ea2013a0, -10.198620, -46.458730,2026-05-07 16:20:00,NOAA-20,SÃO FÉLIX DO TOCANTINS,TOCANTINS,Brasil,1720150,17,33,15,0.0,0.56,Cerrado,13.6
b561942c-6305-32bf-b1aa-dc2b5d06cbcc,  -9.259220, -37.992600,2026-05-07 16:20:00,NOAA-20,PARICONHA,ALAGOAS,Brasil,2706422,27,33,4,0.0,1.0,Caatinga,4.3
6453fea3-53c4-3d62-a3a6-2b700d565260, -12.784370, -44.825310,2026-05-07 16:20:00,NOAA-20,SÃO DESIDÉRIO,BAHIA,Brasil,2928901,29,33,18,0.0,0.79,Cerrado,5.6
113b489d-2c7b-3aba-bcc5-78af3c8df104, -13.696350, -52.585990,2026-05-07 16:20:00,NOAA-20,ÁGUA BOA,MATO GROSSO,Brasil,5100201,51,33,8,0.0,0.7,Cerrado,4.1
bf54bdb4-ead3-30fa-81ae-ca4d3a12ff4d, -10.569040, -47.051010,2026-05-07 16:20:00,NOAA-20,PONTE ALTA DO TOCANTINS,TOCANTINS,Brasil,1717909,17,33,9,0.0,0.49,Cerrado,8.4
cb408ec2-2bc0-3b2d-9178-89b6b0861fc3, -15.923970, -43.738260,2026-05-07 16:20:00,NOAA-20,SÃO JOÃO DA PONTE,MINAS GERAIS,Brasil,3162401,31,33,26,0.0,1.0,Cerrado,4.9
57ca2485-9fd8-308a-be86-26a3eaeb83c8, -11.795360, -49.747410,2026-05-07 16:20:00,NOAA-20,FORMOSO DO ARAGUAIA,TOCANTINS,Brasil,1708205,17,33,8,0.0,0.87,Cerrado,53.9
b299f745-ff43-3ab0-8306-a8c304dae333, -10.655480, -42.677060,2026-05-07 16:20:00,NOAA-20,XIQUE-XIQUE,BAHIA,Brasil,2933604,29,33,17,0.0,1.0,Caatinga,2.5
eec48442-87b0-39d5-8f88-ed4e6054d6c4, -13.029270, -42.362700,2026-05-07 16:20:00,NOAA-20,IBIPITANGA,BAHIA,Brasil,2912509,29,33,18,0.0,1.0,Caatinga,3.3
6ad117d1-bfe1-3d88-b9f7-478328d1768e, -11.213230, -49.403740,2026-05-07 16:20:00,NOAA-20,DUERÉ,TOCANTINS,Brasil,1707306,17,33,9,0.0,0.57,Cerrado,7.7
a20ed432-8db1-31fb-8950-ed5c29737ff5, -11.194620, -46.144210,2026-05-07 16:20:00,NOAA-20,FORMOSA DO RIO PRETO,BAHIA,Brasil,2911105,29,33,16,0.0,0.55,Cerrado,8.1
658ac414-38d3-3d18-b3f5-e1eac12519fe, -10.807790, -49.787480,2026-05-07 16:20:00,NOAA-20,LAGOA DA CONFUSÃO,TOCANTINS,Brasil,1711902,17,33,4,0.0,0.52,Cerrado,18.7
c576b61c-21dd-3b2e-bcd1-4537e2e9fb16, -14.138790, -45.379790,2026-05-07 16:20:00,NOAA-20,JABORANDI,BAHIA,Brasil,2917359,29,33,24,0.0,0.81,Cerrado,4.0
905986bf-d187-3e98-93f8-8749f4e45d72, -10.567410, -47.070540,2026-05-07 16:20:00,NOAA-20,PONTE ALTA DO TOCANTINS,TOCANTINS,Brasil,1717909,17,33,9,0.0,0.46,Cerrado,8.4
241371ca-d7fa-30ab-8ce8-a53536d7f7a0, -12.551510, -54.615840,2026-05-07 16:20:00,NOAA-20,NOVA UBIRATÃ,MATO GROSSO,Brasil,5106240,51,33,7,0.0,0.11,Amazônia,17.8
5b5b1c7f-a0ff-3ba4-b6a3-30b164b189c7, -11.293790, -54.755530,2026-05-07 16:20:00,NOAA-20,CLÁUDIA,MATO GROSSO,Brasil,5103056,51,33,8,0.0,0.22,Amazônia,10.4
f83b14a2-e549-3bdc-bf33-f9b686b6f7fd, -11.198560, -46.143660,2026-05-07 16:20:00,NOAA-20,FORMOSA DO RIO PRETO,BAHIA,Brasil,2911105,29,33,16,0.0,0.57,Cerrado,15.8
9ba9e1d6-ac12-37a1-80f4-bd33801f2bae, -10.615400, -46.530030,2026-05-07 16:20:00,NOAA-20,MATEIROS,TOCANTINS,Brasil,1712702,17,33,16,0.0,0.74,Cerrado,9.5
6aa85ddc-d4df-39c2-abb5-87961b9eeb3c, -10.427340, -46.464320,2026-05-07 16:20:00,NOAA-20,MATEIROS,TOCANTINS,Brasil,1712702,17,33,16,0.0,0.68,Cerrado,36.7
0c72a40f-6d42-3fe8-ad66-5540587aea5f, -13.192160, -52.686130,2026-05-07 16:20:00,NOAA-20,CANARANA,MATO GROSSO,Brasil,5102702,51,33,7,0.0,0.21,Amazônia,50.8
8edb318d-c49c-3e17-a4af-647afa71a25d, -10.437100, -46.446980,2026-05-07 16:20:00,NOAA-20,MATEIROS,TOCANTINS,Brasil,1712702,17,33,16,0.0,0.68,Cerrado,12.0
0d481c30-5e79-3189-b7f6-c5ae993e54db,  -8.852720, -36.550930,2026-05-07 16:20:00,NOAA-20,GARANHUNS,PERNAMBUCO,Brasil,2606002,26,33,1,0.59,0.75,Mata Atlântica,2.9
4532d253-a17b-3b64-a4d8-dff4f6e53c3c, -10.422650, -46.459750,2026-05-07 16:20:00,NOAA-20,MATEIROS,TOCANTINS,Brasil,1712702,17,33,16,0.0,0.68,Cerrado,36.7
10211e33-e2bb-38f0-b184-78105fd45319, -13.180170, -52.692080,2026-05-07 16:20:00,NOAA-20,CANARANA,MATO GROSSO,Brasil,5102702,51,33,8,0.0,0.21,Amazônia,11.8
7c8fb49d-7a71-3267-ba2d-5fa8972a46e5,  -8.851410, -36.551080,2026-05-07 16:20:00,NOAA-20,GARANHUNS,PERNAMBUCO,Brasil,2606002,26,33,1,0.59,0.75,Mata Atlântica,2.7
57fe313f-5535-3e47-baab-107800e94b89, -10.763410, -49.759320,2026-05-07 16:20:00,NOAA-20,LAGOA DA CONFUSÃO,TOCANTINS,Brasil,1711902,17,33,6,0.0,0.87,Cerrado,47.0
1d5f763b-e5eb-3960-8dd6-d3a60b0e6787, -11.806120, -49.425750,2026-05-07 16:20:00,NOAA-20,FORMOSO DO ARAGUAIA,TOCANTINS,Brasil,1708205,17,33,13,0.0,0.35,Cerrado,6.1
11e4110d-2b65-3372-8412-29820466a70f, -11.980400, -47.145420,2026-05-07 16:20:00,NOAA-20,CONCEIÇÃO DO TOCANTINS,TOCANTINS,Brasil,1705607,17,33,10,0.0,0.46,Cerrado,7.6
635aff55-b6ab-36ac-98a8-43011c93b80a, -13.183490, -52.684510,2026-05-07 16:20:00,NOAA-20,CANARANA,MATO GROSSO,Brasil,5102702,51,33,8,0.0,0.21,Amazônia,37.3
935dbe7b-f353-3981-8fb1-ce5a889bb665, -11.821500, -50.986540,2026-05-07 16:20:00,NOAA-20,SÃO FÉLIX DO ARAGUAIA,MATO GROSSO,Brasil,5107859,51,33,8,0.0,0.53,Cerrado,16.1
8ac51b2b-11e4-3374-9b4e-624e314018e4, -10.255580, -46.461080,2026-05-07 16:20:00,NOAA-20,MATEIROS,TOCANTINS,Brasil,1712702,17,33,16,0.0,0.58,Cerrado,8.4
5670b8ed-97a2-3477-b9ba-1d6d62c557d0, -10.565910, -47.059240,2026-05-07 16:20:00,NOAA-20,PONTE ALTA DO TOCANTINS,TOCANTINS,Brasil,1717909,17,33,9,0.0,0.47,Cerrado,16.0
13bbd8d1-99cb-3251-9231-636907157250,  -9.966950, -37.482930,2026-05-07 16:20:00,NOAA-20,PORTO DA FOLHA,SERGIPE,Brasil,2805604,28,33,0,0.0,1.0,Caatinga,19.6
753a1caa-6d46-36f6-936d-b0f5c91ea6c8, -10.762670, -49.753520,2026-05-07 16:20:00,NOAA-20,LAGOA DA CONFUSÃO,TOCANTINS,Brasil,1711902,17,33,7,0.0,0.88,Cerrado,47.0
38bbc24c-c363-374b-ba93-3e7b07f5b135,  -9.270340, -38.013540,2026-05-07 16:20:00,NOAA-20,PARICONHA,ALAGOAS,Brasil,2706422,27,33,4,0.0,1.0,Caatinga,3.5
913e8bae-af00-3eca-91ed-649336c0542e, -14.956020, -52.363520,2026-05-07 16:20:00,NOAA-20,BARRA DO GARÇAS,MATO GROSSO,Brasil,5101803,51,33,19,0.0,1.0,Cerrado,4.6
05ec66f5-a4c6-3e82-be9c-90472b6ad8dc, -11.199220, -46.151840,2026-05-07 16:20:00,NOAA-20,FORMOSA DO RIO PRETO,BAHIA,Brasil,2911105,29,33,16,0.0,0.64,Cerrado,53.0
4400472c-fd31-3a0d-bda0-af1870071d42, -10.431320, -46.463750,2026-05-07 16:20:00,NOAA-20,MATEIROS,TOCANTINS,Brasil,1712702,17,33,16,0.0,0.68,Cerrado,79.5
f84b09dd-2b37-3c85-803e-9f795e79327b, -12.784990, -44.829840,2026-05-07 16:20:00,NOAA-20,SÃO DESIDÉRIO,BAHIA,Brasil,2928901,29,33,18,0.0,0.79,Cerrado,5.6
acff9763-a906-319a-b387-4cb32d226c75, -13.952660, -45.421590,2026-05-07 16:20:00,NOAA-20,JABORANDI,BAHIA,Brasil,2917359,29,33,26,0.0,0.87,Cerrado,13.8
703ea3b4-32dc-3712-a6c1-4abbf65d9ed0, -10.501320, -49.821380,2026-05-07 16:20:00,NOAA-20,PIUM,TOCANTINS,Brasil,1717503,17,33,8,0.0,0.77,Cerrado,10.2
76f9a271-b861-30a6-aa3e-8154e4d9cf44, -11.178000, -49.694210,2026-05-07 16:20:00,NOAA-20,DUERÉ,TOCANTINS,Brasil,1707306,17,33,5,0.0,0.36,Cerrado,7.3
f668392b-6234-321d-b987-8e6c1307c7cc, -11.826160, -50.978550,2026-05-07 16:20:00,NOAA-20,SÃO FÉLIX DO ARAGUAIA,MATO GROSSO,Brasil,5107859,51,33,8,0.0,0.54,Cerrado,15.2
d3bfe54a-ab5b-3aa0-9085-0d00dbdeaa09, -10.501360, -49.821250,2026-05-07 16:20:00,NOAA-20,PIUM,TOCANTINS,Brasil,1717503,17,33,8,0.0,0.78,Cerrado,6.1
68f0afe1-39ca-36cb-b4e4-97627cacbec2, -12.345480, -50.021180,2026-05-07 16:20:00,NOAA-20,SANDOLÂNDIA,TOCANTINS,Brasil,1718840,17,33,8,0.0,0.47,Cerrado,4.8
35fb20e4-6c23-3088-b62a-0ea2ed265cb6, -14.138120, -45.374730,2026-05-07 16:20:00,NOAA-20,JABORANDI,BAHIA,Brasil,2917359,29,33,25,0.0,0.81,Cerrado,9.8
01adcf80-02b7-3d25-8605-6bca76713e49, -10.789350, -49.763300,2026-05-07 16:20:00,NOAA-20,LAGOA DA CONFUSÃO,TOCANTINS,Brasil,1711902,17,33,5,0.0,0.88,Cerrado,31.4
7eba90b4-f368-3723-a8cd-075ee91fe1a8,  -9.731460, -37.274930,2026-05-07 16:20:00,NOAA-20,PÃO DE AÇÚCAR,ALAGOAS,Brasil,2706406,27,33,3,0.0,0.86,Caatinga,6.5
5475154e-6eed-3c80-8640-e37a543784b3, -11.196750, -46.159300,2026-05-07 16:20:00,NOAA-20,FORMOSA DO RIO PRETO,BAHIA,Brasil,2911105,29,33,16,0.0,0.73,Cerrado,7.5
d1198e95-4290-3b86-aa93-1e9286c7ca50,  -9.734520, -37.269290,2026-05-07 16:20:00,NOAA-20,PÃO DE AÇÚCAR,ALAGOAS,Brasil,2706406,27,33,3,0.0,0.6,Caatinga,6.5
3d93a3c7-c81e-336c-90cf-faa491fe611a, -10.628330, -49.898810,2026-05-07 16:20:00,NOAA-20,LAGOA DA CONFUSÃO,TOCANTINS,Brasil,1711902,17,33,8,0.0,0.66,Cerrado,5.3
7ac515ae-23f7-35ef-a1de-b8c6219e71c8, -11.177630, -49.691300,2026-05-07 16:20:00,NOAA-20,DUERÉ,TOCANTINS,Brasil,1707306,17,33,5,0.0,0.36,Cerrado,7.3
394e914f-98e2-37bf-bbd8-10efd19100d6, -16.103140, -43.822540,2026-05-07 16:20:00,NOAA-20,MONTES CLAROS,MINAS GERAIS,Brasil,3143302,31,33,27,0.0,0.67,Cerrado,7.8
ffac69e9-70e1-30ea-89f7-af0d809aa230, -13.083370, -42.111950,2026-05-07 16:20:00,NOAA-20,RIO DO PIRES,BAHIA,Brasil,2926905,29,33,18,0.0,0.79,Caatinga,6.5
a7b95f8d-fa98-3a02-b967-008200bae316, -12.153620, -46.661080,2026-05-07 16:20:00,NOAA-20,PONTE ALTA DO BOM JESUS,TOCANTINS,Brasil,1717800,17,33,9,0.0,0.53,Cerrado,6.7
c62ff9ac-8b77-3f44-9000-533eeda4d5d4, -10.567920, -47.074420,2026-05-07 16:20:00,NOAA-20,PONTE ALTA DO TOCANTINS,TOCANTINS,Brasil,1717909,17,33,9,0.0,0.46,Cerrado,8.4
da6a10eb-a056-3be2-bbe4-2c93481a3142, -10.250130, -46.451140,2026-05-07 16:20:00,NOAA-20,MATEIROS,TOCANTINS,Brasil,1712702,17,33,15,0.0,0.58,Cerrado,13.3
011fd29a-1fe3-3467-a63f-b3c9c681f822, -10.556570, -47.037390,2026-05-07 16:20:00,NOAA-20,PONTE ALTA DO TOCANTINS,TOCANTINS,Brasil,1717909,17,33,9,0.0,0.49,Cerrado,3.6
38546cdd-0e9a-384d-8aee-36a44a779408, -10.502080, -49.827060,2026-05-07 16:20:00,NOAA-20,PIUM,TOCANTINS,Brasil,1717503,17,33,8,0.0,0.77,Cerrado,15.6
6ad837b0-cb01-3727-8653-2b665bcffad2, -10.570690, -47.077880,2026-05-07 16:20:00,NOAA-20,PONTE ALTA DO TOCANTINS,TOCANTINS,Brasil,1717909,17,33,9,0.0,0.45,Cerrado,33.0
7c114898-6679-3bbd-8f31-de8623df4f49, -11.732420, -54.802110,2026-05-07 16:20:00,NOAA-20,CLÁUDIA,MATO GROSSO,Brasil,5103056,51,33,9,0.0,0.07,Amazônia,14.5
83b08461-7676-3a11-b471-8739291be1bd,  -9.863920, -37.291580,2026-05-07 16:20:00,NOAA-20,PORTO DA FOLHA,SERGIPE,Brasil,2805604,28,33,0,0.0,0.92,Caatinga,2.1
184043d7-2fb0-34cd-800b-aa22a7e1e0d3, -11.069410, -52.473180,2026-05-07 16:20:00,NOAA-20,SÃO JOSÉ DO XINGU,MATO GROSSO,Brasil,5107354,51,33,9,0.0,0.05,Amazônia,8.1
322e70bc-fcdf-304d-9035-43ea26f6b4c3, -11.770150, -49.902920,2026-05-07 16:20:00,NOAA-20,FORMOSO DO ARAGUAIA,TOCANTINS,Brasil,1708205,17,33,8,0.0,0.98,Cerrado,3.1
fdd67060-1165-3369-9106-b9d67c3f1433, -10.829780, -49.916150,2026-05-07 16:20:00,NOAA-20,LAGOA DA CONFUSÃO,TOCANTINS,Brasil,1711902,17,33,3,0.0,0.67,Cerrado,3.5
a8046b8e-0823-317d-b19a-6eee7767e082, -11.815570, -50.986550,2026-05-07 16:20:00,NOAA-20,SÃO FÉLIX DO ARAGUAIA,MATO GROSSO,Brasil,5107859,51,33,8,0.0,0.53,Cerrado,10.1
a3e012c3-846a-35f0-aad3-c2083d6d5243, -12.267620, -49.989060,2026-05-07 16:20:00,NOAA-20,SANDOLÂNDIA,TOCANTINS,Brasil,1718840,17,33,4,0.0,0.9,Cerrado,8.1
e1ddb94c-8b79-3229-808d-f4424d68d60e, -11.068880, -52.468690,2026-05-07 16:20:00,NOAA-20,SÃO JOSÉ DO XINGU,MATO GROSSO,Brasil,5107354,51,33,9,0.0,0.05,Amazônia,12.4
5cef3a70-aff7-361d-bb6c-be032006b246, -10.695640, -42.670940,2026-05-07 16:20:00,NOAA-20,XIQUE-XIQUE,BAHIA,Brasil,2933604,29,33,17,0.0,0.97,Caatinga,8.7
d33a0ae4-1c62-3e61-823d-a2531e9270e2, -10.371330, -49.880490,2026-05-07 16:20:00,NOAA-20,PIUM,TOCANTINS,Brasil,1717503,17,33,8,0.0,0.25,Cerrado,2.3
2fbc66d9-67c6-3989-ae13-4d1f1ee156c6, -13.185340, -52.681800,2026-05-07 16:20:00,NOAA-20,CANARANA,MATO GROSSO,Brasil,5102702,51,33,8,0.0,0.21,Amazônia,50.8
e3a536fd-b8d9-30d3-b62c-7f74f527d368, -13.187550, -52.701260,2026-05-07 16:20:00,NOAA-20,CANARANA,MATO GROSSO,Brasil,5102702,51,33,8,0.0,0.25,Amazônia,66.1
610d34ac-c186-38f0-8226-4526980c6623, -12.094700, -50.975810,2026-05-07 16:20:00,NOAA-20,SÃO FÉLIX DO ARAGUAIA,MATO GROSSO,Brasil,5107859,51,33,4,0.0,0.53,Cerrado,3.1
5a0f80f6-b260-3562-93eb-5cb1fa3e788c, -10.568530, -47.047220,2026-05-07 16:20:00,NOAA-20,PONTE ALTA DO TOCANTINS,TOCANTINS,Brasil,1717909,17,33,9,0.0,0.49,Cerrado,8.4
183da171-e12f-39f9-b607-31165bf232d1, -10.268070, -46.406820,2026-05-07 16:20:00,NOAA-20,MATEIROS,TOCANTINS,Brasil,1712702,17,33,16,0.0,0.63,Cerrado,23.9
89073e5f-4e74-3cfa-ab3d-8655c618e2a9, -11.172630, -49.691940,2026-05-07 16:20:00,NOAA-20,DUERÉ,TOCANTINS,Brasil,1707306,17,33,5,0.0,0.36,Cerrado,7.3
d5c8c856-2e96-3964-bc45-7ade25db9adc, -10.418670, -46.460320,2026-05-07 16:20:00,NOAA-20,MATEIROS,TOCANTINS,Brasil,1712702,17,33,16,0.0,0.67,Cerrado,15.2
25d6f1a3-49d7-3d7c-8b90-40fbed073fff, -11.300700, -54.754640,2026-05-07 16:20:00,NOAA-20,CLÁUDIA,MATO GROSSO,Brasil,5103056,51,33,8,0.0,0.19,Amazônia,10.4
3883302e-9f33-3a07-b0aa-1c51ac87a2a4, -15.407040, -44.263190,2026-05-07 16:20:00,NOAA-20,JANUÁRIA,MINAS GERAIS,Brasil,3135209,31,33,27,0.0,0.98,Caatinga,5.5
fc211715-2fe0-3923-b779-b1f3dc7e4067, -14.137990, -45.343730,2026-05-07 16:20:00,NOAA-20,JABORANDI,BAHIA,Brasil,2917359,29,33,27,0.0,0.82,Cerrado,8.1
30891e41-4def-31ab-bf53-854b9e364ae4, -16.513500, -43.140840,2026-05-07 16:20:00,NOAA-20,GRÃO MOGOL,MINAS GERAIS,Brasil,3127800,31,33,26,0.0,0.64,Cerrado,6.8
f9f16662-1784-3734-8f39-94777cf6d08d, -13.185880, -52.686590,2026-05-07 16:20:00,NOAA-20,CANARANA,MATO GROSSO,Brasil,5102702,51,33,8,0.0,0.21,Amazônia,50.8
ff82c166-490d-301e-b847-07886fb55c51, -13.179620, -52.687210,2026-05-07 16:20:00,NOAA-20,CANARANA,MATO GROSSO,Brasil,5102702,51,33,8,0.0,0.21,Amazônia,12.1
23491759-e05a-3998-9e86-1841b874e032, -10.497080, -49.827820,2026-05-07 16:20:00,NOAA-20,PIUM,TOCANTINS,Brasil,1717503,17,33,8,0.0,0.48,Cerrado,32.1
53d47fd0-39dd-3107-b308-41ee73b92c3b, -10.830560, -49.922090,2026-05-07 16:20:00,NOAA-20,LAGOA DA CONFUSÃO,TOCANTINS,Brasil,1711902,17,33,3,0.0,0.56,Cerrado,12.8
851beaaa-cffc-30e0-8e18-851c4c93f013, -10.633370, -49.898160,2026-05-07 16:20:00,NOAA-20,LAGOA DA CONFUSÃO,TOCANTINS,Brasil,1711902,17,33,8,0.0,0.66,Cerrado,3.9
3fa74778-c1f0-3d1a-b80b-05e22eb3eb49, -10.758410, -49.759970,2026-05-07 16:20:00,NOAA-20,LAGOA DA CONFUSÃO,TOCANTINS,Brasil,1711902,17,33,7,0.0,0.87,Cerrado,25.2
db1b6e4b-2809-3cae-9466-0d70d7a77135, -10.438550, -46.457450,2026-05-07 16:20:00,NOAA-20,MATEIROS,TOCANTINS,Brasil,1712702,17,33,16,0.0,0.68,Cerrado,17.4
5d211f0e-054c-3285-98dd-915033035c2a, -11.826590, -50.982200,2026-05-07 16:20:00,NOAA-20,SÃO FÉLIX DO ARAGUAIA,MATO GROSSO,Brasil,5107859,51,33,8,0.0,0.54,Cerrado,15.2
fb701343-b719-35a3-a8af-33b254f85cec, -11.211060, -49.405200,2026-05-07 16:20:00,NOAA-20,DUERÉ,TOCANTINS,Brasil,1707306,17,33,9,0.0,0.51,Cerrado,10.2
f1c70f1a-bcda-3ce7-ad5e-a5e8bb913087, -10.784370, -39.640820,2026-05-07 16:20:00,NOAA-20,QUEIMADAS,BAHIA,Brasil,2925808,29,33,11,1.49,1.0,Caatinga,4.0
2341db36-eec4-3680-880f-fa52f3a4f141, -10.829170, -49.918500,2026-05-07 16:20:00,NOAA-20,LAGOA DA CONFUSÃO,TOCANTINS,Brasil,1711902,17,33,3,0.0,0.64,Cerrado,7.7
92a76c77-3d83-305d-8baa-fb54a0b141be, -13.217230, -39.966610,2026-05-07 16:20:00,NOAA-20,IRAJUBA,BAHIA,Brasil,2914208,29,33,4,4.9,0.53,Mata Atlântica,1.7
6e85f5a9-c014-37f4-8772-ec1cc80aa6d8,  -8.927570, -36.969840,2026-05-07 16:20:00,NOAA-20,ÁGUAS BELAS,PERNAMBUCO,Brasil,2600500,26,33,3,0.2,0.89,Caatinga,5.3
2cacbe60-9a65-3f93-a67a-208323410849, -10.243680, -47.422370,2026-05-07 16:20:00,NOAA-20,LAGOA DO TOCANTINS,TOCANTINS,Brasil,1711951,17,33,9,0.0,0.63,Cerrado,3.9
0c976162-fee3-3077-91b7-2fac7267662f, -16.769340, -45.818350,2026-05-07 16:20:00,NOAA-20,SANTA FÉ DE MINAS,MINAS GERAIS,Brasil,3157609,31,33,27,0.0,0.65,Cerrado,7.4
91f9a781-dcd6-3945-9280-2ad90a36a565, -13.184000, -52.689330,2026-05-07 16:20:00,NOAA-20,CANARANA,MATO GROSSO,Brasil,5102702,51,33,8,0.0,0.21,Amazônia,37.3
8b852ffe-2beb-3ab6-b94a-42cdb0321244, -14.134870, -45.380320,2026-05-07 16:20:00,NOAA-20,JABORANDI,BAHIA,Brasil,2917359,29,33,24,0.0,0.81,Cerrado,4.0
e16ea55b-3dab-30b3-ba0b-cb8f179a381f, -14.101230, -41.963390,2026-05-07 16:20:00,NOAA-20,BRUMADO,BAHIA,Brasil,2904605,29,33,4,0.0,0.87,Caatinga,11.5
6d99bed6-42a4-38b1-abe2-97e5e7416ec9, -14.139460, -45.384840,2026-05-07 16:20:00,NOAA-20,JABORANDI,BAHIA,Brasil,2917359,29,33,24,0.0,0.81,Cerrado,4.0
5090f712-139d-3c8a-a7b9-3065cfff7ed3, -10.546090, -46.282130,2026-05-07 16:20:00,NOAA-20,MATEIROS,TOCANTINS,Brasil,1712702,17,33,16,0.0,0.85,Cerrado,10.6
10c53a83-f351-3b3a-96c3-91b87901ac36, -10.829540, -49.921480,2026-05-07 16:20:00,NOAA-20,LAGOA DA CONFUSÃO,TOCANTINS,Brasil,1711902,17,33,3,0.0,0.6,Cerrado,7.2
a923c898-c0af-380b-9fac-07100d7edcb5, -11.191350, -46.153020,2026-05-07 16:20:00,NOAA-20,FORMOSA DO RIO PRETO,BAHIA,Brasil,2911105,29,33,16,0.0,0.58,Cerrado,15.4
01ecea35-bb12-3534-b6c2-4d27d29b894f, -11.194610, -46.147380,2026-05-07 16:20:00,NOAA-20,FORMOSA DO RIO PRETO,BAHIA,Brasil,2911105,29,33,16,0.0,0.54,Cerrado,39.1
639f5f4b-55d6-301f-9447-0ebb84b864b8, -11.820620, -50.982230,2026-05-07 16:20:00,NOAA-20,SÃO FÉLIX DO ARAGUAIA,MATO GROSSO,Brasil,5107859,51,33,8,0.0,0.54,Cerrado,12.8
80a2ce5f-c812-3c56-8490-147e476d8270, -10.266690, -46.404560,2026-05-07 16:20:00,NOAA-20,MATEIROS,TOCANTINS,Brasil,1712702,17,33,16,0.0,0.64,Cerrado,18.4
505a59be-0974-33cd-b11a-27948c08877c, -10.437830, -46.452210,2026-05-07 16:20:00,NOAA-20,MATEIROS,TOCANTINS,Brasil,1712702,17,33,16,0.0,0.68,Cerrado,12.0
acd27848-f18d-3380-abf4-78a671167819, -10.267370, -46.409620,2026-05-07 16:20:00,NOAA-20,MATEIROS,TOCANTINS,Brasil,1712702,17,33,16,0.0,0.63,Cerrado,18.4
17a7d161-14c6-3d71-9a59-04d14b59155d, -10.555940, -49.930040,2026-05-07 16:20:00,NOAA-20,PIUM,TOCANTINS,Brasil,1717503,17,33,8,0.0,0.95,Cerrado,12.6
588be131-08bd-3a91-8a1d-ec725157a07f, -10.633010, -49.895220,2026-05-07 16:20:00,NOAA-20,LAGOA DA CONFUSÃO,TOCANTINS,Brasil,1711902,17,33,8,0.0,0.66,Cerrado,3.9
218d1de6-d77a-36aa-bf35-4e9369fe52e1, -11.190670, -46.147980,2026-05-07 16:20:00,NOAA-20,FORMOSA DO RIO PRETO,BAHIA,Brasil,2911105,29,33,16,0.0,0.55,Cerrado,6.0
a963b75b-4a46-322f-8794-b402f0bd4e42, -10.508010, -49.673310,2026-05-07 16:20:00,NOAA-20,PIUM,TOCANTINS,Brasil,1717503,17,33,8,0.0,0.58,Cerrado,55.5
ecf3a074-4cac-36cd-8ed3-985d9b4a2341, -12.918720, -49.483570,2026-05-07 16:20:00,NOAA-20,ARAGUAÇU,TOCANTINS,Brasil,1702000,17,33,12,0.0,0.58,Cerrado,5.3
77e76abe-ca21-3b2c-8cb2-af25750ea931, -12.673950, -45.479660,2026-05-07 16:20:00,NOAA-20,SÃO DESIDÉRIO,BAHIA,Brasil,2928901,29,33,16,0.0,0.65,Cerrado,3.7
506ec84e-3017-3243-9e7c-44d16f97aae9, -10.406810, -49.878830,2026-05-07 16:20:00,NOAA-20,PIUM,TOCANTINS,Brasil,1717503,17,33,8,0.0,0.47,Cerrado,6.2
15f744c2-bdb1-3989-9a48-e6a2acf9fcac, -17.511930, -50.763700,2026-05-07 16:20:00,NOAA-20,RIO VERDE,GOIÁS,Brasil,5218805,52,33,28,0.0,0.88,Cerrado,3.6
49b62831-d156-3ab4-8d29-3c507423d9e6, -11.198550, -46.146820,2026-05-07 16:20:00,NOAA-20,FORMOSA DO RIO PRETO,BAHIA,Brasil,2911105,29,33,16,0.0,0.59,Cerrado,39.1
fe953b93-7c07-38da-9ccc-4cf65a3ff251, -12.998390, -54.681080,2026-05-07 16:20:00,NOAA-20,NOVA UBIRATÃ,MATO GROSSO,Brasil,5106240,51,33,7,0.0,0.09,Amazônia,17.6
a3d2a561-cbac-3c6c-81ed-80efedb5b152, -13.192710, -52.690940,2026-05-07 16:20:00,NOAA-20,CANARANA,MATO GROSSO,Brasil,5102702,51,33,8,0.0,0.21,Amazônia,106.5
48da3279-e825-3583-a83a-c0786846e350, -14.402550, -44.590910,2026-05-07 16:20:00,NOAA-20,MONTALVÂNIA,MINAS GERAIS,Brasil,3142700,31,33,21,0.0,0.86,Cerrado,8.1
f279b059-fa3d-3923-b286-931e8236e400, -10.501720, -49.824160,2026-05-07 16:20:00,NOAA-20,PIUM,TOCANTINS,Brasil,1717503,17,33,8,0.0,0.77,Cerrado,15.6
5abb395f-c879-3ebb-aee9-f6037279dc11, -10.789730, -49.766200,2026-05-07 16:20:00,NOAA-20,LAGOA DA CONFUSÃO,TOCANTINS,Brasil,1711902,17,33,5,0.0,0.87,Cerrado,9.2
f8ad55ef-9519-3beb-8dfe-c3276816a0b7, -11.812170, -49.675560,2026-05-07 16:20:00,NOAA-20,FORMOSO DO ARAGUAIA,TOCANTINS,Brasil,1708205,17,33,7,0.0,0.83,Cerrado,5.3
ccb6fec5-ecae-3184-86da-fe9bec5a96ce, -10.826280, -49.928700,2026-05-07 16:20:00,NOAA-20,LAGOA DA CONFUSÃO,TOCANTINS,Brasil,1711902,17,33,3,0.0,0.74,Cerrado,16.8
bf408b9d-b4f3-3635-ae12-604079caf479, -11.784860, -49.745710,2026-05-07 16:20:00,NOAA-20,FORMOSO DO ARAGUAIA,TOCANTINS,Brasil,1708205,17,33,8,0.0,0.87,Cerrado,2.7
604873c2-6a14-3567-877c-88210aa7c069,  -9.123850, -37.590740,2026-05-07 16:20:00,NOAA-20,CANAPI,ALAGOAS,Brasil,2701605,27,33,5,0.0,1.0,Caatinga,6.0
c03ed246-4f0e-32be-b836-e61a0746f2d8, -13.827380, -49.387300,2026-05-07 16:20:00,NOAA-20,AMARALINA,GOIÁS,Brasil,5200829,52,33,19,0.0,0.9,Cerrado,7.5
5805f2cb-2779-3940-a1a2-32ed941c894f, -11.793280, -47.095410,2026-05-07 16:20:00,NOAA-20,DIANÓPOLIS,TOCANTINS,Brasil,1707009,17,33,10,0.0,0.36,Cerrado,16.4
3c7bd046-e339-31d3-80d4-908959e0fd11, -12.267240, -49.985890,2026-05-07 16:20:00,NOAA-20,SANDOLÂNDIA,TOCANTINS,Brasil,1718840,17,33,4,0.0,0.94,Cerrado,7.6
c706bf99-ecbf-3ee6-8274-38a3895c1a95, -10.278150, -44.134200,2026-05-07 16:20:00,NOAA-20,JÚLIO BORGES,PIAUÍ,Brasil,2205524,22,33,16,0.0,0.51,Cerrado,1.8
ef1d727a-3ce2-3a03-8bde-5a4d7718f0e6, -12.205010, -43.103690,2026-05-07 16:20:00,NOAA-20,IBOTIRAMA,BAHIA,Brasil,2913200,29,33,18,0.0,0.99,Caatinga,3.0
15562be8-dc64-3029-80fc-471e85fdbe8a, -14.112220, -46.633410,2026-05-07 16:20:00,NOAA-20,IACIARA,GOIÁS,Brasil,5209903,52,33,17,0.0,1.0,Cerrado,2.1
3f60b4b3-799f-383d-b184-bd2e25085858, -10.243140, -47.418450,2026-05-07 16:20:00,NOAA-20,LAGOA DO TOCANTINS,TOCANTINS,Brasil,1711951,17,33,9,0.0,0.56,Cerrado,6.9
2879614b-d9be-3fdc-b974-98e37757b6c1, -11.405080, -49.677210,2026-05-07 16:20:00,NOAA-20,FORMOSO DO ARAGUAIA,TOCANTINS,Brasil,1708205,17,33,8,0.0,0.34,Cerrado,2.1
0b44fb72-36fd-3fce-ae7f-8c6437ff63af, -10.569600, -47.070110,2026-05-07 16:20:00,NOAA-20,PONTE ALTA DO TOCANTINS,TOCANTINS,Brasil,1717909,17,33,9,0.0,0.46,Cerrado,7.5
2b3e9594-d701-3bf2-84f1-9300a99623a9, -14.137450, -45.369670,2026-05-07 16:20:00,NOAA-20,JABORANDI,BAHIA,Brasil,2917359,29,33,25,0.0,0.82,Cerrado,9.8
3950fbe9-39c0-3663-a64d-8e1c9f891ed9, -13.806330, -49.515270,2026-05-07 16:20:00,NOAA-20,MUTUNÓPOLIS,GOIÁS,Brasil,5214101,52,33,19,0.0,1.0,Cerrado,6.7
ad757ab3-7141-3f7d-8eca-11824c4ac399, -12.551840, -54.609930,2026-05-07 16:20:00,NOAA-20,NOVA UBIRATÃ,MATO GROSSO,Brasil,5106240,51,33,7,0.0,0.11,Amazônia,11.7
67347149-3cb9-3f56-9274-824f56ea34ae, -11.825730, -50.974900,2026-05-07 16:20:00,NOAA-20,SÃO FÉLIX DO ARAGUAIA,MATO GROSSO,Brasil,5107859,51,33,8,0.0,0.54,Cerrado,13.3
caa5ae65-845d-35ce-a1ff-809ff44bc970, -12.917430, -49.479990,2026-05-07 16:20:00,NOAA-20,ARAGUAÇU,TOCANTINS,Brasil,1702000,17,33,12,0.0,0.51,Cerrado,4.1
c6df639f-f566-3075-b2a0-0d6884c0abd5, -11.442380, -49.485120,2026-05-07 16:20:00,NOAA-20,DUERÉ,TOCANTINS,Brasil,1707306,17,33,7,0.0,0.36,Cerrado,13.9
b0d824b0-067b-3a74-89c0-52ff0a907b3b, -11.177260, -49.688390,2026-05-07 16:20:00,NOAA-20,DUERÉ,TOCANTINS,Brasil,1707306,17,33,5,0.0,0.45,Cerrado,6.0
e7862bae-1d0d-3d92-baad-bac823434536, -12.550840, -54.609340,2026-05-07 16:20:00,NOAA-20,NOVA UBIRATÃ,MATO GROSSO,Brasil,5106240,51,33,6,0.0,0.11,Amazônia,15.7
6d88aef8-035c-3203-bb00-b1e25be3d07b, -12.993390, -54.682090,2026-05-07 16:20:00,NOAA-20,NOVA UBIRATÃ,MATO GROSSO,Brasil,5106240,51,33,7,0.0,0.09,Amazônia,11.5
0d0b0dc0-5f86-384d-95e1-33e0dde0eb10, -11.825220, -50.974270,2026-05-07 16:20:00,NOAA-20,SÃO FÉLIX DO ARAGUAIA,MATO GROSSO,Brasil,5107859,51,33,8,0.0,0.54,Cerrado,6.8
385088ba-4354-339c-8c22-40e38a0a417b, -14.134090, -45.344290,2026-05-07 16:20:00,NOAA-20,JABORANDI,BAHIA,Brasil,2917359,29,33,27,0.0,0.82,Cerrado,9.2
efad703c-e874-38f2-b99a-f9a1ae6fe3a3, -10.423370, -46.464950,2026-05-07 16:20:00,NOAA-20,MATEIROS,TOCANTINS,Brasil,1712702,17,33,16,0.0,0.68,Cerrado,36.7
afd4dda4-3f87-3528-9ddf-3348512404d1, -11.844640, -43.962230,2026-05-07 16:20:00,NOAA-20,WANDERLEY,BAHIA,Brasil,2933455,29,33,8,5.39,0.25,Cerrado,2.0
bddf279c-86b1-3163-9f41-8f4a9a82d86a, -13.186990, -52.696310,2026-05-07 16:20:00,NOAA-20,CANARANA,MATO GROSSO,Brasil,5102702,51,33,8,0.0,0.22,Amazônia,106.5
9367d8d6-2cc6-32c8-8da2-3ff5a18d0b26, -13.189760, -52.683960,2026-05-07 16:20:00,NOAA-20,CANARANA,MATO GROSSO,Brasil,5102702,51,33,8,0.0,0.21,Amazônia,90.7
c72e5837-7cd2-33ee-b365-644c53cf59f3,  -9.731690, -37.270920,2026-05-07 16:20:00,NOAA-20,PÃO DE AÇÚCAR,ALAGOAS,Brasil,2706406,27,33,3,0.0,0.74,Caatinga,8.9
3eacec66-93bf-3e03-a030-8201b41ed72d, -11.798040, -47.098820,2026-05-07 16:20:00,NOAA-20,DIANÓPOLIS,TOCANTINS,Brasil,1707009,17,33,9,0.0,0.54,Cerrado,16.4
984756f7-f211-3bce-8a7d-dde70358e24d, -14.375390, -46.143310,2026-05-07 16:20:00,NOAA-20,MAMBAÍ,GOIÁS,Brasil,5212709,52,33,11,0.0,1.0,Cerrado,4.3
0e30f5cd-7ca6-3bc0-8a15-2bd7e321ffac, -11.793810, -47.099400,2026-05-07 16:20:00,NOAA-20,DIANÓPOLIS,TOCANTINS,Brasil,1707009,17,33,10,0.0,0.36,Cerrado,16.4
ff07b6ab-8fb6-3cb3-9c31-a3b5c3a26c82,  -9.779590, -36.932780,2026-05-07 16:20:00,NOAA-20,TRAIPU,ALAGOAS,Brasil,2709202,27,33,3,0.0,1.0,Caatinga,5.2
3c538844-b29f-3664-8318-8927e02d5f97, -11.192110, -46.154860,2026-05-07 16:20:00,NOAA-20,FORMOSA DO RIO PRETO,BAHIA,Brasil,2911105,29,33,16,0.0,0.61,Cerrado,17.3
64338cec-ca13-39a6-9a18-d9e20ec79f0d, -15.038190, -41.992690,2026-05-07 16:20:00,NOAA-20,CONDEÚBA,BAHIA,Brasil,2908705,29,33,27,0.0,0.99,Caatinga,10.7
07dc1a02-54a0-385c-97c4-3ccb69e879fc, -12.193420, -39.776350,2026-05-07 16:20:00,NOAA-20,IPIRÁ,BAHIA,Brasil,2914000,29,33,12,0.53,0.98,Caatinga,4.4
b61efc5e-bcbb-356e-911d-60feca395051, -10.570140, -47.073970,2026-05-07 16:20:00,NOAA-20,PONTE ALTA DO TOCANTINS,TOCANTINS,Brasil,1717909,17,33,9,0.0,0.46,Cerrado,7.5
49b4a1b1-5d67-3f24-9cdf-a2e8080ab10c, -12.154110, -46.664840,2026-05-07 16:20:00,NOAA-20,PONTE ALTA DO BOM JESUS,TOCANTINS,Brasil,1717800,17,33,9,0.0,0.53,Cerrado,6.7
cf6574c1-f7b3-33a0-8135-3c1f7bf80bb6, -12.183150, -43.191990,2026-05-07 16:20:00,NOAA-20,IBOTIRAMA,BAHIA,Brasil,2913200,29,33,18,0.0,1.0,Caatinga,3.6
43e47078-cbd3-3dd1-8c80-1e6b197158c0, -10.425900, -46.453940,2026-05-07 16:20:00,NOAA-20,MATEIROS,TOCANTINS,Brasil,1712702,17,33,16,0.0,0.68,Cerrado,7.4
00fb3b1c-c361-3e22-838c-77194da980e9, -14.133420, -45.339240,2026-05-07 16:20:00,NOAA-20,JABORANDI,BAHIA,Brasil,2917359,29,33,27,0.0,0.82,Cerrado,9.2
ba4a6dcc-8849-3bfd-88cf-5dc171bcbdb3, -10.502090, -49.827170,2026-05-07 16:20:00,NOAA-20,PIUM,TOCANTINS,Brasil,1717503,17,33,8,0.0,0.77,Cerrado,10.9
742e0749-0b3e-3b12-92ba-a6822211e571, -10.406760, -49.878040,2026-05-07 16:20:00,NOAA-20,PIUM,TOCANTINS,Brasil,1717503,17,33,8,0.0,0.47,Cerrado,3.8
7c413381-2152-3186-9d57-3bb4ebdaee2b, -13.968860, -47.551640,2026-05-07 16:20:00,NOAA-20,CAVALCANTE,GOIÁS,Brasil,5205307,52,33,10,0.0,0.66,Cerrado,3.4
a2687bb2-35aa-30b2-af63-0cbaee524d7f, -10.807410, -49.784560,2026-05-07 16:20:00,NOAA-20,LAGOA DA CONFUSÃO,TOCANTINS,Brasil,1711902,17,33,4,0.0,0.51,Cerrado,17.0
7838190a-7b8e-3a36-a4e1-584be893109e, -14.370670, -41.586320,2026-05-07 16:20:00,NOAA-20,BRUMADO,BAHIA,Brasil,2904605,29,33,3,0.0,0.83,Caatinga,3.2
cb78cb74-47c6-3e1a-9245-375650c92c7a, -11.199980, -46.153700,2026-05-07 16:20:00,NOAA-20,FORMOSA DO RIO PRETO,BAHIA,Brasil,2911105,29,33,16,0.0,0.67,Cerrado,49.7
c9da3460-b6b1-3db1-a8a3-77c77272072f, -13.184520, -52.694210,2026-05-07 16:20:00,NOAA-20,CANARANA,MATO GROSSO,Brasil,5102702,51,33,8,0.0,0.21,Amazônia,62.0
df3fdd01-14ce-372d-8ab1-ededdce2c549, -10.497080, -49.827720,2026-05-07 16:20:00,NOAA-20,PIUM,TOCANTINS,Brasil,1717503,17,33,8,0.0,0.48,Cerrado,15.6
d49e0866-b38c-34e8-abe6-a896bbd36c59, -11.788520, -47.091980,2026-05-07 16:20:00,NOAA-20,DIANÓPOLIS,TOCANTINS,Brasil,1707009,17,33,10,0.0,0.37,Cerrado,16.3
13ed6f93-bba2-3883-91a0-ba5d414635f8, -11.980240, -47.365440,2026-05-07 16:20:00,NOAA-20,CONCEIÇÃO DO TOCANTINS,TOCANTINS,Brasil,1705607,17,33,10,0.0,0.75,Cerrado,6.5
d7824854-3841-36d6-85b7-47f4707d09bb, -12.345850, -50.014480,2026-05-07 16:20:00,NOAA-20,SANDOLÂNDIA,TOCANTINS,Brasil,1718840,17,33,8,0.0,0.47,Cerrado,6.4
89187cd9-59d8-355f-a292-c7f9781d781a, -11.784490, -49.742710,2026-05-07 16:20:00,NOAA-20,FORMOSO DO ARAGUAIA,TOCANTINS,Brasil,1708205,17,33,8,0.0,0.86,Cerrado,2.7
d8e5f3b8-2563-37f9-96ab-35424690e121, -10.496360, -49.821920,2026-05-07 16:20:00,NOAA-20,PIUM,TOCANTINS,Brasil,1717503,17,33,8,0.0,0.54,Cerrado,6.1
50fe6630-d2f7-3ac0-b684-0cfb398519ef,  -8.928170, -36.973340,2026-05-07 16:20:00,NOAA-20,ÁGUAS BELAS,PERNAMBUCO,Brasil,2600500,26,33,3,0.2,0.89,Caatinga,5.3
4ec23441-42e6-3d6b-b2a3-e84b89a75439, -11.274540, -47.019230,2026-05-07 16:20:00,NOAA-20,ALMAS,TOCANTINS,Brasil,1700400,17,33,9,0.0,0.31,Cerrado,3.4
f9c1a3c8-8b3c-351b-abe5-1ed7b2a8049f, -11.779030, -38.715090,2026-05-07 16:20:00,NOAA-20,ÁGUA FRIA,BAHIA,Brasil,2900405,29,33,0,5.13,0.23,Caatinga,0.9
363ad718-a81a-3558-b650-0e4cb57335a1, -14.401910, -44.586290,2026-05-07 16:20:00,NOAA-20,MONTALVÂNIA,MINAS GERAIS,Brasil,3142700,31,33,21,0.0,0.86,Cerrado,18.4
81826f6e-90af-3954-9df2-228335b88895, -10.568010, -47.058820,2026-05-07 16:20:00,NOAA-20,PONTE ALTA DO TOCANTINS,TOCANTINS,Brasil,1717909,17,33,8,0.0,0.47,Cerrado,8.5
4edfc0d8-e7d7-37cc-9cda-230a789ce31b, -14.379500, -46.142680,2026-05-07 16:20:00,NOAA-20,MAMBAÍ,GOIÁS,Brasil,5212709,52,33,11,0.0,1.0,Cerrado,4.3
043afa5d-8930-3f91-bfab-3a0afb633c06,  -9.432920, -37.219020,2026-05-07 16:20:00,NOAA-20,SANTANA DO IPANEMA,ALAGOAS,Brasil,2708006,27,33,3,0.1,1.0,Caatinga,5.2
844e47bb-26de-36d4-89a1-9af8c72908ca, -11.199280, -46.148690,2026-05-07 16:20:00,NOAA-20,FORMOSA DO RIO PRETO,BAHIA,Brasil,2911105,29,33,16,0.0,0.61,Cerrado,49.7
5adb9528-04ca-3b14-8968-59e58d062f2f, -11.063390, -52.473790,2026-05-07 16:20:00,NOAA-20,SÃO JOSÉ DO XINGU,MATO GROSSO,Brasil,5107354,51,33,9,0.0,0.05,Amazônia,8.1
2471bd97-5c68-3c1c-bac5-3082cf5ebbb2, -10.421940, -46.454560,2026-05-07 16:20:00,NOAA-20,MATEIROS,TOCANTINS,Brasil,1712702,17,33,16,0.0,0.68,Cerrado,7.4
64d4da74-dd5e-31f8-8a53-e52d035606a0, -14.688380, -46.163890,2026-05-07 16:20:00,NOAA-20,SÍTIO D'ABADIA,GOIÁS,Brasil,5220702,52,33,13,0.0,0.9,Cerrado,17.0
672398e4-71b3-3320-b78f-3c90893d7384, -10.620360, -46.536520,2026-05-07 16:20:00,NOAA-20,MATEIROS,TOCANTINS,Brasil,1712702,17,33,16,0.0,0.67,Cerrado,38.4
9ef0d194-fdb3-39f2-b96d-bdbbc1f39d0c, -12.345070, -50.017980,2026-05-07 16:20:00,NOAA-20,SANDOLÂNDIA,TOCANTINS,Brasil,1718840,17,33,8,0.0,0.47,Cerrado,4.8
a90b4651-9c0d-37b5-9a41-c25da3281f2c, -11.795730, -49.750400,2026-05-07 16:20:00,NOAA-20,FORMOSO DO ARAGUAIA,TOCANTINS,Brasil,1708205,17,33,8,0.0,0.88,Cerrado,53.9
ec80a14f-0965-3be3-9008-32d410a8ccfb, -14.122390, -45.346020,2026-05-07 16:20:00,NOAA-20,JABORANDI,BAHIA,Brasil,2917359,29,33,27,0.0,0.83,Cerrado,7.3
afba1db1-5c2a-3e9f-9384-01a0136e4257, -14.137320, -45.338690,2026-05-07 16:20:00,NOAA-20,JABORANDI,BAHIA,Brasil,2917359,29,33,27,0.0,0.82,Cerrado,8.1
ce890cdf-bbf3-3678-a830-6becc37a9222, -12.416370, -49.669440,2026-05-07 16:20:00,NOAA-20,SANDOLÂNDIA,TOCANTINS,Brasil,1718840,17,33,11,0.0,0.41,Cerrado,8.9
5c5d1498-f457-3185-8d66-33c51cf1d259, -15.624230, -46.487040,2026-05-07 16:20:00,NOAA-20,BURITIS,MINAS GERAIS,Brasil,3109303,31,33,27,0.0,0.99,Cerrado,7.8
08d3672a-cd1f-3f97-b9ac-36ad02a7fba4, -10.411410, -49.874460,2026-05-07 16:20:00,NOAA-20,PIUM,TOCANTINS,Brasil,1717503,17,33,8,0.0,0.47,Cerrado,3.8
8081ac05-202b-3d9a-8f9b-f6ab8cdec5a1, -10.723870, -43.634880,2026-05-07 16:20:00,NOAA-20,BURITIRAMA,BAHIA,Brasil,2904753,29,33,16,0.0,0.68,Cerrado,3.2
71ec30a8-c87c-3d8f-b5c7-b37c9f3c1712, -14.141890, -45.343180,2026-05-07 16:20:00,NOAA-20,JABORANDI,BAHIA,Brasil,2917359,29,33,27,0.0,0.82,Cerrado,8.1
15274a6e-5472-330b-b4f2-515bf10a22a9, -10.578820, -46.486150,2026-05-07 16:20:00,NOAA-20,MATEIROS,TOCANTINS,Brasil,1712702,17,33,15,0.0,0.5,Cerrado,3.6
ae367b63-7196-3ad8-837e-6094a1ef9a02, -12.477170, -44.651690,2026-05-07 16:20:00,NOAA-20,BAIANÓPOLIS,BAHIA,Brasil,2902500,29,33,8,1.68,0.41,Cerrado,3.3
53379a1c-9b2e-337c-a903-c0c23ad44687, -11.821080, -50.982890,2026-05-07 16:20:00,NOAA-20,SÃO FÉLIX DO ARAGUAIA,MATO GROSSO,Brasil,5107859,51,33,8,0.0,0.54,Cerrado,15.2
42f78990-9aac-30ec-a7d9-41bcec8591e4, -10.567480, -47.055040,2026-05-07 16:20:00,NOAA-20,PONTE ALTA DO TOCANTINS,TOCANTINS,Brasil,1717909,17,33,9,0.0,0.48,Cerrado,8.5
d24d06e7-b5fc-30f4-aa51-5dca1a71e9c2, -12.552560, -54.616420,2026-05-07 16:20:00,NOAA-20,NOVA UBIRATÃ,MATO GROSSO,Brasil,5106240,51,33,7,0.0,0.11,Amazônia,11.7
52b01741-b124-389b-b45b-c05f080aaef9, -11.301130, -54.755580,2026-05-07 16:20:00,NOAA-20,CLÁUDIA,MATO GROSSO,Brasil,5103056,51,33,8,0.0,0.21,Amazônia,7.5
2d024e0a-b46e-367d-9201-b491f515fb03, -12.182760, -43.192030,2026-05-07 16:20:00,NOAA-20,IBOTIRAMA,BAHIA,Brasil,2913200,29,33,18,0.0,1.0,Caatinga,2.1
4fcb3a06-8bf6-3abf-8bc6-f030bab03da3, -13.956570, -45.421030,2026-05-07 16:20:00,NOAA-20,JABORANDI,BAHIA,Brasil,2917359,29,33,27,0.0,0.87,Cerrado,7.1
e7ccd4b8-b200-3fdf-b29d-b8e0200dac80, -10.496700, -49.824920,2026-05-07 16:20:00,NOAA-20,PIUM,TOCANTINS,Brasil,1717503,17,33,8,0.0,0.51,Cerrado,60.8
3461f604-8f74-36d2-bc0e-601368365b80, -10.250860, -46.456340,2026-05-07 16:20:00,NOAA-20,MATEIROS,TOCANTINS,Brasil,1712702,17,33,15,0.0,0.58,Cerrado,132.7
4d413466-e226-36cb-a840-a941ffddaa1a, -10.611880, -46.534200,2026-05-07 16:20:00,NOAA-20,MATEIROS,TOCANTINS,Brasil,1712702,17,33,16,0.0,0.7,Cerrado,1.8
8ad9f56c-7ecc-38df-b8c1-9953e84154c4, -15.410760, -44.262650,2026-05-07 16:20:00,NOAA-20,JANUÁRIA,MINAS GERAIS,Brasil,3135209,31,33,27,0.0,0.94,Caatinga,3.3
88c6ad2e-fd42-3073-bcc1-d3761f68182c, -13.694410, -52.585120,2026-05-07 16:20:00,NOAA-20,ÁGUA BOA,MATO GROSSO,Brasil,5100201,51,33,8,0.0,0.72,Cerrado,6.0
5ae012c6-86a7-348c-9712-e90b18e96176, -11.815990, -50.987230,2026-05-07 16:20:00,NOAA-20,SÃO FÉLIX DO ARAGUAIA,MATO GROSSO,Brasil,5107859,51,33,8,0.0,0.53,Cerrado,3.9
fe9d1880-b1c8-3379-b860-84be25036757, -14.133540, -45.370220,2026-05-07 16:20:00,NOAA-20,JABORANDI,BAHIA,Brasil,2917359,29,33,25,0.0,0.82,Cerrado,9.8
61c38fa3-e76b-3d71-85da-f8bd90be3b86, -11.984560, -47.364880,2026-05-07 16:20:00,NOAA-20,CONCEIÇÃO DO TOCANTINS,TOCANTINS,Brasil,1705607,17,33,10,0.0,0.98,Cerrado,6.5
62cf28ad-b838-3151-95d6-4da858d5be46, -12.992680, -54.675580,2026-05-07 16:20:00,NOAA-20,NOVA UBIRATÃ,MATO GROSSO,Brasil,5106240,51,33,7,0.0,0.09,Amazônia,12.3
a5a9239a-c695-359f-8861-5e61dae92fca, -10.800120, -49.767800,2026-05-07 16:20:00,NOAA-20,LAGOA DA CONFUSÃO,TOCANTINS,Brasil,1711902,17,33,5,0.0,0.68,Cerrado,2.8
fef3c275-6004-326b-95f7-5090fec52c7c, -12.346230, -50.017680,2026-05-07 16:20:00,NOAA-20,SANDOLÂNDIA,TOCANTINS,Brasil,1718840,17,33,8,0.0,0.47,Cerrado,7.6
ac822e18-c485-34fd-a2ae-5efdcbdeca05, -14.881980, -43.456700,2026-05-07 16:20:00,NOAA-20,GAMELEIRAS,MINAS GERAIS,Brasil,3127339,31,33,27,0.0,0.98,Cerrado,2.2
fc370fe9-4430-3cf6-b009-b0ee57a4ac89, -15.923360, -43.733890,2026-05-07 16:20:00,NOAA-20,SÃO JOÃO DA PONTE,MINAS GERAIS,Brasil,3162401,31,33,26,0.0,1.0,Cerrado,4.9
bd6aa9fc-ef69-3daf-abf7-b3c5e59e0a57, -14.141220, -45.338140,2026-05-07 16:20:00,NOAA-20,JABORANDI,BAHIA,Brasil,2917359,29,33,26,0.0,0.82,Cerrado,8.1
3a0502da-b41d-37b1-9125-8cbaafac638d, -10.619880, -46.532950,2026-05-07 16:20:00,NOAA-20,MATEIROS,TOCANTINS,Brasil,1712702,17,33,16,0.0,0.71,Cerrado,38.4
7049602a-93b7-3d30-a33f-9f3a98753f59, -10.753570, -50.605700,2026-05-07 16:20:00,NOAA-20,LUCIARA,MATO GROSSO,Brasil,5105309,51,33,8,0.0,0.16,Cerrado,0.9
e2c546ab-fc1c-3964-8539-0ff4a394130f, -11.554420, -48.272430,2026-05-07 16:20:00,NOAA-20,SÃO VALÉRIO,TOCANTINS,Brasil,1720499,17,33,9,0.0,0.44,Cerrado,14.6
7d12cdd3-2d8e-3375-abc8-da11163db7b0, -11.984000, -47.360690,2026-05-07 16:20:00,NOAA-20,CONCEIÇÃO DO TOCANTINS,TOCANTINS,Brasil,1705607,17,33,10,0.0,0.95,Cerrado,6.5
2288a57f-670b-3f89-97de-28870607ba28, -10.557100, -47.041150,2026-05-07 16:20:00,NOAA-20,PONTE ALTA DO TOCANTINS,TOCANTINS,Brasil,1717909,17,33,9,0.0,0.49,Cerrado,3.7
e7aeb5a1-e4ce-3e3c-83c6-883071c3b9b2, -11.790290, -49.748050,2026-05-07 16:20:00,NOAA-20,FORMOSO DO ARAGUAIA,TOCANTINS,Brasil,1708205,17,33,8,0.0,0.87,Cerrado,53.9
19987296-26be-38c8-a4c5-13cc192b762f, -16.840610, -48.788950,2026-05-07 16:20:00,NOAA-20,SÃO MIGUEL DO PASSA QUATRO,GOIÁS,Brasil,5220264,52,33,28,0.0,0.93,Cerrado,1.2
97daf10c-84de-30b3-8a4d-100f040ef8fb, -11.780060, -47.093080,2026-05-07 16:20:00,NOAA-20,DIANÓPOLIS,TOCANTINS,Brasil,1707009,17,33,10,0.0,0.37,Cerrado,3.9
112772be-64a1-3f59-8e31-628fe93f0fd0, -11.789050, -47.095970,2026-05-07 16:20:00,NOAA-20,DIANÓPOLIS,TOCANTINS,Brasil,1707009,17,33,10,0.0,0.37,Cerrado,30.4
92656d26-11ff-3c1d-95e2-3c5987744b36, -11.241050, -49.631620,2026-05-07 16:20:00,NOAA-20,DUERÉ,TOCANTINS,Brasil,1707306,17,33,7,0.0,0.79,Cerrado,6.0
0599c1b9-26f6-3c78-a41e-adca07e89677, -10.555560, -49.927090,2026-05-07 16:20:00,NOAA-20,PIUM,TOCANTINS,Brasil,1717503,17,33,8,0.0,0.88,Cerrado,11.5
ce4a1388-7cf2-32a0-b7f6-03d526cfb626, -10.496710, -49.824820,2026-05-07 16:20:00,NOAA-20,PIUM,TOCANTINS,Brasil,1717503,17,33,8,0.0,0.51,Cerrado,15.6
5041242f-cf3a-3b47-81a0-0e6fbd8b5642, -10.508730, -49.678960,2026-05-07 16:20:00,NOAA-20,PIUM,TOCANTINS,Brasil,1717503,17,33,8,0.0,0.58,Cerrado,55.5
94432387-56bc-3be8-b2d4-45599b7a877c, -11.605050, -55.329510,2026-05-07 16:20:00,NOAA-20,SINOP,MATO GROSSO,Brasil,5107909,51,33,7,0.0,0.11,Amazônia,7.3
80675093-67fd-325b-b931-f7119da40622, -12.788710, -44.829300,2026-05-07 16:20:00,NOAA-20,SÃO DESIDÉRIO,BAHIA,Brasil,2928901,29,33,18,0.0,0.79,Cerrado,7.2
2b42adef-5a0c-3c1d-9b72-55846332fd9d, -10.937170, -49.445480,2026-05-07 16:20:00,NOAA-20,SANTA RITA DO TOCANTINS,TOCANTINS,Brasil,1718899,17,33,3,0.0,0.31,Cerrado,12.7
f4274c1b-3e57-35f2-aafd-f7cadbc8b704,  -9.789870, -37.019540,2026-05-07 16:20:00,NOAA-20,TRAIPU,ALAGOAS,Brasil,2709202,27,33,3,0.0,0.99,Caatinga,6.0
00092e4e-0b89-367c-9844-fba94e5e0b5d, -11.826130, -50.981560,2026-05-07 16:20:00,NOAA-20,SÃO FÉLIX DO ARAGUAIA,MATO GROSSO,Brasil,5107859,51,33,8,0.0,0.54,Cerrado,15.5
7fb0999c-1420-39f9-8ed7-cabea4bef950, -13.191310, -52.698490,2026-05-07 16:20:00,NOAA-20,CANARANA,MATO GROSSO,Brasil,5102702,51,33,8,0.0,0.22,Amazônia,137.2
9611d595-2947-39a7-abb4-38cb9a346379, -10.795110, -49.768450,2026-05-07 16:20:00,NOAA-20,LAGOA DA CONFUSÃO,TOCANTINS,Brasil,1711902,17,33,5,0.0,0.87,Cerrado,2.8
0c995748-38d2-3c39-92ef-042f000d605b, -13.193260, -52.695760,2026-05-07 16:20:00,NOAA-20,CANARANA,MATO GROSSO,Brasil,5102702,51,33,8,0.0,0.22,Amazônia,106.5
36b8fbbd-7a59-35ad-b860-ececb8e9611a, -11.607790, -55.328700,2026-05-07 16:20:00,NOAA-20,SINOP,MATO GROSSO,Brasil,5107909,51,33,7,0.0,0.11,Amazônia,7.9
734cdb3f-5c16-300e-9ae0-edfbf62b80ec, -15.250020, -41.807330,2026-05-07 16:20:00,NOAA-20,SÃO JOÃO DO PARAÍSO,MINAS GERAIS,Brasil,3162708,31,33,18,0.0,0.98,Mata Atlântica,2.1
9fc70d5d-05c5-32c4-a819-67139c0dcb0b, -13.190270, -52.688770,2026-05-07 16:20:00,NOAA-20,CANARANA,MATO GROSSO,Brasil,5102702,51,33,8,0.0,0.21,Amazônia,90.7
6d54599f-a819-33ee-9f5c-567e97ca8103, -14.421710, -42.293640,2026-05-07 16:20:00,NOAA-20,CACULÉ,BAHIA,Brasil,2905008,29,33,29,0.0,0.97,Caatinga,3.8
ebbe27eb-9ef1-333c-addd-e3d7078cd693, -14.401280, -44.581700,2026-05-07 16:20:00,NOAA-20,MONTALVÂNIA,MINAS GERAIS,Brasil,3142700,31,33,20,0.0,0.87,Cerrado,18.4
df18edc3-0090-3b8a-bc1a-e59ce7b80769, -12.918340, -49.480590,2026-05-07 16:20:00,NOAA-20,ARAGUAÇU,TOCANTINS,Brasil,1702000,17,33,12,0.0,0.52,Cerrado,5.3
34511f8e-7f3e-300e-aa94-5aa0bb4c78d1, -10.566950, -47.051250,2026-05-07 16:20:00,NOAA-20,PONTE ALTA DO TOCANTINS,TOCANTINS,Brasil,1717909,17,33,9,0.0,0.49,Cerrado,7.1
9514f5f5-d397-3008-ab5d-e48b83deb41a, -13.556970, -43.598540,2026-05-07 16:20:00,NOAA-20,SERRA DO RAMALHO,BAHIA,Brasil,2930154,29,33,30,0.0,1.0,Cerrado,4.1
83ea0b1c-b760-3f5e-9fa8-0355cf537556, -14.145120, -45.337590,2026-05-07 16:20:00,NOAA-20,JABORANDI,BAHIA,Brasil,2917359,29,33,27,0.0,0.82,Cerrado,13.3
18b91654-14b4-3828-93dd-34a8102506c2, -13.556410, -43.594490,2026-05-07 16:20:00,NOAA-20,SERRA DO RAMALHO,BAHIA,Brasil,2930154,29,33,30,0.0,1.0,Cerrado,9.9
3c1399d4-2847-3aba-8b89-892921ea9ad7, -11.191400, -46.149830,2026-05-07 16:20:00,NOAA-20,FORMOSA DO RIO PRETO,BAHIA,Brasil,2911105,29,33,16,0.0,0.54,Cerrado,17.3
8da43173-9e74-3c2e-bd16-d8496f3e783c, -12.782100, -58.989900,2026-05-07 16:20:00,GOES-19,CAMPOS DE JÚLIO,MATO GROSSO,Brasil,5102686,51,33,7,0.3,0.79,Cerrado,131.8
08af3f92-36e2-3d1e-904b-333b0534193d, -14.576400, -58.918200,2026-05-07 16:20:00,GOES-19,TANGARÁ DA SERRA,MATO GROSSO,Brasil,5107958,51,33,7,0.0,0.24,Cerrado,98.9
52a40e8f-2ffa-3444-a70e-5dec763a364e, -11.192700, -46.154600,2026-05-07 16:20:00,GOES-19,FORMOSA DO RIO PRETO,BAHIA,Brasil,2911105,29,33,16,0.0,0.62,Cerrado,94.8
b69c8260-95a9-3bfa-b5a5-636d7e5f0612, -10.427100, -46.455900,2026-05-07 16:20:00,GOES-19,MATEIROS,TOCANTINS,Brasil,1712702,17,33,16,0.0,0.68,Cerrado,106.9
c5058ef2-575d-35c4-b614-83081606d49c,  -8.740290, -47.462040,2026-05-07 16:22:00,NOAA-20,ITACAJÁ,TOCANTINS,Brasil,1710508,17,33,14,0.0,0.23,Cerrado,4.7
8b5bb93b-b51b-38d8-bdb0-908ba9cf31e6,  -9.406510, -50.681590,2026-05-07 16:22:00,NOAA-20,SANTANA DO ARAGUAIA,PARÁ,Brasil,1506708,15,33,6,0.0,0.87,Amazônia,8.0
37f26629-2968-3548-b015-2661077dbb68,  -7.280680, -47.035290,2026-05-07 16:22:00,NOAA-20,CAROLINA,MARANHÃO,Brasil,2102804,21,33,7,0.0,0.5,Cerrado,6.2
3f141e0a-1234-3032-84c0-4bc9365129c3,  -7.518220, -49.243920,2026-05-07 16:22:00,NOAA-20,PAU D'ARCO,TOCANTINS,Brasil,1716307,17,33,4,0.0,0.61,Amazônia,12.5
1335c708-0abf-3c49-b5e7-84def11f3fcf,  -8.167840, -43.163230,2026-05-07 16:22:00,NOAA-20,CANTO DO BURITI,PIAUÍ,Brasil,2202307,22,33,4,0.0,0.81,Caatinga,4.0
86a8a540-7ae4-3b07-85c0-6ffabfeccdb9,  -8.165210, -43.163830,2026-05-07 16:22:00,NOAA-20,CANTO DO BURITI,PIAUÍ,Brasil,2202307,22,33,4,0.0,0.81,Caatinga,4.5
8ec738c8-50aa-33f6-add0-ca0ae493ec03,  -8.692890, -49.090150,2026-05-07 16:22:00,NOAA-20,GOIANORTE,TOCANTINS,Brasil,1708304,17,33,7,0.0,0.19,Cerrado,8.7
edc994f5-9294-37da-8eec-135c840fc1e5,  -6.022430, -35.492260,2026-05-07 16:22:00,NOAA-20,MACAÍBA,RIO GRANDE DO NORTE,Brasil,2407104,24,33,0,8.21,0.02,Caatinga,4.8
1b0ec66b-0605-36f0-a7af-42d0b2842328,  -7.753920, -43.137810,2026-05-07 16:22:00,NOAA-20,RIO GRANDE DO PIAUÍ,PIAUÍ,Brasil,2209005,22,33,4,0.0,0.7,Caatinga,24.0
4d77d426-1689-3977-adf9-6b8a93484b5f,  -5.305660, -48.555360,2026-05-07 16:22:00,NOAA-20,ESPERANTINA,TOCANTINS,Brasil,1707405,17,33,3,0.0,0.78,Amazônia,4.3
3e8521b8-8908-3442-b11d-dd4d356ce927,  -9.457790, -46.127570,2026-05-07 16:22:00,NOAA-20,ALTO PARNAÍBA,MARANHÃO,Brasil,2100501,21,33,16,0.0,0.77,Cerrado,9.1
8698f6a7-ac9a-32bd-b434-c95b30673b81,  -5.115470, -39.466290,2026-05-07 16:22:00,NOAA-20,QUIXERAMOBIM,CEARÁ,Brasil,2311405,23,33,3,0.0,0.08,Caatinga,4.9
7c81f078-8c81-3ca9-8cc2-23b5d5c18cbc,  -6.117420, -44.701170,2026-05-07 16:22:00,NOAA-20,MIRADOR,MARANHÃO,Brasil,2106706,21,33,3,0.0,0.29,Cerrado,7.1
17d12580-b934-3e4d-bbc0-4f241a9bba8f,  -8.786660, -44.831250,2026-05-07 16:22:00,NOAA-20,CURRAIS,PIAUÍ,Brasil,2203230,22,33,13,0.0,0.77,Cerrado,8.9
8d321d21-d50a-3e82-8b75-92eba4aba37a,  -8.630350, -49.539950,2026-05-07 16:22:00,NOAA-20,CONCEIÇÃO DO ARAGUAIA,PARÁ,Brasil,1502707,15,33,4,0.0,0.7,Amazônia,15.1
d2aee42b-c90b-3526-bb4b-1ef17c88232e,  -8.171180, -43.162720,2026-05-07 16:22:00,NOAA-20,CANTO DO BURITI,PIAUÍ,Brasil,2202307,22,33,4,0.0,0.81,Caatinga,4.0
d786fdc1-86bf-3c06-b5b4-7488e6b5cbf3,  -5.715640, -35.511920,2026-05-07 16:22:00,NOAA-20,IELMO MARINHO,RIO GRANDE DO NORTE,Brasil,2404606,24,33,1,6.9,0.02,Caatinga,7.9
a383fa0a-c57e-3406-a8fc-2456a8be5af0,  -7.290320, -47.018390,2026-05-07 16:22:00,NOAA-20,CAROLINA,MARANHÃO,Brasil,2102804,21,33,8,0.0,0.51,Cerrado,3.5
e342048f-ea34-3dfc-9d66-392e7f593b63,  -5.322460, -44.694130,2026-05-07 16:22:00,NOAA-20,TUNTUM,MARANHÃO,Brasil,2112308,21,33,7,0.0,0.65,Cerrado,9.1
a5064d64-0179-3c2c-8293-e7827e9b25aa,  -6.117970, -44.704950,2026-05-07 16:22:00,NOAA-20,MIRADOR,MARANHÃO,Brasil,2106706,21,33,3,0.0,0.29,Cerrado,7.4
41f8dc02-e460-3dd3-b9c5-91a6be47a0a2,  -6.392070, -44.359290,2026-05-07 16:22:00,NOAA-20,MIRADOR,MARANHÃO,Brasil,2106706,21,33,4,0.0,0.33,Cerrado,4.2
65043077-1053-3c6a-bd6c-f3e5c00876d1,  -5.782270, -45.129750,2026-05-07 16:22:00,NOAA-20,BARRA DO CORDA,MARANHÃO,Brasil,2101608,21,33,3,0.0,0.35,Cerrado,14.3
7e314d05-ed17-3162-9d5d-024eacf535b9,  -9.057830, -47.635090,2026-05-07 16:22:00,NOAA-20,BOM JESUS DO TOCANTINS,TOCANTINS,Brasil,1703305,17,33,15,0.0,0.41,Cerrado,4.8
65b67d56-3c48-338e-8ee2-1e403db23c34,  -6.115320, -44.705370,2026-05-07 16:22:00,NOAA-20,MIRADOR,MARANHÃO,Brasil,2106706,21,33,3,0.0,0.29,Cerrado,5.6
abe37270-3bb1-3cba-8da3-3c945645822e,  -5.861900, -43.254960,2026-05-07 16:22:00,NOAA-20,PARNARAMA,MARANHÃO,Brasil,2107803,21,33,4,0.0,0.36,Cerrado,8.2
f0f95b88-d1eb-3d95-8d30-14c785683184,  -8.783700, -44.835880,2026-05-07 16:22:00,NOAA-20,CURRAIS,PIAUÍ,Brasil,2203230,22,33,13,0.0,0.77,Cerrado,5.0
f975a936-0456-355d-aeda-58a721b5222b,  -6.909200, -42.844730,2026-05-07 16:22:00,NOAA-20,FLORIANO,PIAUÍ,Brasil,2203909,22,33,5,0.0,0.57,Caatinga,5.3
eb096678-ecdd-350e-b1c7-ff7f2483da22,  -8.629360, -49.536470,2026-05-07 16:22:00,NOAA-20,CONCEIÇÃO DO ARAGUAIA,PARÁ,Brasil,1502707,15,33,4,0.0,0.61,Amazônia,10.5
4f9bc214-5285-37df-a7f4-57c151da1fc2,  -5.777630, -45.122530,2026-05-07 16:22:00,NOAA-20,BARRA DO CORDA,MARANHÃO,Brasil,2101608,21,33,3,0.0,0.36,Cerrado,5.3
8edb83c9-f553-3e6b-b3e2-461b2d5e077e,  -8.694440, -49.092680,2026-05-07 16:22:00,NOAA-20,GOIANORTE,TOCANTINS,Brasil,1708304,17,33,7,0.0,0.35,Cerrado,10.2
2386011e-183b-3597-a2e8-ef7ee633827c,  -7.518400, -49.246650,2026-05-07 16:22:00,NOAA-20,PAU D'ARCO,TOCANTINS,Brasil,1716307,17,33,4,0.0,0.61,Amazônia,10.5
2f711a52-90c0-388c-95bc-89bde2ddcd6e,  -5.781120, -45.121980,2026-05-07 16:22:00,NOAA-20,BARRA DO CORDA,MARANHÃO,Brasil,2101608,21,33,3,0.0,0.35,Cerrado,80.2
bef79946-d2f3-3a84-a8cc-7e80b234100b,  -5.781690, -45.125860,2026-05-07 16:22:00,NOAA-20,BARRA DO CORDA,MARANHÃO,Brasil,2101608,21,33,3,0.0,0.35,Cerrado,80.2
45629845-322d-3b94-9b51-3dbbe4574c88,  -8.784300, -44.840020,2026-05-07 16:22:00,NOAA-20,CURRAIS,PIAUÍ,Brasil,2203230,22,33,13,0.0,0.76,Cerrado,5.0
a4c0de20-7266-3c8c-9ddd-0059b9ba779c,  -5.784040, -45.117540,2026-05-07 16:22:00,NOAA-20,BARRA DO CORDA,MARANHÃO,Brasil,2101608,21,33,3,0.0,0.34,Cerrado,55.0
533f7ac6-7c46-3035-ae9b-e0590a2d35d1,  -6.118770, -44.704850,2026-05-07 16:22:00,NOAA-20,MIRADOR,MARANHÃO,Brasil,2106706,21,33,3,0.0,0.29,Cerrado,5.6
bb81bb09-9326-3f66-b204-1f60fc5301d7,  -9.455360, -46.126140,2026-05-07 16:22:00,NOAA-20,ALTO PARNAÍBA,MARANHÃO,Brasil,2100501,21,33,16,0.0,0.74,Cerrado,4.1
5dc60f66-0890-3220-acb0-50aa0d91c822,  -5.862590, -47.747220,2026-05-07 16:22:00,NOAA-20,SÃO BENTO DO TOCANTINS,TOCANTINS,Brasil,1720101,17,33,4,0.0,0.22,Cerrado,4.9
663a8249-96ee-33e9-85d2-bc1f56c28309,  -5.774140, -45.123080,2026-05-07 16:22:00,NOAA-20,BARRA DO CORDA,MARANHÃO,Brasil,2101608,21,33,3,0.0,0.35,Cerrado,5.3
501714c0-9ae5-35c9-bc27-1ddc58842037,  -6.444880, -44.827600,2026-05-07 16:22:00,NOAA-20,MIRADOR,MARANHÃO,Brasil,2106706,21,33,4,0.0,0.33,Cerrado,3.2
cb0b5119-ce46-37c1-8fb8-eb0bde8cbf63,  -3.750660, -46.075440,2026-05-07 16:22:00,NOAA-20,ALTO ALEGRE DO PINDARÉ,MARANHÃO,Brasil,2100477,21,33,3,0.28,0.12,Amazônia,3.8
501335aa-7599-3713-959b-dc253eea54c5,  -9.053610, -47.635650,2026-05-07 16:22:00,NOAA-20,BOM JESUS DO TOCANTINS,TOCANTINS,Brasil,1703305,17,33,15,0.0,0.41,Cerrado,6.0
15507f39-440d-36f1-bf01-354e00722c09,  -5.787520, -45.117000,2026-05-07 16:22:00,NOAA-20,BARRA DO CORDA,MARANHÃO,Brasil,2101608,21,33,3,0.0,0.38,Cerrado,4.9
e03b9f13-8805-320f-95b9-1087c00aa860,  -5.864720, -46.251230,2026-05-07 16:22:00,NOAA-20,GRAJAÚ,MARANHÃO,Brasil,2104800,21,33,4,0.0,0.98,Cerrado,8.9
1144554a-d246-3647-95e8-6c960b27180f,  -9.459890, -46.130330,2026-05-07 16:22:00,NOAA-20,ALTO PARNAÍBA,MARANHÃO,Brasil,2100501,21,33,16,0.0,0.82,Cerrado,7.5
93a8860c-1f51-3e9b-b71e-4bc4c81487c3,  -9.470080, -50.884230,2026-05-07 16:22:00,NOAA-20,SANTANA DO ARAGUAIA,PARÁ,Brasil,1506708,15,33,8,0.0,1.0,Amazônia,4.6
93bedfc5-350f-3fea-aee6-758593bfc78b,  -7.678330, -44.611550,2026-05-07 16:22:00,NOAA-20,URUÇUÍ,PIAUÍ,Brasil,2211209,22,33,11,0.0,0.54,Cerrado,5.1
9ede1a05-2045-3820-a8c9-9f8d0f087e2d,  -7.245660, -39.178570,2026-05-07 16:22:00,NOAA-20,MISSÃO VELHA,CEARÁ,Brasil,2308401,23,33,4,0.0,0.19,Caatinga,3.8
76e1d912-5034-379b-8940-6695816379c0,  -8.630070, -49.541620,2026-05-07 16:22:00,NOAA-20,CONCEIÇÃO DO ARAGUAIA,PARÁ,Brasil,1502707,15,33,4,0.0,0.7,Amazônia,9.4
484304f3-ec75-3f76-90c8-8241c7d5577c,  -8.813190, -49.946430,2026-05-07 16:22:00,NOAA-20,SANTA MARIA DAS BARREIRAS,PARÁ,Brasil,1506583,15,33,4,0.0,0.22,Amazônia,3.6
a6afaf6e-1020-36fa-bcdf-17e4fcceb19c,  -5.861380, -43.251490,2026-05-07 16:22:00,NOAA-20,PARNARAMA,MARANHÃO,Brasil,2107803,21,33,4,0.0,0.36,Cerrado,8.2
527a702c-eb87-3b6a-9759-3008fccac4bf,  -5.778200, -45.126410,2026-05-07 16:22:00,NOAA-20,BARRA DO CORDA,MARANHÃO,Brasil,2101608,21,33,3,0.0,0.36,Cerrado,5.3
df180064-98ca-32f5-a618-b2698dfa275d,  -5.649220, -44.302820,2026-05-07 16:22:00,NOAA-20,SÃO DOMINGOS DO MARANHÃO,MARANHÃO,Brasil,2110708,21,33,3,0.0,0.71,Cerrado,5.1
6e1ce8eb-d7f6-348c-a870-c309a53b0170,  -5.863120, -47.750860,2026-05-07 16:22:00,NOAA-20,SÃO BENTO DO TOCANTINS,TOCANTINS,Brasil,1720101,17,33,4,0.0,0.22,Cerrado,4.9
39e476c1-dcc7-3a91-8cad-7070f07a98ad,  -5.858530, -47.747760,2026-05-07 16:22:00,NOAA-20,SÃO BENTO DO TOCANTINS,TOCANTINS,Brasil,1720101,17,33,4,0.0,0.21,Cerrado,8.2
0fb3beef-9beb-3a86-bf8c-0fc278ddeb88,  -6.473950, -45.773310,2026-05-07 16:22:00,NOAA-20,FERNANDO FALCÃO,MARANHÃO,Brasil,2104081,21,33,5,0.0,0.68,Cerrado,5.3
6d2751a0-42a5-3ba1-94f0-757fe1f1e471,  -5.859060, -47.751420,2026-05-07 16:22:00,NOAA-20,SÃO BENTO DO TOCANTINS,TOCANTINS,Brasil,1720101,17,33,4,0.0,0.21,Cerrado,8.2
b74b5938-4918-3192-a269-6da02b5fec64,  -5.778780, -45.130300,2026-05-07 16:22:00,NOAA-20,BARRA DO CORDA,MARANHÃO,Brasil,2101608,21,33,3,0.0,0.36,Cerrado,6.4
0904c27f-bb1b-3d70-a856-50e9de4d69e0,  -6.887070, -42.855210,2026-05-07 16:22:00,NOAA-20,FLORIANO,PIAUÍ,Brasil,2203909,22,33,5,0.0,0.57,Caatinga,9.7
2416bc7e-6ac9-3039-a867-84a16cf500c9,  -7.362250, -46.796610,2026-05-07 16:22:00,NOAA-20,RIACHÃO,MARANHÃO,Brasil,2109502,21,33,9,0.0,0.65,Cerrado,5.6
0f718862-0ce2-36dd-9302-18d1c20cdd7e,  -5.780550, -45.118090,2026-05-07 16:22:00,NOAA-20,BARRA DO CORDA,MARANHÃO,Brasil,2101608,21,33,3,0.0,0.33,Cerrado,55.0
a6877982-c2f5-3486-b81e-ecdca9a49950,  -5.512650, -35.591770,2026-05-07 16:22:00,NOAA-20,TAIPU,RIO GRANDE DO NORTE,Brasil,2413904,24,33,0,4.56,0.01,Caatinga,3.9
18143669-6176-3c61-a62d-cb53895d9658,  -5.532820, -46.886600,2026-05-07 16:22:00,NOAA-20,AMARANTE DO MARANHÃO,MARANHÃO,Brasil,2100600,21,33,3,0.0,0.53,Cerrado,4.8
047c95f0-e877-3efc-957d-05dd75f7c35c,  -6.392560, -44.359390,2026-05-07 16:22:00,NOAA-20,MIRADOR,MARANHÃO,Brasil,2106706,21,33,4,0.0,0.33,Cerrado,4.7
1b0ab692-e142-3f28-b0c9-93d18623fb49,  -7.293490, -47.096370,2026-05-07 16:22:00,NOAA-20,CAROLINA,MARANHÃO,Brasil,2102804,21,33,6,0.0,0.44,Cerrado,6.9
fc7acf02-6a12-3442-aa97-6929431885f8,  -7.297470, -47.095880,2026-05-07 16:22:00,NOAA-20,CAROLINA,MARANHÃO,Brasil,2102804,21,33,6,0.0,0.38,Cerrado,5.5
d3121134-52dc-342f-affe-0c8e829a94e8,  -6.634870, -41.030900,2026-05-07 16:22:00,NOAA-20,PIMENTEIRAS,PIAUÍ,Brasil,2208106,22,33,3,0.0,0.45,Caatinga,1.8
664456be-ccb4-391d-ad34-24f0be0febfb,  -8.516550, -39.239840,2026-05-07 16:22:00,NOAA-20,CABROBÓ,PERNAMBUCO,Brasil,2603009,26,33,14,0.0,1.0,Caatinga,3.8
7ef24721-fa0a-3691-93e5-1822a87861e2,  -8.787250, -44.835360,2026-05-07 16:22:00,NOAA-20,CURRAIS,PIAUÍ,Brasil,2203230,22,33,13,0.0,0.76,Cerrado,19.4
c5ee600f-e797-307a-bb86-14deae1a95c4,  -6.630800, -45.847760,2026-05-07 16:22:00,NOAA-20,MIRADOR,MARANHÃO,Brasil,2106706,21,33,5,0.0,0.48,Cerrado,3.0
cc8648ad-e098-3acf-8ce5-0a7e315127f7,  -9.470860, -50.884190,2026-05-07 16:22:00,NOAA-20,SANTANA DO ARAGUAIA,PARÁ,Brasil,1506708,15,33,8,0.0,1.0,Amazônia,4.9
be2051c3-331a-3d25-b881-6fd5a623eb06,  -5.582820, -42.736420,2026-05-07 16:22:00,NOAA-20,MONSENHOR GIL,PIAUÍ,Brasil,2206407,22,33,4,0.1,0.13,Caatinga,4.9
687a683e-34fa-3652-82dd-33a4586d5a58,  -8.501940, -39.397950,2026-05-07 16:22:00,NOAA-20,CABROBÓ,PERNAMBUCO,Brasil,2603009,26,33,6,0.0,1.0,Caatinga,7.6
b819effa-5f40-3d45-8714-52fa7407d128,  -6.118200, -44.701070,2026-05-07 16:22:00,NOAA-20,MIRADOR,MARANHÃO,Brasil,2106706,21,33,3,0.0,0.29,Cerrado,8.4
a1638357-8b0f-376b-a13d-861525389f19,  -5.582290, -42.732970,2026-05-07 16:22:00,NOAA-20,MONSENHOR GIL,PIAUÍ,Brasil,2206407,22,33,4,0.1,0.13,Caatinga,13.5
579d308b-fa0f-36fd-9a44-c6f9cc2801c1,  -8.170660, -43.159180,2026-05-07 16:22:00,NOAA-20,CANTO DO BURITI,PIAUÍ,Brasil,2202307,22,33,4,0.0,0.81,Caatinga,5.7
e8272a2a-52b8-36d4-9178-1fa1508e50d1,  -5.784610, -45.121430,2026-05-07 16:22:00,NOAA-20,BARRA DO CORDA,MARANHÃO,Brasil,2101608,21,33,3,0.0,0.34,Cerrado,80.2
85525fff-8888-3fc0-a36b-b738050a1057,  -7.030490, -39.844800,2026-05-07 16:22:00,NOAA-20,ASSARÉ,CEARÁ,Brasil,2301604,23,33,4,0.0,0.1,Caatinga,8.0
d24222bf-2870-3f8a-beb6-43d69923044f, -10.243550, -52.170350,2026-05-07 16:22:00,NOAA-20,SANTA CRUZ DO XINGU,MATO GROSSO,Brasil,5107743,51,33,6,0.0,0.28,Amazônia,4.3
c77e12bd-3dda-3f42-aeef-409e16a3605a,  -6.908670, -42.841260,2026-05-07 16:22:00,NOAA-20,FLORIANO,PIAUÍ,Brasil,2203909,22,33,5,0.0,0.57,Caatinga,5.0
6fc999fa-0b6f-3ed6-a183-69350196ad2d,  -9.456040, -46.130890,2026-05-07 16:22:00,NOAA-20,ALTO PARNAÍBA,MARANHÃO,Brasil,2100501,21,33,16,0.0,0.82,Cerrado,4.1
e9dd2c23-8b6f-31d4-8fd5-a261801d3d8b,  -5.144950, -35.619500,2026-05-07 16:22:00,NOAA-20,TOUROS,RIO GRANDE DO NORTE,Brasil,2414407,24,33,2,2.41,0.01,Caatinga,6.3
49a7918c-3f1e-305f-be38-81161ca9457e, -12.781900, -59.009600,2026-05-07 16:30:00,GOES-19,CAMPOS DE JÚLIO,MATO GROSSO,Brasil,5102686,51,33,7,0.3,0.73,Cerrado,258.8
b5289e67-c9e3-390f-be2b-3bd8b6872ba6, -12.763100, -58.991300,2026-05-07 16:30:00,GOES-19,CAMPOS DE JÚLIO,MATO GROSSO,Brasil,5102686,51,33,7,0.3,0.28,Cerrado,76.6
cbc6628e-c0cd-38c9-a74c-5a734bd7f022, -13.188200, -52.692200,2026-05-07 16:30:00,GOES-19,CANARANA,MATO GROSSO,Brasil,5102702,51,33,8,0.0,0.21,Amazônia,1010.8
238c156f-16bf-3b4d-8fbe-63f1443cd4e6, -11.821800, -50.989600,2026-05-07 16:30:00,GOES-19,SÃO FÉLIX DO ARAGUAIA,MATO GROSSO,Brasil,5107859,51,33,8,0.0,0.53,Cerrado,42.6
51c72bc4-d656-3b18-a0af-8c0061eb0495, -14.557200, -58.919900,2026-05-07 16:30:00,GOES-19,TANGARÁ DA SERRA,MATO GROSSO,Brasil,5107958,51,33,7,0.0,0.24,Cerrado,160.6
1a1c6c46-0198-3b70-a67c-b8f460ad71fc, -11.192700, -46.154600,2026-05-07 16:30:00,GOES-19,FORMOSA DO RIO PRETO,BAHIA,Brasil,2911105,29,33,16,0.0,0.62,Cerrado,78.2
13c7e81c-2e9c-393b-be8c-5997d21a12a8, -12.782100, -58.989900,2026-05-07 16:30:00,GOES-19,CAMPOS DE JÚLIO,MATO GROSSO,Brasil,5102686,51,33,7,0.3,0.79,Cerrado,204.0
ae3896ad-9f02-3267-8854-959f0926385e, -14.576200, -58.938100,2026-05-07 16:30:00,GOES-19,TANGARÁ DA SERRA,MATO GROSSO,Brasil,5107958,51,33,7,0.0,0.23,Cerrado,264.2
91ed10bc-dbe1-38f2-a6c7-258deaef856d, -10.570100, -47.043300,2026-05-07 16:40:00,GOES-19,PONTE ALTA DO TOCANTINS,TOCANTINS,Brasil,1717909,17,33,9,0.0,0.49,Cerrado,92.0
91f163bb-5bba-3a52-8dec-9af554074412, -12.781900, -59.009600,2026-05-07 16:40:00,GOES-19,CAMPOS DE JÚLIO,MATO GROSSO,Brasil,5102686,51,33,7,0.3,0.73,Cerrado,341.1
7894f64a-593a-3b22-bbc2-6b84426149e1, -14.576400, -58.918200,2026-05-07 16:40:00,GOES-19,TANGARÁ DA SERRA,MATO GROSSO,Brasil,5107958,51,33,7,0.0,0.24,Cerrado,245.1
a9414222-0afa-3048-b053-c56b7e505aa2, -11.192700, -46.154600,2026-05-07 16:40:00,GOES-19,FORMOSA DO RIO PRETO,BAHIA,Brasil,2911105,29,33,16,0.0,0.62,Cerrado,212.3
1a62a908-f200-3f82-a589-6d324badab5f, -14.557200, -58.919900,2026-05-07 16:40:00,GOES-19,TANGARÁ DA SERRA,MATO GROSSO,Brasil,5107958,51,33,7,0.0,0.24,Cerrado,209.0
cefa9210-0c20-35ab-a4b0-e4fec73bc1fa, -12.782100, -58.989900,2026-05-07 16:40:00,GOES-19,CAMPOS DE JÚLIO,MATO GROSSO,Brasil,5102686,51,33,7,0.3,0.79,Cerrado,219.4
9a0a1f65-b5d2-3faf-af60-8a20a1920fb2, -14.557000, -58.939900,2026-05-07 16:50:00,GOES-19,TANGARÁ DA SERRA,MATO GROSSO,Brasil,5107958,51,33,7,0.0,0.23,Cerrado,89.5
149ee2ad-7eb5-3055-89fa-27e6be8a4e25, -12.782100, -58.989900,2026-05-07 16:50:00,GOES-19,CAMPOS DE JÚLIO,MATO GROSSO,Brasil,5102686,51,33,7,0.3,0.79,Cerrado,265.4
7878a6a6-6dc2-3dd9-9f06-dac1bfdec557, -14.576200, -58.938100,2026-05-07 16:50:00,GOES-19,TANGARÁ DA SERRA,MATO GROSSO,Brasil,5107958,51,33,7,0.0,0.23,Cerrado,226.4
e8342166-b9c2-3a72-b447-b4fdf5a0f296, -11.192700, -46.154600,2026-05-07 16:50:00,GOES-19,FORMOSA DO RIO PRETO,BAHIA,Brasil,2911105,29,33,16,0.0,0.62,Cerrado,86.8
84ad0bde-6b43-3ca4-bea5-4201e94178fb, -14.576400, -58.918200,2026-05-07 16:50:00,GOES-19,TANGARÁ DA SERRA,MATO GROSSO,Brasil,5107958,51,33,7,0.0,0.24,Cerrado,230.8
96cd6160-4cdd-3656-8f5f-7b9e418e2f91, -10.570100, -47.043300,2026-05-07 17:00:00,GOES-19,PONTE ALTA DO TOCANTINS,TOCANTINS,Brasil,1717909,17,33,9,0.0,0.49,Cerrado,79.5
3b57b064-5a2d-353b-99be-69ab358e44a0, -14.576200, -58.938100,2026-05-07 17:00:00,GOES-19,TANGARÁ DA SERRA,MATO GROSSO,Brasil,5107958,51,33,7,0.0,0.23,Cerrado,156.0
46d581ad-54c7-3c26-96e6-34bbb5cbec5d, -21.086370, -43.909850,2026-05-07 17:05:00,NOAA-21,CARANDAÍ,MINAS GERAIS,Brasil,3113206,31,33,23,0.0,0.27,Mata Atlântica,23.1
93d01cf4-5104-3a67-b698-26eb18af3fb0, -28.149090, -48.911580,2026-05-07 17:05:00,NOAA-21,IMARUÍ,SANTA CATARINA,Brasil,4207205,42,33,1,0.71,0.11,Mata Atlântica,2.0
04028b8a-3202-3e43-b2ad-f4a3467bd1c3, -23.360850, -46.659530,2026-05-07 17:05:00,NOAA-21,MAIRIPORÃ,SÃO PAULO,Brasil,3528502,35,33,4,0.0,0.29,Mata Atlântica,12.4
d8af0b2a-9ccc-3777-b99f-aa7a973e8715, -29.007370, -52.071020,2026-05-07 17:05:00,NOAA-21,PUTINGA,RIO GRANDE DO SUL,Brasil,4315206,43,33,2,0.28,0.06,Mata Atlântica,5.9
5183b6ae-e244-3c1e-88a4-270c014c6810, -22.955080, -53.209030,2026-05-07 17:05:00,NOAA-21,LOANDA,PARANÁ,Brasil,4113502,41,33,5,0.0,1.0,Mata Atlântica,5.4
5a032ec2-6cce-3d4f-a350-ad0cf32db3a4, -23.230470, -47.820790,2026-05-07 17:05:00,NOAA-21,CESÁRIO LANGE,SÃO PAULO,Brasil,3511607,35,33,4,0.0,0.96,Mata Atlântica,6.9
e5805a47-26c6-3a6c-b511-42b5a75ce76e, -22.786580, -44.127580,2026-05-07 17:05:00,NOAA-21,RIO CLARO,RIO DE JANEIRO,Brasil,3304409,33,33,6,0.0,0.87,Mata Atlântica,3.4
6ca4186f-8e7b-3aa7-9811-38835e60c82e, -22.946180, -46.238610,2026-05-07 17:05:00,NOAA-21,JOANÓPOLIS,SÃO PAULO,Brasil,3525508,35,33,2,0.0,0.82,Mata Atlântica,3.4
64cff26a-9d3e-37c7-aab6-98d2332177fc, -21.450940, -41.147030,2026-05-07 17:05:00,NOAA-21,SÃO FRANCISCO DE ITABAPOANA,RIO DE JANEIRO,Brasil,3304755,33,33,3,0.0,1.0,Mata Atlântica,3.5
4976b3f0-9dd5-3297-8bcc-c1f8d8251166, -21.426320, -48.525070,2026-05-07 17:05:00,NOAA-21,TAQUARITINGA,SÃO PAULO,Brasil,3553708,35,33,9,0.0,1.0,Cerrado,3.4
e0bdb51c-ad46-30ca-8bf2-58137c535c87, -22.050110, -48.408610,2026-05-07 17:05:00,NOAA-21,DOURADO,SÃO PAULO,Brasil,3514304,35,33,7,0.0,1.0,Cerrado,21.4
da7db549-313a-3b11-9f53-285065f9973d, -22.609730, -47.228930,2026-05-07 17:05:00,NOAA-21,COSMÓPOLIS,SÃO PAULO,Brasil,3512803,35,33,8,0.0,1.0,Cerrado,9.4
dfec0566-6619-39be-bcf9-981251d94f35, -27.122750, -49.694670,2026-05-07 17:05:00,NOAA-21,PRESIDENTE GETÚLIO,SANTA CATARINA,Brasil,4214003,42,33,2,0.65,0.06,Mata Atlântica,2.3
5ec4f9fb-b78d-3a7d-a04f-777d25bbbca8, -20.643120, -44.443660,2026-05-07 17:05:00,NOAA-21,PASSA TEMPO,MINAS GERAIS,Brasil,3147709,31,33,9,0.0,0.97,Mata Atlântica,12.0
6425fba3-58ee-3410-b130-c41c8f90a96d, -23.484060, -48.283310,2026-05-07 17:05:00,NOAA-21,ANGATUBA,SÃO PAULO,Brasil,3502200,35,33,4,0.0,0.97,Mata Atlântica,3.0
27c12a80-b807-35e1-afec-93459dd085df, -27.203740, -50.534820,2026-05-07 17:05:00,NOAA-21,PONTE ALTA DO NORTE,SANTA CATARINA,Brasil,4213351,42,33,2,0.85,0.06,Mata Atlântica,62.2
ed75ef17-86bc-3026-b836-20ea349a5ed1, -21.091050, -43.908930,2026-05-07 17:05:00,NOAA-21,CARANDAÍ,MINAS GERAIS,Brasil,3113206,31,33,23,0.0,0.27,Mata Atlântica,23.1
01f80b0f-4e96-3109-94ef-3264593e0144, -22.958490, -53.208460,2026-05-07 17:05:00,NOAA-21,LOANDA,PARANÁ,Brasil,4113502,41,33,5,0.0,1.0,Mata Atlântica,5.4
8e17e939-f4a7-31e6-8c18-dd27c61f5d73, -24.830980, -53.614320,2026-05-07 17:05:00,NOAA-21,CASCAVEL,PARANÁ,Brasil,4104808,41,33,2,3.73,0.24,Mata Atlântica,5.5
30794da5-5676-384e-a927-2864c7ef1dad, -22.156320, -47.402520,2026-05-07 17:05:00,NOAA-21,LEME,SÃO PAULO,Brasil,3526704,35,33,9,0.0,1.0,Mata Atlântica,12.3
bb428f14-7151-3701-b538-02a19bb4ac6f, -23.133200, -51.659070,2026-05-07 17:05:00,NOAA-21,ASTORGA,PARANÁ,Brasil,4102109,41,33,6,0.0,0.36,Mata Atlântica,5.3
f28ad65a-8c1e-35b7-8d41-81a1fc9a1a40, -22.060450, -41.248170,2026-05-07 17:05:00,NOAA-21,CAMPOS DOS GOYTACAZES,RIO DE JANEIRO,Brasil,3301009,33,33,-999,0.31,1.0,Mata Atlântica,7.7
8503b848-7839-301e-a355-90c40c9fb9f3, -21.535490, -45.438210,2026-05-07 17:05:00,NOAA-21,VARGINHA,MINAS GERAIS,Brasil,3170701,31,33,18,0.0,1.0,Mata Atlântica,4.2
47b504b8-95e5-3b57-8106-ac0cc10dd3f7, -27.295870, -50.538090,2026-05-07 17:05:00,NOAA-21,CURITIBANOS,SANTA CATARINA,Brasil,4204806,42,33,2,1.23,0.06,Mata Atlântica,6.0
afed70af-7ea8-36df-9bba-ebcbd23db9ee, -29.004960, -52.070420,2026-05-07 17:05:00,NOAA-21,PUTINGA,RIO GRANDE DO SUL,Brasil,4315206,43,33,2,0.3,0.06,Mata Atlântica,4.2
fcdf9f38-5da2-302b-bd69-80d8903c6606, -24.124280, -48.239170,2026-05-07 17:05:00,NOAA-21,CAPÃO BONITO,SÃO PAULO,Brasil,3510203,35,33,4,0.0,0.11,Mata Atlântica,3.9
f777c946-3c18-3ae6-9219-44545e96b088, -23.204500, -48.964420,2026-05-07 17:05:00,NOAA-21,AVARÉ,SÃO PAULO,Brasil,3504503,35,33,4,0.0,0.68,Cerrado,6.5
747af948-c9eb-3079-b895-37e5f9095f7c, -27.280220, -50.911750,2026-05-07 17:05:00,NOAA-21,BRUNÓPOLIS,SANTA CATARINA,Brasil,4202875,42,33,2,1.8,0.2,Mata Atlântica,6.0
31d11e8e-b5e5-31fc-be14-f773a3883391, -24.700350, -51.079070,2026-05-07 17:05:00,NOAA-21,CÂNDIDO DE ABREU,PARANÁ,Brasil,4104402,41,33,3,0.0,0.03,Mata Atlântica,2.4
4d6efddd-d483-3063-9c0f-2854f206d7d2, -23.201680, -48.964570,2026-05-07 17:05:00,NOAA-21,AVARÉ,SÃO PAULO,Brasil,3504503,35,33,4,0.0,0.68,Cerrado,6.8
fe31113e-75d7-36ea-ad90-d8db82e061d4, -21.739250, -41.977390,2026-05-07 17:05:00,NOAA-21,ITAOCARA,RIO DE JANEIRO,Brasil,3302106,33,33,3,0.0,1.0,Mata Atlântica,3.0
7d29483d-c3e5-3cf3-9ceb-9da0b8c30611, -29.014410, -49.722750,2026-05-07 17:05:00,NOAA-21,JACINTO MACHADO,SANTA CATARINA,Brasil,4208708,42,33,1,0.91,0.69,Mata Atlântica,3.0
3ce9fc61-29fb-31d3-bcba-e677327ab8a6, -27.250680, -49.081780,2026-05-07 17:05:00,NOAA-21,BOTUVERÁ,SANTA CATARINA,Brasil,4202701,42,33,0,1.03,0.01,Mata Atlântica,2.2
44d7eda1-6388-383e-8562-693a9ac02411, -29.049670, -51.234180,2026-05-07 17:05:00,NOAA-21,FLORES DA CUNHA,RIO GRANDE DO SUL,Brasil,4308201,43,33,2,2.74,0.08,Mata Atlântica,2.4
f9d346eb-0c50-3fe8-8d73-37b54347d52a, -27.646840, -49.436750,2026-05-07 17:05:00,NOAA-21,ALFREDO WAGNER,SANTA CATARINA,Brasil,4200705,42,33,2,0.1,0.16,Mata Atlântica,4.4
0353dbb6-9b00-300b-a34d-30cb43906051, -20.235230, -46.838430,2026-05-07 17:05:00,NOAA-21,DELFINÓPOLIS,MINAS GERAIS,Brasil,3121209,31,33,22,0.0,0.53,Cerrado,52.1
6aa199b2-3312-3208-b0e5-bb9f9a3f279c, -22.622570, -54.928430,2026-05-07 17:05:00,NOAA-21,CAARAPÓ,MATO GROSSO DO SUL,Brasil,5002407,50,33,3,0.31,0.92,Mata Atlântica,8.3
e6f435c3-c705-30d3-b835-1e9bc45e6431, -23.136510, -51.658490,2026-05-07 17:05:00,NOAA-21,ASTORGA,PARANÁ,Brasil,4102109,41,33,6,0.0,0.36,Mata Atlântica,29.5
595ff13f-6f0a-39a5-8260-68c57e869b51, -23.224350, -48.998090,2026-05-07 17:05:00,NOAA-21,ARANDU,SÃO PAULO,Brasil,3503109,35,33,4,0.0,1.0,Cerrado,3.9
efec701a-25e0-329d-afb6-b718b5fe4854, -23.135950, -51.654750,2026-05-07 17:05:00,NOAA-21,ASTORGA,PARANÁ,Brasil,4102109,41,33,6,0.0,0.36,Mata Atlântica,29.5
9089d537-0e58-3133-afe5-ad81816e5f16, -23.139260, -51.654170,2026-05-07 17:05:00,NOAA-21,ASTORGA,PARANÁ,Brasil,4102109,41,33,6,0.0,0.36,Mata Atlântica,29.5
8d43b2e2-f27d-3149-8265-a5de9817e5da, -22.050860, -48.412960,2026-05-07 17:05:00,NOAA-21,TRABIJU,SÃO PAULO,Brasil,3554755,35,33,7,0.0,1.0,Cerrado,12.9
3a84ae3a-3e67-3377-acae-d1fa219fc3c2, -22.614680, -54.924890,2026-05-07 17:05:00,NOAA-21,CAARAPÓ,MATO GROSSO DO SUL,Brasil,5002407,50,33,3,0.35,0.92,Mata Atlântica,5.4
15b62da1-6f0d-3777-bc5e-5e82c0b8026f, -20.234270, -46.833240,2026-05-07 17:05:00,NOAA-21,DELFINÓPOLIS,MINAS GERAIS,Brasil,3121209,31,33,21,0.0,0.51,Cerrado,52.1
d3b0a2ff-34e6-3bbb-a1ed-c55cb9590184, -22.615280, -54.929460,2026-05-07 17:05:00,NOAA-21,CAARAPÓ,MATO GROSSO DO SUL,Brasil,5002407,50,33,3,0.39,0.91,Mata Atlântica,5.4
95ca65e9-98a6-3772-8409-8aa88ddc0f08, -25.022700, -53.170070,2026-05-07 17:05:00,NOAA-21,CASCAVEL,PARANÁ,Brasil,4104808,41,33,2,6.25,0.01,Mata Atlântica,3.9
3efb7529-7bbf-34bd-b558-4bb42f1d7c1c, -27.519070, -49.167520,2026-05-07 17:05:00,NOAA-21,ANGELINA,SANTA CATARINA,Brasil,4200903,42,33,2,0.2,0.01,Mata Atlântica,7.5
dfe20f05-2600-3dc6-9ba0-afe28fae5606, -20.936860, -46.934030,2026-05-07 17:05:00,NOAA-21,SÃO SEBASTIÃO DO PARAÍSO,MINAS GERAIS,Brasil,3164704,31,33,8,0.0,0.76,Cerrado,4.8
bc0ccf73-ec6a-3665-b4fc-10016a24a866, -27.341960, -51.454370,2026-05-07 17:05:00,NOAA-21,CAMPOS NOVOS,SANTA CATARINA,Brasil,4203600,42,33,2,3.72,0.01,Mata Atlântica,5.4
101dca66-5231-3587-90ef-c9edcaa9a618, -20.725440, -43.652160,2026-05-07 17:05:00,NOAA-21,ITAVERAVA,MINAS GERAIS,Brasil,3133907,31,33,20,0.0,0.98,Mata Atlântica,11.3
e3eb72f2-8ab6-34d9-b5cf-f2759ac252cc, -27.276330, -50.908470,2026-05-07 17:05:00,NOAA-21,CAMPOS NOVOS,SANTA CATARINA,Brasil,4203600,42,33,2,1.73,0.21,Mata Atlântica,6.0
1316e251-ea1b-3c88-a66a-38a6dc03e232, -28.080670, -49.100700,2026-05-07 17:05:00,NOAA-21,RIO FORTUNA,SANTA CATARINA,Brasil,4214904,42,33,0,2.16,0.02,Mata Atlântica,13.5
e6a8fce6-fd1f-3306-8e69-f04a0d057c41, -28.419710, -49.200050,2026-05-07 17:05:00,NOAA-21,PEDRAS GRANDES,SANTA CATARINA,Brasil,4212403,42,33,1,0.85,0.05,Mata Atlântica,11.8
e52e90e8-308f-3f90-9898-d02a9d41ad53, -23.789880, -53.945120,2026-05-07 17:05:00,NOAA-21,SÃO JORGE DO PATROCÍNIO,PARANÁ,Brasil,4125357,41,33,4,0.0,1.0,Mata Atlântica,2.8
4f7211ab-bb5f-3bc5-b20d-7bb762f70ef6, -22.159650, -49.946900,2026-05-07 17:05:00,NOAA-21,MARÍLIA,SÃO PAULO,Brasil,3529005,35,33,7,0.0,-999.0,Mata Atlântica,3.7
ff3dc177-12ba-3816-8699-1a92290e02ca, -22.141330, -43.788330,2026-05-07 17:05:00,NOAA-21,VALENÇA,RIO DE JANEIRO,Brasil,3306107,33,33,19,0.0,1.0,Mata Atlântica,1.0
421cc6f3-d424-3b00-b7e9-077c30958644, -28.275100, -48.996160,2026-05-07 17:05:00,NOAA-21,ARMAZÉM,SANTA CATARINA,Brasil,4201505,42,33,1,1.16,0.05,Mata Atlântica,4.2
ace2ca82-a86a-3baa-b9b8-23e081472af6, -29.438060, -52.580310,2026-05-07 17:05:00,NOAA-21,SINIMBU,RIO GRANDE DO SUL,Brasil,4320677,43,33,4,6.69,0.01,Mata Atlântica,3.3
80823019-e761-31c2-b098-d2827b0e41a8, -23.142010, -51.649850,2026-05-07 17:05:00,NOAA-21,ASTORGA,PARANÁ,Brasil,4102109,41,33,6,0.0,0.36,Mata Atlântica,42.2
c0c757a6-d540-3b17-8512-82d79e74a77f, -24.830400, -53.609990,2026-05-07 17:05:00,NOAA-21,CASCAVEL,PARANÁ,Brasil,4104808,41,33,2,3.76,0.24,Mata Atlântica,5.5
f945976c-98d6-3beb-bb44-6d183806d209, -23.232170, -47.821880,2026-05-07 17:05:00,NOAA-21,CESÁRIO LANGE,SÃO PAULO,Brasil,3511607,35,33,4,0.0,0.89,Mata Atlântica,6.7
a8bdb785-2d34-3464-8b8e-8567f924761e, -27.342520, -51.458330,2026-05-07 17:05:00,NOAA-21,CAMPOS NOVOS,SANTA CATARINA,Brasil,4203600,42,33,1,3.7,0.01,Mata Atlântica,5.4
fb661c98-4700-3c6c-859c-4d9f3309e6d5, -24.208190, -51.993400,2026-05-07 17:05:00,NOAA-21,IRETAMA,PARANÁ,Brasil,4110805,41,33,4,0.0,0.66,Mata Atlântica,16.8
c4f34c86-d0e3-3996-8fb4-1271b0a2e016, -21.674380, -48.783190,2026-05-07 17:05:00,NOAA-21,ITÁPOLIS,SÃO PAULO,Brasil,3522703,35,33,9,0.0,1.0,Cerrado,255.6
60ca2b15-b92a-3e83-a875-debf30e1e291, -20.724280, -43.646490,2026-05-07 17:05:00,NOAA-21,ITAVERAVA,MINAS GERAIS,Brasil,3133907,31,33,20,0.0,0.99,Mata Atlântica,16.8
8e61d731-04ca-35a1-8326-808c8ac031f7, -22.934400, -54.610950,2026-05-07 17:05:00,NOAA-21,JUTI,MATO GROSSO DO SUL,Brasil,5005152,50,33,4,0.0,0.87,Mata Atlântica,4.0
33c57fac-029a-33d2-b152-8bc82f64a55e, -27.203160, -50.530940,2026-05-07 17:05:00,NOAA-21,PONTE ALTA DO NORTE,SANTA CATARINA,Brasil,4213351,42,33,2,0.89,0.06,Mata Atlântica,62.2
4ae2ce87-d684-3074-af5f-49c891f142e7, -24.210960, -51.988990,2026-05-07 17:05:00,NOAA-21,IRETAMA,PARANÁ,Brasil,4110805,41,33,4,0.0,0.87,Mata Atlântica,4.4
20749c21-c274-31ca-ad43-6459c66838ca, -21.750230, -52.707980,2026-05-07 17:05:00,NOAA-21,BATAGUASSU,MATO GROSSO DO SUL,Brasil,5001904,50,33,4,0.0,1.0,Cerrado,26.6
2610c173-adee-395b-818f-4f347f95f401, -23.012100, -51.825940,2026-05-07 17:05:00,NOAA-21,SANTA FÉ,PARANÁ,Brasil,4123402,41,33,4,0.0,0.41,Mata Atlântica,5.2
8c12676a-15f0-3f70-b1ec-1772374e4ab6, -22.945490, -46.236380,2026-05-07 17:05:00,NOAA-21,JOANÓPOLIS,SÃO PAULO,Brasil,3525508,35,33,2,0.0,0.7,Mata Atlântica,4.4
3efccb67-2c50-38dc-8fe6-7ecc9e3453cf, -23.530890, -47.031190,2026-05-07 17:05:00,NOAA-21,SÃO ROQUE,SÃO PAULO,Brasil,3550605,35,33,3,0.0,0.36,Mata Atlântica,6.0
b453e107-554e-3133-b96d-b7e09def5e96, -22.158010, -44.422400,2026-05-07 17:05:00,NOAA-21,BOCAINA DE MINAS,MINAS GERAIS,Brasil,3107208,31,33,2,0.0,1.0,Mata Atlântica,4.7
5f6f3b38-a81f-3b10-857d-f7d148005272, -22.918830, -48.683340,2026-05-07 17:05:00,NOAA-21,BOTUCATU,SÃO PAULO,Brasil,3507506,35,33,4,0.0,0.36,Cerrado,7.7
2d5977bb-d492-3ad8-a584-845f2536672d, -23.748820, -51.057000,2026-05-07 17:05:00,NOAA-21,TAMARANA,PARANÁ,Brasil,4126678,41,33,4,0.0,0.12,Mata Atlântica,2.3
830e6ebb-bd9d-3e2c-a5af-b3b8bce1c9f4, -28.116960, -49.048420,2026-05-07 17:05:00,NOAA-21,SÃO MARTINHO,SANTA CATARINA,Brasil,4217105,42,33,0,2.61,0.12,Mata Atlântica,7.1
0cd797b8-ac94-3991-87ad-fde4e5cf6d58, -22.156390, -44.420590,2026-05-07 17:05:00,NOAA-21,BOCAINA DE MINAS,MINAS GERAIS,Brasil,3107208,31,33,2,0.0,1.0,Mata Atlântica,3.2
1a5e058c-3200-3a5b-b117-b5b69df6f594, -22.626210, -54.927910,2026-05-07 17:05:00,NOAA-21,CAARAPÓ,MATO GROSSO DO SUL,Brasil,5002407,50,33,3,0.27,0.92,Mata Atlântica,6.9
d00df4d4-ffe2-3a2e-a8ff-920fd349d8e3, -22.127890, -51.148550,2026-05-07 17:05:00,NOAA-21,MARTINÓPOLIS,SÃO PAULO,Brasil,3529203,35,33,7,0.0,1.0,Cerrado,2.6
bc8e6bc1-7451-3a94-9024-4ebd31a902ac, -23.142570, -51.653590,2026-05-07 17:05:00,NOAA-21,ASTORGA,PARANÁ,Brasil,4102109,41,33,6,0.0,0.36,Mata Atlântica,4.7
35ac477b-958d-3d59-8484-5e72f59a83b2, -27.292560, -50.538710,2026-05-07 17:05:00,NOAA-21,CURITIBANOS,SANTA CATARINA,Brasil,4204806,42,33,2,1.21,0.06,Mata Atlântica,6.1
e703ee20-da87-3850-b262-fadc724a9eae, -21.670880, -48.783890,2026-05-07 17:05:00,NOAA-21,ITÁPOLIS,SÃO PAULO,Brasil,3522703,35,33,9,0.0,1.0,Cerrado,21.2
f2e1382e-dc65-3f49-ac33-6f59434ca52d, -22.881260, -42.402790,2026-05-07 17:05:00,NOAA-21,SAQUAREMA,RIO DE JANEIRO,Brasil,3305505,33,33,4,0.0,1.0,Mata Atlântica,4.2
eb7b8ec7-3236-3932-8c09-e12196d5fc3d, -23.553650, -48.052380,2026-05-07 17:05:00,NOAA-21,ITAPETININGA,SÃO PAULO,Brasil,3522307,35,33,4,0.0,0.8,Cerrado,2.0
41ed75de-2428-3872-8db3-0f3cb9e24b00, -22.618920, -54.928940,2026-05-07 17:05:00,NOAA-21,CAARAPÓ,MATO GROSSO DO SUL,Brasil,5002407,50,33,3,0.35,0.91,Mata Atlântica,8.3
432beb5b-082c-388a-b19b-c7b7918ae63f, -21.746880, -52.708560,2026-05-07 17:05:00,NOAA-21,BATAGUASSU,MATO GROSSO DO SUL,Brasil,5001904,50,33,4,0.0,1.0,Cerrado,2.4
44f30826-824b-3dcd-8781-7afa2aca3045, -27.351540, -49.333210,2026-05-07 17:05:00,NOAA-21,VIDAL RAMOS,SANTA CATARINA,Brasil,4219200,42,33,2,0.4,0.03,Mata Atlântica,4.3
a4cf6e1d-4e53-3da4-add4-168b8d6930ea, -27.276900, -50.912360,2026-05-07 17:05:00,NOAA-21,CAMPOS NOVOS,SANTA CATARINA,Brasil,4203600,42,33,2,1.74,0.21,Mata Atlântica,6.0
3434b3c3-eb79-3f7f-99ee-9360af841f12, -14.130090, -45.338560,2026-05-07 17:07:00,NOAA-21,JABORANDI,BAHIA,Brasil,2917359,29,33,27,0.0,0.83,Cerrado,21.3
02ad4c92-1974-35ec-841e-d28e6eb83ee1, -14.561780, -58.928100,2026-05-07 17:07:00,NOAA-21,TANGARÁ DA SERRA,MATO GROSSO,Brasil,5107958,51,33,7,0.0,0.23,Cerrado,6.2
c10f73c2-77a2-3796-9ffc-dfaf79bbeff7, -14.184600, -57.633820,2026-05-07 17:07:00,NOAA-21,DIAMANTINO,MATO GROSSO,Brasil,5103502,51,33,7,0.0,0.4,Amazônia,8.1
43707ce8-4c0f-33c5-94fb-9c7783d7f518, -13.481250, -52.068110,2026-05-07 17:07:00,NOAA-21,CANARANA,MATO GROSSO,Brasil,5102702,51,33,9,0.0,0.9,Amazônia,4.4
a90b0ce9-623d-3e89-b70b-b62632b7c89d, -15.921090, -43.735680,2026-05-07 17:07:00,NOAA-21,SÃO JOÃO DA PONTE,MINAS GERAIS,Brasil,3162401,31,33,26,0.0,1.0,Cerrado,11.9
1ef3de71-42cf-3276-9f66-1bc9bdca7766, -18.143900, -43.099830,2026-05-07 17:07:00,NOAA-21,RIO VERMELHO,MINAS GERAIS,Brasil,3156007,31,33,20,0.0,0.19,Mata Atlântica,5.0
51e81241-c819-3701-b56e-03605936c879, -16.598690, -58.238480,2026-05-07 17:07:00,NOAA-21,CÁCERES,MATO GROSSO,Brasil,5102504,51,33,9,0.0,0.5,Pantanal,7.2
cf993041-2d72-3d00-8be6-513387943622, -14.402170, -44.588050,2026-05-07 17:07:00,NOAA-21,MONTALVÂNIA,MINAS GERAIS,Brasil,3142700,31,33,21,0.0,0.86,Cerrado,18.5
a0944a12-2caa-3a94-aa53-34be7a3dd32e, -26.750970, -50.868560,2026-05-07 17:07:00,NOAA-21,CAÇADOR,SANTA CATARINA,Brasil,4203006,42,33,3,0.05,0.08,Mata Atlântica,31.6
6d47e7be-61a1-3b6b-9b41-d0a5fbaa7a0a, -13.692240, -52.584880,2026-05-07 17:07:00,NOAA-21,ÁGUA BOA,MATO GROSSO,Brasil,5100201,51,33,8,0.0,0.8,Cerrado,26.7
478bc9a9-a7a0-33a4-b178-9dccc46f6942, -18.247260, -51.265090,2026-05-07 17:07:00,NOAA-21,APARECIDA DO RIO DOCE,GOIÁS,Brasil,5201454,52,33,9,0.0,1.0,Cerrado,13.8
f777c0b8-7a44-36ba-b013-93f7f02bc927, -16.170020, -58.485370,2026-05-07 17:07:00,NOAA-21,CÁCERES,MATO GROSSO,Brasil,5102504,51,33,8,0.0,0.36,Pantanal,23.5
9143e7b8-0791-30da-9d32-ed4194cc2b08, -18.242240, -54.534760,2026-05-07 17:07:00,NOAA-21,COXIM,MATO GROSSO DO SUL,Brasil,5003306,50,33,9,0.0,0.9,Cerrado,5.4
d7c0f53b-e123-3d2d-925b-a3e7b2c5355c, -15.604090, -49.205140,2026-05-07 17:07:00,NOAA-21,JARAGUÁ,GOIÁS,Brasil,5211800,52,33,15,0.0,0.24,Cerrado,6.2
85ba89e0-c12d-3f06-86ee-f61484dbdb37, -20.572380, -56.875670,2026-05-07 17:07:00,NOAA-21,PORTO MURTINHO,MATO GROSSO DO SUL,Brasil,5006903,50,33,4,0.0,1.0,Cerrado,2.9
d3373f00-be7b-3acd-b3e0-9ee004db6183, -16.423640, -54.908300,2026-05-07 17:07:00,NOAA-21,RONDONÓPOLIS,MATO GROSSO,Brasil,5107602,51,33,8,0.0,0.9,Cerrado,7.3
05e022e0-8686-3ba9-a74d-9482a0f46a54, -17.672580, -51.675470,2026-05-07 17:07:00,NOAA-21,JATAÍ,GOIÁS,Brasil,5211909,52,33,14,0.0,1.0,Cerrado,4.4
de3ef2fc-400e-3742-809c-a66c389a406d, -17.002470, -49.297420,2026-05-07 17:07:00,NOAA-21,HIDROLÂNDIA,GOIÁS,Brasil,5209705,52,33,29,0.0,1.0,Cerrado,3.6
b532fd11-9017-388b-a47f-489128442089, -14.566970, -58.935330,2026-05-07 17:07:00,NOAA-21,TANGARÁ DA SERRA,MATO GROSSO,Brasil,5107958,51,33,7,0.0,0.23,Cerrado,7.1
54dbd643-eebc-348f-bfb1-4b3279118370, -14.330050, -53.437950,2026-05-07 17:07:00,NOAA-21,CAMPINÁPOLIS,MATO GROSSO,Brasil,5102603,51,33,9,0.0,0.52,Cerrado,2.3
20f6e5af-e22a-32a9-babd-9d6ff994c084, -26.892810, -49.747260,2026-05-07 17:07:00,NOAA-21,JOSÉ BOITEUX,SANTA CATARINA,Brasil,4209151,42,33,2,0.7,0.05,Mata Atlântica,5.1
e8ee4f9d-421a-3d78-b7aa-5864ee5a673f, -15.378020, -52.227740,2026-05-07 17:07:00,NOAA-21,BARRA DO GARÇAS,MATO GROSSO,Brasil,5101803,51,33,11,0.0,1.0,Cerrado,2.1
48429f78-aa42-3d1f-bfba-7ff3cdfb260f, -18.861010, -53.578780,2026-05-07 17:07:00,NOAA-21,FIGUEIRÃO,MATO GROSSO DO SUL,Brasil,5003900,50,33,7,0.0,1.0,Cerrado,4.4
17ddcfb9-6977-3f50-8554-328e4c676684, -26.310350, -49.528490,2026-05-07 17:07:00,NOAA-21,RIO NEGRINHO,SANTA CATARINA,Brasil,4215000,42,33,3,0.0,0.12,Mata Atlântica,7.1
a43efa98-030a-3d87-b2c9-7d159e98a7df, -16.107550, -47.835380,2026-05-07 17:07:00,NOAA-21,CIDADE OCIDENTAL,GOIÁS,Brasil,5205497,52,33,21,0.0,1.0,Cerrado,7.1
97d6000a-905e-3a54-adda-c70427ac538e, -14.131430, -45.372580,2026-05-07 17:07:00,NOAA-21,JABORANDI,BAHIA,Brasil,2917359,29,33,25,0.0,0.82,Cerrado,15.3
92503915-8d68-3253-8831-72b1a72b9c2c, -26.601930, -52.737970,2026-05-07 17:07:00,NOAA-21,SANTIAGO DO SUL,SANTA CATARINA,Brasil,4215695,42,33,2,1.36,0.24,Mata Atlântica,4.3
8c33bae4-8244-3d4b-add8-34982233ebcc, -15.728690, -42.331150,2026-05-07 17:07:00,NOAA-21,RIO PARDO DE MINAS,MINAS GERAIS,Brasil,3155603,31,33,8,0.0,0.39,Cerrado,19.3
83ed584a-bbb9-3fc7-8a40-3019e86feff7, -18.437410, -54.706570,2026-05-07 17:07:00,NOAA-21,COXIM,MATO GROSSO DO SUL,Brasil,5003306,50,33,10,0.0,0.79,Cerrado,8.7
e9058393-9b6f-3d41-be6e-6d281c29d9ee, -15.827760, -41.998220,2026-05-07 17:07:00,NOAA-21,TAIOBEIRAS,MINAS GERAIS,Brasil,3168002,31,33,24,0.0,0.44,Mata Atlântica,11.8
5f99bb2c-16d1-34ee-b2a8-7c213e1e520d, -12.502280, -45.429480,2026-05-07 17:07:00,NOAA-21,SÃO DESIDÉRIO,BAHIA,Brasil,2928901,29,33,18,0.0,0.64,Cerrado,17.9
b29ad10f-cf10-336b-b236-b65c2df401ef, -16.424740, -54.916100,2026-05-07 17:07:00,NOAA-21,RONDONÓPOLIS,MATO GROSSO,Brasil,5107602,51,33,8,0.0,0.7,Cerrado,9.3
e908f508-2d78-3999-8ce1-71239775e1a7, -13.826520, -49.389930,2026-05-07 17:07:00,NOAA-21,AMARALINA,GOIÁS,Brasil,5200829,52,33,19,0.0,0.91,Cerrado,5.9
17db744d-36a6-3ef7-94c8-fdd4f059d07e, -25.961940, -50.771290,2026-05-07 17:07:00,NOAA-21,MALLET,PARANÁ,Brasil,4113908,41,33,3,0.0,0.03,Mata Atlântica,6.7
abf2f662-7b1a-3117-8e39-1f21605ced79, -14.135970, -45.343150,2026-05-07 17:07:00,NOAA-21,JABORANDI,BAHIA,Brasil,2917359,29,33,27,0.0,0.82,Cerrado,21.3
7b50946d-6b3c-3805-93f9-22053161c1d3, -14.304110, -49.245900,2026-05-07 17:07:00,NOAA-21,NOVA IGUAÇU DE GOIÁS,GOIÁS,Brasil,5214879,52,33,16,0.0,0.69,Cerrado,7.6
91c31ab8-2bbc-3205-9273-a81728fcd78e, -14.262650, -53.350810,2026-05-07 17:07:00,NOAA-21,CAMPINÁPOLIS,MATO GROSSO,Brasil,5102603,51,33,9,0.0,0.52,Cerrado,5.9
067ec3c8-099d-370d-9726-16457944b6c9, -16.158610, -58.494690,2026-05-07 17:07:00,NOAA-21,CÁCERES,MATO GROSSO,Brasil,5102504,51,33,8,0.0,0.83,Pantanal,3.9
87e05453-750a-3ce6-8fed-6bfef32fda3d, -15.406500, -51.063350,2026-05-07 17:07:00,NOAA-21,BRITÂNIA,GOIÁS,Brasil,5203807,52,33,18,0.0,1.0,Cerrado,6.6
5d9735b7-9bf2-3fe5-be20-359f5896ba6f, -26.958980, -49.758470,2026-05-07 17:07:00,NOAA-21,DONA EMMA,SANTA CATARINA,Brasil,4205100,42,33,2,0.97,0.17,Mata Atlântica,3.4
aa87152e-1cd4-3f5e-81bf-b6617d96b0ea, -26.865270, -49.636840,2026-05-07 17:07:00,NOAA-21,JOSÉ BOITEUX,SANTA CATARINA,Brasil,4209151,42,33,1,1.33,0.05,Mata Atlântica,4.4
9f35f776-2381-355a-930a-28387f9819b2, -25.958560, -49.157610,2026-05-07 17:07:00,NOAA-21,TIJUCAS DO SUL,PARANÁ,Brasil,4127601,41,33,3,0.56,0.02,Mata Atlântica,19.3
2a804041-77bf-39fb-b8d9-7eacfd14be1f, -26.070030, -51.978420,2026-05-07 17:07:00,NOAA-21,CORONEL DOMINGOS SOARES,PARANÁ,Brasil,4106456,41,33,3,0.0,0.0,Mata Atlântica,3.3
027d9d61-0f50-3cee-9776-6b29ebb5a258, -16.028230, -43.511180,2026-05-07 17:07:00,NOAA-21,JANAÚBA,MINAS GERAIS,Brasil,3135100,31,33,27,0.0,0.99,Cerrado,1.3
0634cad4-9635-3fec-ac03-9d141f8f025c, -20.222640, -46.836840,2026-05-07 17:07:00,NOAA-21,DELFINÓPOLIS,MINAS GERAIS,Brasil,3121209,31,33,20,0.0,0.54,Cerrado,7.6
2b520c4a-d464-34c5-ac7f-89ed0b834cc0, -13.477880, -52.068660,2026-05-07 17:07:00,NOAA-21,CANARANA,MATO GROSSO,Brasil,5102702,51,33,9,0.0,0.9,Amazônia,4.1
e9fa943e-8e92-3fa1-a146-f583c910459c, -18.719640, -46.890750,2026-05-07 17:07:00,NOAA-21,PATROCÍNIO,MINAS GERAIS,Brasil,3148103,31,33,15,0.0,1.0,Cerrado,7.0
af9991a1-393a-3f6a-a4f5-c6e0d4d4ea52, -14.568120, -58.927710,2026-05-07 17:07:00,NOAA-21,TANGARÁ DA SERRA,MATO GROSSO,Brasil,5107958,51,33,7,0.0,0.23,Cerrado,9.4
7b688b29-b40c-3f86-913e-9d11ec917a6a, -19.966680, -47.204610,2026-05-07 17:07:00,NOAA-21,SACRAMENTO,MINAS GERAIS,Brasil,3156908,31,33,19,0.0,0.23,Cerrado,16.1
99071c15-c8ff-3367-9d39-eb8cc7bc4f1b, -25.959200, -49.161550,2026-05-07 17:07:00,NOAA-21,TIJUCAS DO SUL,PARANÁ,Brasil,4127601,41,33,3,0.56,0.02,Mata Atlântica,19.3
d31590f4-0279-36bd-885f-7cebe77584f8, -16.418450, -54.921100,2026-05-07 17:07:00,NOAA-21,RONDONÓPOLIS,MATO GROSSO,Brasil,5107602,51,33,8,0.0,0.85,Cerrado,13.7
6a932fc8-c01b-3645-8e63-7eefd0ad7a9e, -13.804660, -49.516060,2026-05-07 17:07:00,NOAA-21,MUTUNÓPOLIS,GOIÁS,Brasil,5214101,52,33,19,0.0,0.99,Cerrado,3.9
d6deb1da-f55c-307a-a86e-cb59ea528bd8, -15.624830, -46.484630,2026-05-07 17:07:00,NOAA-21,BURITIS,MINAS GERAIS,Brasil,3109303,31,33,27,0.0,1.0,Cerrado,7.6
d4c9c910-7613-3d06-80cf-e3eec70af5f0, -17.890960, -53.791620,2026-05-07 17:07:00,NOAA-21,ALTO ARAGUAIA,MATO GROSSO,Brasil,5100300,51,33,8,0.0,0.56,Cerrado,0.7
fbec7a92-d3e7-377c-830b-e223d630379a, -20.224490, -46.846810,2026-05-07 17:07:00,NOAA-21,DELFINÓPOLIS,MINAS GERAIS,Brasil,3121209,31,33,21,0.0,0.51,Cerrado,6.3
20d3f848-7f98-338c-b396-6fe5dabdbb2b, -14.121420, -45.345910,2026-05-07 17:07:00,NOAA-21,JABORANDI,BAHIA,Brasil,2917359,29,33,27,0.0,0.83,Cerrado,17.6
2b41aaa5-a64b-3f9a-b01c-63dd0105a844, -14.138540, -45.340030,2026-05-07 17:07:00,NOAA-21,JABORANDI,BAHIA,Brasil,2917359,29,33,27,0.0,0.82,Cerrado,14.9
06ef24ce-7d22-3622-b3a8-2d4b760040c3, -26.731150, -51.103130,2026-05-07 17:07:00,NOAA-21,CAÇADOR,SANTA CATARINA,Brasil,4203006,42,33,3,0.1,0.02,Mata Atlântica,4.3
5b7ebd10-9bf6-3f4b-bfd9-a2fdb01ca2f2, -15.427670, -56.313770,2026-05-07 17:07:00,NOAA-21,VÁRZEA GRANDE,MATO GROSSO,Brasil,5108402,51,33,7,0.0,0.38,Cerrado,5.2
c4e9c8f5-0bf6-3f9e-b757-7be46c0df73a, -18.440880, -54.706060,2026-05-07 17:07:00,NOAA-21,COXIM,MATO GROSSO DO SUL,Brasil,5003306,50,33,10,0.0,0.9,Cerrado,6.2
366af4aa-5a8c-329c-95b9-5fe35ac1db03, -14.788430, -42.807750,2026-05-07 17:07:00,NOAA-21,URANDI,BAHIA,Brasil,2932606,29,33,26,0.0,0.96,Caatinga,7.5
58234c08-ab82-3dec-9dc1-1481ade59cd0, -25.432530, -52.948970,2026-05-07 17:07:00,NOAA-21,QUEDAS DO IGUAÇU,PARANÁ,Brasil,4120903,41,33,2,1.18,0.32,Mata Atlântica,6.4
6e0d9d03-5c72-34c8-b7f3-263c2de86ff8, -14.559830, -58.928890,2026-05-07 17:07:00,NOAA-21,TANGARÁ DA SERRA,MATO GROSSO,Brasil,5107958,51,33,7,0.0,0.24,Cerrado,5.9
1b90b7f3-62e3-34c3-8143-5977ac7665eb, -14.401580, -44.584950,2026-05-07 17:07:00,NOAA-21,MONTALVÂNIA,MINAS GERAIS,Brasil,3142700,31,33,21,0.0,0.86,Cerrado,11.4
9f735a40-4a5b-3c01-95d1-64216863cbaa, -13.475100, -52.072900,2026-05-07 17:07:00,NOAA-21,CANARANA,MATO GROSSO,Brasil,5102702,51,33,9,0.0,0.9,Amazônia,4.1
e7b545b0-4429-3744-ac6a-9372928d6798, -20.616040, -51.116840,2026-05-07 17:07:00,NOAA-21,PEREIRA BARRETO,SÃO PAULO,Brasil,3537404,35,33,8,0.0,1.0,Mata Atlântica,6.9
84df8586-ed0f-36f4-901b-49e675080bb8, -16.309510, -48.413390,2026-05-07 17:07:00,NOAA-21,SILVÂNIA,GOIÁS,Brasil,5220603,52,33,21,0.0,-999.0,Cerrado,5.4
9ca52273-edd0-36e4-8ecf-fb2a96afdb5e, -16.154490, -58.495240,2026-05-07 17:07:00,NOAA-21,CÁCERES,MATO GROSSO,Brasil,5102504,51,33,8,0.0,0.98,Pantanal,3.9
82af7408-d274-3065-9506-300983d1eded, -17.529860, -53.690030,2026-05-07 17:07:00,NOAA-21,ALTO ARAGUAIA,MATO GROSSO,Brasil,5100300,51,33,8,0.0,0.99,Cerrado,5.7
319636de-119b-3919-a330-8c1c4396df39, -14.442480, -48.087280,2026-05-07 17:07:00,NOAA-21,NIQUELÂNDIA,GOIÁS,Brasil,5214606,52,33,10,0.0,0.87,Cerrado,1.6
9157d9a0-3f82-3105-94ee-444b355d5419, -16.421320, -54.916630,2026-05-07 17:07:00,NOAA-21,RONDONÓPOLIS,MATO GROSSO,Brasil,5107602,51,33,8,0.0,0.79,Cerrado,10.9
721ffad6-ee9d-306a-ac73-097a36284b0e, -16.543940, -45.303510,2026-05-07 17:07:00,NOAA-21,SÃO ROMÃO,MINAS GERAIS,Brasil,3164209,31,33,28,0.0,1.0,Cerrado,3.6
ed88f850-d887-3229-9dad-d4b0eb637046, -15.656730, -46.967530,2026-05-07 17:07:00,NOAA-21,FORMOSA,GOIÁS,Brasil,5208004,52,33,21,0.0,1.0,Cerrado,4.1
a85036b1-d8fa-39f9-8cb1-eec10f72411d, -18.508450, -55.512840,2026-05-07 17:07:00,NOAA-21,CORUMBÁ,MATO GROSSO DO SUL,Brasil,5003207,50,33,10,0.0,0.97,Pantanal,9.5
abc98b86-29ad-3041-aa77-de8bae03a0dd, -14.080580, -41.318050,2026-05-07 17:07:00,NOAA-21,ITUAÇU,BAHIA,Brasil,2917201,29,33,3,0.0,0.98,Caatinga,4.7
70145cfa-7d89-3823-8962-16311b27f3a8, -14.766700, -54.354540,2026-05-07 17:07:00,NOAA-21,PRIMAVERA DO LESTE,MATO GROSSO,Brasil,5107040,51,33,8,0.0,0.32,Cerrado,11.0
a6c47efe-7f00-3c5f-82c8-9d524882aa7e, -16.427620, -54.911670,2026-05-07 17:07:00,NOAA-21,RONDONÓPOLIS,MATO GROSSO,Brasil,5107602,51,33,8,0.0,0.93,Cerrado,9.3
d41d587f-1b3d-358f-ace5-532cd9e5f81d, -26.929690, -51.227360,2026-05-07 17:07:00,NOAA-21,VIDEIRA,SANTA CATARINA,Brasil,4219309,42,33,2,1.16,0.03,Mata Atlântica,2.2
2e3e61f7-b5a0-3632-8b58-43c22df83322, -13.965520, -47.548890,2026-05-07 17:07:00,NOAA-21,CAVALCANTE,GOIÁS,Brasil,5205307,52,33,11,0.0,0.66,Cerrado,14.1
dae2fc49-77e2-399b-a3c1-738a5231d44e, -15.036770, -41.993920,2026-05-07 17:07:00,NOAA-21,CONDEÚBA,BAHIA,Brasil,2908705,29,33,27,0.0,0.99,Caatinga,10.8
d590384a-bd31-3abe-8486-981fad0f13c6, -14.576400, -58.926430,2026-05-07 17:07:00,NOAA-21,TANGARÁ DA SERRA,MATO GROSSO,Brasil,5107958,51,33,7,0.0,0.23,Cerrado,130.3
88891652-ed66-3e23-91bd-544fd73e202a, -13.964820, -47.544990,2026-05-07 17:07:00,NOAA-21,CAVALCANTE,GOIÁS,Brasil,5205307,52,33,11,0.0,0.66,Cerrado,12.6
ac3a583e-004a-3c61-a226-ec0d5058cf87, -18.251190, -51.268240,2026-05-07 17:07:00,NOAA-21,APARECIDA DO RIO DOCE,GOIÁS,Brasil,5201454,52,33,8,0.0,1.0,Cerrado,11.1
efe523f9-bff2-36d1-8f78-1a6120f17e56, -14.326250, -57.739360,2026-05-07 17:07:00,NOAA-21,TANGARÁ DA SERRA,MATO GROSSO,Brasil,5107958,51,33,8,0.0,0.28,Amazônia,13.3
d511f7d1-fcd4-3895-846c-983075bf9a5f, -12.502820, -45.432380,2026-05-07 17:07:00,NOAA-21,SÃO DESIDÉRIO,BAHIA,Brasil,2928901,29,33,18,0.0,0.64,Cerrado,15.3
5d3cb7bb-5125-3735-aba7-d805eaeb7535, -20.226520, -46.835670,2026-05-07 17:07:00,NOAA-21,DELFINÓPOLIS,MINAS GERAIS,Brasil,3121209,31,33,20,0.0,0.51,Cerrado,27.2
fef4e2c8-46ff-35e7-980c-25407e4f48c8, -14.152220, -47.770310,2026-05-07 17:07:00,NOAA-21,ALTO PARAÍSO DE GOIÁS,GOIÁS,Brasil,5200605,52,33,11,0.0,0.57,Cerrado,13.9
b6e1e66c-7ce8-3ed5-87e4-e7d4f1fd9345, -15.734430, -42.330130,2026-05-07 17:07:00,NOAA-21,RIO PARDO DE MINAS,MINAS GERAIS,Brasil,3155603,31,33,6,0.0,0.39,Cerrado,19.3
668635bc-16e2-3a84-bfbe-66e336b5793f, -16.415030, -54.921650,2026-05-07 17:07:00,NOAA-21,RONDONÓPOLIS,MATO GROSSO,Brasil,5107602,51,33,8,0.0,1.0,Cerrado,19.3
9a03623e-e863-3478-aedb-4692e9e4f1c0, -12.787480, -44.831880,2026-05-07 17:07:00,NOAA-21,SÃO DESIDÉRIO,BAHIA,Brasil,2928901,29,33,18,0.0,0.79,Cerrado,2.9
0d05520c-312c-34b8-9116-df32cd08aea6, -17.512480, -50.763600,2026-05-07 17:07:00,NOAA-21,RIO VERDE,GOIÁS,Brasil,5218805,52,33,28,0.0,0.9,Cerrado,6.6
14b077d5-5a4e-3be4-849c-9a2dd7592b64, -16.603270, -58.241730,2026-05-07 17:07:00,NOAA-21,CÁCERES,MATO GROSSO,Brasil,5102504,51,33,9,0.0,0.73,Pantanal,4.2
be704d8c-ae2a-3378-95f4-30442b8504fb, -13.084900, -42.110160,2026-05-07 17:07:00,NOAA-21,RIO DO PIRES,BAHIA,Brasil,2926905,29,33,18,0.0,0.79,Caatinga,6.5
15b84a9f-1397-396f-8197-8370fe99d38e, -15.732600, -42.327700,2026-05-07 17:07:00,NOAA-21,RIO PARDO DE MINAS,MINAS GERAIS,Brasil,3155603,31,33,7,0.0,0.45,Cerrado,23.3
e1214b00-2f11-307c-bc7a-da6c59f0032c, -16.434310, -52.503540,2026-05-07 17:07:00,NOAA-21,BALIZA,GOIÁS,Brasil,5203104,52,33,9,0.0,1.0,Cerrado,5.9
41a54907-016e-3cbf-989c-e2785613b529, -14.528260, -59.193040,2026-05-07 17:07:00,NOAA-21,CONQUISTA D'OESTE,MATO GROSSO,Brasil,5103361,51,33,7,0.0,0.27,Cerrado,24.7
4e09849c-8214-366b-805c-d2858ce2c18f, -27.237010, -51.035900,2026-05-07 17:07:00,NOAA-21,CAMPOS NOVOS,SANTA CATARINA,Brasil,4203600,42,33,2,1.54,0.1,Mata Atlântica,6.2
9ac61256-231b-3e12-812f-02cc960ebda4, -27.197210, -51.816160,2026-05-07 17:07:00,NOAA-21,PRESIDENTE CASTELLO BRANCO,SANTA CATARINA,Brasil,4213906,42,33,2,3.98,0.01,Mata Atlântica,14.9
76622aea-1c51-37be-a5d9-3ce09ef8f546, -13.966210, -47.552750,2026-05-07 17:07:00,NOAA-21,CAVALCANTE,GOIÁS,Brasil,5205307,52,33,10,0.0,0.66,Cerrado,14.1
38fc16f5-3df6-335a-a84c-215ae441f0bb, -14.139780, -45.336630,2026-05-07 17:07:00,NOAA-21,JABORANDI,BAHIA,Brasil,2917359,29,33,27,0.0,0.82,Cerrado,12.1
7fa30097-b9df-3114-8ea9-f1619bd8056d, -16.427060, -54.907800,2026-05-07 17:07:00,NOAA-21,RONDONÓPOLIS,MATO GROSSO,Brasil,5107602,51,33,8,0.0,0.88,Cerrado,7.3
0cc033f1-ef99-382b-a137-aefddb96cfb6, -15.406100, -44.267230,2026-05-07 17:07:00,NOAA-21,JANUÁRIA,MINAS GERAIS,Brasil,3135209,31,33,27,0.0,1.0,Caatinga,10.1
42b16622-f92c-3573-9951-83960054dd54, -25.441390, -50.811930,2026-05-07 17:07:00,NOAA-21,IRATI,PARANÁ,Brasil,4110706,41,33,3,0.4,0.04,Mata Atlântica,8.2
be53ef8b-07a3-3b4a-bb51-2ac18f5671f0, -14.265950, -53.350290,2026-05-07 17:07:00,NOAA-21,CAMPINÁPOLIS,MATO GROSSO,Brasil,5102603,51,33,9,0.0,0.47,Cerrado,8.1
f65216d8-70ff-3e58-828e-3d7688a54ff2, -14.334310, -53.440120,2026-05-07 17:07:00,NOAA-21,CAMPINÁPOLIS,MATO GROSSO,Brasil,5102603,51,33,9,0.0,0.48,Cerrado,8.8
811d6d1b-75d0-33f9-b1f1-76b8a17cdf3a, -14.125090, -50.734020,2026-05-07 17:07:00,NOAA-21,NOVA CRIXÁS,GOIÁS,Brasil,5214838,52,33,16,0.0,1.0,Cerrado,3.0
39ff6769-da97-3af3-9d12-203b8f6b914e, -15.625650, -46.489050,2026-05-07 17:07:00,NOAA-21,BURITIS,MINAS GERAIS,Brasil,3109303,31,33,27,0.0,1.0,Cerrado,8.8
9bf365d8-1bfc-3226-a0e5-7412f567f876, -14.564970, -58.936170,2026-05-07 17:07:00,NOAA-21,TANGARÁ DA SERRA,MATO GROSSO,Brasil,5107958,51,33,7,0.0,0.23,Cerrado,7.2
6c51da4b-39f6-36c4-8c9a-ce69a312adeb, -20.717140, -55.178270,2026-05-07 17:07:00,NOAA-21,SIDROLÂNDIA,MATO GROSSO DO SUL,Brasil,5007901,50,33,10,0.0,0.44,Cerrado,4.8
c2c5f70d-a54c-3bbe-ba34-ee90d5e05242, -26.540410, -51.260720,2026-05-07 17:07:00,NOAA-21,GENERAL CARNEIRO,PARANÁ,Brasil,4108502,41,33,3,0.0,0.01,Mata Atlântica,4.2
0db45e6a-18ee-3904-87d3-45d8cd4ef74e, -26.429270, -49.764530,2026-05-07 17:07:00,NOAA-21,MAFRA,SANTA CATARINA,Brasil,4210100,42,33,3,0.0,0.03,Mata Atlântica,17.9
d7db9bbc-f096-31a2-8fd1-337f45a0617a, -13.085590, -42.109610,2026-05-07 17:07:00,NOAA-21,RIO DO PIRES,BAHIA,Brasil,2926905,29,33,18,0.0,0.79,Caatinga,5.3
3485fc7e-1e9d-368c-94b8-9994e9ae5fa4, -18.861560, -53.582520,2026-05-07 17:07:00,NOAA-21,FIGUEIRÃO,MATO GROSSO DO SUL,Brasil,5003900,50,33,7,0.0,1.0,Cerrado,4.4
cf529a78-b5b6-3eb2-9cbc-af7f2e20a940, -14.131130, -45.344100,2026-05-07 17:07:00,NOAA-21,JABORANDI,BAHIA,Brasil,2917359,29,33,27,0.0,0.82,Cerrado,21.3
3d2e7983-cb19-3974-8cc0-f995c54af354, -26.727830, -51.103730,2026-05-07 17:07:00,NOAA-21,CAÇADOR,SANTA CATARINA,Brasil,4203006,42,33,3,0.1,0.02,Mata Atlântica,4.3
b039f8ae-5d43-3b1c-b16f-e4568daa93d3, -16.424190, -54.912190,2026-05-07 17:07:00,NOAA-21,RONDONÓPOLIS,MATO GROSSO,Brasil,5107602,51,33,8,0.0,0.89,Cerrado,9.3
13541394-bb7b-3de8-8d14-f6d47921b745, -14.145660, -45.341200,2026-05-07 17:07:00,NOAA-21,JABORANDI,BAHIA,Brasil,2917359,29,33,27,0.0,0.82,Cerrado,12.1
8e54c825-96ee-3b18-a491-69500c27a53a, -13.029730, -42.364430,2026-05-07 17:07:00,NOAA-21,IBIPITANGA,BAHIA,Brasil,2912509,29,33,18,0.0,1.0,Caatinga,19.5
8f7f3651-8b2d-3028-b36a-a81fcee978d0, -18.050480, -48.189640,2026-05-07 17:07:00,NOAA-21,GOIANDIRA,GOIÁS,Brasil,5208509,52,33,28,0.0,0.99,Cerrado,4.9
62f22708-33e4-3932-93c9-62dab2fcddb2, -18.076760, -46.371830,2026-05-07 17:07:00,NOAA-21,PRESIDENTE OLEGÁRIO,MINAS GERAIS,Brasil,3153400,31,33,18,0.0,0.69,Cerrado,14.0
8ded2624-0a1c-33ab-aa00-9be553c48fbe, -13.698900, -52.583780,2026-05-07 17:07:00,NOAA-21,ÁGUA BOA,MATO GROSSO,Brasil,5100201,51,33,8,0.0,0.85,Cerrado,14.4
93ca0994-a8fc-377c-9eb7-c246ee5a3759, -14.126280, -45.345020,2026-05-07 17:07:00,NOAA-21,JABORANDI,BAHIA,Brasil,2917359,29,33,27,0.0,0.82,Cerrado,17.6
d6d588f7-7a99-3ff5-a561-7dca16a3931e, -13.004590, -42.468850,2026-05-07 17:07:00,NOAA-21,MACAÚBAS,BAHIA,Brasil,2919801,29,33,18,0.0,0.99,Caatinga,6.7
cc9cc109-d725-3be2-8634-04e9dc4dbd16, -16.419000, -54.925000,2026-05-07 17:07:00,NOAA-21,RONDONÓPOLIS,MATO GROSSO,Brasil,5107602,51,33,8,0.0,0.91,Cerrado,13.7
e528fef8-dbac-3c17-9bed-3cf56f1b8467, -27.141190, -50.188880,2026-05-07 17:07:00,NOAA-21,TAIÓ,SANTA CATARINA,Brasil,4217808,42,33,2,0.54,0.31,Mata Atlântica,6.7
9a3ad701-3f3b-3698-84d8-2e1f278d7d61, -12.786270, -44.825580,2026-05-07 17:07:00,NOAA-21,SÃO DESIDÉRIO,BAHIA,Brasil,2928901,29,33,18,0.0,0.79,Cerrado,6.1
700ce5b5-b1bb-315d-a790-b873d202ea59, -13.827320, -49.394620,2026-05-07 17:07:00,NOAA-21,AMARALINA,GOIÁS,Brasil,5200829,52,33,19,0.0,0.93,Cerrado,5.9
71b01735-a92d-3dd9-ba1a-a2c74f5ff0a1, -14.317910, -57.735450,2026-05-07 17:07:00,NOAA-21,TANGARÁ DA SERRA,MATO GROSSO,Brasil,5107958,51,33,8,0.0,0.43,Amazônia,11.9
9f089434-e592-35e5-8658-af502ad4d352, -14.125240, -45.339500,2026-05-07 17:07:00,NOAA-21,JABORANDI,BAHIA,Brasil,2917359,29,33,27,0.0,0.83,Cerrado,17.6
d373937c-a2fe-33d8-b5fe-671ca2c61c5c, -25.927340, -51.199020,2026-05-07 17:07:00,NOAA-21,CRUZ MACHADO,PARANÁ,Brasil,4106803,41,33,3,0.0,0.01,Mata Atlântica,3.2
233b1501-28c8-3941-a850-472a4e77518a, -25.827080, -51.027910,2026-05-07 17:07:00,NOAA-21,MALLET,PARANÁ,Brasil,4113908,41,33,2,0.2,0.0,Mata Atlântica,13.4
f767f35b-7277-3798-8f4d-0ee46aceacf1, -26.328330, -52.329820,2026-05-07 17:07:00,NOAA-21,CLEVELÂNDIA,PARANÁ,Brasil,4105706,41,33,2,1.0,0.01,Mata Atlântica,3.1
8c3608ae-bf20-3bc6-96a9-7d3f7c11fd8d, -18.250600, -51.264510,2026-05-07 17:07:00,NOAA-21,APARECIDA DO RIO DOCE,GOIÁS,Brasil,5201454,52,33,9,0.0,1.0,Cerrado,13.8
7ed57ded-df16-362e-981b-e034ca476b3b, -16.162260, -58.490330,2026-05-07 17:07:00,NOAA-21,CÁCERES,MATO GROSSO,Brasil,5102504,51,33,8,0.0,0.38,Pantanal,33.1
4040d2f7-d7f4-3bde-9a3f-73b776c3f288, -20.119000, -54.810320,2026-05-07 17:07:00,NOAA-21,ROCHEDO,MATO GROSSO DO SUL,Brasil,5007505,50,33,7,0.0,0.65,Cerrado,7.2
3714b00a-a03f-350c-9fb6-604e880457fb, -12.786870, -44.828730,2026-05-07 17:07:00,NOAA-21,SÃO DESIDÉRIO,BAHIA,Brasil,2928901,29,33,18,0.0,0.79,Cerrado,6.1
3e8490a4-c6f7-3487-b340-32e9033839d0, -13.219640, -47.883260,2026-05-07 17:07:00,NOAA-21,PARANÃ,TOCANTINS,Brasil,1716208,17,33,11,0.0,0.32,Cerrado,5.8
2a1ad740-ccd8-32a9-8ac3-bfdc5098a8c7, -26.075610, -49.336890,2026-05-07 17:07:00,NOAA-21,AGUDOS DO SUL,PARANÁ,Brasil,4100301,41,33,2,0.0,0.04,Mata Atlântica,13.7
012f9be6-e88b-3b3b-a5e4-92a03c21b2ee, -15.733440, -42.331810,2026-05-07 17:07:00,NOAA-21,RIO PARDO DE MINAS,MINAS GERAIS,Brasil,3155603,31,33,6,0.0,0.39,Cerrado,23.3
51b004dd-b81d-3755-a673-dffe0dd90836, -14.108980, -46.633410,2026-05-07 17:07:00,NOAA-21,IACIARA,GOIÁS,Brasil,5209903,52,33,17,0.0,-999.0,Cerrado,6.8
591a0bc5-482b-39f4-b102-9cec07004e33, -25.429080, -52.949550,2026-05-07 17:07:00,NOAA-21,QUEDAS DO IGUAÇU,PARANÁ,Brasil,4120903,41,33,2,1.14,0.32,Mata Atlântica,5.4
e886c4da-e541-373f-88da-39ec5c0e89c6, -17.942000, -52.965590,2026-05-07 17:07:00,NOAA-21,MINEIROS,GOIÁS,Brasil,5213103,52,33,9,0.0,0.66,Cerrado,5.7
986f4515-2aed-3397-aff1-a20dc8555bd9, -14.145090, -52.894080,2026-05-07 17:07:00,NOAA-21,ÁGUA BOA,MATO GROSSO,Brasil,5100201,51,33,17,0.0,0.77,Cerrado,4.2
fc172363-72c4-3f9c-a4c6-c4b2f2b99c45, -16.165900, -58.485940,2026-05-07 17:07:00,NOAA-21,CÁCERES,MATO GROSSO,Brasil,5102504,51,33,8,0.0,0.15,Pantanal,19.3
0ace0e0d-6727-33b7-b0f8-59f952a8c7fc, -14.148950, -52.897110,2026-05-07 17:07:00,NOAA-21,ÁGUA BOA,MATO GROSSO,Brasil,5100201,51,33,17,0.0,0.93,Cerrado,5.9
7f3b091b-0259-3329-9e09-ecdd4c870e85, -14.572270, -58.927080,2026-05-07 17:07:00,NOAA-21,TANGARÁ DA SERRA,MATO GROSSO,Brasil,5107958,51,33,7,0.0,0.23,Cerrado,9.4
d385fba5-eaf9-3446-8344-4d1677362a06, -13.822030, -48.159190,2026-05-07 17:07:00,NOAA-21,COLINAS DO SUL,GOIÁS,Brasil,5205521,52,33,9,0.0,0.43,Cerrado,5.4
6ce9dd27-b473-3dac-87dc-56240aa76adb, -13.695570, -52.584340,2026-05-07 17:07:00,NOAA-21,ÁGUA BOA,MATO GROSSO,Brasil,5100201,51,33,8,0.0,0.76,Cerrado,26.7
2b1a2944-da64-3255-8196-3491909cefef, -15.925600, -43.731210,2026-05-07 17:07:00,NOAA-21,SÃO JOÃO DA PONTE,MINAS GERAIS,Brasil,3162401,31,33,26,0.0,0.98,Cerrado,11.9
b2ea423a-3b0d-383b-a2c1-44212d31e830, -15.409920, -51.062760,2026-05-07 17:07:00,NOAA-21,BRITÂNIA,GOIÁS,Brasil,5203807,52,33,19,0.0,1.0,Cerrado,13.0
1ab3aa3a-d695-3ed6-8d4f-fe101eeafc89, -18.446040, -44.436260,2026-05-07 17:07:00,NOAA-21,CORINTO,MINAS GERAIS,Brasil,3119104,31,33,26,0.0,1.0,Cerrado,4.6
37e4c8c9-6c83-3dc7-886d-46fa28024d1e, -14.139610, -45.345550,2026-05-07 17:07:00,NOAA-21,JABORANDI,BAHIA,Brasil,2917359,29,33,27,0.0,0.82,Cerrado,14.9
85aaa756-077d-380a-9b9d-41ecc31e539c, -14.137280, -45.377090,2026-05-07 17:07:00,NOAA-21,JABORANDI,BAHIA,Brasil,2917359,29,33,25,0.0,0.81,Cerrado,6.8
908356b9-d486-3662-a7d5-f1986adb5942, -13.027220, -42.364400,2026-05-07 17:07:00,NOAA-21,IBIPITANGA,BAHIA,Brasil,2912509,29,33,18,0.0,1.0,Caatinga,17.0
9211e8d0-51ac-3514-8a16-660f60dff418, -26.879770, -50.146870,2026-05-07 17:07:00,NOAA-21,RIO DO CAMPO,SANTA CATARINA,Brasil,4214508,42,33,2,0.26,0.17,Mata Atlântica,9.9
f056cbf2-5007-3ed1-99c8-e7943e8bdbe9, -12.920540, -49.483250,2026-05-07 17:07:00,NOAA-21,ARAGUAÇU,TOCANTINS,Brasil,1702000,17,33,12,0.0,0.61,Cerrado,4.8
13c8c04b-8844-3d0a-a674-de365bc662b4, -12.785670, -44.822430,2026-05-07 17:07:00,NOAA-21,SÃO DESIDÉRIO,BAHIA,Brasil,2928901,29,33,18,0.0,0.79,Cerrado,9.9
74a7f034-5b5b-3ddb-95e6-bf7d289c5110, -14.563980, -58.928330,2026-05-07 17:07:00,NOAA-21,TANGARÁ DA SERRA,MATO GROSSO,Brasil,5107958,51,33,7,0.0,0.23,Cerrado,5.9
36c223b0-a9b7-35e2-a22a-9eeca617d0d1, -14.070820, -47.744920,2026-05-07 17:07:00,NOAA-21,CAVALCANTE,GOIÁS,Brasil,5205307,52,33,9,0.0,0.46,Cerrado,5.1
835a7b6d-486c-39b3-9e4f-ba6b02277caf, -16.159100, -58.498510,2026-05-07 17:07:00,NOAA-21,CÁCERES,MATO GROSSO,Brasil,5102504,51,33,8,0.0,0.95,Pantanal,4.6
6d5a7fe2-ef76-3c8c-88b2-630cb6581001, -26.496970, -50.155680,2026-05-07 17:07:00,NOAA-21,PAPANDUVA,SANTA CATARINA,Brasil,4212205,42,33,3,0.0,0.02,Mata Atlântica,3.9
e53d1a36-82d7-3084-9184-46f45708e841, -14.565920, -58.927510,2026-05-07 17:07:00,NOAA-21,TANGARÁ DA SERRA,MATO GROSSO,Brasil,5107958,51,33,7,0.0,0.23,Cerrado,6.2
a814129a-728a-36ce-b2e8-46cb62be8356, -15.926260, -43.734480,2026-05-07 17:07:00,NOAA-21,SÃO JOÃO DA PONTE,MINAS GERAIS,Brasil,3162401,31,33,26,0.0,0.96,Cerrado,11.9
dad7f6df-380d-33fe-baf4-76eecb7fb64b, -14.075030, -47.744520,2026-05-07 17:07:00,NOAA-21,CAVALCANTE,GOIÁS,Brasil,5205307,52,33,9,0.0,0.63,Cerrado,5.1
57037eef-8cc3-3751-9451-08c3a0f4056d, -14.134940, -45.337600,2026-05-07 17:07:00,NOAA-21,JABORANDI,BAHIA,Brasil,2917359,29,33,27,0.0,0.82,Cerrado,21.3
b4b1f77e-2f03-3d69-8a2d-ae90bfd05579, -24.792990, -49.427600,2026-05-07 17:07:00,NOAA-21,CERRO AZUL,PARANÁ,Brasil,4105201,41,33,3,0.0,0.05,Mata Atlântica,2.3
a81c6d85-79f4-35f4-ba4c-6c90e4de3ccf, -15.025570, -47.189840,2026-05-07 17:07:00,NOAA-21,FORMOSA,GOIÁS,Brasil,5208004,52,33,21,0.0,0.67,Cerrado,7.3
30470249-d950-3210-a585-bdda75583b70, -16.170510, -58.489210,2026-05-07 17:07:00,NOAA-21,CÁCERES,MATO GROSSO,Brasil,5102504,51,33,8,0.0,0.57,Pantanal,25.6
07d6c0ca-1504-3db9-935d-a517f37c71e6, -14.138320, -45.382650,2026-05-07 17:07:00,NOAA-21,JABORANDI,BAHIA,Brasil,2917359,29,33,24,0.0,0.81,Cerrado,6.6
0754fbcd-bc53-3d55-8b0d-e2eaaa3fa4ff, -14.143380, -45.339050,2026-05-07 17:07:00,NOAA-21,JABORANDI,BAHIA,Brasil,2917359,29,33,27,0.0,0.82,Cerrado,14.9
4b35999b-7524-3f3e-a50d-be7414f7d1f4, -15.037710, -41.998440,2026-05-07 17:07:00,NOAA-21,CONDEÚBA,BAHIA,Brasil,2908705,29,33,27,0.0,0.98,Caatinga,10.8
44e25d88-cb73-37ab-b02a-6b0c02091d3a, -14.581040, -58.929670,2026-05-07 17:07:00,NOAA-21,TANGARÁ DA SERRA,MATO GROSSO,Brasil,5107958,51,33,7,0.0,0.23,Cerrado,29.4
a08f39df-2a6a-3a56-bea9-f5e2f21e27b3, -18.335170, -54.524620,2026-05-07 17:07:00,NOAA-21,COXIM,MATO GROSSO DO SUL,Brasil,5003306,50,33,9,0.0,1.0,Cerrado,9.1
6ef5c838-9d8e-3397-9703-fd473e80cf79, -20.230390, -46.834470,2026-05-07 17:07:00,NOAA-21,DELFINÓPOLIS,MINAS GERAIS,Brasil,3121209,31,33,21,0.0,0.51,Cerrado,27.2
89929bcc-93ae-3c33-aae1-8daf23021765, -19.935860, -54.896160,2026-05-07 17:07:00,NOAA-21,CORGUINHO,MATO GROSSO DO SUL,Brasil,5003108,50,33,4,0.0,1.0,Cerrado,3.4
7457d0ff-4c8a-39cd-8e2e-50e54bca5b88, -20.227460, -46.840760,2026-05-07 17:07:00,NOAA-21,DELFINÓPOLIS,MINAS GERAIS,Brasil,3121209,31,33,21,0.0,0.51,Cerrado,27.2
3b27c063-dbe1-3a28-8b8f-613e0d7ba5e8, -25.991860, -49.053420,2026-05-07 17:07:00,NOAA-21,TIJUCAS DO SUL,PARANÁ,Brasil,4127601,41,33,-999,0.1,0.02,Mata Atlântica,10.8
f59cbd9f-622b-3ed2-8b20-fa4fd35c06f0, -26.465190, -51.162320,2026-05-07 17:07:00,NOAA-21,MATOS COSTA,SANTA CATARINA,Brasil,4210704,42,33,3,0.0,0.02,Mata Atlântica,8.5
dcdfffcc-1465-3525-a218-2174f7c9e237, -14.685510, -46.167160,2026-05-07 17:07:00,NOAA-21,SÍTIO D'ABADIA,GOIÁS,Brasil,5220702,52,33,13,0.0,0.93,Cerrado,9.3
306f3e12-eacf-3deb-a2fc-30d10c616dff, -12.672670, -45.480290,2026-05-07 17:07:00,NOAA-21,SÃO DESIDÉRIO,BAHIA,Brasil,2928901,29,33,16,0.0,0.65,Cerrado,11.1
566e99a5-6617-37c3-b7fd-aca9d2614800, -19.948170, -54.382190,2026-05-07 17:07:00,NOAA-21,BANDEIRANTES,MATO GROSSO DO SUL,Brasil,5001508,50,33,4,0.0,0.46,Cerrado,4.7
08a186ce-be00-327f-a5b8-fd549b50482a, -15.443870, -46.975780,2026-05-07 17:07:00,NOAA-21,FORMOSA,GOIÁS,Brasil,5208004,52,33,18,0.0,1.0,Cerrado,7.0
b9938144-8caf-34f2-963d-1e7485a9e2a6, -14.148400, -52.893550,2026-05-07 17:07:00,NOAA-21,ÁGUA BOA,MATO GROSSO,Brasil,5100201,51,33,17,0.0,0.83,Cerrado,6.0
0c057bbc-19f3-3272-8947-f0cdae7d5702, -14.140820, -45.342180,2026-05-07 17:07:00,NOAA-21,JABORANDI,BAHIA,Brasil,2917359,29,33,27,0.0,0.82,Cerrado,12.1
88d1e95c-b825-38d9-97ef-3bf685dbcb31, -18.512030, -55.512310,2026-05-07 17:07:00,NOAA-21,CORUMBÁ,MATO GROSSO DO SUL,Brasil,5003207,50,33,10,0.0,0.99,Pantanal,9.5
42bef0a7-17f9-3e42-b9dc-bd760fdf75d5, -13.953480, -45.422770,2026-05-07 17:07:00,NOAA-21,JABORANDI,BAHIA,Brasil,2917359,29,33,26,0.0,0.87,Cerrado,16.3
74901f23-b724-3e74-8dfc-5adc16b42a76, -11.801670, -47.110730,2026-05-07 17:09:00,NOAA-21,DIANÓPOLIS,TOCANTINS,Brasil,1707009,17,33,10,0.0,0.36,Cerrado,14.7
e084602d-b236-3cc6-9d20-683bd99160d6, -10.404170, -49.879800,2026-05-07 17:09:00,NOAA-21,PIUM,TOCANTINS,Brasil,1717503,17,33,8,0.0,0.47,Cerrado,73.1
6536c5a9-085f-333d-9e91-ceb717c9f7b5, -11.214660, -53.827190,2026-05-07 17:09:00,NOAA-21,MARCELÂNDIA,MATO GROSSO,Brasil,5105580,51,33,7,0.0,0.05,Amazônia,5.9
dc207bc5-374b-333f-9d33-813965b1edb3, -11.791620, -43.632300,2026-05-07 17:09:00,NOAA-21,BARRA,BAHIA,Brasil,2902708,29,33,15,1.12,0.74,Cerrado,12.9
64996b12-9ded-3be5-967e-dd6252d00474, -10.890010, -53.750810,2026-05-07 17:09:00,NOAA-21,MARCELÂNDIA,MATO GROSSO,Brasil,5105580,51,33,3,0.0,0.06,Amazônia,7.1
925bb57d-a4b9-341f-9494-72055674dd75,  -9.848720, -60.787730,2026-05-07 17:09:00,NOAA-21,RONDOLÂNDIA,MATO GROSSO,Brasil,5107578,51,33,3,0.04,0.08,Amazônia,6.0
fc6caafc-412d-3a44-857d-af0bd98fcf29, -11.975640, -46.790410,2026-05-07 17:09:00,NOAA-21,DIANÓPOLIS,TOCANTINS,Brasil,1707009,17,33,10,0.0,0.68,Cerrado,6.1
f7762b70-2754-37af-ac02-2b488dd6e231, -12.151810, -46.666870,2026-05-07 17:09:00,NOAA-21,PONTE ALTA DO BOM JESUS,TOCANTINS,Brasil,1717800,17,33,9,0.0,0.53,Cerrado,8.9
a09bcdb8-e700-3ec1-bd28-1fc96637d668,  -7.142070, -47.010660,2026-05-07 17:09:00,NOAA-21,CAROLINA,MARANHÃO,Brasil,2102804,21,33,5,0.0,0.45,Cerrado,15.0
7f19ce4a-4904-3943-9983-abd4dda4d787, -10.820050, -49.763220,2026-05-07 17:09:00,NOAA-21,LAGOA DA CONFUSÃO,TOCANTINS,Brasil,1711902,17,33,4,0.0,0.89,Cerrado,13.4
19f6683c-e781-3fa1-8842-c41aaa925862,  -7.633770, -48.042510,2026-05-07 17:09:00,NOAA-21,PALMEIRANTE,TOCANTINS,Brasil,1715705,17,33,12,0.0,0.26,Cerrado,7.0
79610e2d-2cda-3916-af68-597fd27cae6f, -13.189060, -52.694110,2026-05-07 17:09:00,NOAA-21,CANARANA,MATO GROSSO,Brasil,5102702,51,33,8,0.0,0.21,Amazônia,0.0
2a747a55-48ed-37d6-8f8c-a8ddb7722924, -12.495850, -58.474210,2026-05-07 17:09:00,NOAA-21,SAPEZAL,MATO GROSSO,Brasil,5107875,51,33,9,0.0,0.12,Cerrado,9.9
1a48f61d-1bce-3c99-a8e5-c3ee8a117995,  -8.727310, -47.983190,2026-05-07 17:09:00,NOAA-21,SANTA MARIA DO TOCANTINS,TOCANTINS,Brasil,1718881,17,33,5,0.0,0.28,Cerrado,7.0
a829a588-5fda-37ba-89a6-6865f64e4382, -11.315370, -48.247160,2026-05-07 17:09:00,NOAA-21,SANTA ROSA DO TOCANTINS,TOCANTINS,Brasil,1718907,17,33,7,0.0,0.24,Cerrado,5.9
92bad934-5703-333d-819d-f5bc593e6491,  -8.888620, -48.399130,2026-05-07 17:09:00,NOAA-21,GUARAÍ,TOCANTINS,Brasil,1709302,17,33,9,0.0,0.68,Cerrado,15.2
5074cdda-b891-3ee5-8e7d-e6aad2be3868, -12.261820, -59.332900,2026-05-07 17:09:00,NOAA-21,JUÍNA,MATO GROSSO,Brasil,5105150,51,33,8,0.0,0.14,Cerrado,4.7
9766e635-06db-3909-bc01-f4fb1ab86326, -10.566860, -47.051760,2026-05-07 17:09:00,NOAA-21,PONTE ALTA DO TOCANTINS,TOCANTINS,Brasil,1717909,17,33,9,0.0,0.49,Cerrado,13.1
2a162e7a-ec56-32a6-a8ea-cf00966532bb, -10.807980, -49.785340,2026-05-07 17:09:00,NOAA-21,LAGOA DA CONFUSÃO,TOCANTINS,Brasil,1711902,17,33,4,0.0,0.53,Cerrado,17.3
d7660930-3b3d-3205-9467-9c824d5606cc, -10.694200, -42.671440,2026-05-07 17:09:00,NOAA-21,XIQUE-XIQUE,BAHIA,Brasil,2933604,29,33,17,0.0,0.97,Caatinga,47.8
59db7a2e-049a-35c1-a92b-9a5cabca2e9e,  -7.292510, -47.021230,2026-05-07 17:09:00,NOAA-21,CAROLINA,MARANHÃO,Brasil,2102804,21,33,8,0.0,0.51,Cerrado,10.4
a00c8359-c40f-327d-a8a5-4c39cdda2f23, -11.200060, -46.161470,2026-05-07 17:09:00,NOAA-21,FORMOSA DO RIO PRETO,BAHIA,Brasil,2911105,29,33,17,0.0,0.73,Cerrado,15.7
99a30644-49d9-3ddd-bd5d-a9497cb2664b, -11.482280, -52.917050,2026-05-07 17:09:00,NOAA-21,SÃO FÉLIX DO ARAGUAIA,MATO GROSSO,Brasil,5107859,51,33,7,0.0,0.07,Amazônia,3.4
a672042c-b3a3-3ad9-b1bb-6c594e2ef3a9, -11.299410, -54.024340,2026-05-07 17:09:00,NOAA-21,UNIÃO DO SUL,MATO GROSSO,Brasil,5108303,51,33,8,0.0,0.16,Amazônia,8.5
de0e0ddd-fda3-3cbe-b1bd-b9661c53748f, -11.203630, -49.653550,2026-05-07 17:09:00,NOAA-21,DUERÉ,TOCANTINS,Brasil,1707306,17,33,5,0.0,0.35,Cerrado,3.8
f7fc0f47-e18b-317c-93c1-86de26809258, -12.778140, -58.999110,2026-05-07 17:09:00,NOAA-21,CAMPOS DE JÚLIO,MATO GROSSO,Brasil,5102686,51,33,7,0.3,0.51,Cerrado,27.3
e1ccd882-1588-3f52-b0fb-1bbe4325fd86,  -6.893080, -42.853560,2026-05-07 17:09:00,NOAA-21,FLORIANO,PIAUÍ,Brasil,2203909,22,33,5,0.0,0.57,Caatinga,45.7
77b09696-3e24-3ecf-837c-48e6112d1806, -12.550820, -54.617190,2026-05-07 17:09:00,NOAA-21,NOVA UBIRATÃ,MATO GROSSO,Brasil,5106240,51,33,7,0.0,0.11,Amazônia,31.0
3bbeb7c4-03bd-3700-aaac-d652611b737e, -11.201070, -46.167020,2026-05-07 17:09:00,NOAA-21,FORMOSA DO RIO PRETO,BAHIA,Brasil,2911105,29,33,17,0.0,0.73,Cerrado,14.0
cc597b63-d87c-37f9-9c92-25a5c0be7d3d, -11.732990, -54.804180,2026-05-07 17:09:00,NOAA-21,CLÁUDIA,MATO GROSSO,Brasil,5103056,51,33,9,0.0,0.07,Amazônia,6.7
770b0757-e083-30bc-8dd8-070a50d04187,  -6.326580, -44.629220,2026-05-07 17:09:00,NOAA-21,MIRADOR,MARANHÃO,Brasil,2106706,21,33,4,0.0,0.32,Cerrado,13.2
32fe2afe-b291-3d1c-81b8-9828d68fb3b1, -13.199600, -52.696050,2026-05-07 17:09:00,NOAA-21,CANARANA,MATO GROSSO,Brasil,5102702,51,33,8,0.0,0.58,Amazônia,3.1
c033f43e-c84b-398d-9a92-f2f3c7c7f24a,  -8.639310, -49.547440,2026-05-07 17:09:00,NOAA-21,CONCEIÇÃO DO ARAGUAIA,PARÁ,Brasil,1502707,15,33,4,0.0,0.49,Amazônia,5.9
6c7053a8-bd1b-3002-a697-c9158e61102c,  -5.859470, -47.747560,2026-05-07 17:09:00,NOAA-21,SÃO BENTO DO TOCANTINS,TOCANTINS,Brasil,1720101,17,33,4,0.0,0.22,Cerrado,14.0
6ae1ecf9-5dce-3472-a4ed-6395856e2ef8, -11.419440, -49.690480,2026-05-07 17:09:00,NOAA-21,FORMOSO DO ARAGUAIA,TOCANTINS,Brasil,1708205,17,33,8,0.0,0.37,Cerrado,26.3
7e344d3f-2729-38f4-9ced-ac99b20ea5fb,  -8.447010, -46.389070,2026-05-07 17:09:00,NOAA-21,BALSAS,MARANHÃO,Brasil,2101400,21,33,12,0.0,0.48,Cerrado,5.1
1fcef655-306c-3e0c-91b0-27e51717acfc, -11.441690, -49.482620,2026-05-07 17:09:00,NOAA-21,DUERÉ,TOCANTINS,Brasil,1707306,17,33,8,0.0,0.36,Cerrado,8.2
c2c3008a-5546-34ce-8637-9cada13ad4f2,  -6.887640, -42.860090,2026-05-07 17:09:00,NOAA-21,FLORIANO,PIAUÍ,Brasil,2203909,22,33,5,0.0,0.57,Caatinga,12.1
f95e1b1b-5164-3639-9fce-b9d7d19f5964,  -7.265990, -47.042870,2026-05-07 17:09:00,NOAA-21,CAROLINA,MARANHÃO,Brasil,2102804,21,33,6,0.0,0.49,Cerrado,10.3
c05fff6e-6020-310b-8e76-efcf309ef944, -10.438970, -46.452100,2026-05-07 17:09:00,NOAA-21,MATEIROS,TOCANTINS,Brasil,1712702,17,33,16,0.0,0.68,Cerrado,17.1
d6c23ee9-f42b-31de-81b3-246831d81501, -11.068330, -52.470850,2026-05-07 17:09:00,NOAA-21,SÃO JOSÉ DO XINGU,MATO GROSSO,Brasil,5107354,51,33,9,0.0,0.05,Amazônia,3.4
1c20232f-6bdf-3916-ada0-6be9871f40b1, -11.072290, -52.473980,2026-05-07 17:09:00,NOAA-21,SÃO JOSÉ DO XINGU,MATO GROSSO,Brasil,5107354,51,33,9,0.0,0.05,Amazônia,8.4
13b68880-b76a-3c23-8c8a-142fda08f35a, -12.147850, -54.647890,2026-05-07 17:09:00,NOAA-21,FELIZ NATAL,MATO GROSSO,Brasil,5103700,51,33,7,0.0,0.09,Amazônia,8.1
c2483b5e-157b-3bfd-a448-9d2b4165fd58, -10.712520, -56.231490,2026-05-07 17:09:00,NOAA-21,NOVA CANAÃ DO NORTE,MATO GROSSO,Brasil,5106216,51,33,2,0.0,0.1,Amazônia,3.0
c2858a3f-85f6-3b2d-8558-6e72ff08674c, -11.295740, -54.764880,2026-05-07 17:09:00,NOAA-21,CLÁUDIA,MATO GROSSO,Brasil,5103056,51,33,8,0.0,0.19,Amazônia,6.3
545572a6-51fd-32e9-91e0-f7f2111e6b49, -11.735900, -44.571730,2026-05-07 17:09:00,NOAA-21,COTEGIPE,BAHIA,Brasil,2909406,29,33,17,1.46,0.65,Cerrado,1.8
c3c8f78a-b06e-3b36-852b-5660f2764f5e,  -5.824320, -46.097450,2026-05-07 17:09:00,NOAA-21,GRAJAÚ,MARANHÃO,Brasil,2104800,21,33,5,0.0,0.96,Cerrado,9.0
3a95881f-9b2d-3534-a5d6-f4febc6a30c4, -12.499770, -58.473690,2026-05-07 17:09:00,NOAA-21,SAPEZAL,MATO GROSSO,Brasil,5107875,51,33,9,0.0,0.13,Cerrado,14.3
8dd1c9e9-e144-3269-bf36-d1001cb7facc,  -8.785920, -44.838950,2026-05-07 17:09:00,NOAA-21,CURRAIS,PIAUÍ,Brasil,2203230,22,33,13,0.0,0.76,Cerrado,7.6
897aa222-9441-3991-9071-e1493cd3dd89, -10.406020, -46.277850,2026-05-07 17:09:00,NOAA-21,MATEIROS,TOCANTINS,Brasil,1712702,17,33,16,0.0,0.81,Cerrado,78.3
e894d2e4-164e-34c8-bd03-1cbcb1dc8c3f, -10.530160, -49.745300,2026-05-07 17:09:00,NOAA-21,LAGOA DA CONFUSÃO,TOCANTINS,Brasil,1711902,17,33,8,0.0,0.68,Cerrado,40.3
9915f510-aaf1-3628-b92f-8a6242daec6c, -12.665720, -58.401940,2026-05-07 17:09:00,NOAA-21,BRASNORTE,MATO GROSSO,Brasil,5101902,51,33,9,0.0,0.29,Cerrado,10.0
c008b867-c7c7-3cdc-8af6-699b57c07848, -10.880190, -49.672090,2026-05-07 17:09:00,NOAA-21,LAGOA DA CONFUSÃO,TOCANTINS,Brasil,1711902,17,33,3,0.0,0.85,Cerrado,6.7
7b465206-1087-39d7-94d7-db97a7248b6a,  -7.766430, -49.323970,2026-05-07 17:09:00,NOAA-21,CONCEIÇÃO DO ARAGUAIA,PARÁ,Brasil,1502707,15,33,4,0.0,0.44,Amazônia,27.6
29248948-0511-3e62-9b14-e3f4ed8e660a,  -8.414740, -49.062170,2026-05-07 17:09:00,NOAA-21,COUTO MAGALHÃES,TOCANTINS,Brasil,1706001,17,33,4,0.0,0.11,Cerrado,7.9
d523b1d9-1f38-3d76-9b74-906d4a3b3419, -10.806400, -49.787630,2026-05-07 17:09:00,NOAA-21,LAGOA DA CONFUSÃO,TOCANTINS,Brasil,1711902,17,33,4,0.0,0.46,Cerrado,22.2
f0bffc7d-e915-34e4-a3ef-9850ab02f75f, -11.812840, -50.984110,2026-05-07 17:09:00,NOAA-21,SÃO FÉLIX DO ARAGUAIA,MATO GROSSO,Brasil,5107859,51,33,8,0.0,0.54,Cerrado,11.0
ad46bcfc-839c-3fc6-9390-bf6fcf4b28a6, -10.239820, -52.230400,2026-05-07 17:09:00,NOAA-21,SANTA CRUZ DO XINGU,MATO GROSSO,Brasil,5107743,51,33,6,0.0,0.15,Amazônia,12.0
8d0d087e-cb78-3bac-85f9-9f6ef60cba70,  -8.576480, -51.683510,2026-05-07 17:09:00,NOAA-21,CUMARU DO NORTE,PARÁ,Brasil,1502764,15,33,3,0.0,0.41,Amazônia,4.9
e790d968-2fed-3fc5-89dd-c173ecffd4b0, -10.864140, -49.695130,2026-05-07 17:09:00,NOAA-21,LAGOA DA CONFUSÃO,TOCANTINS,Brasil,1711902,17,33,3,0.0,0.84,Cerrado,32.0
d818394c-5029-392b-b33a-91c97b58fbcf, -11.670700, -51.647340,2026-05-07 17:09:00,NOAA-21,SÃO FÉLIX DO ARAGUAIA,MATO GROSSO,Brasil,5107859,51,33,8,0.0,0.07,Amazônia,4.7
0b18d8d3-89ad-39ee-b68e-e363e1c83522, -11.804520, -47.100770,2026-05-07 17:09:00,NOAA-21,DIANÓPOLIS,TOCANTINS,Brasil,1707009,17,33,10,0.0,0.91,Cerrado,31.5
3856d5f8-3c26-3928-b387-bdc7ab105411,  -7.052220, -47.117680,2026-05-07 17:09:00,NOAA-21,CAROLINA,MARANHÃO,Brasil,2102804,21,33,5,0.0,0.37,Cerrado,16.4
a9037788-4b24-3881-ac19-3df47cf17d89, -11.896050, -49.707900,2026-05-07 17:09:00,NOAA-21,FORMOSO DO ARAGUAIA,TOCANTINS,Brasil,1708205,17,33,8,0.0,0.79,Cerrado,7.0
47d2780a-c6e0-3daf-a169-2576e34887d6, -10.864960, -49.700050,2026-05-07 17:09:00,NOAA-21,LAGOA DA CONFUSÃO,TOCANTINS,Brasil,1711902,17,33,3,0.0,0.86,Cerrado,20.6
0ba73e85-fa93-3e66-bbf3-be1a1d21e3b2, -11.298000, -54.757310,2026-05-07 17:09:00,NOAA-21,CLÁUDIA,MATO GROSSO,Brasil,5103056,51,33,8,0.0,0.26,Amazônia,13.0
bce81006-40ce-3ba6-91d5-121f6a3a9727, -11.790170, -49.748580,2026-05-07 17:09:00,NOAA-21,FORMOSO DO ARAGUAIA,TOCANTINS,Brasil,1708205,17,33,8,0.0,0.87,Cerrado,4.8
f85279fd-3a12-3c87-9882-b5228a55ce3a, -11.218130, -43.089330,2026-05-07 17:09:00,NOAA-21,XIQUE-XIQUE,BAHIA,Brasil,2933604,29,33,13,0.0,0.99,Caatinga,3.8
3b7a0601-43a8-30b3-8d8e-0a2c70a95451, -10.408520, -46.279430,2026-05-07 17:09:00,NOAA-21,MATEIROS,TOCANTINS,Brasil,1712702,17,33,16,0.0,0.81,Cerrado,72.3
cc1ebbd6-6fe0-3374-abf6-2185cc04f34b, -10.567730, -47.079180,2026-05-07 17:09:00,NOAA-21,PONTE ALTA DO TOCANTINS,TOCANTINS,Brasil,1717909,17,33,9,0.0,0.45,Cerrado,10.2
2e9cc77b-9b42-3086-8cf8-81f685e4569d, -10.825510, -49.928150,2026-05-07 17:09:00,NOAA-21,LAGOA DA CONFUSÃO,TOCANTINS,Brasil,1711902,17,33,3,0.0,0.78,Cerrado,11.7
a3cd02c0-5cbf-3f7f-af73-27d24f137d70, -13.154680, -56.812270,2026-05-07 17:09:00,NOAA-21,SÃO JOSÉ DO RIO CLARO,MATO GROSSO,Brasil,5107305,51,33,9,0.0,0.06,Amazônia,12.8
0f1491d1-35bd-3c30-8d5d-ea8b836f7b9a,  -4.931110, -47.369850,2026-05-07 17:09:00,NOAA-21,AÇAILÂNDIA,MARANHÃO,Brasil,2100055,21,33,3,0.0,0.35,Amazônia,8.5
0b3beeda-0402-3fc1-8995-481c411b4430, -10.236390, -52.230960,2026-05-07 17:09:00,NOAA-21,SANTA CRUZ DO XINGU,MATO GROSSO,Brasil,5107743,51,33,6,0.0,0.13,Amazônia,8.2
0ba4ed07-92c3-3916-98ef-a1147a5644da,  -6.702170, -49.790710,2026-05-07 17:09:00,NOAA-21,ÁGUA AZUL DO NORTE,PARÁ,Brasil,1500347,15,33,3,0.0,0.59,Amazônia,9.0
30b83bbb-bd06-3ce4-95ed-cd735ece720e, -10.865780, -49.704960,2026-05-07 17:09:00,NOAA-21,LAGOA DA CONFUSÃO,TOCANTINS,Brasil,1711902,17,33,3,0.0,0.71,Cerrado,20.6
74ca6dda-bc07-3f4d-ba48-ea54de50008c, -12.778620, -59.002700,2026-05-07 17:09:00,NOAA-21,CAMPOS DE JÚLIO,MATO GROSSO,Brasil,5102686,51,33,7,0.3,0.51,Cerrado,27.3
09b1c8ba-70b3-3436-9569-ccfb24b76281, -11.899850, -49.707230,2026-05-07 17:09:00,NOAA-21,FORMOSO DO ARAGUAIA,TOCANTINS,Brasil,1708205,17,33,8,0.0,0.67,Cerrado,6.2
529cdeb7-4c1e-3296-b687-05708e082a81,  -6.320720, -44.630040,2026-05-07 17:09:00,NOAA-21,MIRADOR,MARANHÃO,Brasil,2106706,21,33,4,0.0,0.32,Cerrado,13.2
0caaff3f-e445-380a-b5a4-a6ae66eef625,  -7.238430, -47.371790,2026-05-07 17:09:00,NOAA-21,CAROLINA,MARANHÃO,Brasil,2102804,21,33,4,0.0,0.37,Cerrado,6.9
da3d9d7e-79f4-32fb-9fdd-cd14e4e05444,  -7.362420, -46.795140,2026-05-07 17:09:00,NOAA-21,RIACHÃO,MARANHÃO,Brasil,2109502,21,33,9,0.0,0.65,Cerrado,3.1
719e7add-6cfb-33f6-aca7-3c93daadd66b,  -7.685360, -48.427120,2026-05-07 17:09:00,NOAA-21,NOVA OLINDA,TOCANTINS,Brasil,1714880,17,33,4,0.0,0.81,Amazônia,1.8
9fd7670c-6627-32e1-bfd2-51bd4ce55242, -12.781740, -58.995000,2026-05-07 17:09:00,NOAA-21,CAMPOS DE JÚLIO,MATO GROSSO,Brasil,5102686,51,33,7,0.3,0.77,Cerrado,35.1
c3156afc-e32e-3773-8311-1b61eb9285c3, -11.199050, -46.155920,2026-05-07 17:09:00,NOAA-21,FORMOSA DO RIO PRETO,BAHIA,Brasil,2911105,29,33,16,0.0,0.69,Cerrado,15.7
68d730fc-f6ea-338c-8dc7-1025f362b616,  -6.708990, -44.318600,2026-05-07 17:09:00,NOAA-21,PASTOS BONS,MARANHÃO,Brasil,2108009,21,33,5,0.0,0.47,Cerrado,11.2
f652bff6-f902-3264-99f7-2f4343ad5331, -12.770000, -59.000180,2026-05-07 17:09:00,NOAA-21,CAMPOS DE JÚLIO,MATO GROSSO,Brasil,5102686,51,33,7,0.3,0.28,Cerrado,81.8
b3410b6b-ecb9-3185-89dd-09bc1b5b622b, -12.229700, -54.378070,2026-05-07 17:09:00,NOAA-21,FELIZ NATAL,MATO GROSSO,Brasil,5103700,51,33,6,0.0,0.83,Amazônia,4.8
e1acd3c9-1d78-3c32-8b5b-d99ea5947e99, -12.770960, -59.007450,2026-05-07 17:09:00,NOAA-21,CAMPOS DE JÚLIO,MATO GROSSO,Brasil,5102686,51,33,7,0.3,0.21,Cerrado,22.2
aaf0647e-57db-311b-9b4b-4a1ce87404c4, -10.547110, -53.553930,2026-05-07 17:09:00,NOAA-21,PEIXOTO DE AZEVEDO,MATO GROSSO,Brasil,5106422,51,33,2,0.0,0.7,Amazônia,8.8
342e914b-e3bd-3b2b-8734-f5641f548a96, -10.410150, -44.935150,2026-05-07 17:09:00,NOAA-21,CORRENTE,PIAUÍ,Brasil,2202901,22,33,16,0.0,0.64,Cerrado,20.7
3408b506-6112-31f7-935e-9b3de55362b6, -10.254440, -46.472300,2026-05-07 17:09:00,NOAA-21,MATEIROS,TOCANTINS,Brasil,1712702,17,33,15,0.0,0.58,Cerrado,21.8
f2bceffd-1696-3e65-a174-6ba3ddbc03c5,  -6.118510, -44.703670,2026-05-07 17:09:00,NOAA-21,MIRADOR,MARANHÃO,Brasil,2106706,21,33,3,0.0,0.29,Cerrado,7.5
d23247fc-17bb-311a-a8e9-e4c9b1e6a497, -12.777660, -58.995520,2026-05-07 17:09:00,NOAA-21,CAMPOS DE JÚLIO,MATO GROSSO,Brasil,5102686,51,33,7,0.3,0.47,Cerrado,35.1
316285c0-0f72-3525-bb93-f5c47d4d0c27, -10.808810, -49.790200,2026-05-07 17:09:00,NOAA-21,LAGOA DA CONFUSÃO,TOCANTINS,Brasil,1711902,17,33,4,0.0,0.55,Cerrado,9.8
ab937b8c-790d-3b20-b253-78273200aa8a, -13.190170, -52.701280,2026-05-07 17:09:00,NOAA-21,CANARANA,MATO GROSSO,Brasil,5102702,51,33,8,0.0,0.28,Amazônia,233.7
f69f3a8e-c91c-3807-87bd-9e73624d4ca1,  -6.886330, -42.858100,2026-05-07 17:09:00,NOAA-21,FLORIANO,PIAUÍ,Brasil,2203909,22,33,5,0.0,0.57,Caatinga,8.2
4195bbbd-6902-358a-be5c-299ac40a0b50,  -4.430260, -45.135600,2026-05-07 17:09:00,NOAA-21,PAULO RAMOS,MARANHÃO,Brasil,2108108,21,33,0,0.0,0.13,Amazônia,9.7
d2985046-3226-3d37-99be-940bcc8979c6, -12.548030, -54.621270,2026-05-07 17:09:00,NOAA-21,NOVA UBIRATÃ,MATO GROSSO,Brasil,5106240,51,33,7,0.0,0.11,Amazônia,29.7
198b1998-f8d1-3c1e-808f-26b2c63a33d9, -11.820000, -47.340760,2026-05-07 17:09:00,NOAA-21,ALMAS,TOCANTINS,Brasil,1700400,17,33,9,0.0,0.37,Cerrado,12.4
670b722a-5493-3078-a357-26d78ce541e3, -13.177390, -52.684960,2026-05-07 17:09:00,NOAA-21,CANARANA,MATO GROSSO,Brasil,5102702,51,33,8,0.0,0.21,Amazônia,42.6
944ef1a2-2f4b-39d6-8c2c-321ede76e299, -11.302710, -54.023820,2026-05-07 17:09:00,NOAA-21,UNIÃO DO SUL,MATO GROSSO,Brasil,5108303,51,33,8,0.0,0.09,Amazônia,6.6
de36567e-f15b-37f9-ae1b-4ae12063e20d, -12.418660, -49.668210,2026-05-07 17:09:00,NOAA-21,SANDOLÂNDIA,TOCANTINS,Brasil,1718840,17,33,10,0.0,0.45,Cerrado,16.8
27291750-a442-3923-b5f1-6189259feaea, -10.818620, -49.708080,2026-05-07 17:09:00,NOAA-21,LAGOA DA CONFUSÃO,TOCANTINS,Brasil,1711902,17,33,4,0.0,0.88,Cerrado,4.7
d336e7d7-e3b2-33c0-a6d0-8722767f24d4,  -5.785000, -45.128940,2026-05-07 17:09:00,NOAA-21,BARRA DO CORDA,MARANHÃO,Brasil,2101608,21,33,3,0.0,0.35,Cerrado,23.2
8bbc339a-5e0a-3274-9919-cb3ca8dbf2a0,  -8.692550, -49.089780,2026-05-07 17:09:00,NOAA-21,GOIANORTE,TOCANTINS,Brasil,1708304,17,33,7,0.0,0.17,Cerrado,18.4
8f868c17-b559-3a22-85fd-2fe7b3e46ac1,  -7.762290, -49.324730,2026-05-07 17:09:00,NOAA-21,CONCEIÇÃO DO ARAGUAIA,PARÁ,Brasil,1502707,15,33,4,0.0,0.44,Amazônia,4.9
0fc7c3c2-2b2d-3784-9a27-104070983645, -12.547490, -54.617700,2026-05-07 17:09:00,NOAA-21,NOVA UBIRATÃ,MATO GROSSO,Brasil,5106240,51,33,7,0.0,0.11,Amazônia,31.0
39a5e851-aeb1-33ef-9de9-e1850bfe52f8, -11.603750, -55.330170,2026-05-07 17:09:00,NOAA-21,SINOP,MATO GROSSO,Brasil,5107909,51,33,7,0.0,0.11,Amazônia,14.9
5e23d126-3709-35ae-8d64-e076cf56a01a,  -5.866590, -46.251400,2026-05-07 17:09:00,NOAA-21,GRAJAÚ,MARANHÃO,Brasil,2104800,21,33,4,0.0,0.99,Cerrado,3.5
09e0a7e5-61f4-3681-a70f-6fd8375b90af, -10.868820, -49.699370,2026-05-07 17:09:00,NOAA-21,LAGOA DA CONFUSÃO,TOCANTINS,Brasil,1711902,17,33,3,0.0,0.76,Cerrado,20.6
8f9ba043-1fd4-354c-a3e0-682843189346, -12.782690, -59.002180,2026-05-07 17:09:00,NOAA-21,CAMPOS DE JÚLIO,MATO GROSSO,Brasil,5102686,51,33,7,0.3,0.82,Cerrado,27.3
c6ba275e-b4a2-3910-94d9-84d2067e3cf1, -10.244400, -52.171080,2026-05-07 17:09:00,NOAA-21,SANTA CRUZ DO XINGU,MATO GROSSO,Brasil,5107743,51,33,6,0.0,0.27,Amazônia,15.5
1573ae28-af15-3054-a9d4-a81c77a81d01,  -6.159430, -45.108190,2026-05-07 17:09:00,NOAA-21,FERNANDO FALCÃO,MARANHÃO,Brasil,2104081,21,33,4,0.0,0.52,Cerrado,4.3
4525b66a-45e6-3e7a-a5c7-e2b034b79e05, -10.938920, -49.442930,2026-05-07 17:09:00,NOAA-21,SANTA RITA DO TOCANTINS,TOCANTINS,Brasil,1718899,17,33,3,0.0,0.31,Cerrado,25.4
55253e38-2c26-3c3a-afd7-e54f74018d95, -10.400330, -49.880460,2026-05-07 17:09:00,NOAA-21,PIUM,TOCANTINS,Brasil,1717503,17,33,8,0.0,0.45,Cerrado,73.8
d66dfb46-3ff5-3527-96df-042936d98386,  -6.333620, -46.391640,2026-05-07 17:09:00,NOAA-21,FORMOSA DA SERRA NEGRA,MARANHÃO,Brasil,2104099,21,33,5,0.0,0.41,Cerrado,5.7
79a0de64-1605-3e69-96af-dde4913d9974,  -8.693190, -49.093570,2026-05-07 17:09:00,NOAA-21,GOIANORTE,TOCANTINS,Brasil,1708304,17,33,7,0.0,0.4,Cerrado,14.0
acdb65ea-d2a9-3f29-8dca-4489e98ab71a,  -6.322060, -44.636130,2026-05-07 17:09:00,NOAA-21,MIRADOR,MARANHÃO,Brasil,2106706,21,33,4,0.0,0.32,Cerrado,24.2
b5174e3c-c8fe-3a92-b8a6-3d8fbdb85786, -13.189620, -52.697700,2026-05-07 17:09:00,NOAA-21,CANARANA,MATO GROSSO,Brasil,5102702,51,33,8,0.0,0.22,Amazônia,233.7
76f1390f-2283-3999-8fb2-bc0136631bb2, -10.548780, -49.927460,2026-05-07 17:09:00,NOAA-21,PIUM,TOCANTINS,Brasil,1717503,17,33,8,0.0,0.97,Cerrado,6.9
27682036-c389-3ede-8283-4c5d0a508a4c,  -7.579140, -56.082190,2026-05-07 17:09:00,NOAA-21,NOVO PROGRESSO,PARÁ,Brasil,1505031,15,33,3,0.0,0.03,Amazônia,4.7
d14140bf-ee2d-35e5-9e59-f77adf1360c8, -10.243250, -52.229840,2026-05-07 17:09:00,NOAA-21,SANTA CRUZ DO XINGU,MATO GROSSO,Brasil,5107743,51,33,6,0.0,0.12,Amazônia,12.0
63113206-5849-3543-87dc-fdbb6fd0b177,  -5.872580, -46.696920,2026-05-07 17:09:00,NOAA-21,SÍTIO NOVO,MARANHÃO,Brasil,2111805,21,33,3,0.0,1.0,Cerrado,3.3
58ee94ba-4c24-3af8-9124-c0965408128e, -11.600930, -55.334300,2026-05-07 17:09:00,NOAA-21,SINOP,MATO GROSSO,Brasil,5107909,51,33,7,0.0,0.11,Amazônia,4.6
6e5caac0-7937-3598-b48f-e5c352422032,  -6.892730, -42.856730,2026-05-07 17:09:00,NOAA-21,FLORIANO,PIAUÍ,Brasil,2203909,22,33,5,0.0,0.57,Caatinga,68.2
aa375469-abe0-3c58-ad28-7ab5ad592748, -10.439710, -46.460630,2026-05-07 17:09:00,NOAA-21,MATEIROS,TOCANTINS,Brasil,1712702,17,33,16,0.0,0.68,Cerrado,19.6
963bc945-dfc7-367e-a941-fafd726276d7, -10.404840, -44.936180,2026-05-07 17:09:00,NOAA-21,CORRENTE,PIAUÍ,Brasil,2202901,22,33,16,0.0,0.64,Cerrado,27.5
73b6d4a5-7f0e-306b-adc1-33a57cd4def6, -12.766890, -59.008030,2026-05-07 17:09:00,NOAA-21,CAMPOS DE JÚLIO,MATO GROSSO,Brasil,5102686,51,33,7,0.3,0.26,Cerrado,3.4
99d44263-4d01-39fb-b879-4fe5b906a5ef, -12.544700, -54.621780,2026-05-07 17:09:00,NOAA-21,NOVA UBIRATÃ,MATO GROSSO,Brasil,5106240,51,33,7,0.0,0.12,Amazônia,10.4
7c9edc26-c5d0-3eb3-b4a8-e2e55508b0ca,  -8.662710, -44.233880,2026-05-07 17:09:00,NOAA-21,PALMEIRA DO PIAUÍ,PIAUÍ,Brasil,2207405,22,33,13,0.0,0.76,Cerrado,3.1
a2cc9856-b264-35da-8ea7-84305dc8893a, -11.800030, -47.101640,2026-05-07 17:09:00,NOAA-21,DIANÓPOLIS,TOCANTINS,Brasil,1707009,17,33,10,0.0,0.62,Cerrado,24.9
eb795161-c037-3519-a066-d9de2d9af848, -11.197000, -46.144690,2026-05-07 17:09:00,NOAA-21,FORMOSA DO RIO PRETO,BAHIA,Brasil,2911105,29,33,16,0.0,0.56,Cerrado,14.9
c13a3d24-c565-3abd-b81d-b66e21d6c0a9, -12.345250, -50.022100,2026-05-07 17:09:00,NOAA-21,SANDOLÂNDIA,TOCANTINS,Brasil,1718840,17,33,8,0.0,0.47,Cerrado,13.1
c456351b-e032-3d5f-b226-179599f40791, -11.915620, -49.684830,2026-05-07 17:09:00,NOAA-21,FORMOSO DO ARAGUAIA,TOCANTINS,Brasil,1708205,17,33,8,0.0,0.82,Cerrado,16.4
295a6cbd-eb8d-3d1f-a9f0-ea11fdcf8ae5, -11.736130, -46.986650,2026-05-07 17:09:00,NOAA-21,DIANÓPOLIS,TOCANTINS,Brasil,1707009,17,33,9,0.0,0.31,Cerrado,8.9
5d0cdb18-65f1-3e3b-aaf8-fc3c37355bdd,  -6.782360, -48.812870,2026-05-07 17:09:00,NOAA-21,ARAGOMINAS,TOCANTINS,Brasil,1701309,17,33,4,0.0,0.42,Amazônia,7.6
889d69fc-4b79-3bd5-a81b-52b0821674aa, -13.186290, -52.698240,2026-05-07 17:09:00,NOAA-21,CANARANA,MATO GROSSO,Brasil,5102702,51,33,8,0.0,0.22,Amazônia,233.7
329c4407-cf9f-3ffe-b255-4bf7080a4b5e, -11.644200, -58.257620,2026-05-07 17:09:00,NOAA-21,BRASNORTE,MATO GROSSO,Brasil,5101902,51,33,2,0.0,0.98,Amazônia,37.1
09fecdaf-c96e-315e-92ae-2fc2247dd825, -12.994900, -54.679130,2026-05-07 17:09:00,NOAA-21,NOVA UBIRATÃ,MATO GROSSO,Brasil,5106240,51,33,7,0.0,0.09,Amazônia,12.4
5ac4347e-4a6e-3a4b-9e22-ebfb0739b8cf,  -9.752510, -46.896310,2026-05-07 17:09:00,NOAA-21,LIZARDA,TOCANTINS,Brasil,1712405,17,33,15,0.0,0.39,Cerrado,4.9
4d79581c-52a9-30df-b16c-65db98eaf406,  -5.780470, -45.123500,2026-05-07 17:09:00,NOAA-21,BARRA DO CORDA,MARANHÃO,Brasil,2101608,21,33,3,0.0,0.35,Cerrado,75.4
f216745d-3762-3e59-ae86-de51a5a704ac, -11.758230, -44.754590,2026-05-07 17:09:00,NOAA-21,RIACHÃO DAS NEVES,BAHIA,Brasil,2926202,29,33,16,0.44,0.78,Cerrado,4.6
5bac2011-cb9f-3cfd-a2c4-37b571477cad, -11.986970, -47.360780,2026-05-07 17:09:00,NOAA-21,CONCEIÇÃO DO TOCANTINS,TOCANTINS,Brasil,1705607,17,33,10,0.0,0.9,Cerrado,7.4
2a33bfb7-a9e7-318a-90fd-a3fdeb7b3877, -10.814890, -49.791180,2026-05-07 17:09:00,NOAA-21,LAGOA DA CONFUSÃO,TOCANTINS,Brasil,1711902,17,33,4,0.0,0.76,Cerrado,8.9
7426decf-0e74-31da-9bba-72864c56145c,  -6.153030, -45.104910,2026-05-07 17:09:00,NOAA-21,FERNANDO FALCÃO,MARANHÃO,Brasil,2104081,21,33,3,0.0,0.53,Cerrado,4.3
9d2449da-5019-3daf-8ea2-b12dbf043f10, -13.185170, -52.691060,2026-05-07 17:09:00,NOAA-21,CANARANA,MATO GROSSO,Brasil,5102702,51,33,8,0.0,0.21,Amazônia,0.0
6ce4dbce-4157-33a0-b239-0f03f6a82358, -12.779100, -59.006350,2026-05-07 17:09:00,NOAA-21,CAMPOS DE JÚLIO,MATO GROSSO,Brasil,5102686,51,33,7,0.3,0.51,Cerrado,103.3
fb1cb4b6-68a3-3227-a581-fac4ee3a3778, -11.805340, -47.105340,2026-05-07 17:09:00,NOAA-21,DIANÓPOLIS,TOCANTINS,Brasil,1707009,17,33,10,0.0,0.65,Cerrado,18.1
dd4e0452-f297-323c-9b7f-0d157fc37a69,  -6.634470, -47.876760,2026-05-07 17:09:00,NOAA-21,DARCINÓPOLIS,TOCANTINS,Brasil,1706506,17,33,3,0.0,0.27,Cerrado,7.0
33eb6d10-546b-39e3-a062-1ec5d843c205, -10.989560, -43.717490,2026-05-07 17:09:00,NOAA-21,BARRA,BAHIA,Brasil,2902708,29,33,17,0.0,0.83,Cerrado,10.6
87117f0a-66a5-3c10-85a5-2bb804858d96,  -6.214540, -45.236520,2026-05-07 17:09:00,NOAA-21,FERNANDO FALCÃO,MARANHÃO,Brasil,2104081,21,33,7,0.0,0.58,Cerrado,9.3
73a09252-506e-3d66-a99d-2551331d0f1e, -13.191820, -52.689960,2026-05-07 17:09:00,NOAA-21,CANARANA,MATO GROSSO,Brasil,5102702,51,33,8,0.0,0.21,Amazônia,145.0
c82a9891-adbb-372a-97e0-4c23b83cc48f,  -5.781170, -45.127440,2026-05-07 17:09:00,NOAA-21,BARRA DO CORDA,MARANHÃO,Brasil,2101608,21,33,3,0.0,0.35,Cerrado,98.0
e2946357-10f1-3549-bf4a-2db145b6f9a2,  -6.327200, -44.631230,2026-05-07 17:09:00,NOAA-21,MIRADOR,MARANHÃO,Brasil,2106706,21,33,4,0.0,0.32,Cerrado,24.1
4ba371c5-e224-3491-a370-fb8ae0d7c4eb, -10.861100, -49.700710,2026-05-07 17:09:00,NOAA-21,LAGOA DA CONFUSÃO,TOCANTINS,Brasil,1711902,17,33,3,0.0,0.86,Cerrado,7.7
42464125-49d2-37b3-ab77-0977cc6185bc, -10.410880, -46.276870,2026-05-07 17:09:00,NOAA-21,MATEIROS,TOCANTINS,Brasil,1712702,17,33,15,0.0,0.82,Cerrado,16.7
fb372f24-00f0-391c-864d-b0bc3ab981be,  -6.321350, -44.632040,2026-05-07 17:09:00,NOAA-21,MIRADOR,MARANHÃO,Brasil,2106706,21,33,4,0.0,0.32,Cerrado,24.1
66c049b2-094e-35e3-89c5-7d8b6fb11100, -10.438750, -46.455380,2026-05-07 17:09:00,NOAA-21,MATEIROS,TOCANTINS,Brasil,1712702,17,33,16,0.0,0.68,Cerrado,27.7
e56da1e1-54b0-33a2-b7ae-69a2e051a1bc, -13.996250, -56.633070,2026-05-07 17:09:00,NOAA-21,DIAMANTINO,MATO GROSSO,Brasil,5103502,51,33,7,0.0,0.19,Cerrado,5.8
7069feaf-f3cc-38ba-a968-8f05a026a313,  -5.576810, -42.726350,2026-05-07 17:09:00,NOAA-21,MONSENHOR GIL,PIAUÍ,Brasil,2206407,22,33,4,0.1,0.13,Caatinga,21.4
ba62d3b9-030e-386b-add4-82e3b5e312b7, -11.314680, -48.243230,2026-05-07 17:09:00,NOAA-21,SANTA ROSA DO TOCANTINS,TOCANTINS,Brasil,1718907,17,33,7,0.0,0.25,Cerrado,5.9
4de4f248-54b3-38de-a0dd-74677c5e9333,  -9.468570, -49.304780,2026-05-07 17:09:00,NOAA-21,ABREULÂNDIA,TOCANTINS,Brasil,1700251,17,33,8,0.0,0.74,Cerrado,5.8
8b295883-d65c-3f2d-a25d-44fe3d8523de,  -7.057090, -47.116810,2026-05-07 17:09:00,NOAA-21,CAROLINA,MARANHÃO,Brasil,2102804,21,33,5,0.0,0.38,Cerrado,16.4
0b20c7bb-efc5-390e-a16a-0c4e49506964, -11.732460, -54.800630,2026-05-07 17:09:00,NOAA-21,CLÁUDIA,MATO GROSSO,Brasil,5103056,51,33,9,0.0,0.07,Amazônia,6.7
31228d41-a60e-31ce-ad54-8c799f987387, -13.181840, -52.691610,2026-05-07 17:09:00,NOAA-21,CANARANA,MATO GROSSO,Brasil,5102702,51,33,8,0.0,0.21,Amazônia,33.6
c6182175-d720-302b-b078-e9f30cb7b8fe, -12.346000, -50.026630,2026-05-07 17:09:00,NOAA-21,SANDOLÂNDIA,TOCANTINS,Brasil,1718840,17,33,8,0.0,0.48,Cerrado,13.1
75e0f296-3ac0-39c3-a935-a2237872085c, -12.348970, -50.021470,2026-05-07 17:09:00,NOAA-21,SANDOLÂNDIA,TOCANTINS,Brasil,1718840,17,33,8,0.0,0.47,Cerrado,70.0
24f035b4-64c9-352c-be46-8ea3f5aaa715,  -7.102650, -43.716440,2026-05-07 17:09:00,NOAA-21,JERUMENHA,PIAUÍ,Brasil,2205300,22,33,5,0.0,0.64,Cerrado,15.9
108fe96c-c2a7-3b04-8818-f212ee4a3204, -12.622630, -52.082160,2026-05-07 17:09:00,NOAA-21,QUERÊNCIA,MATO GROSSO,Brasil,5107065,51,33,8,0.0,0.18,Amazônia,7.5
ccb4327d-8067-3576-adf8-45a717d0f6a0, -12.415170, -49.670800,2026-05-07 17:09:00,NOAA-21,SANDOLÂNDIA,TOCANTINS,Brasil,1718840,17,33,11,0.0,0.41,Cerrado,14.2
6fe6297d-6c8b-3fbd-9cee-d881f130e899, -12.418940, -49.670090,2026-05-07 17:09:00,NOAA-21,SANDOLÂNDIA,TOCANTINS,Brasil,1718840,17,33,11,0.0,0.41,Cerrado,14.2
913d8f49-4a8a-371c-9663-84bf017327c4, -13.195710, -52.693000,2026-05-07 17:09:00,NOAA-21,CANARANA,MATO GROSSO,Brasil,5102702,51,33,8,0.0,0.27,Amazônia,145.0
3d18dbb5-458b-389d-9de5-aa48eb657add,  -8.779780, -44.836510,2026-05-07 17:09:00,NOAA-21,CURRAIS,PIAUÍ,Brasil,2203230,22,33,13,0.0,0.77,Cerrado,7.6
bb4fd588-057f-3c80-a609-4d8e8769b62b, -13.185730, -52.694650,2026-05-07 17:09:00,NOAA-21,CANARANA,MATO GROSSO,Brasil,5102702,51,33,8,0.0,0.21,Amazônia,0.0
a7362f20-002c-3b15-98c6-33ec3f1f0636, -11.813080, -49.675800,2026-05-07 17:09:00,NOAA-21,FORMOSO DO ARAGUAIA,TOCANTINS,Brasil,1708205,17,33,8,0.0,0.83,Cerrado,3.4
854ae7f4-ba9c-38be-bf8f-e4e6904fe124, -10.633800, -59.421300,2026-05-07 17:09:00,NOAA-21,ARIPUANÃ,MATO GROSSO,Brasil,5101407,51,33,0,0.0,0.38,Amazônia,6.3
bca0f291-9fa5-3347-af61-8f172b2db2f4,  -9.470090, -46.137130,2026-05-07 17:09:00,NOAA-21,ALTO PARNAÍBA,MARANHÃO,Brasil,2100501,21,33,16,0.0,0.7,Cerrado,59.3
c9ba447b-7671-3dc8-aaf3-4e4a9bc97ba9, -10.621280, -46.534770,2026-05-07 17:09:00,NOAA-21,MATEIROS,TOCANTINS,Brasil,1712702,17,33,16,0.0,0.68,Cerrado,7.9
255f6d09-41e4-3fc5-ba8f-7371f7a8cbcd,  -6.981600, -47.708630,2026-05-07 17:09:00,NOAA-21,BABAÇULÂNDIA,TOCANTINS,Brasil,1703008,17,33,4,0.0,0.28,Cerrado,22.5
1cadafb5-af7c-34c7-a3b6-778674d8b34f, -13.154090, -56.808070,2026-05-07 17:09:00,NOAA-21,SÃO JOSÉ DO RIO CLARO,MATO GROSSO,Brasil,5107305,51,33,9,0.0,0.06,Amazônia,12.8
1ee7f035-714c-3c71-b08c-1de4ae4df03c, -10.819220, -49.758360,2026-05-07 17:09:00,NOAA-21,LAGOA DA CONFUSÃO,TOCANTINS,Brasil,1711902,17,33,4,0.0,0.86,Cerrado,13.4
c6c7a226-2613-3fc7-a981-222b79249adf,  -7.238720, -47.374570,2026-05-07 17:09:00,NOAA-21,CAROLINA,MARANHÃO,Brasil,2102804,21,33,4,0.0,0.49,Cerrado,2.9
d1f265ba-9feb-35c7-ac7d-e7dc2be99a38, -11.824430, -47.339950,2026-05-07 17:09:00,NOAA-21,ALMAS,TOCANTINS,Brasil,1700400,17,33,9,0.0,0.37,Cerrado,12.4
3ec4e285-f987-3d2b-ac1a-fb624bd87ce1,  -6.821450, -48.832320,2026-05-07 17:09:00,NOAA-21,ARAGOMINAS,TOCANTINS,Brasil,1701309,17,33,4,0.0,0.4,Amazônia,9.0
06dd5f95-b03b-3e68-89eb-d872bbd65a46, -10.868000, -49.694460,2026-05-07 17:09:00,NOAA-21,LAGOA DA CONFUSÃO,TOCANTINS,Brasil,1711902,17,33,3,0.0,0.83,Cerrado,32.0
c2d4c98a-034c-3cf6-973a-6df0976b6c3e, -11.823510, -50.982300,2026-05-07 17:09:00,NOAA-21,SÃO FÉLIX DO ARAGUAIA,MATO GROSSO,Brasil,5107859,51,33,8,0.0,0.54,Cerrado,6.9
cc7c0227-0ae9-3973-854e-34611f586ff7, -10.253490, -46.467060,2026-05-07 17:09:00,NOAA-21,MATEIROS,TOCANTINS,Brasil,1712702,17,33,15,0.0,0.58,Cerrado,21.8
cc572646-992e-3f85-8984-dba924ce1aff,  -7.591490, -49.581280,2026-05-07 17:09:00,NOAA-21,FLORESTA DO ARAGUAIA,PARÁ,Brasil,1503044,15,33,4,0.0,0.34,Amazônia,6.3
03376e36-b824-3efa-a3f6-6b72d16a54ea, -11.789390, -47.094140,2026-05-07 17:09:00,NOAA-21,DIANÓPOLIS,TOCANTINS,Brasil,1707009,17,33,10,0.0,0.37,Cerrado,18.6
5ae2dc0e-e376-3c5c-9ed3-6bfaa28f260b, -13.192940, -52.697150,2026-05-07 17:09:00,NOAA-21,CANARANA,MATO GROSSO,Brasil,5102702,51,33,8,0.0,0.22,Amazônia,429.2
b614c295-945b-34a5-9a6d-1cc8207c34a9,  -6.327330, -44.633340,2026-05-07 17:09:00,NOAA-21,MIRADOR,MARANHÃO,Brasil,2106706,21,33,4,0.0,0.32,Cerrado,13.2
54d664b5-ad93-3657-8662-4c81fd6ddc26, -12.242190, -56.135060,2026-05-07 17:09:00,NOAA-21,IPIRANGA DO NORTE,MATO GROSSO,Brasil,5104526,51,33,9,0.0,0.64,Cerrado,5.7
41e8b14e-cbdd-3443-aa04-d82e5b1ccbb9, -11.800850, -47.106200,2026-05-07 17:09:00,NOAA-21,DIANÓPOLIS,TOCANTINS,Brasil,1707009,17,33,10,0.0,0.49,Cerrado,14.7
2026a38d-0c4c-3aff-ac73-f0c69ba2e168, -10.437100, -46.441460,2026-05-07 17:09:00,NOAA-21,MATEIROS,TOCANTINS,Brasil,1712702,17,33,16,0.0,0.69,Cerrado,13.2
72dd2816-cc74-3ccb-9870-02fd392e7a87, -10.035450, -45.951160,2026-05-07 17:09:00,NOAA-21,ALTO PARNAÍBA,MARANHÃO,Brasil,2100501,21,33,17,0.0,0.64,Cerrado,2.8
9095ec1c-628b-333e-b67f-4e33dec4acd4, -10.620350, -46.529620,2026-05-07 17:09:00,NOAA-21,MATEIROS,TOCANTINS,Brasil,1712702,17,33,16,0.0,0.75,Cerrado,7.9
58d8eda7-a7bd-352c-8115-9be362b9c25f, -13.182400, -52.695200,2026-05-07 17:09:00,NOAA-21,CANARANA,MATO GROSSO,Brasil,5102702,51,33,7,0.0,0.22,Amazônia,33.6
024281e5-0858-3874-932e-a5d1b0d916aa, -11.794720, -47.097900,2026-05-07 17:09:00,NOAA-21,DIANÓPOLIS,TOCANTINS,Brasil,1707009,17,33,10,0.0,0.36,Cerrado,24.9
6fd1786e-bee0-38e2-920a-90d3f83e29f6,  -7.270870, -47.041980,2026-05-07 17:09:00,NOAA-21,CAROLINA,MARANHÃO,Brasil,2102804,21,33,6,0.0,0.49,Cerrado,10.3
5808f944-6b0d-329e-a0ca-ba6759df5cbd, -10.469700, -49.694640,2026-05-07 17:09:00,NOAA-21,PIUM,TOCANTINS,Brasil,1717503,17,33,8,0.0,0.67,Cerrado,5.0
26ef0321-ebdc-3133-97cd-dbf3e274b6b8, -11.607110, -55.329660,2026-05-07 17:09:00,NOAA-21,SINOP,MATO GROSSO,Brasil,5107909,51,33,7,0.0,0.11,Amazônia,11.9
54f23ced-4acd-3fac-aca9-1c39006814c2, -10.439900, -46.457390,2026-05-07 17:09:00,NOAA-21,MATEIROS,TOCANTINS,Brasil,1712702,17,33,15,0.0,0.68,Cerrado,33.2
ec544923-ca52-3998-a28d-91344d1e2693, -12.150640, -54.643830,2026-05-07 17:09:00,NOAA-21,FELIZ NATAL,MATO GROSSO,Brasil,5103700,51,33,7,0.0,0.08,Amazônia,10.7
a4334045-b418-37fb-b4d5-1990a02cf1fb, -10.574340, -47.040420,2026-05-07 17:09:00,NOAA-21,PONTE ALTA DO TOCANTINS,TOCANTINS,Brasil,1717909,17,33,9,0.0,0.49,Cerrado,7.1
79030deb-feb0-3d00-b363-e44581c02193,  -9.465640, -46.141120,2026-05-07 17:09:00,NOAA-21,ALTO PARNAÍBA,MARANHÃO,Brasil,2100501,21,33,16,0.0,0.79,Cerrado,6.8
8665de70-0707-34fd-a9b6-1e4512ed43c3,  -7.266880, -47.048110,2026-05-07 17:09:00,NOAA-21,CAROLINA,MARANHÃO,Brasil,2102804,21,33,6,0.0,0.49,Cerrado,10.3
bff2c29d-99ca-3fb6-877f-9e838ab750cd,  -5.579450, -42.728780,2026-05-07 17:09:00,NOAA-21,MONSENHOR GIL,PIAUÍ,Brasil,2206407,22,33,4,0.1,0.13,Caatinga,13.1
cac9c1a0-78c9-381e-9f16-5cc0b5192e1e, -10.990340, -43.721590,2026-05-07 17:09:00,NOAA-21,BARRA,BAHIA,Brasil,2902708,29,33,17,0.0,0.83,Cerrado,10.6
ef372ef1-372b-3044-892f-4a0ef4986099, -12.501130, -58.483730,2026-05-07 17:09:00,NOAA-21,SAPEZAL,MATO GROSSO,Brasil,5107875,51,33,9,0.0,0.13,Cerrado,13.3
e97917dc-a8ef-37a5-acea-6cdaba9bc50d,  -5.778620, -45.125830,2026-05-07 17:09:00,NOAA-21,BARRA DO CORDA,MARANHÃO,Brasil,2101608,21,33,3,0.0,0.35,Cerrado,39.8
9a0a18f5-1673-387a-8e6c-243107f1315c, -11.816890, -49.675130,2026-05-07 17:09:00,NOAA-21,FORMOSO DO ARAGUAIA,TOCANTINS,Brasil,1708205,17,33,8,0.0,0.83,Cerrado,3.9
7687d1cd-fc1f-30c7-ba29-e6b9b76697e9, -10.681950, -49.836870,2026-05-07 17:09:00,NOAA-21,LAGOA DA CONFUSÃO,TOCANTINS,Brasil,1711902,17,33,6,0.0,0.75,Cerrado,10.3
a3eb1921-f7d2-3248-b270-bd6baab22ab7, -11.294690, -54.757820,2026-05-07 17:09:00,NOAA-21,CLÁUDIA,MATO GROSSO,Brasil,5103056,51,33,8,0.0,0.28,Amazônia,9.8
42b9c61b-a5b5-3585-a61d-f26e8ccc091b,  -6.886680, -42.854930,2026-05-07 17:09:00,NOAA-21,FLORIANO,PIAUÍ,Brasil,2203909,22,33,5,0.0,0.57,Caatinga,16.9
e3da5685-51ca-3805-9d45-c76da84f1d9a, -10.494740, -49.829110,2026-05-07 17:09:00,NOAA-21,PIUM,TOCANTINS,Brasil,1717503,17,33,8,0.0,0.33,Cerrado,7.0
e347bb66-1780-39c6-b37b-4adc3ea87ec2, -12.777190, -58.991920,2026-05-07 17:09:00,NOAA-21,CAMPOS DE JÚLIO,MATO GROSSO,Brasil,5102686,51,33,7,0.3,0.44,Cerrado,35.1
742c7eec-edd3-3995-b023-c0a0c92615ce,  -5.779290, -45.129750,2026-05-07 17:09:00,NOAA-21,BARRA DO CORDA,MARANHÃO,Brasil,2101608,21,33,3,0.0,0.36,Cerrado,39.8
47de02d7-9e60-3663-8e83-50237fba6b44,  -6.894040, -42.858760,2026-05-07 17:09:00,NOAA-21,FLORIANO,PIAUÍ,Brasil,2203909,22,33,5,0.0,0.57,Caatinga,44.9
bc3af935-55f6-3e25-9d10-099e0136a53e,  -5.827520, -46.095570,2026-05-07 17:09:00,NOAA-21,GRAJAÚ,MARANHÃO,Brasil,2104800,21,33,5,0.0,0.99,Cerrado,6.5
6e8d520a-7dc8-38b9-ab15-4334ca4d20fb,  -5.783680, -45.121120,2026-05-07 17:09:00,NOAA-21,BARRA DO CORDA,MARANHÃO,Brasil,2101608,21,33,3,0.0,0.34,Cerrado,36.4
530a7f27-3b7b-3c7e-b4e7-005c3170ffb9, -12.665950, -58.399010,2026-05-07 17:09:00,NOAA-21,BRASNORTE,MATO GROSSO,Brasil,5101902,51,33,9,0.0,0.32,Cerrado,10.0
451e2be2-16cc-303a-a8c0-009a5d59e1d8, -10.569720, -47.041240,2026-05-07 17:09:00,NOAA-21,PONTE ALTA DO TOCANTINS,TOCANTINS,Brasil,1717909,17,33,9,0.0,0.49,Cerrado,7.1
ed26ef99-d5b8-35a9-8ce8-f7d0d2aeb0aa,  -5.580460, -42.734590,2026-05-07 17:09:00,NOAA-21,MONSENHOR GIL,PIAUÍ,Brasil,2206407,22,33,4,0.1,0.13,Caatinga,13.1
fe872efc-2bc6-3544-adcd-9ae54c208cd8,  -5.860300, -47.752550,2026-05-07 17:09:00,NOAA-21,SÃO BENTO DO TOCANTINS,TOCANTINS,Brasil,1720101,17,33,4,0.0,0.21,Cerrado,18.6
3b28de3b-8fe2-355b-9411-ddaeccec0c9f, -11.790220, -47.098730,2026-05-07 17:09:00,NOAA-21,DIANÓPOLIS,TOCANTINS,Brasil,1707009,17,33,10,0.0,0.36,Cerrado,15.1
3c4788c8-b6f8-3aa2-857d-04b23e03ad9b, -12.267800, -49.993530,2026-05-07 17:09:00,NOAA-21,SANDOLÂNDIA,TOCANTINS,Brasil,1718840,17,33,4,0.0,0.89,Cerrado,6.5
5638b3d4-ee94-3c04-a2eb-f9b922458a06, -11.478950, -52.917590,2026-05-07 17:09:00,NOAA-21,SÃO FÉLIX DO ARAGUAIA,MATO GROSSO,Brasil,5107859,51,33,7,0.0,0.07,Amazônia,3.4
3acda818-745e-3239-a0be-b30d25ac4f0b,  -6.984560, -47.697890,2026-05-07 17:09:00,NOAA-21,BABAÇULÂNDIA,TOCANTINS,Brasil,1703008,17,33,4,0.0,0.22,Cerrado,10.7
49bdb3b0-35a3-310f-a830-ead07fd5b3ab, -11.442540, -49.487580,2026-05-07 17:09:00,NOAA-21,DUERÉ,TOCANTINS,Brasil,1707306,17,33,8,0.0,0.36,Cerrado,8.2
256b66fa-c4f3-37d6-8fae-458e108e8abb, -11.640380, -58.258170,2026-05-07 17:09:00,NOAA-21,BRASNORTE,MATO GROSSO,Brasil,5101902,51,33,2,0.0,0.85,Amazônia,5.2
3b6a1bdc-0750-3148-bc78-c7172c153014, -11.071710, -52.470290,2026-05-07 17:09:00,NOAA-21,SÃO JOSÉ DO XINGU,MATO GROSSO,Brasil,5107354,51,33,9,0.0,0.05,Amazônia,3.4
df82845e-1791-3c50-a9f6-a4c9d5696c1f, -13.368780, -54.272450,2026-05-07 17:09:00,NOAA-21,PARANATINGA,MATO GROSSO,Brasil,5106307,51,33,9,0.0,0.15,Amazônia,2.0
f65af4b2-253e-360e-b0f1-2e529ead606d, -12.781260, -58.991410,2026-05-07 17:09:00,NOAA-21,CAMPOS DE JÚLIO,MATO GROSSO,Brasil,5102686,51,33,7,0.3,0.73,Cerrado,35.1
064b1097-8799-3306-8c1f-7bc3b471ddaa, -11.736610, -46.983420,2026-05-07 17:09:00,NOAA-21,DIANÓPOLIS,TOCANTINS,Brasil,1707009,17,33,9,0.0,0.25,Cerrado,7.4
792bc13e-5c03-3c82-8d32-4a5ba98ac296, -11.291900, -54.761860,2026-05-07 17:09:00,NOAA-21,CLÁUDIA,MATO GROSSO,Brasil,5103056,51,33,8,0.0,0.27,Amazônia,6.3
9f1f1895-a97a-39c6-876b-bf85ace1961b, -12.916750, -49.483910,2026-05-07 17:09:00,NOAA-21,ARAGUAÇU,TOCANTINS,Brasil,1702000,17,33,12,0.0,0.55,Cerrado,10.1
93b35657-085f-3d61-ac64-d46c0cf7e3c2, -11.173870, -49.688890,2026-05-07 17:09:00,NOAA-21,DUERÉ,TOCANTINS,Brasil,1707306,17,33,5,0.0,0.42,Cerrado,5.9
b7287f98-460a-3aaf-bbab-f217c1351d10,  -9.849160, -60.789370,2026-05-07 17:09:00,NOAA-21,RONDOLÂNDIA,MATO GROSSO,Brasil,5107578,51,33,3,0.04,0.08,Amazônia,7.8
fde15bd8-a04d-3314-945a-f109759224ae, -10.971100, -49.442500,2026-05-07 17:09:00,NOAA-21,SANTA RITA DO TOCANTINS,TOCANTINS,Brasil,1718899,17,33,4,0.0,0.93,Cerrado,5.0
b2719901-3b0e-3b47-a755-9a1b77bf283c, -12.344510, -50.017570,2026-05-07 17:09:00,NOAA-21,SANDOLÂNDIA,TOCANTINS,Brasil,1718840,17,33,8,0.0,0.47,Cerrado,6.8
5df6c1d4-97c0-3a1a-8d2e-10a25a07d1a3, -12.988770, -54.683740,2026-05-07 17:09:00,NOAA-21,NOVA UBIRATÃ,MATO GROSSO,Brasil,5106240,51,33,7,0.0,0.09,Amazônia,5.6
4c3c1f6a-0320-35d0-b293-66a297a08d42,  -9.484030, -48.122700,2026-05-07 17:09:00,NOAA-21,TOCANTÍNIA,TOCANTINS,Brasil,1721109,17,33,9,0.0,0.33,Cerrado,3.5
99cb4d99-acb6-3184-9d24-8edeff825a86, -10.937240, -49.432850,2026-05-07 17:09:00,NOAA-21,SANTA RITA DO TOCANTINS,TOCANTINS,Brasil,1718899,17,33,3,0.0,0.3,Cerrado,10.1
5b3d5b52-8a81-39e1-b506-ab60a52bba10,  -8.629430, -49.538020,2026-05-07 17:09:00,NOAA-21,CONCEIÇÃO DO ARAGUAIA,PARÁ,Brasil,1502707,15,33,4,0.0,0.65,Amazônia,17.1
26b0c976-ee58-3783-9b6c-361ae6e87945,  -8.634670, -49.544520,2026-05-07 17:09:00,NOAA-21,CONCEIÇÃO DO ARAGUAIA,PARÁ,Brasil,1502707,15,33,4,0.0,0.7,Amazônia,5.6
eb1662f8-0d8a-304c-95a8-e35e63d4cef5, -11.793160, -49.743160,2026-05-07 17:09:00,NOAA-21,FORMOSO DO ARAGUAIA,TOCANTINS,Brasil,1708205,17,33,8,0.0,0.86,Cerrado,20.6
3ed48852-315b-3c59-9f3b-f422de06520a, -12.267030, -49.988990,2026-05-07 17:09:00,NOAA-21,SANDOLÂNDIA,TOCANTINS,Brasil,1718840,17,33,4,0.0,0.92,Cerrado,6.5
98d52343-65bc-383d-929f-c452b3231eb6, -11.981850, -47.148950,2026-05-07 17:09:00,NOAA-21,CONCEIÇÃO DO TOCANTINS,TOCANTINS,Brasil,1705607,17,33,10,0.0,0.46,Cerrado,5.7
c1aed063-b8ba-34a5-bf91-d23b60b2a5ca, -12.270750, -49.988330,2026-05-07 17:09:00,NOAA-21,SANDOLÂNDIA,TOCANTINS,Brasil,1718840,17,33,4,0.0,0.8,Cerrado,6.5
0eaec343-b59e-3b1f-b191-324c1a57ab46, -10.405480, -44.939600,2026-05-07 17:09:00,NOAA-21,CORRENTE,PIAUÍ,Brasil,2202901,22,33,16,0.0,0.64,Cerrado,13.9
bc756d12-25af-347f-b30a-55eaa775cc40,  -7.058000, -47.122110,2026-05-07 17:09:00,NOAA-21,CAROLINA,MARANHÃO,Brasil,2102804,21,33,5,0.0,0.35,Cerrado,16.4
988695ab-22c6-3d97-b4a0-2c25c61c28fd,  -6.707240, -44.319140,2026-05-07 17:09:00,NOAA-21,PASTOS BONS,MARANHÃO,Brasil,2108009,21,33,5,0.0,0.46,Cerrado,9.7
92a9e666-f9b2-36db-83b5-4b9fdacde252,  -9.475590, -46.139020,2026-05-07 17:09:00,NOAA-21,ALTO PARNAÍBA,MARANHÃO,Brasil,2100501,21,33,16,0.0,0.59,Cerrado,151.8
0fdadfc8-1445-34fe-a3b3-ffe828201554, -13.993250, -56.637850,2026-05-07 17:09:00,NOAA-21,DIAMANTINO,MATO GROSSO,Brasil,5103502,51,33,7,0.0,0.24,Cerrado,5.8
17790cdc-da54-3a53-9c19-a003c440d712,  -6.979160, -47.706620,2026-05-07 17:09:00,NOAA-21,BABAÇULÂNDIA,TOCANTINS,Brasil,1703008,17,33,4,0.0,0.25,Cerrado,24.6
a444a06e-0f84-3e82-98fe-5d6c0241cc85, -11.017050, -45.138310,2026-05-07 17:09:00,NOAA-21,FORMOSA DO RIO PRETO,BAHIA,Brasil,2911105,29,33,12,0.0,0.71,Cerrado,4.3
d04b83c3-9fa9-374d-91d9-b8815cf42b6c, -12.773590, -58.996060,2026-05-07 17:09:00,NOAA-21,CAMPOS DE JÚLIO,MATO GROSSO,Brasil,5102686,51,33,7,0.3,0.28,Cerrado,38.2
445a945d-cb92-32c0-a982-41c26d375279, -10.814090, -49.786290,2026-05-07 17:09:00,NOAA-21,LAGOA DA CONFUSÃO,TOCANTINS,Brasil,1711902,17,33,4,0.0,0.82,Cerrado,8.9
1d4e5841-407b-3f11-8985-fbf30a921817, -12.544170, -54.618220,2026-05-07 17:09:00,NOAA-21,NOVA UBIRATÃ,MATO GROSSO,Brasil,5106240,51,33,7,0.0,0.14,Amazônia,9.4
2209d7dc-725b-35ef-ac3b-e54db98a15d2, -13.192380, -52.693550,2026-05-07 17:09:00,NOAA-21,CANARANA,MATO GROSSO,Brasil,5102702,51,33,8,0.0,0.21,Amazônia,145.0
f331fdf6-816b-3cad-874e-3523b84a857f,  -8.392940, -46.229590,2026-05-07 17:09:00,NOAA-21,BALSAS,MARANHÃO,Brasil,2101400,21,33,12,0.0,0.59,Cerrado,7.6
0adb0491-ac1a-3ca0-986f-c93a3d196a58, -11.980210, -46.789520,2026-05-07 17:09:00,NOAA-21,DIANÓPOLIS,TOCANTINS,Brasil,1707009,17,33,10,0.0,0.69,Cerrado,6.1
40a62b5f-50e9-3fb3-a1ff-a00c6717373b, -11.793970, -49.747910,2026-05-07 17:09:00,NOAA-21,FORMOSO DO ARAGUAIA,TOCANTINS,Brasil,1708205,17,33,7,0.0,0.87,Cerrado,4.8
3bbba819-5bbe-37dc-8c5b-ae237bc5dcd5, -10.341690, -52.077020,2026-05-07 17:09:00,NOAA-21,CONFRESA,MATO GROSSO,Brasil,5103353,51,33,7,0.0,0.92,Amazônia,3.7
e36b7358-ada6-3ec4-9f24-1c5cf6d090c8,  -6.983040, -47.700900,2026-05-07 17:09:00,NOAA-21,BABAÇULÂNDIA,TOCANTINS,Brasil,1703008,17,33,4,0.0,0.23,Cerrado,13.0
36bf2f7a-75b8-32de-9691-372eb7cc57c7, -10.566610, -47.076730,2026-05-07 17:09:00,NOAA-21,PONTE ALTA DO TOCANTINS,TOCANTINS,Brasil,1717909,17,33,9,0.0,0.45,Cerrado,18.4
ce7dc9b6-e521-3b5d-9c50-41272bead2a9, -11.423270, -49.689810,2026-05-07 17:09:00,NOAA-21,FORMOSO DO ARAGUAIA,TOCANTINS,Brasil,1708205,17,33,8,0.0,0.35,Cerrado,15.8
b558b129-fc48-3887-889c-f6d3088e4403,  -6.118670, -44.703720,2026-05-07 17:09:00,NOAA-21,MIRADOR,MARANHÃO,Brasil,2106706,21,33,3,0.0,0.29,Cerrado,6.9
a2fee2c9-462f-3d30-a21c-5edb33367fe4, -11.294160, -54.754280,2026-05-07 17:09:00,NOAA-21,CLÁUDIA,MATO GROSSO,Brasil,5103056,51,33,8,0.0,0.19,Amazônia,9.8
6fd223dc-0565-33b4-a2ba-6c1ee816ce8a,  -8.373790, -49.637600,2026-05-07 17:09:00,NOAA-21,CONCEIÇÃO DO ARAGUAIA,PARÁ,Brasil,1502707,15,33,4,0.0,0.14,Amazônia,2.0
27ea528b-873f-3088-ad76-dfe705a63a63,  -7.583860, -50.174960,2026-05-07 17:09:00,NOAA-21,RIO MARIA,PARÁ,Brasil,1506161,15,33,4,0.0,0.56,Amazônia,7.0
7e7e59c6-f326-3773-b0ec-79780be405cf,  -8.785290, -44.835520,2026-05-07 17:09:00,NOAA-21,CURRAIS,PIAUÍ,Brasil,2203230,22,33,13,0.0,0.76,Cerrado,7.6
7d46bcaf-9b14-337d-b924-89e3a1faf4be, -12.500450, -58.478710,2026-05-07 17:09:00,NOAA-21,SAPEZAL,MATO GROSSO,Brasil,5107875,51,33,9,0.0,0.13,Cerrado,14.3
a644ccbe-2878-3ce6-937e-d95473bf8724, -12.496520, -58.479220,2026-05-07 17:09:00,NOAA-21,SAPEZAL,MATO GROSSO,Brasil,5107875,51,33,8,0.0,0.13,Cerrado,9.9
2dfb1def-7e78-37c8-80f6-607e5681de9c, -13.188500, -52.690510,2026-05-07 17:09:00,NOAA-21,CANARANA,MATO GROSSO,Brasil,5102702,51,33,8,0.0,0.21,Amazônia,0.0
dce6555f-d462-3206-a9d8-deaf276cd8d6,  -6.216570, -45.236980,2026-05-07 17:09:00,NOAA-21,FERNANDO FALCÃO,MARANHÃO,Brasil,2104081,21,33,7,0.0,0.57,Cerrado,9.6
2f740f20-2b52-3c2f-b3c6-5782ae36f368, -10.634420, -59.421150,2026-05-07 17:09:00,NOAA-21,ARIPUANÃ,MATO GROSSO,Brasil,5101407,51,33,0,0.0,0.38,Amazônia,6.0
8130edc4-ecfe-3fd6-a97f-c915499ee9f7,  -7.103480, -43.720990,2026-05-07 17:09:00,NOAA-21,JERUMENHA,PIAUÍ,Brasil,2205300,22,33,5,0.0,0.64,Cerrado,10.7
4a1a686c-ad22-336f-9411-dec59c015448, -11.198020, -46.150310,2026-05-07 17:09:00,NOAA-21,FORMOSA DO RIO PRETO,BAHIA,Brasil,2911105,29,33,16,0.0,0.6,Cerrado,14.9
0f131e47-b308-36a9-9c44-bbc793d3f900, -10.268920, -46.414460,2026-05-07 17:09:00,NOAA-21,MATEIROS,TOCANTINS,Brasil,1712702,17,33,16,0.0,0.63,Cerrado,5.8
7b227a73-7284-35ce-80c4-c306c50505d4, -12.775030, -59.006900,2026-05-07 17:09:00,NOAA-21,CAMPOS DE JÚLIO,MATO GROSSO,Brasil,5102686,51,33,7,0.3,0.17,Cerrado,22.2
477da5eb-03bd-363a-94eb-58ec8d5a8e0f, -10.823070, -49.757700,2026-05-07 17:09:00,NOAA-21,LAGOA DA CONFUSÃO,TOCANTINS,Brasil,1711902,17,33,4,0.0,0.81,Cerrado,13.4
7a1bbbef-f045-38f2-8aa5-78d14576c898, -12.783670, -59.009540,2026-05-07 17:09:00,NOAA-21,CAMPOS DE JÚLIO,MATO GROSSO,Brasil,5102686,51,33,7,0.3,0.88,Cerrado,103.3
889dbad0-6384-3638-b60f-a9b73629a694, -12.414880, -49.668910,2026-05-07 17:09:00,NOAA-21,SANDOLÂNDIA,TOCANTINS,Brasil,1718840,17,33,10,0.0,0.42,Cerrado,16.8
9b83a1bd-244c-3a72-864a-2eeb50fc8b93,  -9.408150, -50.695770,2026-05-07 17:09:00,NOAA-21,SANTANA DO ARAGUAIA,PARÁ,Brasil,1506708,15,33,6,0.0,0.37,Amazônia,27.9
1d6303dc-b93e-34ef-baed-510049621e69, -10.824180, -49.926260,2026-05-07 17:09:00,NOAA-21,LAGOA DA CONFUSÃO,TOCANTINS,Brasil,1711902,17,33,3,0.0,0.8,Cerrado,13.5
910b2b54-68f3-38ae-aa0f-5d61db602c5f, -12.771180, -58.977820,2026-05-07 17:09:00,NOAA-21,CAMPOS DE JÚLIO,MATO GROSSO,Brasil,5102686,51,33,7,0.3,0.28,Cerrado,9.5
5416ccd7-48da-3231-9bd3-855185d146ff, -12.782210, -58.998590,2026-05-07 17:09:00,NOAA-21,CAMPOS DE JÚLIO,MATO GROSSO,Brasil,5102686,51,33,7,0.3,0.8,Cerrado,27.3
99ae3c1d-3c2c-3266-9e79-e5ca47539cdf, -11.822840, -50.978180,2026-05-07 17:09:00,NOAA-21,SÃO FÉLIX DO ARAGUAIA,MATO GROSSO,Brasil,5107859,51,33,8,0.0,0.54,Cerrado,6.1
006318e1-5c89-30cc-9059-865f740e5f66, -13.199030, -52.692460,2026-05-07 17:09:00,NOAA-21,CANARANA,MATO GROSSO,Brasil,5102702,51,33,8,0.0,0.53,Amazônia,2.2
0c8fcc61-9b12-3937-aba4-4dbb4c4e6af5, -10.579840, -47.044540,2026-05-07 17:09:00,NOAA-21,PONTE ALTA DO TOCANTINS,TOCANTINS,Brasil,1717909,17,33,9,0.0,0.49,Cerrado,16.6
b60fbaf2-1ac1-31b0-8a7e-be1878a30316, -11.555020, -54.546900,2026-05-07 17:09:00,NOAA-21,UNIÃO DO SUL,MATO GROSSO,Brasil,5108303,51,33,7,0.0,0.5,Amazônia,2.4
02b4b66e-d043-318f-8d64-81f04e744f29,  -5.784340, -45.125040,2026-05-07 17:09:00,NOAA-21,BARRA DO CORDA,MARANHÃO,Brasil,2101608,21,33,3,0.0,0.35,Cerrado,23.2
ec33ec0d-22b9-34ac-b50b-ae1550772929, -10.483050, -49.702560,2026-05-07 17:09:00,NOAA-21,PIUM,TOCANTINS,Brasil,1717503,17,33,8,0.0,0.48,Cerrado,6.9
cdc5f6cc-61aa-3c71-ab67-7e7f333c23c8, -10.578950, -47.039600,2026-05-07 17:09:00,NOAA-21,PONTE ALTA DO TOCANTINS,TOCANTINS,Brasil,1717909,17,33,9,0.0,0.49,Cerrado,11.1
a26953f2-2834-370a-b918-90d4baef6f3a, -13.196270, -52.696600,2026-05-07 17:09:00,NOAA-21,CANARANA,MATO GROSSO,Brasil,5102702,51,33,8,0.0,0.32,Amazônia,429.2
4912f15e-ec84-3e94-a4b3-efe1bf45a7da, -11.789360, -49.743830,2026-05-07 17:09:00,NOAA-21,FORMOSO DO ARAGUAIA,TOCANTINS,Brasil,1708205,17,33,8,0.0,0.86,Cerrado,20.6
b27331b9-14bf-3744-b0b9-5bcb9ead68a6, -10.628670, -49.895800,2026-05-07 17:09:00,NOAA-21,LAGOA DA CONFUSÃO,TOCANTINS,Brasil,1711902,17,33,8,0.0,0.66,Cerrado,20.8
ec62c272-87a6-36ec-8124-5b5e111e03cd, -10.435820, -46.439450,2026-05-07 17:09:00,NOAA-21,MATEIROS,TOCANTINS,Brasil,1712702,17,33,16,0.0,0.69,Cerrado,17.0
b63311fa-6b16-3ea5-952f-15524e634553,  -9.465120, -46.138230,2026-05-07 17:09:00,NOAA-21,ALTO PARNAÍBA,MARANHÃO,Brasil,2100501,21,33,16,0.0,0.81,Cerrado,4.6
077f7998-e1fd-38f3-8af2-9aec3c5e5b13, -12.553560, -54.612920,2026-05-07 17:09:00,NOAA-21,NOVA UBIRATÃ,MATO GROSSO,Brasil,5106240,51,33,7,0.0,0.11,Amazônia,13.1
e2f6220f-1159-35d1-9866-bcd4666dba34, -10.812650, -49.789540,2026-05-07 17:09:00,NOAA-21,LAGOA DA CONFUSÃO,TOCANTINS,Brasil,1711902,17,33,4,0.0,0.75,Cerrado,9.8
bcae1926-30db-32a1-ac88-6e7d0c3afd4a, -12.156400, -46.665950,2026-05-07 17:09:00,NOAA-21,PONTE ALTA DO BOM JESUS,TOCANTINS,Brasil,1717800,17,33,10,0.0,0.53,Cerrado,8.9
e7a91488-286f-3ef7-87ba-0699cc128179,  -7.289690, -47.019710,2026-05-07 17:09:00,NOAA-21,CAROLINA,MARANHÃO,Brasil,2102804,21,33,8,0.0,0.5,Cerrado,12.2
aef09748-31a2-329d-b0f6-2f3a5428d020,  -6.321470, -44.634130,2026-05-07 17:09:00,NOAA-21,MIRADOR,MARANHÃO,Brasil,2106706,21,33,4,0.0,0.32,Cerrado,13.2
a4033b79-4390-3a95-a8ce-b387940d8c23, -10.294140, -55.200440,2026-05-07 17:09:00,NOAA-21,NOVA GUARITA,MATO GROSSO,Brasil,5108808,51,33,2,0.0,0.68,Amazônia,3.9
3f5e40c4-8f9f-30eb-8586-4fce26021fb3,  -8.693830, -49.097370,2026-05-07 17:09:00,NOAA-21,GOIANORTE,TOCANTINS,Brasil,1708304,17,33,7,0.0,0.64,Cerrado,14.0
9d791a10-a53e-38bd-97e7-6666fb5bfc87, -10.815370, -49.759020,2026-05-07 17:09:00,NOAA-21,LAGOA DA CONFUSÃO,TOCANTINS,Brasil,1711902,17,33,4,0.0,0.89,Cerrado,108.1
c1bd2461-b7ef-33e2-8e83-027a0b7a95f3, -10.568550, -47.083930,2026-05-07 17:09:00,NOAA-21,PONTE ALTA DO TOCANTINS,TOCANTINS,Brasil,1717909,17,33,9,0.0,0.45,Cerrado,6.1
9c5a3a5c-e214-365f-8d3d-fb688bf7fe63, -10.875490, -47.430480,2026-05-07 17:09:00,NOAA-21,PONTE ALTA DO TOCANTINS,TOCANTINS,Brasil,1717909,17,33,9,0.0,0.34,Cerrado,15.6
2c404316-7118-3576-a8e1-72f58d21c6f5,  -6.911450, -42.845000,2026-05-07 17:09:00,NOAA-21,FLORIANO,PIAUÍ,Brasil,2203909,22,33,5,0.0,0.57,Caatinga,11.9
cd98fbf0-0441-325d-b683-c806e2a15c4e, -10.694300, -42.671540,2026-05-07 17:09:00,NOAA-21,XIQUE-XIQUE,BAHIA,Brasil,2933604,29,33,17,0.0,0.97,Caatinga,49.2
ffda0690-4fda-34d2-85ad-aac4be81ad75, -10.502990, -49.678670,2026-05-07 17:09:00,NOAA-21,PIUM,TOCANTINS,Brasil,1717503,17,33,8,0.0,0.57,Cerrado,13.3
6091a694-6468-3ed4-9072-c8eff5b08f2e, -10.496230, -49.826850,2026-05-07 17:09:00,NOAA-21,PIUM,TOCANTINS,Brasil,1717503,17,33,8,0.0,0.45,Cerrado,7.4
f59b40e1-cb07-3e9b-b118-ee95b7832fcc, -10.409480, -46.284890,2026-05-07 17:09:00,NOAA-21,MATEIROS,TOCANTINS,Brasil,1712702,17,33,16,0.0,0.81,Cerrado,27.7
ab3c693d-6454-3f89-914a-1538953acadb, -12.591270, -49.034100,2026-05-07 17:09:00,NOAA-21,TALISMÃ,TOCANTINS,Brasil,1720978,17,33,10,0.0,0.98,Cerrado,4.0
b037420b-601e-3029-8080-9fcca02cd8f2, -12.781900, -59.009600,2026-05-07 17:10:00,GOES-19,CAMPOS DE JÚLIO,MATO GROSSO,Brasil,5102686,51,33,7,0.3,0.73,Cerrado,267.8
8a8d9619-e3da-38f4-9f1d-981cd386186e, -10.427100, -46.455900,2026-05-07 17:10:00,GOES-19,MATEIROS,TOCANTINS,Brasil,1712702,17,33,16,0.0,0.68,Cerrado,86.8
b5e884b3-9c08-3765-9157-1fddf62dd7d7, -12.782100, -58.989900,2026-05-07 17:10:00,GOES-19,CAMPOS DE JÚLIO,MATO GROSSO,Brasil,5102686,51,33,7,0.3,0.79,Cerrado,240.9
4ae72e83-9963-3892-8fab-a846adb9ec22, -11.192700, -46.154600,2026-05-07 17:10:00,GOES-19,FORMOSA DO RIO PRETO,BAHIA,Brasil,2911105,29,33,16,0.0,0.62,Cerrado,74.0
d55fd445-0182-3091-8d9a-a6dcf669fa48,  -1.773220, -45.883780,2026-05-07 17:11:00,NOAA-21,AMAPÁ DO MARANHÃO,MARANHÃO,Brasil,2100550,21,33,0,25.19,0.0,Amazônia,1.1
875aaefe-5c6f-3cc6-9e60-fda52903bbd9,  -1.978400, -54.039170,2026-05-07 17:11:00,NOAA-21,MONTE ALEGRE,PARÁ,Brasil,1504802,15,33,0,2.1,0.0,Amazônia,15.2
68a3617b-e870-356a-8b85-b2ba50b48a60,  -1.974960, -54.039690,2026-05-07 17:11:00,NOAA-21,MONTE ALEGRE,PARÁ,Brasil,1504802,15,33,0,2.1,0.0,Amazônia,15.2
c1ffa094-0109-365d-9311-6f4052b62900,   2.898890, -60.366570,2026-05-07 17:13:00,NOAA-21,BONFIM,RORAIMA,Brasil,1400159,14,33,0,0.0,0.25,Amazônia,16.6
7e1e352a-fd22-3278-8f3e-6d70e6910ede,   3.791110, -60.816410,2026-05-07 17:13:00,NOAA-21,PACARAIMA,RORAIMA,Brasil,1400456,14,33,4,0.0,0.96,Amazônia,2.7
3706bf15-9dfa-3336-a62b-0f652d141106,   3.212630, -61.036790,2026-05-07 17:13:00,NOAA-21,ALTO ALEGRE,RORAIMA,Brasil,1400050,14,33,6,0.1,0.74,Amazônia,4.0
d971ac51-4047-3cbf-95a5-94af6e05eb36,   3.107700, -61.447970,2026-05-07 17:13:00,NOAA-21,ALTO ALEGRE,RORAIMA,Brasil,1400050,14,33,0,0.1,0.74,Amazônia,10.5
532af39f-9449-3811-a888-f21ba42b993f,   3.367860, -60.431640,2026-05-07 17:13:00,NOAA-21,BOA VISTA,RORAIMA,Brasil,1400100,14,33,0,0.0,0.84,Amazônia,5.0
3004c8e2-7138-3510-89c9-08064822eab2,   3.882850, -61.846620,2026-05-07 17:13:00,NOAA-21,AMAJARI,RORAIMA,Brasil,1400027,14,33,1,0.0,0.05,Amazônia,3.8
236c0170-7f06-3ea2-9bd6-4f9b36dd00d1,   3.373350, -60.419940,2026-05-07 17:13:00,NOAA-21,BOA VISTA,RORAIMA,Brasil,1400100,14,33,0,0.0,0.85,Amazônia,6.2
9173d3e6-898d-3acb-8f1e-fe7586a53cc7,   3.209190, -61.041670,2026-05-07 17:13:00,NOAA-21,ALTO ALEGRE,RORAIMA,Brasil,1400050,14,33,6,0.1,0.73,Amazônia,8.0
0a77d9cd-fccc-3928-b2d9-a709c2986390,   3.358150, -60.446930,2026-05-07 17:13:00,NOAA-21,BOA VISTA,RORAIMA,Brasil,1400100,14,33,0,0.0,0.83,Amazônia,6.2
1f3addff-35f0-3026-8e02-9b4214e51e7f,   3.363010, -60.439290,2026-05-07 17:13:00,NOAA-21,BOA VISTA,RORAIMA,Brasil,1400100,14,33,0,0.0,0.84,Amazônia,7.5
5d06b2e6-162f-3511-967c-6f40bea33af0,   3.792070, -60.816060,2026-05-07 17:13:00,NOAA-21,PACARAIMA,RORAIMA,Brasil,1400456,14,33,4,0.0,0.96,Amazônia,5.0
5c47df9e-a7f2-37ca-8f0b-3002b0a19df6,   3.372710, -60.424020,2026-05-07 17:13:00,NOAA-21,BOA VISTA,RORAIMA,Brasil,1400100,14,33,0,0.0,0.85,Amazônia,7.4
fe1eb876-115e-30ba-917f-997b01a7dd48,   2.902470, -60.367100,2026-05-07 17:13:00,NOAA-21,BONFIM,RORAIMA,Brasil,1400159,14,33,0,0.0,0.24,Amazônia,16.6
f75dfd44-fd36-3c3b-a7f4-eafd64178fc1, -12.781900, -59.009600,2026-05-07 17:20:00,GOES-19,CAMPOS DE JÚLIO,MATO GROSSO,Brasil,5102686,51,33,7,0.3,0.73,Cerrado,307.9
543e9c68-a97a-3de8-be37-4ca8cc3c9edc, -13.188200, -52.692200,2026-05-07 17:20:00,GOES-19,CANARANA,MATO GROSSO,Brasil,5102702,51,33,8,0.0,0.21,Amazônia,914.6
748f739b-173d-3342-80cf-5cdd95e292ef,  -9.465500, -46.141500,2026-05-07 17:20:00,GOES-19,ALTO PARNAÍBA,MARANHÃO,Brasil,2100501,21,33,16,0.0,0.8,Cerrado,109.1
75b17b72-b50f-3ae9-bfaa-16284f19b3ff, -12.782100, -58.989900,2026-05-07 17:20:00,GOES-19,CAMPOS DE JÚLIO,MATO GROSSO,Brasil,5102686,51,33,7,0.3,0.79,Cerrado,271.7
02f0d201-5b4d-3b52-86be-1c091daef4d7, -14.576200, -58.938100,2026-05-07 17:20:00,GOES-19,TANGARÁ DA SERRA,MATO GROSSO,Brasil,5107958,51,33,7,0.0,0.23,Cerrado,139.7
49541cce-e712-383c-afe6-76778f158138, -11.821800, -50.989600,2026-05-07 17:20:00,GOES-19,SÃO FÉLIX DO ARAGUAIA,MATO GROSSO,Brasil,5107859,51,33,8,0.0,0.53,Cerrado,70.1
b782eb8d-396e-3780-b737-32ddc787f8ac, -13.188200, -52.692200,2026-05-07 17:30:00,GOES-19,CANARANA,MATO GROSSO,Brasil,5102702,51,33,8,0.0,0.21,Amazônia,553.4
be0cba14-bd0a-31e4-980e-044968239a5e,  -9.465500, -46.141500,2026-05-07 17:30:00,GOES-19,ALTO PARNAÍBA,MARANHÃO,Brasil,2100501,21,33,16,0.0,0.8,Cerrado,98.7
45e70938-a37c-3a0f-891d-bd73c22de14a, -12.781900, -59.009600,2026-05-07 17:30:00,GOES-19,CAMPOS DE JÚLIO,MATO GROSSO,Brasil,5102686,51,33,7,0.3,0.73,Cerrado,334.0
3e2c64e5-2d06-34db-8db3-f41f87fc7298, -10.570100, -47.043300,2026-05-07 17:30:00,GOES-19,PONTE ALTA DO TOCANTINS,TOCANTINS,Brasil,1717909,17,33,9,0.0,0.49,Cerrado,63.5
09bafde9-8e1c-37c6-9cff-115487800f14,  -9.702440, -37.211720,2026-05-07 17:34:00,AQUA_M-T,BATALHA,ALAGOAS,Brasil,2700706,27,33,3,0.0,1.0,Caatinga,9.2
f231453a-4a3f-3564-8af7-e8a69a4c54ad,  -9.793010, -38.009870,2026-05-07 17:34:00,AQUA_M-T,CANINDÉ DE SÃO FRANCISCO,SERGIPE,Brasil,2801207,28,33,4,0.0,1.0,Caatinga,15.6
9ebf296d-b66b-3c47-8187-cbf5d3fe2858,  -9.793270, -37.028950,2026-05-07 17:34:00,AQUA_M-T,TRAIPU,ALAGOAS,Brasil,2709202,27,33,3,0.0,0.59,Caatinga,20.6
c2807d57-ba01-365e-b18e-32cc94e601b8,  -9.734680, -37.274870,2026-05-07 17:34:00,AQUA_M-T,PÃO DE AÇÚCAR,ALAGOAS,Brasil,2706406,27,33,3,0.0,0.79,Caatinga,16.5
f5752812-8ffb-34c8-8ac5-deda6c697011,  -4.957120, -38.104210,2026-05-07 17:37:00,AQUA_M-T,RUSSAS,CEARÁ,Brasil,2311801,23,33,0,2.48,0.01,Caatinga,11.9
0633dfdd-d761-3187-8769-3d2b1ee445e1,  -7.836590, -37.409010,2026-05-07 17:37:00,AQUA_M-T,IGUARACY,PERNAMBUCO,Brasil,2606903,26,33,5,0.0,0.42,Caatinga,31.8
0a2fae07-ada5-3a39-a359-182c457200c1,  -3.990380, -38.989120,2026-05-07 17:37:00,AQUA_M-T,MARANGUAPE,CEARÁ,Brasil,2307700,23,33,3,0.0,0.01,Caatinga,57.2
58b506d6-3b8a-388d-a20d-6516b7acb307, -28.116150, -49.044560,2026-05-07 17:39:00,NPP-375,SÃO MARTINHO,SANTA CATARINA,Brasil,4217105,42,33,0,2.56,0.09,Mata Atlântica,7.9
05ae5649-054b-3fa2-8674-c7d3476a2e31, -25.518290, -50.885120,2026-05-07 17:39:00,NPP-375,IRATI,PARANÁ,Brasil,4110706,41,33,3,0.28,0.02,Mata Atlântica,16.0
ffe08d7b-b9bb-3ed0-84ff-bdddfdf6f39a, -23.845720, -47.016100,2026-05-07 17:39:00,NPP-375,SÃO LOURENÇO DA SERRA,SÃO PAULO,Brasil,3549953,35,33,4,0.0,0.14,Mata Atlântica,4.6
2bd71e58-200a-3630-afe8-3257078eaf90, -27.213580, -49.410810,2026-05-07 17:39:00,NPP-375,APIÚNA,SANTA CATARINA,Brasil,4201257,42,33,0,1.12,0.06,Mata Atlântica,22.5
a229dc0c-a9ed-3b8c-a75e-fef80e5cae7e, -27.363200, -51.512620,2026-05-07 17:39:00,NPP-375,CAMPOS NOVOS,SANTA CATARINA,Brasil,4203600,42,33,2,3.42,0.06,Mata Atlântica,7.9
bdf9c1af-27b8-3622-84c1-44eae7f53407, -23.217010, -49.022360,2026-05-07 17:39:00,NPP-375,ARANDU,SÃO PAULO,Brasil,3503109,35,33,4,0.0,0.65,Cerrado,3.4
4522a97a-7299-3923-93e6-8469023d24e0, -23.851210, -47.014790,2026-05-07 17:39:00,NPP-375,SÃO LOURENÇO DA SERRA,SÃO PAULO,Brasil,3549953,35,33,4,0.0,0.14,Mata Atlântica,2.2
cbd83e9f-cf0b-3446-8e5c-df86ecd61208, -26.626820, -51.025460,2026-05-07 17:39:00,NPP-375,CALMON,SANTA CATARINA,Brasil,4203154,42,33,3,0.0,0.02,Mata Atlântica,11.6
5fa08f7e-1828-3f68-8af8-4fe29f637b5a, -22.991950, -47.575260,2026-05-07 17:39:00,NPP-375,CAPIVARI,SÃO PAULO,Brasil,3510401,35,33,4,0.0,1.0,Mata Atlântica,16.9
58dbc1dc-38fa-319a-8127-1868d1acc9e6, -26.752080, -50.867370,2026-05-07 17:39:00,NPP-375,CAÇADOR,SANTA CATARINA,Brasil,4203006,42,33,3,0.05,0.08,Mata Atlântica,5.8
ce80deb7-e9cc-316c-86af-41e3c36998fb, -26.961370, -49.472110,2026-05-07 17:39:00,NPP-375,IBIRAMA,SANTA CATARINA,Brasil,4206900,42,33,0,1.89,0.05,Mata Atlântica,4.2
b4a8375c-b199-390f-9ddc-94ccbaeef162, -25.514100, -50.886150,2026-05-07 17:39:00,NPP-375,IRATI,PARANÁ,Brasil,4110706,41,33,3,0.3,0.01,Mata Atlântica,16.0
674127a0-50dc-3b6b-9e85-b0ab95ea910a, -26.136060, -53.156840,2026-05-07 17:39:00,NPP-375,FRANCISCO BELTRÃO,PARANÁ,Brasil,4108403,41,33,2,0.0,0.13,Mata Atlântica,5.9
5f4d54b0-9449-3944-82f5-ae6b5b85bcbb, -27.678980, -50.725170,2026-05-07 17:39:00,NPP-375,CAMPO BELO DO SUL,SANTA CATARINA,Brasil,4203402,42,33,2,3.35,0.08,Mata Atlântica,12.8
89d24a20-9a5f-3eda-9b99-46ca8847b176, -25.514960, -50.890460,2026-05-07 17:39:00,NPP-375,IRATI,PARANÁ,Brasil,4110706,41,33,3,0.3,0.01,Mata Atlântica,16.0
1cdab7fd-5d2f-3d13-b754-3457e9c18724, -28.115820, -49.048300,2026-05-07 17:39:00,NPP-375,SÃO MARTINHO,SANTA CATARINA,Brasil,4217105,42,33,0,2.59,0.13,Mata Atlântica,6.5
a93fc2b3-dbb8-3f0c-b770-a90fa9b4072e, -25.954290, -49.158520,2026-05-07 17:39:00,NPP-375,TIJUCAS DO SUL,PARANÁ,Brasil,4127601,41,33,2,0.61,0.02,Mata Atlântica,11.6
3f41afcd-e432-3458-b18b-5df7d1a8c949, -27.241380, -51.039790,2026-05-07 17:39:00,NPP-375,CAMPOS NOVOS,SANTA CATARINA,Brasil,4203600,42,33,1,1.54,0.08,Mata Atlântica,30.6
3c6f3fd1-d8c6-3be2-8be5-200ba46487b6, -26.753360, -50.867820,2026-05-07 17:39:00,NPP-375,CAÇADOR,SANTA CATARINA,Brasil,4203006,42,33,3,0.07,0.1,Mata Atlântica,5.0
bfedada8-e9ee-3897-a04a-585102926d59, -25.429860, -52.949200,2026-05-07 17:39:00,NPP-375,QUEDAS DO IGUAÇU,PARANÁ,Brasil,4120903,41,33,2,1.15,0.32,Mata Atlântica,7.3
b8c00e15-c43f-3e6d-87ea-783d62777b46, -26.937390, -51.219830,2026-05-07 17:39:00,NPP-375,VIDEIRA,SANTA CATARINA,Brasil,4219309,42,33,2,1.22,0.03,Mata Atlântica,3.1
9a3ad55f-ff82-3ef4-b23e-26e59e258fc3, -25.958880, -49.157260,2026-05-07 17:39:00,NPP-375,TIJUCAS DO SUL,PARANÁ,Brasil,4127601,41,33,3,0.56,0.02,Mata Atlântica,11.6
c0e8cfa4-2e0e-37ae-8a12-a8144ba1c5e6, -23.850410, -47.014690,2026-05-07 17:39:00,NPP-375,SÃO LOURENÇO DA SERRA,SÃO PAULO,Brasil,3549953,35,33,4,0.0,0.14,Mata Atlântica,6.6
9d972081-9c09-312f-aad6-f6a49b209179, -28.323010, -49.369790,2026-05-07 17:39:00,NPP-375,ORLEANS,SANTA CATARINA,Brasil,4211702,42,33,1,0.52,0.04,Mata Atlântica,4.0
746566e9-4ac1-3aa9-a1ae-23b3dd0b9a9f, -28.080000, -49.100480,2026-05-07 17:39:00,NPP-375,RIO FORTUNA,SANTA CATARINA,Brasil,4214904,42,33,0,2.15,0.02,Mata Atlântica,3.6
ec0e824f-b78c-37d1-a18f-01d19c2735e2, -27.081580, -50.742760,2026-05-07 17:39:00,NPP-375,FRAIBURGO,SANTA CATARINA,Brasil,4205506,42,33,2,1.15,0.11,Mata Atlântica,3.0
452bd459-20b6-3132-b456-fe73791d190b, -27.059480, -50.769670,2026-05-07 17:39:00,NPP-375,FRAIBURGO,SANTA CATARINA,Brasil,4205506,42,33,2,1.5,0.2,Mata Atlântica,4.3
f01d6a3a-3684-311b-9f82-56b31d1d1e84, -27.205030, -50.533880,2026-05-07 17:39:00,NPP-375,PONTE ALTA DO NORTE,SANTA CATARINA,Brasil,4213351,42,33,2,0.86,0.06,Mata Atlântica,3.2
68203054-be62-3cfe-b0a3-d1b70101d03f, -25.957510, -49.161030,2026-05-07 17:39:00,NPP-375,TIJUCAS DO SUL,PARANÁ,Brasil,4127601,41,33,3,0.57,0.02,Mata Atlântica,11.9
c6152e75-5c23-3783-9172-67c61f880712, -26.699500, -50.905980,2026-05-07 17:39:00,NPP-375,CALMON,SANTA CATARINA,Brasil,4203154,42,33,3,0.0,0.02,Mata Atlântica,4.6
d6afc9f8-1d7a-3995-9763-46a8f8cfced4, -27.367150, -51.511870,2026-05-07 17:39:00,NPP-375,CAMPOS NOVOS,SANTA CATARINA,Brasil,4203600,42,33,2,3.38,0.06,Mata Atlântica,7.9
6dc8b575-f17d-34ea-a22a-6dc0935b4e6f, -28.153710, -49.066710,2026-05-07 17:39:00,NPP-375,RIO FORTUNA,SANTA CATARINA,Brasil,4214904,42,33,0,2.73,0.02,Mata Atlântica,13.9
dfc755ac-5a42-3fe6-9be2-292299be2868, -22.986600, -47.576780,2026-05-07 17:39:00,NPP-375,CAPIVARI,SÃO PAULO,Brasil,3510401,35,33,4,0.0,1.0,Mata Atlântica,16.9
535d922e-b7ac-3629-a22d-78e603354ad3, -23.293580, -45.913840,2026-05-07 17:39:00,NPP-375,JACAREÍ,SÃO PAULO,Brasil,3524402,35,33,4,0.0,1.0,Mata Atlântica,0.7
aa64f736-c082-32fe-afb8-ada1ae7573c6, -27.216110, -49.412310,2026-05-07 17:39:00,NPP-375,APIÚNA,SANTA CATARINA,Brasil,4201257,42,33,0,1.11,0.03,Mata Atlântica,43.1
4be062f2-060a-3e91-b108-5bf52c768661, -26.330310, -51.287380,2026-05-07 17:39:00,NPP-375,GENERAL CARNEIRO,PARANÁ,Brasil,4108502,41,33,3,0.0,0.01,Mata Atlântica,2.8
576024cf-8e4e-30f3-bc8b-dcf1bcf5773a, -26.405190, -49.555660,2026-05-07 17:39:00,NPP-375,RIO NEGRINHO,SANTA CATARINA,Brasil,4215000,42,33,3,0.0,0.16,Mata Atlântica,4.1
e4eb8535-5979-3b9a-ab5a-98c09b1f3277, -27.214610, -49.415780,2026-05-07 17:39:00,NPP-375,APIÚNA,SANTA CATARINA,Brasil,4201257,42,33,0,1.16,0.03,Mata Atlântica,22.5
8dff726a-6408-30a4-ab61-38b50e5773c2, -25.956400, -49.155740,2026-05-07 17:39:00,NPP-375,TIJUCAS DO SUL,PARANÁ,Brasil,4127601,41,33,3,0.59,0.02,Mata Atlântica,11.9
27a6c9cb-7652-347e-9586-ebbc6aff3171, -22.992800, -47.579080,2026-05-07 17:39:00,NPP-375,CAPIVARI,SÃO PAULO,Brasil,3510401,35,33,4,0.0,1.0,Mata Atlântica,11.6
6ec1388d-1fdc-367a-a4b6-5100225bd3c7, -27.236570, -51.036900,2026-05-07 17:39:00,NPP-375,CAMPOS NOVOS,SANTA CATARINA,Brasil,4203600,42,33,2,1.56,0.12,Mata Atlântica,30.6
c35fe797-39cb-3a37-be76-345d50127c33, -27.240590, -51.035870,2026-05-07 17:39:00,NPP-375,CAMPOS NOVOS,SANTA CATARINA,Brasil,4203600,42,33,2,1.5,0.07,Mata Atlântica,30.6
45676e2f-f610-3f5e-b563-7915c2c4ce60, -25.264030, -50.769120,2026-05-07 17:39:00,NPP-375,GUAMIRANGA,PARANÁ,Brasil,4108957,41,33,2,0.89,0.02,Mata Atlântica,8.4
43d72ce4-d2a3-343d-8afe-b6ab82384d06, -22.993080, -47.577630,2026-05-07 17:39:00,NPP-375,CAPIVARI,SÃO PAULO,Brasil,3510401,35,33,4,0.0,1.0,Mata Atlântica,9.9
71641033-dc32-3810-a693-a713033437f7, -26.964480, -49.835860,2026-05-07 17:39:00,NPP-375,DONA EMMA,SANTA CATARINA,Brasil,4205100,42,33,2,0.6,0.05,Mata Atlântica,4.3
a984c251-99fc-338b-ab26-7d15e0c08f70, -25.825760, -51.027910,2026-05-07 17:39:00,NPP-375,MALLET,PARANÁ,Brasil,4113908,41,33,3,0.2,0.0,Mata Atlântica,6.2
69c37230-a309-3553-a927-17ead3cf21a6, -25.489940, -51.510980,2026-05-07 17:39:00,NPP-375,GUARAPUAVA,PARANÁ,Brasil,4109401,41,33,2,2.09,0.01,Mata Atlântica,12.5
6cadd929-f693-39ee-9e96-8f6d030ee0bd, -22.049100, -42.653930,2026-05-07 17:39:00,NPP-375,SUMIDOURO,RIO DE JANEIRO,Brasil,3305703,33,33,3,0.0,0.84,Mata Atlântica,6.8
a8182d9e-4add-3a78-9b69-1197fb957371, -22.987440, -47.580540,2026-05-07 17:39:00,NPP-375,CAPIVARI,SÃO PAULO,Brasil,3510401,35,33,4,0.0,1.0,Mata Atlântica,11.6
c91bd80d-1d96-3805-8170-4ff31093b92e, -26.475770, -51.301920,2026-05-07 17:39:00,NPP-375,GENERAL CARNEIRO,PARANÁ,Brasil,4108502,41,33,3,0.0,0.01,Mata Atlântica,81.9
bf8b513a-1cff-3fad-bd99-a2f54e580151, -24.805380, -50.942750,2026-05-07 17:39:00,NPP-375,RESERVA,PARANÁ,Brasil,4121703,41,33,3,0.0,0.03,Mata Atlântica,5.7
b1194277-e0ae-3520-9d68-b4e6aa795cd4, -27.057060, -50.770730,2026-05-07 17:39:00,NPP-375,FRAIBURGO,SANTA CATARINA,Brasil,4205506,42,33,2,1.51,0.19,Mata Atlântica,4.8
a913840c-f8cf-3ca6-bd09-ef04feb2cbd5, -23.229540, -47.817560,2026-05-07 17:39:00,NPP-375,CESÁRIO LANGE,SÃO PAULO,Brasil,3511607,35,33,4,0.0,1.0,Mata Atlântica,2.6
fad86e68-c20d-3701-a4a8-f556d7f536da, -12.350800, -50.026600,2026-05-07 17:40:00,GOES-19,SANDOLÂNDIA,TOCANTINS,Brasil,1718840,17,33,8,0.0,0.48,Cerrado,69.2
d229a07d-f4f3-3eeb-8c02-21509f7cc64a, -10.397000, -49.884400,2026-05-07 17:40:00,GOES-19,PIUM,TOCANTINS,Brasil,1717503,17,33,8,0.0,0.34,Cerrado,49.7
5e2c4196-6e3e-385c-930d-38422a56e434, -13.188200, -52.692200,2026-05-07 17:40:00,GOES-19,CANARANA,MATO GROSSO,Brasil,5102702,51,33,8,0.0,0.21,Amazônia,589.1
24b1ef29-3de4-3db8-949a-f85725e97fe8, -10.570100, -47.043300,2026-05-07 17:40:00,GOES-19,PONTE ALTA DO TOCANTINS,TOCANTINS,Brasil,1717909,17,33,9,0.0,0.49,Cerrado,77.3
c8dcfe2a-a855-34c7-bbab-86a2a0fbf557, -12.781900, -59.009600,2026-05-07 17:40:00,GOES-19,CAMPOS DE JÚLIO,MATO GROSSO,Brasil,5102686,51,33,7,0.3,0.73,Cerrado,157.1
ded3c7aa-76c7-3d80-8ecd-702cebbf8cec, -11.192700, -46.154600,2026-05-07 17:40:00,GOES-19,FORMOSA DO RIO PRETO,BAHIA,Brasil,2911105,29,33,16,0.0,0.62,Cerrado,74.1
27b5d51a-9f3d-3980-a371-73156cbe94c0, -12.782100, -58.989900,2026-05-07 17:40:00,GOES-19,CAMPOS DE JÚLIO,MATO GROSSO,Brasil,5102686,51,33,7,0.3,0.79,Cerrado,142.6
4d74c338-fb2c-37cb-bf2c-a6012e9102dc, -15.850070, -46.528700,2026-05-07 17:41:00,NPP-375,UNAÍ,MINAS GERAIS,Brasil,3170404,31,33,23,0.0,0.81,Cerrado,9.1
6d5f356a-4720-378d-ad16-70b8fe7246ae, -19.970100, -47.199420,2026-05-07 17:41:00,NPP-375,SACRAMENTO,MINAS GERAIS,Brasil,3156908,31,33,18,0.0,0.23,Cerrado,6.9
65566c80-c5a8-33f2-945a-3edf248ae9a4, -16.306250, -48.412400,2026-05-07 17:41:00,NPP-375,SILVÂNIA,GOIÁS,Brasil,5220603,52,33,21,0.0,-999.0,Cerrado,2.8
1a749b0b-2427-3b11-8c97-ac8e5fad5656, -13.185540, -52.689040,2026-05-07 17:41:00,NPP-375,CANARANA,MATO GROSSO,Brasil,5102702,51,33,8,0.0,0.21,Amazônia,128.8
6cd549bc-beab-396f-b5e4-a116a6e96086, -20.237450, -46.838760,2026-05-07 17:41:00,NPP-375,DELFINÓPOLIS,MINAS GERAIS,Brasil,3121209,31,33,22,0.0,0.64,Cerrado,7.5
6e0bc1ae-41c4-3a92-82dc-f55814bd9dc0, -16.431830, -49.559420,2026-05-07 17:41:00,NPP-375,CATURAÍ,GOIÁS,Brasil,5205208,52,33,21,0.0,1.0,Cerrado,13.7
d8f4e08c-d2f2-3d8b-9a40-4ccdcffeca20, -12.492910, -58.480130,2026-05-07 17:41:00,NPP-375,SAPEZAL,MATO GROSSO,Brasil,5107875,51,33,9,0.0,0.13,Cerrado,6.6
75e49f79-415c-327a-8a4b-87d58991dce5, -12.150880, -54.642600,2026-05-07 17:41:00,NPP-375,FELIZ NATAL,MATO GROSSO,Brasil,5103700,51,33,7,0.0,0.08,Amazônia,7.0
3fb89f27-cd92-32b8-8a52-c2918c17c4ca, -10.627000, -49.890830,2026-05-07 17:41:00,NPP-375,LAGOA DA CONFUSÃO,TOCANTINS,Brasil,1711902,17,33,8,0.0,0.66,Cerrado,6.1
cec6e66c-0aa3-39e7-92a0-389a58b069f1, -21.677840, -48.779640,2026-05-07 17:41:00,NPP-375,ITÁPOLIS,SÃO PAULO,Brasil,3522703,35,33,9,0.0,1.0,Cerrado,99.6
b3d6c3a5-a5ed-38ad-9482-6031fb823b5b, -14.008040, -56.620000,2026-05-07 17:41:00,NPP-375,DIAMANTINO,MATO GROSSO,Brasil,5103502,51,33,7,0.0,0.15,Cerrado,21.6
0a0bc1db-4acc-3f67-a5bd-c9343a323e48, -12.500400, -58.482790,2026-05-07 17:41:00,NPP-375,SAPEZAL,MATO GROSSO,Brasil,5107875,51,33,9,0.0,0.13,Cerrado,5.6
d270d1b5-c89b-334f-937c-d547be23307e, -14.572470, -58.933670,2026-05-07 17:41:00,NPP-375,TANGARÁ DA SERRA,MATO GROSSO,Brasil,5107958,51,33,7,0.0,0.23,Cerrado,9.5
0ac5cb27-94d9-3695-aba8-aa99492418b0, -14.004390, -56.620670,2026-05-07 17:41:00,NPP-375,DIAMANTINO,MATO GROSSO,Brasil,5103502,51,33,7,0.0,0.19,Cerrado,21.6
9808a1c0-4547-3d6d-8ef3-a9a12344c005, -12.768080, -59.000320,2026-05-07 17:41:00,NPP-375,CAMPOS DE JÚLIO,MATO GROSSO,Brasil,5102686,51,33,7,0.3,0.28,Cerrado,2.6
6a83cdc7-1789-3a0e-8347-5c22a5ec49fd, -17.937620, -52.964230,2026-05-07 17:41:00,NPP-375,MINEIROS,GOIÁS,Brasil,5213103,52,33,9,0.0,0.66,Cerrado,10.0
10d396de-5a26-362d-8e7b-955e08ad645b, -11.819020, -50.991620,2026-05-07 17:41:00,NPP-375,SÃO FÉLIX DO ARAGUAIA,MATO GROSSO,Brasil,5107859,51,33,8,0.0,0.53,Cerrado,3.6
b804e2e0-a85f-3d54-9498-e49a8d870687, -14.185330, -57.634060,2026-05-07 17:41:00,NPP-375,DIAMANTINO,MATO GROSSO,Brasil,5103502,51,33,7,0.0,0.4,Amazônia,4.4
817b4a08-da69-3d8d-8727-4de1c064c586, -12.775930, -59.002830,2026-05-07 17:41:00,NPP-375,CAMPOS DE JÚLIO,MATO GROSSO,Brasil,5102686,51,33,7,0.3,0.3,Cerrado,91.5
31bc3394-74ad-3c55-b84a-3f2970d6f2f8, -11.440630, -49.486560,2026-05-07 17:41:00,NPP-375,DUERÉ,TOCANTINS,Brasil,1707306,17,33,8,0.0,0.36,Cerrado,8.1
2bafdf08-3b12-3318-bdbb-599f6444cbd8, -11.778080, -49.704490,2026-05-07 17:41:00,NPP-375,FORMOSO DO ARAGUAIA,TOCANTINS,Brasil,1708205,17,33,8,0.0,0.84,Cerrado,4.5
d05af98c-8e7f-3db0-97fc-d97da7219e53, -10.125650, -51.563050,2026-05-07 17:41:00,NPP-375,VILA RICA,MATO GROSSO,Brasil,5108600,51,33,8,0.0,1.0,Amazônia,1.8
43a602aa-4d77-36e9-b319-2e0a21cfb3bd, -13.197490, -52.699100,2026-05-07 17:41:00,NPP-375,CANARANA,MATO GROSSO,Brasil,5102702,51,33,8,0.0,0.41,Amazônia,60.4
bee6ef89-b389-3e17-bb1d-9336ed2a9381, -15.624660, -46.483710,2026-05-07 17:41:00,NPP-375,BURITIS,MINAS GERAIS,Brasil,3109303,31,33,27,0.0,0.99,Cerrado,5.1
728636c9-4964-30c2-9aba-e7da5fbe6a06, -10.581360, -47.048610,2026-05-07 17:41:00,NPP-375,PONTE ALTA DO TOCANTINS,TOCANTINS,Brasil,1717909,17,33,9,0.0,0.49,Cerrado,71.0
3f963eb8-4b1f-3d4d-91f7-8c6f9aca7615, -18.720450, -46.891230,2026-05-07 17:41:00,NPP-375,PATROCÍNIO,MINAS GERAIS,Brasil,3148103,31,33,15,0.0,1.0,Cerrado,3.3
b5f6554f-93f2-3bef-86c1-1c8be1496a3c, -11.297260, -54.756350,2026-05-07 17:41:00,NPP-375,CLÁUDIA,MATO GROSSO,Brasil,5103056,51,33,8,0.0,0.23,Amazônia,11.4
b63eafef-a0a5-37c0-b490-6d9c39b124c1, -18.248100, -51.268040,2026-05-07 17:41:00,NPP-375,APARECIDA DO RIO DOCE,GOIÁS,Brasil,5201454,52,33,8,0.0,1.0,Cerrado,10.2
d77e190d-00de-31ee-bd2e-6da1ce560bec, -11.064450, -52.473630,2026-05-07 17:41:00,NPP-375,SÃO JOSÉ DO XINGU,MATO GROSSO,Brasil,5107354,51,33,9,0.0,0.05,Amazônia,5.9
7a0b6498-76d3-31e9-99da-595c6be1112e, -10.143530, -52.184410,2026-05-07 17:41:00,NPP-375,SANTA CRUZ DO XINGU,MATO GROSSO,Brasil,5107743,51,33,3,0.0,0.59,Amazônia,5.6
1ade7c40-dcc9-3ff5-8944-07141c41ef68, -20.675350, -45.527800,2026-05-07 17:41:00,NPP-375,FORMIGA,MINAS GERAIS,Brasil,3126109,31,33,20,0.0,1.0,Cerrado,5.9
6cbcb435-1a0d-3879-a46a-841eb59203dd, -13.190250, -52.688050,2026-05-07 17:41:00,NPP-375,CANARANA,MATO GROSSO,Brasil,5102702,51,33,8,0.0,0.21,Amazônia,128.8
be56af82-4aff-390f-aed2-7db5e570fbbf, -12.780480, -59.009610,2026-05-07 17:41:00,NPP-375,CAMPOS DE JÚLIO,MATO GROSSO,Brasil,5102686,51,33,7,0.3,0.6,Cerrado,11.4
92ee5a4d-bde8-3e8d-b058-4df5b97f89b5, -20.586780, -47.661290,2026-05-07 17:41:00,NPP-375,SÃO JOSÉ DA BELA VISTA,SÃO PAULO,Brasil,3549508,35,33,9,0.0,1.0,Cerrado,2.3
5992842c-d078-34d2-9f7f-8553f4a5de8e, -20.236490, -46.834600,2026-05-07 17:41:00,NPP-375,DELFINÓPOLIS,MINAS GERAIS,Brasil,3121209,31,33,22,0.0,0.59,Cerrado,7.5
59079555-cf88-317d-b4a3-90d37eca2e70, -13.180820, -52.689980,2026-05-07 17:41:00,NPP-375,CANARANA,MATO GROSSO,Brasil,5102702,51,33,8,0.0,0.21,Amazônia,25.1
a4ba4d97-8ad1-3c62-942d-358804a5e4b2, -13.191200, -52.693280,2026-05-07 17:41:00,NPP-375,CANARANA,MATO GROSSO,Brasil,5102702,51,33,8,0.0,0.21,Amazônia,128.8
2fb4c984-ffe1-3401-8cce-6f18663848d5, -10.584590, -47.048790,2026-05-07 17:41:00,NPP-375,PONTE ALTA DO TOCANTINS,TOCANTINS,Brasil,1717909,17,33,9,0.0,0.49,Cerrado,52.9
986740c2-f570-3284-a24a-528de2090a01, -10.291880, -55.197400,2026-05-07 17:41:00,NPP-375,NOVA GUARITA,MATO GROSSO,Brasil,5108808,51,33,2,0.0,0.72,Amazônia,10.4
be2c72f0-73f0-3c79-9889-8771be0d144c, -18.078150, -46.369530,2026-05-07 17:41:00,NPP-375,PRESIDENTE OLEGÁRIO,MINAS GERAIS,Brasil,3153400,31,33,19,0.0,0.62,Cerrado,11.9
90b21ca1-b672-3d67-ad93-5094abfec3fe, -10.579910, -47.041680,2026-05-07 17:41:00,NPP-375,PONTE ALTA DO TOCANTINS,TOCANTINS,Brasil,1717909,17,33,9,0.0,0.49,Cerrado,84.5
ad1d849c-1280-35a1-8644-10201c38ab81, -12.549180, -54.620680,2026-05-07 17:41:00,NPP-375,NOVA UBIRATÃ,MATO GROSSO,Brasil,5106240,51,33,7,0.0,0.11,Amazônia,7.2
9d4c6613-a68d-3c62-8de0-f890e802de16, -13.186500, -52.694260,2026-05-07 17:41:00,NPP-375,CANARANA,MATO GROSSO,Brasil,5102702,51,33,8,0.0,0.21,Amazônia,128.8
47e2c524-4e2d-35e2-84a3-dd5ebcbec7d9, -13.192160, -52.698490,2026-05-07 17:41:00,NPP-375,CANARANA,MATO GROSSO,Brasil,5102702,51,33,8,0.0,0.22,Amazônia,182.8
0b4540ec-f79d-31bc-a9cb-092c39066de6, -11.816520, -47.336110,2026-05-07 17:41:00,NPP-375,ALMAS,TOCANTINS,Brasil,1700400,17,33,9,0.0,0.6,Cerrado,12.9
be78426f-2959-307a-af94-41e83ea41747, -11.736880, -46.983570,2026-05-07 17:41:00,NPP-375,DIANÓPOLIS,TOCANTINS,Brasil,1707009,17,33,9,0.0,0.26,Cerrado,4.5
26d19528-7006-3aa6-9599-941d36325336,  -9.736250, -47.888320,2026-05-07 17:41:00,NPP-375,RIO SONO,TOCANTINS,Brasil,1718758,17,33,15,0.0,0.13,Cerrado,2.7
250916f5-c340-3669-b46b-0401ff1215d8, -12.779310, -59.002280,2026-05-07 17:41:00,NPP-375,CAMPOS DE JÚLIO,MATO GROSSO,Brasil,5102686,51,33,7,0.3,0.57,Cerrado,91.5
2301ae1c-33bc-35ed-b796-ed4be4801505, -13.181780, -52.695190,2026-05-07 17:41:00,NPP-375,CANARANA,MATO GROSSO,Brasil,5102702,51,33,8,0.0,0.22,Amazônia,25.1
51097117-3b22-343d-8a43-e999c0f291c0, -10.673870, -49.703410,2026-05-07 17:41:00,NPP-375,LAGOA DA CONFUSÃO,TOCANTINS,Brasil,1711902,17,33,7,0.0,0.93,Cerrado,7.5
d02c3a04-7163-3193-b712-64b46659bec1, -10.530830, -49.744230,2026-05-07 17:41:00,NPP-375,LAGOA DA CONFUSÃO,TOCANTINS,Brasil,1711902,17,33,8,0.0,0.69,Cerrado,9.1
2b775fc3-f09f-37a0-ac61-fa15542263f7, -10.686700, -49.834340,2026-05-07 17:41:00,NPP-375,LAGOA DA CONFUSÃO,TOCANTINS,Brasil,1711902,17,33,6,0.0,0.72,Cerrado,5.7
76b00d13-4cdf-3a16-9e1f-dec03060f621, -11.768260, -49.903960,2026-05-07 17:41:00,NPP-375,FORMOSO DO ARAGUAIA,TOCANTINS,Brasil,1708205,17,33,8,0.0,0.97,Cerrado,5.0
70b387f6-e624-3643-a512-dfea11da53c7, -12.778720, -58.998600,2026-05-07 17:41:00,NPP-375,CAMPOS DE JÚLIO,MATO GROSSO,Brasil,5102686,51,33,7,0.3,0.55,Cerrado,79.5
1ae8d4d0-bfa6-3b70-a467-a18d8d227dc4, -12.774840, -58.999200,2026-05-07 17:41:00,NPP-375,CAMPOS DE JÚLIO,MATO GROSSO,Brasil,5102686,51,33,7,0.3,0.28,Cerrado,14.8
001a8eef-23de-3f33-bccc-4d5b9e14055f, -10.495220, -49.815680,2026-05-07 17:41:00,NPP-375,PIUM,TOCANTINS,Brasil,1717503,17,33,8,0.0,0.4,Cerrado,5.1
48c377fc-e18b-326a-bb31-cab3f3d39258, -12.781510, -58.994350,2026-05-07 17:41:00,NPP-375,CAMPOS DE JÚLIO,MATO GROSSO,Brasil,5102686,51,33,7,0.3,0.75,Cerrado,8.0
88b3d91f-d01c-34ef-bcac-2fdb298266a4, -11.901890, -49.706450,2026-05-07 17:41:00,NPP-375,FORMOSO DO ARAGUAIA,TOCANTINS,Brasil,1708205,17,33,8,0.0,0.62,Cerrado,3.1
ad0fffcb-14eb-32ab-ac10-4c7c17e8d8fb, -12.777540, -58.991240,2026-05-07 17:41:00,NPP-375,CAMPOS DE JÚLIO,MATO GROSSO,Brasil,5102686,51,33,7,0.3,0.46,Cerrado,30.1
5b474a8c-1a0c-334b-880d-8cb52b7f08a9, -17.599850, -44.598770,2026-05-07 17:41:00,NPP-375,VÁRZEA DA PALMA,MINAS GERAIS,Brasil,3170800,31,33,16,0.0,0.61,Cerrado,17.4
480fe21d-8915-36d8-96a0-0471ba02f1e4, -12.346530, -50.021720,2026-05-07 17:41:00,NPP-375,SANDOLÂNDIA,TOCANTINS,Brasil,1718840,17,33,8,0.0,0.47,Cerrado,21.0
2f0728b5-effd-3ecf-8055-cdecc7059265, -14.317500, -57.736500,2026-05-07 17:41:00,NPP-375,TANGARÁ DA SERRA,MATO GROSSO,Brasil,5107958,51,33,8,0.0,0.43,Amazônia,5.4
6e7f0b63-032f-3f91-baf4-56ca81398b81, -12.992250, -54.679890,2026-05-07 17:41:00,NPP-375,NOVA UBIRATÃ,MATO GROSSO,Brasil,5106240,51,33,7,0.0,0.09,Amazônia,7.8
e8b95923-aa4e-3e02-85fa-aa85bfd84649, -10.938530, -49.442590,2026-05-07 17:41:00,NPP-375,SANTA RITA DO TOCANTINS,TOCANTINS,Brasil,1718899,17,33,3,0.0,0.31,Cerrado,9.8
3fa14310-2039-3ebb-bc3d-cba53fb8b361, -14.593810, -58.644710,2026-05-07 17:41:00,NPP-375,TANGARÁ DA SERRA,MATO GROSSO,Brasil,5107958,51,33,7,0.0,0.14,Cerrado,7.5
266ed0d1-25f8-3b97-84eb-47ea7cfa7e07, -20.003200, -46.294980,2026-05-07 17:41:00,NPP-375,MEDEIROS,MINAS GERAIS,Brasil,3141306,31,33,26,0.0,1.0,Cerrado,3.7
a7ff447a-3915-306b-aa98-e704e4a445c9, -11.825720, -47.338100,2026-05-07 17:41:00,NPP-375,ALMAS,TOCANTINS,Brasil,1700400,17,33,9,0.0,0.51,Cerrado,13.6
58b2b22e-78a7-38d6-95a0-bb7909358c99, -10.230770, -49.693890,2026-05-07 17:41:00,NPP-375,PIUM,TOCANTINS,Brasil,1717503,17,33,8,0.0,0.62,Cerrado,4.1
ee2b9846-f7da-3ee1-aad0-eef409cd834a, -22.916860, -48.683050,2026-05-07 17:41:00,NPP-375,BOTUCATU,SÃO PAULO,Brasil,3507506,35,33,4,0.0,0.26,Cerrado,12.7
1a778916-9e9a-38b3-8aee-40bcecd968bb, -14.528010, -59.186500,2026-05-07 17:41:00,NPP-375,CONQUISTA D'OESTE,MATO GROSSO,Brasil,5103361,51,33,7,0.0,0.28,Cerrado,19.9
ca2b37f5-3ab8-37bc-8bc5-d0742a97010b, -11.303290, -54.024150,2026-05-07 17:41:00,NPP-375,UNIÃO DO SUL,MATO GROSSO,Brasil,5108303,51,33,8,0.0,0.07,Amazônia,5.5
bb7bb5ef-1c75-3ade-a0ad-9c98ab8468f9, -12.771830, -58.977130,2026-05-07 17:41:00,NPP-375,CAMPOS DE JÚLIO,MATO GROSSO,Brasil,5102686,51,33,7,0.3,0.28,Cerrado,8.6
fc99f5c1-7675-3f4d-aa1c-a97c3ca7960c, -11.794870, -49.740690,2026-05-07 17:41:00,NPP-375,FORMOSO DO ARAGUAIA,TOCANTINS,Brasil,1708205,17,33,8,0.0,0.86,Cerrado,4.2
84f20d5d-50c7-3421-afc7-65bef7988439, -12.780920, -58.990670,2026-05-07 17:41:00,NPP-375,CAMPOS DE JÚLIO,MATO GROSSO,Brasil,5102686,51,33,7,0.3,0.71,Cerrado,6.8
27d48acf-637a-3936-b30c-4c46fe5d5492, -18.861940, -53.578020,2026-05-07 17:41:00,NPP-375,FIGUEIRÃO,MATO GROSSO DO SUL,Brasil,5003900,50,33,7,0.0,1.0,Cerrado,4.8
21f62285-05e5-3dbd-8321-9d78a8157b50, -21.749170, -52.706950,2026-05-07 17:41:00,NPP-375,BATAGUASSU,MATO GROSSO DO SUL,Brasil,5001904,50,33,4,0.0,1.0,Cerrado,16.9
505d71f2-5f05-3a0e-bcf8-a2670aa4f5da, -10.868420, -49.696080,2026-05-07 17:41:00,NPP-375,LAGOA DA CONFUSÃO,TOCANTINS,Brasil,1711902,17,33,3,0.0,0.81,Cerrado,4.8
6fe319a3-98e5-30ef-96df-d97669a75876, -11.782180, -49.707660,2026-05-07 17:41:00,NPP-375,FORMOSO DO ARAGUAIA,TOCANTINS,Brasil,1708205,17,33,8,0.0,0.85,Cerrado,4.2
20d914e6-fc71-3702-adce-9738870bc1bb, -12.548480, -54.616700,2026-05-07 17:41:00,NPP-375,NOVA UBIRATÃ,MATO GROSSO,Brasil,5106240,51,33,7,0.0,0.11,Amazônia,12.4
1d4a9ffb-e0b1-3525-ad0b-179c52bd5e87, -20.674440, -45.528580,2026-05-07 17:41:00,NPP-375,FORMIGA,MINAS GERAIS,Brasil,3126109,31,33,20,0.0,1.0,Cerrado,9.0
7589174f-2b24-3008-8754-65096cac9152, -20.647900, -44.439560,2026-05-07 17:41:00,NPP-375,PASSA TEMPO,MINAS GERAIS,Brasil,3147709,31,33,9,0.0,0.96,Mata Atlântica,12.8
2b221469-d50a-322d-b690-87c63094f593, -18.437040, -54.703610,2026-05-07 17:41:00,NPP-375,COXIM,MATO GROSSO DO SUL,Brasil,5003306,50,33,10,0.0,0.88,Cerrado,5.5
8e1b6ec0-9c3c-3bed-abd6-7f63fc49e82b, -11.824520, -47.340810,2026-05-07 17:41:00,NPP-375,ALMAS,TOCANTINS,Brasil,1700400,17,33,9,0.0,0.37,Cerrado,13.2
2e521e3f-5a0d-3267-b149-60f3a16fe167, -13.187450, -52.699440,2026-05-07 17:41:00,NPP-375,CANARANA,MATO GROSSO,Brasil,5102702,51,33,8,0.0,0.22,Amazônia,182.8
c5d95dc2-9e6a-3ebc-b789-94ce86d20812, -11.671000, -51.645810,2026-05-07 17:41:00,NPP-375,SÃO FÉLIX DO ARAGUAIA,MATO GROSSO,Brasil,5107859,51,33,8,0.0,0.07,Amazônia,3.3
d7a4b0be-a4d5-34e1-b7cf-7750ebd339df, -18.437900, -54.708530,2026-05-07 17:41:00,NPP-375,COXIM,MATO GROSSO DO SUL,Brasil,5003306,50,33,10,0.0,0.75,Cerrado,5.5
3998c365-ecaf-3428-9290-ccf0ab676ae7, -11.817660, -47.333310,2026-05-07 17:41:00,NPP-375,ALMAS,TOCANTINS,Brasil,1700400,17,33,9,0.0,0.78,Cerrado,26.0
4e556c43-a92f-3b45-ac30-04e1ac47d76b, -20.117740, -54.812690,2026-05-07 17:41:00,NPP-375,ROCHEDO,MATO GROSSO DO SUL,Brasil,5007505,50,33,7,0.0,0.76,Cerrado,4.4
8f283be1-4011-3a03-8cc1-5d2e2029830f, -20.235530, -46.830440,2026-05-07 17:41:00,NPP-375,DELFINÓPOLIS,MINAS GERAIS,Brasil,3121209,31,33,21,0.0,0.54,Cerrado,8.1
4c47d853-9ade-39d5-84e3-d3d2a5bcc498, -10.629910, -49.890480,2026-05-07 17:41:00,NPP-375,LAGOA DA CONFUSÃO,TOCANTINS,Brasil,1711902,17,33,8,0.0,0.66,Cerrado,5.3
6be49251-ae4c-38fb-92ea-ee78f8edd970, -13.182720, -52.700330,2026-05-07 17:41:00,NPP-375,CANARANA,MATO GROSSO,Brasil,5102702,51,33,8,0.0,0.22,Amazônia,9.3
0c885327-6665-335f-99ef-3ddf8518f17d, -21.678540, -48.782910,2026-05-07 17:41:00,NPP-375,ITÁPOLIS,SÃO PAULO,Brasil,3522703,35,33,9,0.0,1.0,Cerrado,99.6
044c41d0-2f3d-34a7-bca4-c2e15f163eae, -18.247060, -51.262670,2026-05-07 17:41:00,NPP-375,APARECIDA DO RIO DOCE,GOIÁS,Brasil,5201454,52,33,9,0.0,1.0,Cerrado,13.5
d86999d6-3a31-3a34-8bc7-141127dce52f, -10.815690, -49.788310,2026-05-07 17:41:00,NPP-375,LAGOA DA CONFUSÃO,TOCANTINS,Brasil,1711902,17,33,4,0.0,0.86,Cerrado,5.5
400128d8-94ef-3914-91d4-6c6ed815dad9, -16.437240, -49.558110,2026-05-07 17:41:00,NPP-375,CATURAÍ,GOIÁS,Brasil,5205208,52,33,21,0.0,1.0,Cerrado,4.9
addd70d1-a888-3038-8872-50ed0519b59a, -21.427030, -48.524840,2026-05-07 17:41:00,NPP-375,TAQUARITINGA,SÃO PAULO,Brasil,3553708,35,33,9,0.0,1.0,Cerrado,8.7
28ab23f8-d66f-3c56-84e5-60eeb2797b92, -12.544270, -54.617460,2026-05-07 17:41:00,NPP-375,NOVA UBIRATÃ,MATO GROSSO,Brasil,5106240,51,33,7,0.0,0.14,Amazônia,10.2
3e0e37f6-b502-3d6b-bf4b-7fea308ec92e, -10.368470, -54.591810,2026-05-07 17:41:00,NPP-375,PEIXOTO DE AZEVEDO,MATO GROSSO,Brasil,5106422,51,33,2,0.0,0.06,Amazônia,3.8
b763efb3-fc42-38b4-8078-405e308918ab, -12.769240, -59.007660,2026-05-07 17:41:00,NPP-375,CAMPOS DE JÚLIO,MATO GROSSO,Brasil,5102686,51,33,7,0.3,0.23,Cerrado,4.1
a143379b-584c-30cb-8506-25f08c14e6cf, -14.557910, -58.928620,2026-05-07 17:41:00,NPP-375,TANGARÁ DA SERRA,MATO GROSSO,Brasil,5107958,51,33,7,0.0,0.24,Cerrado,10.1
b701b6a4-6c12-3b16-a731-c1a9da93dd95, -20.229920, -46.833340,2026-05-07 17:41:00,NPP-375,DELFINÓPOLIS,MINAS GERAIS,Brasil,3121209,31,33,20,0.0,0.51,Cerrado,7.0
c0b0e108-95d6-394a-992f-9dfc147940ab, -24.015470, -53.645110,2026-05-07 17:41:00,NPP-375,IPORÃ,PARANÁ,Brasil,4110607,41,33,4,0.2,0.75,Mata Atlântica,6.6
4d26a3fa-751a-3f83-af3c-8b03e28844da, -23.503830, -52.685770,2026-05-07 17:41:00,NPP-375,INDIANÓPOLIS,PARANÁ,Brasil,4110409,41,33,4,0.0,1.0,Mata Atlântica,2.9
86dfa051-0b5e-3d70-8f19-c020401f51c0, -23.782650, -55.185390,2026-05-07 17:41:00,NPP-375,PARANHOS,MATO GROSSO DO SUL,Brasil,5006358,50,33,4,0.0,0.92,Mata Atlântica,3.8
0c8954b2-a3ae-3fd3-9eb8-d702cb055e5a, -19.181250, -47.356600,2026-05-07 17:41:00,NPP-375,PERDIZES,MINAS GERAIS,Brasil,3149804,31,33,4,0.0,0.45,Cerrado,4.5
9ea08f2d-4264-3c50-9099-e4973037784e, -14.585320, -58.927860,2026-05-07 17:41:00,NPP-375,TANGARÁ DA SERRA,MATO GROSSO,Brasil,5107958,51,33,7,0.0,0.23,Cerrado,14.1
771861f2-07e2-396b-883d-514b722bb957, -13.184580, -52.683780,2026-05-07 17:41:00,NPP-375,CANARANA,MATO GROSSO,Brasil,5102702,51,33,8,0.0,0.21,Amazônia,69.6
26a379cc-1a08-3599-b1ea-3279e7e963b9, -13.196870, -52.697540,2026-05-07 17:41:00,NPP-375,CANARANA,MATO GROSSO,Brasil,5102702,51,33,8,0.0,0.36,Amazônia,173.4
27d58d94-a0ed-3098-a424-6c15b5890c4c, -23.501950, -52.683710,2026-05-07 17:41:00,NPP-375,INDIANÓPOLIS,PARANÁ,Brasil,4110409,41,33,4,0.0,1.0,Mata Atlântica,4.3
325ea180-89f4-33ff-955b-126c2981275b, -13.482100, -52.066290,2026-05-07 17:41:00,NPP-375,CANARANA,MATO GROSSO,Brasil,5102702,51,33,9,0.0,0.9,Amazônia,3.9
a69e3500-3385-3b86-bf11-f10f9a4d4fe8, -11.469150, -52.915010,2026-05-07 17:41:00,NPP-375,SÃO FÉLIX DO ARAGUAIA,MATO GROSSO,Brasil,5107859,51,33,7,0.0,0.07,Amazônia,6.8
beb368da-7b08-3c05-800a-845f87f6e208, -11.823280, -47.334770,2026-05-07 17:41:00,NPP-375,ALMAS,TOCANTINS,Brasil,1700400,17,33,9,0.0,0.69,Cerrado,13.2
a78a20b9-61a1-3e48-8c9f-a05452d785f9, -20.676630, -45.533110,2026-05-07 17:41:00,NPP-375,FORMIGA,MINAS GERAIS,Brasil,3126109,31,33,20,0.0,1.0,Cerrado,5.9
beb1201b-87fa-31ff-95e4-318500164be6, -14.580830, -58.921150,2026-05-07 17:41:00,NPP-375,TANGARÁ DA SERRA,MATO GROSSO,Brasil,5107958,51,33,7,0.0,0.23,Cerrado,85.4
fd15402f-a6d2-32ce-bb3c-205e978950fb, -12.996400, -54.679120,2026-05-07 17:41:00,NPP-375,NOVA UBIRATÃ,MATO GROSSO,Brasil,5106240,51,33,7,0.0,0.09,Amazônia,7.8
e25cb93c-9f66-311e-89e6-21f778993051, -11.644390, -58.257070,2026-05-07 17:41:00,NPP-375,BRASNORTE,MATO GROSSO,Brasil,5101902,51,33,2,0.0,0.98,Amazônia,52.5
3a715c0a-daa4-37cc-91bf-ea92e60da60f, -17.732560, -45.130860,2026-05-07 17:41:00,NPP-375,BURITIZEIRO,MINAS GERAIS,Brasil,3109402,31,33,25,0.0,0.83,Cerrado,2.7
7a3268d5-bcdb-3369-b30b-9fbf88de3ce3, -19.564920, -52.520770,2026-05-07 17:41:00,NPP-375,ÁGUA CLARA,MATO GROSSO DO SUL,Brasil,5000203,50,33,7,0.0,0.26,Cerrado,19.2
eda9e896-abd9-32ae-b5c3-30f0c61bd5b7, -14.584750, -58.924240,2026-05-07 17:41:00,NPP-375,TANGARÁ DA SERRA,MATO GROSSO,Brasil,5107958,51,33,7,0.0,0.23,Cerrado,14.1
5495b072-aac3-3071-9137-4d766109f058, -21.432240, -48.523400,2026-05-07 17:41:00,NPP-375,TAQUARITINGA,SÃO PAULO,Brasil,3553708,35,33,9,0.0,1.0,Cerrado,3.7
2a164128-edcd-33d6-877d-f114f2458725, -11.069410, -52.472630,2026-05-07 17:41:00,NPP-375,SÃO JOSÉ DO XINGU,MATO GROSSO,Brasil,5107354,51,33,9,0.0,0.05,Amazônia,5.9
64d5a2f3-90dc-3643-be47-ea37b959f310, -10.936770, -49.433540,2026-05-07 17:41:00,NPP-375,SANTA RITA DO TOCANTINS,TOCANTINS,Brasil,1718899,17,33,3,0.0,0.3,Cerrado,9.2
437d5fab-e82a-330a-a769-0d4460ad0d7e, -17.956570, -51.214270,2026-05-07 17:41:00,NPP-375,RIO VERDE,GOIÁS,Brasil,5218805,52,33,23,0.0,0.94,Cerrado,7.6
975fce07-e4d8-3bae-b5d2-946e0ca602ba, -10.243530, -52.226580,2026-05-07 17:41:00,NPP-375,SANTA CRUZ DO XINGU,MATO GROSSO,Brasil,5107743,51,33,6,0.0,0.28,Amazônia,4.3
3e6f09ce-0575-3cee-b9e2-0b3779452ad9, -22.048900, -48.410930,2026-05-07 17:41:00,NPP-375,TRABIJU,SÃO PAULO,Brasil,3554755,35,33,7,0.0,1.0,Cerrado,6.3
7ee710b0-17a6-3744-81bd-394d698cd380, -10.882910, -49.674820,2026-05-07 17:41:00,NPP-375,LAGOA DA CONFUSÃO,TOCANTINS,Brasil,1711902,17,33,3,0.0,0.86,Cerrado,10.4
02188bbf-a020-341a-8b3a-8202f161ba18, -11.986000, -47.358260,2026-05-07 17:41:00,NPP-375,CONCEIÇÃO DO TOCANTINS,TOCANTINS,Brasil,1705607,17,33,10,0.0,0.87,Cerrado,7.2
65587f2b-2088-33bf-909e-1073266abc97, -22.157530, -47.402050,2026-05-07 17:41:00,NPP-375,LEME,SÃO PAULO,Brasil,3526704,35,33,9,0.0,1.0,Mata Atlântica,26.1
d111ded2-b807-3813-9140-4d8bb59844e1, -10.667880, -49.704580,2026-05-07 17:41:00,NPP-375,LAGOA DA CONFUSÃO,TOCANTINS,Brasil,1711902,17,33,7,0.0,0.54,Cerrado,9.9
66a899bd-ef27-36d3-8d12-984c67893a8c, -12.988090, -54.680670,2026-05-07 17:41:00,NPP-375,NOVA UBIRATÃ,MATO GROSSO,Brasil,5106240,51,33,7,0.0,0.09,Amazônia,11.4
da6d6d68-d5ea-3c02-abeb-5a2dba5f5f55, -11.791370, -49.741880,2026-05-07 17:41:00,NPP-375,FORMOSO DO ARAGUAIA,TOCANTINS,Brasil,1708205,17,33,8,0.0,0.86,Cerrado,6.1
167ed06a-04a7-3059-9245-4f9b3781a1e0, -17.941880, -52.963430,2026-05-07 17:41:00,NPP-375,MINEIROS,GOIÁS,Brasil,5213103,52,33,9,0.0,0.66,Cerrado,10.0
efa6fa0a-cb49-388f-ac29-ef8feea72b8d, -11.733150, -54.802880,2026-05-07 17:41:00,NPP-375,CLÁUDIA,MATO GROSSO,Brasil,5103056,51,33,9,0.0,0.07,Amazônia,7.3
5e294ef0-181d-32f4-9657-042141d54319, -11.819690, -50.991360,2026-05-07 17:41:00,NPP-375,SÃO FÉLIX DO ARAGUAIA,MATO GROSSO,Brasil,5107859,51,33,8,0.0,0.53,Cerrado,6.0
27b9526a-b1b9-3abc-98d2-5d00f10649aa, -19.335530, -48.948180,2026-05-07 17:41:00,NPP-375,PRATA,MINAS GERAIS,Brasil,3152808,31,33,24,0.0,1.0,Cerrado,1.8
8ecec5d5-7ab5-391c-a693-7ff474e80584, -11.778910, -49.708790,2026-05-07 17:41:00,NPP-375,FORMOSO DO ARAGUAIA,TOCANTINS,Brasil,1708205,17,33,8,0.0,0.85,Cerrado,4.5
89cb6a76-5f85-3c31-aad7-78ec1f0ac2e7, -13.153780, -56.804820,2026-05-07 17:41:00,NPP-375,SÃO JOSÉ DO RIO CLARO,MATO GROSSO,Brasil,5107305,51,33,9,0.0,0.06,Amazônia,6.8
ff4a7e48-f031-3e09-aad7-db080da618cf, -14.006820, -56.616770,2026-05-07 17:41:00,NPP-375,DIAMANTINO,MATO GROSSO,Brasil,5103502,51,33,7,0.0,0.17,Cerrado,13.7
adae6641-c1c2-327f-adc6-2bd27900a643, -12.421300, -49.666520,2026-05-07 17:41:00,NPP-375,SANDOLÂNDIA,TOCANTINS,Brasil,1718840,17,33,10,0.0,0.54,Cerrado,5.9
84e20393-b5ed-360e-a3b6-423f435a5489, -13.154510, -56.809210,2026-05-07 17:41:00,NPP-375,SÃO JOSÉ DO RIO CLARO,MATO GROSSO,Brasil,5107305,51,33,9,0.0,0.06,Amazônia,6.8
e5f7d078-e28a-3796-9553-87ee994ec5b3, -12.496960, -58.483370,2026-05-07 17:41:00,NPP-375,SAPEZAL,MATO GROSSO,Brasil,5107875,51,33,9,0.0,0.13,Cerrado,5.6
b4ba4680-5988-385b-8e06-51c4840f1e20, -12.778130, -58.994910,2026-05-07 17:41:00,NPP-375,CAMPOS DE JÚLIO,MATO GROSSO,Brasil,5102686,51,33,7,0.3,0.51,Cerrado,79.5
a95cc701-91a1-3b42-a7b9-f1f9a1585706, -11.293000, -54.757120,2026-05-07 17:41:00,NPP-375,CLÁUDIA,MATO GROSSO,Brasil,5103056,51,33,8,0.0,0.27,Amazônia,11.4
5e06d22f-b001-31bc-b120-285e93286cb5, -22.609020, -47.226030,2026-05-07 17:41:00,NPP-375,COSMÓPOLIS,SÃO PAULO,Brasil,3512803,35,33,8,0.0,1.0,Cerrado,2.9
c2536783-1acd-3b91-8729-1288ddf68046, -14.564050, -58.923890,2026-05-07 17:41:00,NPP-375,TANGARÁ DA SERRA,MATO GROSSO,Brasil,5107958,51,33,7,0.0,0.24,Cerrado,21.7
1cb87d6f-e452-3ae7-8ed5-578523448aeb, -22.919490, -48.682100,2026-05-07 17:41:00,NPP-375,BOTUCATU,SÃO PAULO,Brasil,3507506,35,33,4,0.0,0.44,Cerrado,13.1
7233b84e-c512-35f7-8adb-4ddb4e6831a7, -22.611660, -47.227950,2026-05-07 17:41:00,NPP-375,COSMÓPOLIS,SÃO PAULO,Brasil,3512803,35,33,8,0.0,1.0,Cerrado,3.7
a7417081-3292-3f7e-8435-5c1bce4240b8, -19.967140, -47.204320,2026-05-07 17:41:00,NPP-375,SACRAMENTO,MINAS GERAIS,Brasil,3156908,31,33,19,0.0,0.23,Cerrado,16.6
73ff0f99-5bf6-34e3-a1cf-299bb91f81d3, -12.415500, -49.667790,2026-05-07 17:41:00,NPP-375,SANDOLÂNDIA,TOCANTINS,Brasil,1718840,17,33,10,0.0,0.42,Cerrado,15.5
85c29b95-05e6-3c01-b6ee-3463f356bd4e, -12.666280, -58.400550,2026-05-07 17:41:00,NPP-375,BRASNORTE,MATO GROSSO,Brasil,5101902,51,33,9,0.0,0.3,Cerrado,7.3
c18615b6-d2c6-3b8c-bbed-7a0c4673489b, -11.735800, -46.981590,2026-05-07 17:41:00,NPP-375,DIANÓPOLIS,TOCANTINS,Brasil,1707009,17,33,9,0.0,0.2,Cerrado,7.2
1ef3bd14-780e-3909-a12d-7cc5e13bee9d, -18.247860, -51.264950,2026-05-07 17:41:00,NPP-375,APARECIDA DO RIO DOCE,GOIÁS,Brasil,5201454,52,33,9,0.0,1.0,Cerrado,20.6
4d69cc91-5643-39e5-a8a7-5cd455c8e4c8, -11.479710, -52.918540,2026-05-07 17:41:00,NPP-375,SÃO FÉLIX DO ARAGUAIA,MATO GROSSO,Brasil,5107859,51,33,7,0.0,0.07,Amazônia,15.7
bf37ac0f-0509-3f5d-82b6-7661e63d85bd, -18.512170, -55.510490,2026-05-07 17:41:00,NPP-375,CORUMBÁ,MATO GROSSO DO SUL,Brasil,5003207,50,33,10,0.0,1.0,Pantanal,6.8
5370d7f2-9cac-34dc-bd28-81b7613c4540, -10.882050, -49.670350,2026-05-07 17:41:00,NPP-375,LAGOA DA CONFUSÃO,TOCANTINS,Brasil,1711902,17,33,3,0.0,0.85,Cerrado,12.1
5a9ec511-5621-3a46-9b28-bb9061264c58, -10.238410, -52.227570,2026-05-07 17:41:00,NPP-375,SANTA CRUZ DO XINGU,MATO GROSSO,Brasil,5107743,51,33,6,0.0,0.16,Amazônia,19.9
36168945-cfdd-3a2b-8758-f2cfd8f75510, -12.419680, -49.666110,2026-05-07 17:41:00,NPP-375,SANDOLÂNDIA,TOCANTINS,Brasil,1718840,17,33,10,0.0,0.52,Cerrado,15.4
418a135b-684b-3d68-b31c-48e95df9605e, -19.971190, -47.204190,2026-05-07 17:41:00,NPP-375,SACRAMENTO,MINAS GERAIS,Brasil,3156908,31,33,19,0.0,0.23,Cerrado,6.9
5f64cea3-bb8c-31e9-931d-a0a52372148c, -12.499780, -58.478990,2026-05-07 17:41:00,NPP-375,SAPEZAL,MATO GROSSO,Brasil,5107875,51,33,9,0.0,0.13,Cerrado,6.1
07b8611b-966f-31d0-8e31-c3d18b2beb1c, -21.753230, -52.706170,2026-05-07 17:41:00,NPP-375,BATAGUASSU,MATO GROSSO DO SUL,Brasil,5001904,50,33,4,0.0,1.0,Cerrado,16.9
7e32aad3-8023-343a-aa1e-6237900dd942, -21.749890, -52.710790,2026-05-07 17:41:00,NPP-375,BATAGUASSU,MATO GROSSO DO SUL,Brasil,5001904,50,33,4,0.0,0.97,Cerrado,16.9
551cf7ec-10cd-3b00-8f74-777a3cdae8ba, -12.347310, -50.025710,2026-05-07 17:41:00,NPP-375,SANDOLÂNDIA,TOCANTINS,Brasil,1718840,17,33,8,0.0,0.48,Cerrado,21.0
2de2c836-49c9-3b39-9d80-0befcbf14cd5, -12.413880, -49.667390,2026-05-07 17:41:00,NPP-375,SANDOLÂNDIA,TOCANTINS,Brasil,1718840,17,33,10,0.0,0.48,Cerrado,7.5
d333e605-7f3c-397e-ab9e-518dd141c37a, -21.856100, -48.523760,2026-05-07 17:41:00,NPP-375,GAVIÃO PEIXOTO,SÃO PAULO,Brasil,3516853,35,33,8,0.0,1.0,Cerrado,3.1
f2f4a7e5-331d-36ee-8796-6c73f6c45755, -10.583190, -47.041890,2026-05-07 17:41:00,NPP-375,PONTE ALTA DO TOCANTINS,TOCANTINS,Brasil,1717909,17,33,9,0.0,0.49,Cerrado,52.9
e81b902f-0d37-3364-9ad7-6f31a4c9da5f, -21.753940, -52.710000,2026-05-07 17:41:00,NPP-375,BATAGUASSU,MATO GROSSO DO SUL,Brasil,5001904,50,33,4,0.0,0.99,Cerrado,16.9
2b9bfcbe-e091-39b4-bfcd-425510620f76, -11.732470, -54.798960,2026-05-07 17:41:00,NPP-375,CLÁUDIA,MATO GROSSO,Brasil,5103056,51,33,9,0.0,0.07,Amazônia,7.3
d854e635-4d4b-31c8-9345-a6c7e12281bd, -12.424230, -54.215390,2026-05-07 17:41:00,NPP-375,NOVA UBIRATÃ,MATO GROSSO,Brasil,5106240,51,33,7,0.0,0.49,Amazônia,13.0
b8549928-f2f2-3cae-a5c6-59420f6ce790, -12.269270, -49.991050,2026-05-07 17:41:00,NPP-375,SANDOLÂNDIA,TOCANTINS,Brasil,1718840,17,33,4,0.0,0.83,Cerrado,5.5
16f9374c-6dba-3cd5-97ba-c1fdb48b87f9, -14.007560, -56.621110,2026-05-07 17:41:00,NPP-375,DIAMANTINO,MATO GROSSO,Brasil,5103502,51,33,7,0.0,0.16,Cerrado,32.3
9a215d8f-4cd4-38c9-b2de-c50f16ec8d85, -11.607040, -55.327400,2026-05-07 17:41:00,NPP-375,SINOP,MATO GROSSO,Brasil,5107909,51,33,7,0.0,0.11,Amazônia,6.5
63d9bbec-f7fe-3e0c-9410-915fe8a3bac4, -11.569540, -54.532110,2026-05-07 17:41:00,NPP-375,UNIÃO DO SUL,MATO GROSSO,Brasil,5108303,51,33,7,0.0,0.73,Amazônia,5.4
da16e463-0cb0-368a-812d-ff2df8bc4be2, -10.528760, -49.923180,2026-05-07 17:41:00,NPP-375,PIUM,TOCANTINS,Brasil,1717503,17,33,8,0.0,0.65,Cerrado,5.1
449afef4-8a68-367e-96a9-404e35ea5835, -10.243460, -52.168560,2026-05-07 17:41:00,NPP-375,SANTA CRUZ DO XINGU,MATO GROSSO,Brasil,5107743,51,33,6,0.0,0.34,Amazônia,6.0
120b838c-602d-30e3-9ee7-aa22f67e03c8, -14.579180, -58.932600,2026-05-07 17:41:00,NPP-375,TANGARÁ DA SERRA,MATO GROSSO,Brasil,5107958,51,33,7,0.0,0.23,Cerrado,7.9
da77faed-4514-3d30-b7c8-707600f95d42, -11.170480, -49.690080,2026-05-07 17:41:00,NPP-375,DUERÉ,TOCANTINS,Brasil,1707306,17,33,5,0.0,0.36,Cerrado,19.7
6528f050-6649-36f6-89b2-667dbe85c462, -22.956530, -53.207370,2026-05-07 17:41:00,NPP-375,LOANDA,PARANÁ,Brasil,4113502,41,33,5,0.0,1.0,Mata Atlântica,13.9
c869ee5d-7b00-3dc7-8af2-37f149a83572, -12.147330, -54.647300,2026-05-07 17:41:00,NPP-375,FELIZ NATAL,MATO GROSSO,Brasil,5103700,51,33,7,0.0,0.09,Amazônia,7.0
afffaab7-0091-339c-9c0c-bee66ed7ddc2, -12.782100, -58.998040,2026-05-07 17:41:00,NPP-375,CAMPOS DE JÚLIO,MATO GROSSO,Brasil,5102686,51,33,7,0.3,0.79,Cerrado,8.0
c2b48ef6-fcaa-33a3-a02c-885984632a3a, -12.772040, -59.003450,2026-05-07 17:41:00,NPP-375,CAMPOS DE JÚLIO,MATO GROSSO,Brasil,5102686,51,33,7,0.3,0.24,Cerrado,33.4
d90b5423-0675-3d73-b51c-96ff90045910, -13.196500, -52.693870,2026-05-07 17:41:00,NPP-375,CANARANA,MATO GROSSO,Brasil,5102702,51,33,8,0.0,0.33,Amazônia,67.1
df4373a2-11c1-3087-95a6-46bcf6a85a6e, -14.569110, -58.934210,2026-05-07 17:41:00,NPP-375,TANGARÁ DA SERRA,MATO GROSSO,Brasil,5107958,51,33,7,0.0,0.23,Cerrado,7.0
f569b440-ba3d-3d77-9964-a91f6e9a2705, -14.320970, -57.735910,2026-05-07 17:41:00,NPP-375,TANGARÁ DA SERRA,MATO GROSSO,Brasil,5107958,51,33,8,0.0,0.37,Amazônia,5.4
f4abd2e6-3a9e-3bad-b5de-5fd9904426af, -22.048140, -48.407420,2026-05-07 17:41:00,NPP-375,TRABIJU,SÃO PAULO,Brasil,3554755,35,33,7,0.0,1.0,Cerrado,6.3
b3359b5b-d5f2-3c6c-868c-be73279b8d9b, -19.229770, -53.856130,2026-05-07 17:41:00,NPP-375,CAMAPUÃ,MATO GROSSO DO SUL,Brasil,5002605,50,33,4,0.0,1.0,Cerrado,27.9
c6d545cc-1165-31c3-8d57-6f229495eb31, -10.661890, -49.705740,2026-05-07 17:41:00,NPP-375,LAGOA DA CONFUSÃO,TOCANTINS,Brasil,1711902,17,33,7,0.0,0.35,Cerrado,9.9
708ca7b5-9eed-3454-9243-e18386e87f6d, -13.179860, -52.684730,2026-05-07 17:41:00,NPP-375,CANARANA,MATO GROSSO,Brasil,5102702,51,33,8,0.0,0.21,Amazônia,22.2
40a62d80-11bb-37fd-bfd8-2367044cb64c, -12.345760, -50.017730,2026-05-07 17:41:00,NPP-375,SANDOLÂNDIA,TOCANTINS,Brasil,1718840,17,33,8,0.0,0.47,Cerrado,18.0
4ea8bc3c-670e-3528-9420-0826254b4c67, -12.551990, -54.611960,2026-05-07 17:41:00,NPP-375,NOVA UBIRATÃ,MATO GROSSO,Brasil,5106240,51,33,7,0.0,0.11,Amazônia,12.4
916a1011-4dd9-3556-93e8-b9d675a34ac3, -19.233710, -53.855300,2026-05-07 17:41:00,NPP-375,CAMAPUÃ,MATO GROSSO DO SUL,Brasil,5002605,50,33,4,0.0,1.0,Cerrado,27.9
ce70a789-74ea-3e0b-be73-4ba98a5647ed, -22.874270, -48.633310,2026-05-07 17:41:00,NPP-375,BOTUCATU,SÃO PAULO,Brasil,3507506,35,33,4,0.0,1.0,Cerrado,4.6
a2c59504-1ed7-3db4-ab9d-f3233eead79c, -12.782690, -59.001720,2026-05-07 17:41:00,NPP-375,CAMPOS DE JÚLIO,MATO GROSSO,Brasil,5102686,51,33,7,0.3,0.83,Cerrado,19.5
e65a4287-bb93-3838-b16d-06b8fb07cc6b, -23.690710, -51.666920,2026-05-07 17:41:00,NPP-375,JANDAIA DO SUL,PARANÁ,Brasil,4112108,41,33,4,0.0,0.18,Mata Atlântica,4.9
4177a6d4-952a-3cda-9859-b8522770aaf8, -11.439740, -49.482090,2026-05-07 17:41:00,NPP-375,DUERÉ,TOCANTINS,Brasil,1707306,17,33,8,0.0,0.36,Cerrado,9.8
290cbc18-38cf-38fa-ba34-3c8ca4fcad0b, -20.225650, -56.124500,2026-05-07 17:41:00,NPP-375,AQUIDAUANA,MATO GROSSO DO SUL,Brasil,5001102,50,33,4,0.0,0.37,Cerrado,4.1
3e5190e7-4452-3a15-9e46-70f69ecd28b5, -18.862620, -53.581750,2026-05-07 17:41:00,NPP-375,FIGUEIRÃO,MATO GROSSO DO SUL,Brasil,5003900,50,33,7,0.0,1.0,Cerrado,4.6
2f230d44-4bfb-3950-baf2-7aca659849fb, -12.775340, -58.999150,2026-05-07 17:41:00,NPP-375,CAMPOS DE JÚLIO,MATO GROSSO,Brasil,5102686,51,33,7,0.3,0.3,Cerrado,79.5
cca5b5a8-cd49-3f32-91cd-d397f5743f4f, -11.201770, -46.164710,2026-05-07 17:41:00,NPP-375,FORMOSA DO RIO PRETO,BAHIA,Brasil,2911105,29,33,17,0.0,0.73,Cerrado,21.8
2ec61d4a-2644-3b41-a8ea-a8e4703f959f, -10.820620, -49.705270,2026-05-07 17:41:00,NPP-375,LAGOA DA CONFUSÃO,TOCANTINS,Brasil,1711902,17,33,4,0.0,0.88,Cerrado,2.9
c7582201-d56e-3e61-811f-81652be9e2d2, -11.781320, -49.703370,2026-05-07 17:41:00,NPP-375,FORMOSO DO ARAGUAIA,TOCANTINS,Brasil,1708205,17,33,8,0.0,0.84,Cerrado,4.2
add72faa-5d87-3f80-bbd9-a1372a512e8e, -10.818370, -49.705080,2026-05-07 17:41:00,NPP-375,LAGOA DA CONFUSÃO,TOCANTINS,Brasil,1711902,17,33,4,0.0,0.88,Cerrado,4.4
fc7a8378-48ac-31ed-a2f5-ec9823c485b5, -22.628440, -47.182620,2026-05-07 17:41:00,NPP-375,COSMÓPOLIS,SÃO PAULO,Brasil,3512803,35,33,8,0.0,1.0,Cerrado,4.3
704cb0bd-e4a5-3c65-983b-8b142c5cee73, -12.786060, -59.001160,2026-05-07 17:41:00,NPP-375,CAMPOS DE JÚLIO,MATO GROSSO,Brasil,5102686,51,33,7,0.3,1.0,Cerrado,19.5
d16b0da9-e856-33c2-bde0-4cca5399731f, -15.854020, -46.531950,2026-05-07 17:41:00,NPP-375,UNAÍ,MINAS GERAIS,Brasil,3170404,31,33,22,0.0,0.69,Cerrado,10.5
fb263a98-dc44-3983-be66-90d52f95ccd9, -18.333910, -54.523960,2026-05-07 17:41:00,NPP-375,COXIM,MATO GROSSO DO SUL,Brasil,5003306,50,33,9,0.0,1.0,Cerrado,7.1
f3f35fcc-d764-3315-a463-c273242a9d42, -17.955510, -51.208900,2026-05-07 17:41:00,NPP-375,RIO VERDE,GOIÁS,Brasil,5218805,52,33,23,0.0,1.0,Cerrado,10.7
dc798a6f-e87b-36cb-bb25-c99e884cf698, -12.772620, -59.007120,2026-05-07 17:41:00,NPP-375,CAMPOS DE JÚLIO,MATO GROSSO,Brasil,5102686,51,33,7,0.3,0.19,Cerrado,33.4
a386d727-f0a8-3948-b090-40d4728ad573, -12.544970, -54.621430,2026-05-07 17:41:00,NPP-375,NOVA UBIRATÃ,MATO GROSSO,Brasil,5106240,51,33,7,0.0,0.11,Amazônia,3.2
b9914fa0-759c-3b25-bc73-1d100dfe7ea9, -18.078550, -46.368930,2026-05-07 17:41:00,NPP-375,PRESIDENTE OLEGÁRIO,MINAS GERAIS,Brasil,3153400,31,33,19,0.0,0.6,Cerrado,12.1
fb4cd218-6e0b-3feb-ab65-7c543f3c229d, -23.779170, -55.186100,2026-05-07 17:41:00,NPP-375,PARANHOS,MATO GROSSO DO SUL,Brasil,5006358,50,33,4,0.0,0.93,Mata Atlântica,2.8
e806a7b9-a80e-32f5-8eb8-4e4dd5b000fe, -14.567410, -58.923330,2026-05-07 17:41:00,NPP-375,TANGARÁ DA SERRA,MATO GROSSO,Brasil,5107958,51,33,7,0.0,0.24,Cerrado,21.7
bf67e532-663f-3a4e-97c3-25287fc7158b, -12.779890, -59.005950,2026-05-07 17:41:00,NPP-375,CAMPOS DE JÚLIO,MATO GROSSO,Brasil,5102686,51,33,7,0.3,0.58,Cerrado,91.5
113fbf3c-f325-352d-ad52-089a4e60d530, -21.679240, -48.786150,2026-05-07 17:41:00,NPP-375,ITÁPOLIS,SÃO PAULO,Brasil,3522703,35,33,9,0.0,1.0,Cerrado,32.9
f55a7ce6-4295-3aa4-a592-d41ddcdd88db, -11.818960, -47.339440,2026-05-07 17:41:00,NPP-375,ALMAS,TOCANTINS,Brasil,1700400,17,33,9,0.0,0.39,Cerrado,13.6
4bbd07c4-5ea9-3dcc-879b-7e261609c12d, -16.445810, -54.542460,2026-05-07 17:41:00,NPP-375,RONDONÓPOLIS,MATO GROSSO,Brasil,5107602,51,33,8,0.0,1.0,Cerrado,3.8
3b1b409e-1ced-3af7-905e-6bdfd7265741, -12.777100, -59.010160,2026-05-07 17:41:00,NPP-375,CAMPOS DE JÚLIO,MATO GROSSO,Brasil,5102686,51,33,7,0.3,0.3,Cerrado,11.4
6d82ebff-70a6-3438-a150-3b934169b5bf, -12.771390, -58.977160,2026-05-07 17:41:00,NPP-375,CAMPOS DE JÚLIO,MATO GROSSO,Brasil,5102686,51,33,6,0.3,0.28,Cerrado,9.8
64404e57-a44c-3ed7-aaa8-52892317a5a3, -12.776000, -59.006570,2026-05-07 17:41:00,NPP-375,CAMPOS DE JÚLIO,MATO GROSSO,Brasil,5102686,51,33,7,0.3,0.25,Cerrado,33.4
f809e589-4c28-3167-93b8-4c47c1a9042a, -10.532330, -49.923140,2026-05-07 17:41:00,NPP-375,PIUM,TOCANTINS,Brasil,1717503,17,33,8,0.0,0.85,Cerrado,4.8
27df9eeb-4e91-338c-b8de-5e6dcb0d12c2, -17.530570, -53.690530,2026-05-07 17:41:00,NPP-375,ALTO ARAGUAIA,MATO GROSSO,Brasil,5100300,51,33,8,0.0,0.98,Cerrado,5.3
49db5e05-b14d-3805-92e8-5d19d9717e7d, -16.891520, -53.497910,2026-05-07 17:41:00,NPP-375,ALTO GARÇAS,MATO GROSSO,Brasil,5100409,51,33,8,0.0,0.9,Cerrado,5.7
e908ce81-f70e-3102-a455-54a41b58c7cb, -18.508530, -55.511180,2026-05-07 17:41:00,NPP-375,CORUMBÁ,MATO GROSSO DO SUL,Brasil,5003207,50,33,10,0.0,0.99,Pantanal,6.8
948ecef1-e55c-3ae6-9282-0e4dbfcc2902, -11.640900, -58.257630,2026-05-07 17:41:00,NPP-375,BRASNORTE,MATO GROSSO,Brasil,5101902,51,33,2,0.0,0.87,Amazônia,10.6
4f8661bf-eff8-3a20-b492-66042adf9d1e, -23.921820, -53.795600,2026-05-07 17:41:00,NPP-375,ALTÔNIA,PARANÁ,Brasil,4100509,41,33,4,0.1,1.0,Mata Atlântica,3.0
c271fcd7-b746-3e79-a339-69162ab1854f, -22.917520, -48.686150,2026-05-07 17:41:00,NPP-375,BOTUCATU,SÃO PAULO,Brasil,3507506,35,33,4,0.0,0.23,Cerrado,6.3
5c907988-b945-352a-baad-805879874a73, -13.195910, -52.692280,2026-05-07 17:41:00,NPP-375,CANARANA,MATO GROSSO,Brasil,5102702,51,33,8,0.0,0.28,Amazônia,70.3
89cf6ae8-8251-3c2d-91fc-8ce0440db15d, -12.771460, -58.999770,2026-05-07 17:41:00,NPP-375,CAMPOS DE JÚLIO,MATO GROSSO,Brasil,5102686,51,33,7,0.3,0.28,Cerrado,14.8
720d1d36-09b5-35bf-97c5-aa633e2e1b76, -14.324440, -57.735310,2026-05-07 17:41:00,NPP-375,TANGARÁ DA SERRA,MATO GROSSO,Brasil,5107958,51,33,8,0.0,0.3,Amazônia,8.0
47865c36-e379-3a72-88c9-a6bbc424cc0c, -12.150310, -54.642740,2026-05-07 17:41:00,NPP-375,FELIZ NATAL,MATO GROSSO,Brasil,5103700,51,33,7,0.0,0.08,Amazônia,10.0
a125857b-767b-34fe-adb7-cf27b3e44d9e, -12.393040, -58.508560,2026-05-07 17:41:00,NPP-375,SAPEZAL,MATO GROSSO,Brasil,5107875,51,33,9,0.0,0.12,Cerrado,0.8
a0c40df8-ffab-3077-b8a2-4ccb45a04607, -16.805450, -51.155620,2026-05-07 17:41:00,NPP-375,IVOLÂNDIA,GOIÁS,Brasil,5211602,52,33,15,0.0,0.7,Cerrado,10.2
0cdbca06-a646-3194-be54-6e3c6fb397ef, -12.768660, -59.004010,2026-05-07 17:41:00,NPP-375,CAMPOS DE JÚLIO,MATO GROSSO,Brasil,5102686,51,33,7,0.3,0.26,Cerrado,4.1
ca929633-92eb-3eb1-9918-44cf5eea0abe, -11.603590, -55.331790,2026-05-07 17:41:00,NPP-375,SINOP,MATO GROSSO,Brasil,5107909,51,33,7,0.0,0.11,Amazônia,4.0
bb90eab5-100e-310d-8bf1-d4d2b187e7c4, -19.237640, -53.854490,2026-05-07 17:41:00,NPP-375,CAMAPUÃ,MATO GROSSO DO SUL,Brasil,5002605,50,33,4,0.0,1.0,Cerrado,47.2
0e2577e7-96bc-3182-8bcb-2735b0e25ea3, -10.673010, -49.698940,2026-05-07 17:41:00,NPP-375,LAGOA DA CONFUSÃO,TOCANTINS,Brasil,1711902,17,33,7,0.0,0.87,Cerrado,9.3
38b02c11-d874-3bb8-8ea3-0f7c9a43bb78, -19.563320, -52.521530,2026-05-07 17:41:00,NPP-375,ÁGUA CLARA,MATO GROSSO DO SUL,Brasil,5000203,50,33,7,0.0,0.32,Cerrado,15.7
f2197a05-e487-32db-b1d9-1cfec0b97413, -20.647250, -44.442440,2026-05-07 17:41:00,NPP-375,PASSA TEMPO,MINAS GERAIS,Brasil,3147709,31,33,9,0.0,0.97,Mata Atlântica,8.4
10a0244f-490f-354c-99be-1e1ca78bd3f4, -16.806490, -51.160770,2026-05-07 17:41:00,NPP-375,IVOLÂNDIA,GOIÁS,Brasil,5211602,52,33,15,0.0,1.0,Cerrado,8.4
c09a96fc-430c-3449-9cda-8d0da0d37c15, -24.016420, -53.646400,2026-05-07 17:41:00,NPP-375,IPORÃ,PARANÁ,Brasil,4110607,41,33,4,0.2,0.84,Mata Atlântica,5.7
af4bb8d8-28b1-3a90-a12b-6c4931d98e69, -22.955400, -53.204890,2026-05-07 17:41:00,NPP-375,LOANDA,PARANÁ,Brasil,4113502,41,33,5,0.0,1.0,Mata Atlântica,6.6
485b4e4b-9a6e-37d8-b0ca-37ee255d72bf, -22.956330, -53.210040,2026-05-07 17:41:00,NPP-375,LOANDA,PARANÁ,Brasil,4113502,41,33,5,0.0,1.0,Mata Atlântica,6.6
bd02bdd8-13b1-38c2-b448-43bf820e5881, -14.581970, -58.928420,2026-05-07 17:41:00,NPP-375,TANGARÁ DA SERRA,MATO GROSSO,Brasil,5107958,51,33,7,0.0,0.23,Cerrado,22.9
ca6b09ce-0f44-30ca-a107-36557cea9cf2, -12.774260, -58.995520,2026-05-07 17:41:00,NPP-375,CAMPOS DE JÚLIO,MATO GROSSO,Brasil,5102686,51,33,7,0.3,0.28,Cerrado,14.8
d6698a04-cdeb-393f-be49-0062d08f8ed8, -12.496350, -58.479580,2026-05-07 17:41:00,NPP-375,SAPEZAL,MATO GROSSO,Brasil,5107875,51,33,9,0.0,0.13,Cerrado,6.1
1b2b89e1-57f3-3096-9c7d-10ba8c3dcedd, -12.774470, -60.201750,2026-05-07 17:41:00,NPP-375,VILHENA,RONDÔNIA,Brasil,1100304,11,33,8,0.0,0.93,Amazônia,6.9
03622e23-88ac-39e2-b3b8-be6f4cdf6e24, -16.804670, -51.158660,2026-05-07 17:41:00,NPP-375,IVOLÂNDIA,GOIÁS,Brasil,5211602,52,33,15,0.0,0.9,Cerrado,12.5
52bcd573-ba19-3197-9fde-558498e54603, -11.470120, -52.920330,2026-05-07 17:41:00,NPP-375,SÃO FÉLIX DO ARAGUAIA,MATO GROSSO,Brasil,5107859,51,33,7,0.0,0.07,Amazônia,6.8
21f1ffaf-0240-3a3f-a6eb-a59201d991df, -12.770890, -58.996080,2026-05-07 17:41:00,NPP-375,CAMPOS DE JÚLIO,MATO GROSSO,Brasil,5102686,51,33,7,0.3,0.28,Cerrado,14.8
b8665fab-d428-3bd4-9c96-c6ed77a2f55d, -12.774750, -58.995470,2026-05-07 17:41:00,NPP-375,CAMPOS DE JÚLIO,MATO GROSSO,Brasil,5102686,51,33,7,0.3,0.28,Cerrado,79.5
9ab93f66-89d6-3a76-8725-17e7b7a6ecfa, -14.575820, -58.933140,2026-05-07 17:41:00,NPP-375,TANGARÁ DA SERRA,MATO GROSSO,Brasil,5107958,51,33,7,0.0,0.23,Cerrado,9.5
8a1bb42e-e0a2-30d3-975a-338e129b406f, -11.602960, -55.328120,2026-05-07 17:41:00,NPP-375,SINOP,MATO GROSSO,Brasil,5107909,51,33,7,0.0,0.11,Amazônia,7.9
c2fc7475-0645-3644-8414-06273b32981b, -16.163990, -58.485900,2026-05-07 17:43:00,NPP-375,CÁCERES,MATO GROSSO,Brasil,5102504,51,33,8,0.0,0.16,Pantanal,14.3
a755cda9-daca-386a-8a9e-bcc2dafd5698,  -7.594250, -49.576710,2026-05-07 17:43:00,NPP-375,FLORESTA DO ARAGUAIA,PARÁ,Brasil,1503044,15,33,4,0.0,0.42,Amazônia,7.1
b5b6076c-5ca4-3d93-a443-fa30fc7b760e, -14.124750, -45.340580,2026-05-07 17:43:00,NPP-375,JABORANDI,BAHIA,Brasil,2917359,29,33,27,0.0,0.83,Cerrado,16.8
86779212-a8f0-3bee-8347-cf7cd7329a45,  -7.288930, -49.623070,2026-05-07 17:43:00,NPP-375,RIO MARIA,PARÁ,Brasil,1506161,15,33,4,0.0,0.52,Amazônia,32.8
ca8c5de3-ae91-3736-a0ff-bdc25ee68f45, -16.164580, -58.489570,2026-05-07 17:43:00,NPP-375,CÁCERES,MATO GROSSO,Brasil,5102504,51,33,8,0.0,0.14,Pantanal,14.6
30e37b2f-10e7-3997-9855-63d219c29a0e,  -5.859230, -47.747150,2026-05-07 17:43:00,NPP-375,SÃO BENTO DO TOCANTINS,TOCANTINS,Brasil,1720101,17,33,4,0.0,0.22,Cerrado,7.8
7dc0786c-5a99-3013-8089-a7d82b9b6c1f, -16.158440, -58.494390,2026-05-07 17:43:00,NPP-375,CÁCERES,MATO GROSSO,Brasil,5102504,51,33,8,0.0,0.83,Pantanal,3.3
bb4f6563-d7bb-3f85-9d09-261005085500, -13.831090, -49.392220,2026-05-07 17:43:00,NPP-375,AMARALINA,GOIÁS,Brasil,5200829,52,33,19,0.0,0.74,Cerrado,5.8
0e1ea36d-c406-3721-95d7-2e23a1c843b9, -14.330790, -53.440170,2026-05-07 17:43:00,NPP-375,CAMPINÁPOLIS,MATO GROSSO,Brasil,5102603,51,33,9,0.0,0.48,Cerrado,7.4
4a898894-1e3d-3973-a45a-ff8b972a8930, -16.426950, -54.915250,2026-05-07 17:43:00,NPP-375,RONDONÓPOLIS,MATO GROSSO,Brasil,5107602,51,33,8,0.0,0.79,Cerrado,7.8
20fb2240-d02f-300c-8468-56c527333a1f,  -7.295340, -49.622110,2026-05-07 17:43:00,NPP-375,RIO MARIA,PARÁ,Brasil,1506161,15,33,4,0.0,0.46,Amazônia,32.8
abad0cc8-ed27-34e9-8366-82a65dff6849,  -7.296310, -49.627290,2026-05-07 17:43:00,NPP-375,RIO MARIA,PARÁ,Brasil,1506161,15,33,4,0.0,0.23,Amazônia,32.8
1deea386-5d86-3f2c-a7d6-8fe113ead41c,  -7.289910, -49.628320,2026-05-07 17:43:00,NPP-375,RIO MARIA,PARÁ,Brasil,1506161,15,33,4,0.0,0.36,Amazônia,32.8
770d11c7-3fbf-3d71-95a6-d8970ee298eb, -14.148340, -52.894580,2026-05-07 17:43:00,NPP-375,ÁGUA BOA,MATO GROSSO,Brasil,5100201,51,33,17,0.0,0.86,Cerrado,5.1
9530ad05-28c5-3979-bd19-d11098188c79,  -7.593100, -49.580170,2026-05-07 17:43:00,NPP-375,FLORESTA DO ARAGUAIA,PARÁ,Brasil,1503044,15,33,4,0.0,0.38,Amazônia,6.8
fda91f49-056d-36b1-a716-696fa43eb138, -14.373590, -46.140590,2026-05-07 17:43:00,NPP-375,MAMBAÍ,GOIÁS,Brasil,5212709,52,33,11,0.0,1.0,Cerrado,10.5
2405dbe9-f3a2-318e-a87a-2e3a5825899c, -16.161800, -58.493820,2026-05-07 17:43:00,NPP-375,CÁCERES,MATO GROSSO,Brasil,5102504,51,33,8,0.0,0.63,Pantanal,3.3
b0dfb9bf-0992-303e-9fac-46c2bd02bf9b, -14.133150, -45.378110,2026-05-07 17:43:00,NPP-375,JABORANDI,BAHIA,Brasil,2917359,29,33,25,0.0,0.81,Cerrado,6.2
bf04798a-3e9c-3f6f-997d-1837f37d102b, -16.416140, -54.922170,2026-05-07 17:43:00,NPP-375,RONDONÓPOLIS,MATO GROSSO,Brasil,5107602,51,33,8,0.0,0.96,Cerrado,15.6
d04b82a3-20cc-39bf-a12f-89c878691ba1, -14.264440, -53.346560,2026-05-07 17:43:00,NPP-375,CAMPINÁPOLIS,MATO GROSSO,Brasil,5102603,51,33,10,0.0,0.54,Cerrado,4.7
16d77146-5598-3144-81c4-7e2dc1045293, -16.419770, -54.919290,2026-05-07 17:43:00,NPP-375,RONDONÓPOLIS,MATO GROSSO,Brasil,5107602,51,33,8,0.0,0.78,Cerrado,10.4
373d176d-8f85-368e-a129-d561b5d5f4fa,  -8.696710, -49.089470,2026-05-07 17:43:00,NPP-375,GOIANORTE,TOCANTINS,Brasil,1708304,17,33,7,0.0,0.17,Cerrado,10.5
1ec8fac9-f2c0-3b9c-a21f-4886065bae03,  -9.849810, -60.785950,2026-05-07 17:43:00,NPP-375,RONDOLÂNDIA,MATO GROSSO,Brasil,5107578,51,33,3,0.05,0.08,Amazônia,4.4
ad8fea11-8d5f-3dd3-b953-7eaafdfc9c02, -14.687100, -46.168230,2026-05-07 17:43:00,NPP-375,SÍTIO D'ABADIA,GOIÁS,Brasil,5220702,52,33,13,0.0,0.95,Cerrado,8.1
eca6782f-74ba-3a73-9fe3-4bfd2bb3d067, -16.422790, -54.913750,2026-05-07 17:43:00,NPP-375,RONDONÓPOLIS,MATO GROSSO,Brasil,5107602,51,33,8,0.0,0.85,Cerrado,10.4
46a213bb-3ca2-34e2-8376-b053bf041359, -14.335190, -53.439270,2026-05-07 17:43:00,NPP-375,CAMPINÁPOLIS,MATO GROSSO,Brasil,5102603,51,33,9,0.0,0.49,Cerrado,7.4
399c7659-70fe-371b-9262-befcb73d1148, -16.157490, -58.495040,2026-05-07 17:43:00,NPP-375,CÁCERES,MATO GROSSO,Brasil,5102504,51,33,8,0.0,0.89,Pantanal,6.3
0ace5eb6-dc17-3ddc-bae0-e4dd2f57db78,  -6.704260, -49.787210,2026-05-07 17:43:00,NPP-375,ÁGUA AZUL DO NORTE,PARÁ,Brasil,1500347,15,33,3,0.0,0.46,Amazônia,7.9
4980059d-f3ce-3efc-936d-c13eded3edd0, -16.426670, -54.913020,2026-05-07 17:43:00,NPP-375,RONDONÓPOLIS,MATO GROSSO,Brasil,5107602,51,33,8,0.0,0.87,Cerrado,7.4
253fa5bb-45d1-384a-ba10-cb002ffae0fe, -14.441650, -48.085740,2026-05-07 17:43:00,NPP-375,NIQUELÂNDIA,GOIÁS,Brasil,5214606,52,33,10,0.0,0.83,Cerrado,11.2
07f541f3-2f7d-3c74-a61b-53e62232e981,  -6.697870, -49.788250,2026-05-07 17:43:00,NPP-375,ÁGUA AZUL DO NORTE,PARÁ,Brasil,1500347,15,33,3,0.0,0.57,Amazônia,7.7
a0fc7ab2-5dc3-3aae-8991-1039d84216b5, -16.419180, -54.916640,2026-05-07 17:43:00,NPP-375,RONDONÓPOLIS,MATO GROSSO,Brasil,5107602,51,33,8,0.0,0.86,Cerrado,10.1
9bf45a3a-fddb-34bb-919a-c5033fddb395, -16.426090, -54.910310,2026-05-07 17:43:00,NPP-375,RONDONÓPOLIS,MATO GROSSO,Brasil,5107602,51,33,8,0.0,0.98,Cerrado,7.8
28b75ca9-5092-3152-b5fa-0cbf8a152d5f, -10.635510, -59.420290,2026-05-07 17:43:00,NPP-375,ARIPUANÃ,MATO GROSSO,Brasil,5101407,51,33,0,0.0,0.36,Amazônia,5.1
ec35c04c-7714-31f5-90ca-5887cb4b0841,  -7.766370, -49.322640,2026-05-07 17:43:00,NPP-375,CONCEIÇÃO DO ARAGUAIA,PARÁ,Brasil,1502707,15,33,4,0.0,0.44,Amazônia,10.2
4d6d6174-f19f-32b5-81c4-d774d7ead329, -14.380570, -46.139430,2026-05-07 17:43:00,NPP-375,MAMBAÍ,GOIÁS,Brasil,5212709,52,33,11,0.0,1.0,Cerrado,10.5
1105739a-3a52-38dc-a403-9d7c6318b3a3, -16.425780, -54.908060,2026-05-07 17:43:00,NPP-375,RONDONÓPOLIS,MATO GROSSO,Brasil,5107602,51,33,8,0.0,0.87,Cerrado,9.7
eefcfff9-98db-37e8-8178-1133d049904a, -15.427800, -56.314750,2026-05-07 17:43:00,NPP-375,VÁRZEA GRANDE,MATO GROSSO,Brasil,5108402,51,33,7,0.0,0.38,Cerrado,5.1
3add64c7-66fd-3ea6-97a2-8f196a161306, -15.409440, -51.061370,2026-05-07 17:43:00,NPP-375,BRITÂNIA,GOIÁS,Brasil,5203807,52,33,19,0.0,1.0,Cerrado,9.9
4fb71e23-17e7-3f2c-a358-9b86a4a9ff79,  -7.633820, -48.037330,2026-05-07 17:43:00,NPP-375,PALMEIRANTE,TOCANTINS,Brasil,1715705,17,33,12,0.0,0.29,Cerrado,9.2
104151b6-998f-3e88-8563-d4107f596ca3,  -5.860470, -47.751410,2026-05-07 17:43:00,NPP-375,SÃO BENTO DO TOCANTINS,TOCANTINS,Brasil,1720101,17,33,4,0.0,0.21,Cerrado,5.1
e6bd22e7-9970-36f4-9d92-dc94b8cc2d6e, -16.161220, -58.490140,2026-05-07 17:43:00,NPP-375,CÁCERES,MATO GROSSO,Brasil,5102504,51,33,8,0.0,0.46,Pantanal,3.3
6744982f-e1dc-3e7e-84a5-225538fa57b2, -16.421900, -54.908820,2026-05-07 17:43:00,NPP-375,RONDONÓPOLIS,MATO GROSSO,Brasil,5107602,51,33,8,0.0,0.95,Cerrado,4.0
82c5c64f-9ca4-3dc3-8b40-636101e23711, -14.687870, -46.168380,2026-05-07 17:43:00,NPP-375,SÍTIO D'ABADIA,GOIÁS,Brasil,5220702,52,33,13,0.0,0.96,Cerrado,23.8
27a5bb36-9ce1-30d1-9ea7-e1f63312f32d, -13.696110, -52.582040,2026-05-07 17:43:00,NPP-375,ÁGUA BOA,MATO GROSSO,Brasil,5100201,51,33,8,0.0,0.88,Cerrado,70.2
0be09a93-0fdc-3a67-951c-c6f86b0b11cb,  -9.074830, -51.152290,2026-05-07 17:43:00,NPP-375,CUMARU DO NORTE,PARÁ,Brasil,1502764,15,33,8,0.0,0.97,Amazônia,6.9
c2972c1d-6051-367e-bec0-ae26ae8d6460,  -8.823450, -70.114330,2026-05-07 17:43:00,NPP-375,FEIJÓ,ACRE,Brasil,1200302,12,33,0,0.2,0.01,Amazônia,0.6
d4a8c881-4ccb-3602-ac81-a4e7c26ba39e,  -9.249960, -60.334710,2026-05-07 17:43:00,NPP-375,COLNIZA,MATO GROSSO,Brasil,5103254,51,33,0,0.0,-999.0,Amazônia,5.3
99302b66-49e1-3408-bf45-06a5ac4dee0b,  -9.208430, -70.047360,2026-05-07 17:43:00,NPP-375,SANTA ROSA DO PURUS,ACRE,Brasil,1200435,12,33,1,0.05,0.01,Amazônia,0.6
61ec7279-fb37-3271-98b1-6a0d33556e84, -15.386140, -59.845180,2026-05-07 17:43:00,NPP-375,VILA BELA DA SANTÍSSIMA TRINDADE,MATO GROSSO,Brasil,5105507,51,33,7,0.0,0.38,Amazônia,2.7
116a3199-560e-3379-86ec-38c47ce2ed82, -14.117460, -45.341930,2026-05-07 17:43:00,NPP-375,JABORANDI,BAHIA,Brasil,2917359,29,33,27,0.0,0.83,Cerrado,16.8
6e11128b-7f88-3cca-9eac-3524814dee0e, -14.766570, -54.352970,2026-05-07 17:43:00,NPP-375,PRIMAVERA DO LESTE,MATO GROSSO,Brasil,5107040,51,33,8,0.0,0.32,Cerrado,7.5
a1bffc6a-b2fa-3da5-a802-473f5f49288e, -14.134860, -45.385720,2026-05-07 17:43:00,NPP-375,JABORANDI,BAHIA,Brasil,2917359,29,33,24,0.0,0.81,Cerrado,6.2
5ea50e44-fe31-3080-abe4-5311787a235b, -14.132010, -45.339070,2026-05-07 17:43:00,NPP-375,JABORANDI,BAHIA,Brasil,2917359,29,33,27,0.0,0.82,Cerrado,13.9
c7fae14b-6054-379a-ac94-e89d23fc58c1, -14.443780, -48.085070,2026-05-07 17:43:00,NPP-375,NIQUELÂNDIA,GOIÁS,Brasil,5214606,52,33,10,0.0,0.94,Cerrado,3.6
94982c2d-41e9-35d3-b03b-9de0bcc388ad, -14.686460, -55.823510,2026-05-07 17:43:00,NPP-375,ROSÁRIO OESTE,MATO GROSSO,Brasil,5107701,51,33,9,0.0,1.0,Cerrado,6.2
ee84b57a-a7eb-34fd-8610-96b295498025, -16.420020, -54.921510,2026-05-07 17:43:00,NPP-375,RONDONÓPOLIS,MATO GROSSO,Brasil,5107602,51,33,8,0.0,0.8,Cerrado,15.6
900840b7-6147-39fc-a819-638a97301c82, -14.437680, -48.086760,2026-05-07 17:43:00,NPP-375,NIQUELÂNDIA,GOIÁS,Brasil,5214606,52,33,10,0.0,0.63,Cerrado,7.7
2babe0de-6acb-3688-84f1-63766034d9e5, -14.139250, -45.337470,2026-05-07 17:43:00,NPP-375,JABORANDI,BAHIA,Brasil,2917359,29,33,27,0.0,0.82,Cerrado,13.9
0013faee-6da1-371e-9004-f7d8d1c7fbf2, -15.410040, -51.064380,2026-05-07 17:43:00,NPP-375,BRITÂNIA,GOIÁS,Brasil,5203807,52,33,19,0.0,1.0,Cerrado,9.9
03b8eaa0-3026-3677-b408-9e640e214fc9, -16.170720, -58.484770,2026-05-07 17:43:00,NPP-375,CÁCERES,MATO GROSSO,Brasil,5102504,51,33,8,0.0,0.36,Pantanal,22.0
231f916c-ff86-35eb-9b3f-4d66faa153f1, -16.167350, -58.485330,2026-05-07 17:43:00,NPP-375,CÁCERES,MATO GROSSO,Brasil,5102504,51,33,8,0.0,0.22,Pantanal,14.3
cc05710a-b13b-3589-9508-79195cfdb487,  -5.007710, -49.227550,2026-05-07 17:43:00,NPP-375,NOVA IPIXUNA,PARÁ,Brasil,1504976,15,33,1,1.88,0.13,Amazônia,8.0
9b45d043-11e4-363c-83d2-36a94a047ed3, -14.694000, -46.166900,2026-05-07 17:43:00,NPP-375,SÍTIO D'ABADIA,GOIÁS,Brasil,5220702,52,33,14,0.0,0.97,Cerrado,8.1
c98414a4-d093-3d62-9b3c-80d0e72b5f3a, -15.410630, -51.067390,2026-05-07 17:43:00,NPP-375,BRITÂNIA,GOIÁS,Brasil,5203807,52,33,19,0.0,1.0,Cerrado,6.8
f56de249-b1b0-3ed5-bb17-9617ffb18d93, -16.423070, -54.915960,2026-05-07 17:43:00,NPP-375,RONDONÓPOLIS,MATO GROSSO,Brasil,5107602,51,33,8,0.0,0.76,Cerrado,7.8
de6f6aff-2401-3dfa-9a3e-3581de584769,  -8.889620, -48.393950,2026-05-07 17:43:00,NPP-375,GUARAÍ,TOCANTINS,Brasil,1709302,17,33,9,0.0,0.41,Cerrado,6.8
ff359b40-4949-3148-aaa6-2f84de0a7363, -14.375270, -46.142890,2026-05-07 17:43:00,NPP-375,MAMBAÍ,GOIÁS,Brasil,5212709,52,33,11,0.0,1.0,Cerrado,14.2
a82b9cc4-3c27-392f-ace0-49a7f63a3ebe, -16.234980, -59.235010,2026-05-07 17:43:00,NPP-375,PORTO ESPERIDIÃO,MATO GROSSO,Brasil,5106828,51,33,6,0.0,0.6,Amazônia,3.2
9aed0010-e0be-3c5c-bf89-7a4ea7127bdd, -16.167940, -58.489010,2026-05-07 17:43:00,NPP-375,CÁCERES,MATO GROSSO,Brasil,5102504,51,33,8,0.0,0.34,Pantanal,14.6
ea47edbe-3dda-3626-bc6c-6ee8db08bac5,  -1.869290, -55.407100,2026-05-07 17:45:00,NPP-375,ÓBIDOS,PARÁ,Brasil,1505106,15,33,0,1.57,0.0,Amazônia,3.5
f0d77655-f0d9-386b-bff3-9d35562029c7,   3.214220, -61.036610,2026-05-07 17:45:00,NPP-375,ALTO ALEGRE,RORAIMA,Brasil,1400050,14,33,6,0.1,0.74,Amazônia,5.1
f20356af-9255-3b65-a953-b7526d7d1cfe,   3.574460, -61.730360,2026-05-07 17:45:00,NPP-375,AMAJARI,RORAIMA,Brasil,1400027,14,33,1,0.0,0.11,Amazônia,7.2
69076c3a-b07f-3220-b357-872a259f74f2,   3.790460, -61.463960,2026-05-07 17:45:00,NPP-375,AMAJARI,RORAIMA,Brasil,1400027,14,33,3,0.0,0.56,Amazônia,4.8
7ce994d0-4221-37f7-96b9-462eb8f52c92,  -1.976440, -54.040030,2026-05-07 17:45:00,NPP-375,MONTE ALEGRE,PARÁ,Brasil,1504802,15,33,0,2.1,0.0,Amazônia,3.8
89f07025-3231-3473-b40c-b817ce4c9ad5,   3.371160, -60.416340,2026-05-07 17:45:00,NPP-375,BOA VISTA,RORAIMA,Brasil,1400100,14,33,0,0.0,0.84,Amazônia,3.8
ace15955-1976-3489-8847-889d08b39ce2,   3.364190, -60.437680,2026-05-07 17:45:00,NPP-375,BOA VISTA,RORAIMA,Brasil,1400100,14,33,0,0.0,0.84,Amazônia,3.8
0dc2ee29-e7a8-349c-b57c-6c1e28aa049d,   3.575030, -61.726520,2026-05-07 17:45:00,NPP-375,AMAJARI,RORAIMA,Brasil,1400027,14,33,1,0.0,0.11,Amazônia,7.2
b2e6283e-374f-38b3-8967-741aff30afa2,   2.412440, -60.699660,2026-05-07 17:45:00,NPP-375,CANTÁ,RORAIMA,Brasil,1400175,14,33,0,0.7,0.07,Amazônia,3.6
3ec91912-21f4-3298-8170-b9a80e775a6f,   3.786920, -61.463450,2026-05-07 17:45:00,NPP-375,AMAJARI,RORAIMA,Brasil,1400027,14,33,3,0.0,0.56,Amazônia,3.1
a2a24c08-f9a3-352f-9b02-7553c383deaf,   4.102870, -61.350320,2026-05-07 17:45:00,NPP-375,AMAJARI,RORAIMA,Brasil,1400027,14,33,2,0.0,0.12,Amazônia,5.3
dce7b8c0-9c1c-3a70-9268-621b32b60590,   4.102260, -61.354360,2026-05-07 17:45:00,NPP-375,AMAJARI,RORAIMA,Brasil,1400027,14,33,2,0.0,0.12,Amazônia,4.0
0fc10f0c-3e60-3d0f-b9ee-2b323a162199,   3.622740, -61.811980,2026-05-07 17:45:00,NPP-375,AMAJARI,RORAIMA,Brasil,1400027,14,33,2,0.0,0.23,Amazônia,3.0
3ddfa203-2fbb-36a6-b397-ba678417e0b1, -12.350800, -50.026600,2026-05-07 17:50:00,GOES-19,SANDOLÂNDIA,TOCANTINS,Brasil,1718840,17,33,8,0.0,0.48,Cerrado,69.4
dac21993-a6d7-35f5-bf00-49638299ade2, -12.762900, -59.011100,2026-05-07 17:50:00,GOES-19,CAMPOS DE JÚLIO,MATO GROSSO,Brasil,5102686,51,33,7,0.3,0.24,Cerrado,160.5
298d1f3a-fa8f-3c92-95a3-6e952cd92b18, -16.165500, -58.484200,2026-05-07 17:50:00,GOES-19,CÁCERES,MATO GROSSO,Brasil,5102504,51,33,8,0.0,0.13,Pantanal,71.7
f5d61e45-605b-3f0c-b675-b915145daa1c, -11.787900, -47.088400,2026-05-07 17:50:00,GOES-19,DIANÓPOLIS,TOCANTINS,Brasil,1707009,17,33,10,0.0,0.37,Cerrado,84.3
8d3a0da6-2f87-300e-8614-fb387bfcb299, -13.188200, -52.692200,2026-05-07 17:50:00,GOES-19,CANARANA,MATO GROSSO,Brasil,5102702,51,33,8,0.0,0.21,Amazônia,555.7
0bd868f9-1886-350f-be51-b0ea052c6056, -12.781900, -59.009600,2026-05-07 17:50:00,GOES-19,CAMPOS DE JÚLIO,MATO GROSSO,Brasil,5102686,51,33,7,0.3,0.73,Cerrado,273.8
e5f81902-546b-3414-b0c1-f11d3796249c,  -6.322500, -44.631300,2026-05-07 17:50:00,GOES-19,MIRADOR,MARANHÃO,Brasil,2106706,21,33,4,0.0,0.32,Cerrado,57.2
60989bf2-36e6-3c9e-9cb5-660ab9845e3d, -11.192700, -46.154600,2026-05-07 17:50:00,GOES-19,FORMOSA DO RIO PRETO,BAHIA,Brasil,2911105,29,33,16,0.0,0.62,Cerrado,155.4
8b1dd0af-536c-3744-82d9-5eea21af00d9, -11.192400, -46.177300,2026-05-07 17:50:00,GOES-19,FORMOSA DO RIO PRETO,BAHIA,Brasil,2911105,29,33,17,0.0,0.74,Cerrado,149.3
2185d9a0-f160-3d91-9f6f-6bc22f4625af, -14.557200, -58.919900,2026-05-07 17:50:00,GOES-19,TANGARÁ DA SERRA,MATO GROSSO,Brasil,5107958,51,33,7,0.0,0.24,Cerrado,67.4
f4a90f36-f2db-3e4a-91df-14125ff6d364,  -9.484400, -46.139400,2026-05-07 17:50:00,GOES-19,ALTO PARNAÍBA,MARANHÃO,Brasil,2100501,21,33,16,0.0,0.59,Cerrado,81.0
fa8276e4-c792-3fc6-9713-af288b0cc066, -26.702930, -50.900520,2026-05-07 17:56:00,NOAA-20,CALMON,SANTA CATARINA,Brasil,4203154,42,33,3,0.0,0.02,Mata Atlântica,3.8
d40fe166-5e16-3222-bf40-7b9e50681b22, -26.933330, -51.219610,2026-05-07 17:56:00,NOAA-20,VIDEIRA,SANTA CATARINA,Brasil,4219309,42,33,2,1.2,0.03,Mata Atlântica,6.8
9f66f662-a2a8-32e7-a717-80e8be72eb92, -27.214720, -49.410580,2026-05-07 17:56:00,NOAA-20,APIÚNA,SANTA CATARINA,Brasil,4201257,42,33,0,1.11,0.04,Mata Atlântica,6.5
0ea36eca-3cc0-3523-aad8-a0cfb20f7a33, -26.938980, -51.217920,2026-05-07 17:56:00,NOAA-20,VIDEIRA,SANTA CATARINA,Brasil,4219309,42,33,2,1.26,0.03,Mata Atlântica,12.3
7ac7ec52-814a-34a8-8164-5c9358bed1b0, -27.355580, -49.813000,2026-05-07 17:56:00,NOAA-20,AGROLÂNDIA,SANTA CATARINA,Brasil,4200200,42,33,1,2.16,0.23,Mata Atlântica,11.6
897ccd12-0f6a-3b53-a21d-3e8e66ae1fb4, -26.628780, -51.026490,2026-05-07 17:56:00,NOAA-20,CALMON,SANTA CATARINA,Brasil,4203154,42,33,3,0.0,0.02,Mata Atlântica,11.0
3f6730e1-b002-3be3-a930-26de6e23d121, -26.476960, -51.300100,2026-05-07 17:56:00,NOAA-20,GENERAL CARNEIRO,PARANÁ,Brasil,4108502,41,33,3,0.0,0.01,Mata Atlântica,11.8
f47c074f-77d7-31d5-9dcf-c6e6f76fa7f3, -27.173800, -50.593850,2026-05-07 17:56:00,NOAA-20,PONTE ALTA DO NORTE,SANTA CATARINA,Brasil,4213351,42,33,3,0.8,0.05,Mata Atlântica,19.0
86e976fa-95c1-32cb-a084-50423ce24ef4, -26.755000, -50.867340,2026-05-07 17:56:00,NOAA-20,CAÇADOR,SANTA CATARINA,Brasil,4203006,42,33,3,0.08,0.11,Mata Atlântica,5.6
30faa6a3-3949-3350-a366-92728d3239c3, -26.478120, -51.304950,2026-05-07 17:56:00,NOAA-20,GENERAL CARNEIRO,PARANÁ,Brasil,4108502,41,33,3,0.0,0.01,Mata Atlântica,11.8
c91c7da5-fb78-3502-ba2b-338e7d9f02f9, -26.777150, -50.956900,2026-05-07 17:56:00,NOAA-20,CAÇADOR,SANTA CATARINA,Brasil,4203006,42,33,2,0.22,0.14,Mata Atlântica,4.2
b3a7a164-a1c5-3656-bd0d-192996524ce9, -27.217340, -49.408790,2026-05-07 17:56:00,NOAA-20,APIÚNA,SANTA CATARINA,Brasil,4201257,42,33,0,1.07,0.03,Mata Atlântica,6.9
999ba8db-7f56-3623-8724-d586c05ce888, -27.176380, -50.592620,2026-05-07 17:56:00,NOAA-20,PONTE ALTA DO NORTE,SANTA CATARINA,Brasil,4213351,42,33,3,0.8,0.05,Mata Atlântica,42.5
0187114a-e64c-3d84-a23e-ab354729f47a, -27.174950, -50.598370,2026-05-07 17:56:00,NOAA-20,PONTE ALTA DO NORTE,SANTA CATARINA,Brasil,4213351,42,33,3,0.8,0.05,Mata Atlântica,19.0
5ebbd8bd-2973-39c0-a2fd-27a7382823a9, -27.180870, -50.596980,2026-05-07 17:56:00,NOAA-20,PONTE ALTA DO NORTE,SANTA CATARINA,Brasil,4213351,42,33,3,0.8,0.06,Mata Atlântica,19.0
5689feec-a585-3b88-8bc0-6b7b2aa7cfc7, -27.177510, -50.597190,2026-05-07 17:56:00,NOAA-20,PONTE ALTA DO NORTE,SANTA CATARINA,Brasil,4213351,42,33,3,0.8,0.05,Mata Atlântica,42.5
6f5cfbab-b7be-3e23-bfc3-4e393e4cd734, -26.478150, -51.305060,2026-05-07 17:56:00,NOAA-20,GENERAL CARNEIRO,PARANÁ,Brasil,4108502,41,33,3,0.0,0.01,Mata Atlântica,10.3
cd4160e6-95ec-3156-af01-e1b6415001f3, -28.536080, -49.393860,2026-05-07 17:56:00,NOAA-20,URUSSANGA,SANTA CATARINA,Brasil,4219002,42,33,0,2.29,0.05,Mata Atlântica,3.8
9f904957-67b8-38fb-b79d-96d435f84762, -26.476950, -51.300220,2026-05-07 17:56:00,NOAA-20,GENERAL CARNEIRO,PARANÁ,Brasil,4108502,41,33,3,0.0,0.01,Mata Atlântica,10.3
aed87844-56d6-314c-bd8c-bce4f3989c04, -26.963010, -49.468350,2026-05-07 17:56:00,NOAA-20,IBIRAMA,SANTA CATARINA,Brasil,4206900,42,33,0,1.87,0.05,Mata Atlântica,8.8
9eda44ed-ad71-3e54-bfd2-2e0d9b7edc51, -26.701780, -50.903140,2026-05-07 17:56:00,NOAA-20,CALMON,SANTA CATARINA,Brasil,4203154,42,33,3,0.0,0.02,Mata Atlântica,5.1
6df418a5-b9b2-3d4d-acbe-70ed60cddc17, -27.179720, -50.592460,2026-05-07 17:56:00,NOAA-20,PONTE ALTA DO NORTE,SANTA CATARINA,Brasil,4213351,42,33,3,0.8,0.05,Mata Atlântica,19.0
7a2b0629-e36a-3de4-8e63-21312a91d3b6, -19.565180, -52.517340,2026-05-07 17:58:00,NOAA-20,ÁGUA CLARA,MATO GROSSO DO SUL,Brasil,5000203,50,33,7,0.0,0.18,Cerrado,12.2
f456b23c-7869-39a2-992f-4e8f941d6e03, -25.519190, -50.887080,2026-05-07 17:58:00,NOAA-20,IRATI,PARANÁ,Brasil,4110706,41,33,3,0.29,0.02,Mata Atlântica,9.8
86664e53-30be-3292-a429-7ff90b164987, -20.418750, -55.067460,2026-05-07 17:58:00,NOAA-20,TERENOS,MATO GROSSO DO SUL,Brasil,5008008,50,33,5,0.0,1.0,Cerrado,4.9
75a60657-a5d9-3f79-bb0e-a6b1994fe1f9, -19.239670, -53.857870,2026-05-07 17:58:00,NOAA-20,CAMAPUÃ,MATO GROSSO DO SUL,Brasil,5002605,50,33,4,0.0,1.0,Cerrado,33.0
4feb8055-d76e-3319-afea-21af00790820, -25.824890, -51.026350,2026-05-07 17:58:00,NOAA-20,MALLET,PARANÁ,Brasil,4113908,41,33,3,0.2,0.0,Mata Atlântica,7.3
b224cb73-0af8-30b6-bd00-699afcb7637b, -25.517950, -50.881940,2026-05-07 17:58:00,NOAA-20,IRATI,PARANÁ,Brasil,4110706,41,33,3,0.28,0.02,Mata Atlântica,6.0
d50d50ba-5289-3095-b5a9-3d40fc451073, -23.463010, -53.826030,2026-05-07 17:58:00,NOAA-20,ALTO PARAÍSO,PARANÁ,Brasil,4128625,41,33,4,0.0,1.0,Mata Atlântica,7.3
5155e00d-b4d1-3f48-96bb-48ef891ba295, -26.328190, -52.330250,2026-05-07 17:58:00,NOAA-20,CLEVELÂNDIA,PARANÁ,Brasil,4105706,41,33,2,1.0,0.01,Mata Atlântica,3.1
bd355572-d8bf-3222-804e-60ba44cfc32b, -19.238750, -53.853730,2026-05-07 17:58:00,NOAA-20,CAMAPUÃ,MATO GROSSO DO SUL,Brasil,5002605,50,33,4,0.0,1.0,Cerrado,20.7
0889dfd3-2ec7-3507-91cd-b5ea73114be8, -25.519320, -50.882430,2026-05-07 17:58:00,NOAA-20,IRATI,PARANÁ,Brasil,4110706,41,33,3,0.27,0.03,Mata Atlântica,10.6
b1087113-a894-3734-8920-b32be74fa5ee, -23.907440, -54.411860,2026-05-07 17:58:00,NOAA-20,JAPORÃ,MATO GROSSO DO SUL,Brasil,5004809,50,33,5,0.1,1.0,Mata Atlântica,9.6
8f3975ec-6176-3056-b60c-cb6ad87fc6b7, -19.245360, -53.856360,2026-05-07 17:58:00,NOAA-20,CAMAPUÃ,MATO GROSSO DO SUL,Brasil,5002605,50,33,4,0.0,1.0,Cerrado,29.3
43824f6e-77ed-3a82-88e2-eca42adcbec7, -20.174400, -55.097920,2026-05-07 17:58:00,NOAA-20,TERENOS,MATO GROSSO DO SUL,Brasil,5008008,50,33,6,0.0,1.0,Cerrado,0.9
7606c376-7132-356f-9ed6-4d53b027c998, -19.563860, -52.518940,2026-05-07 17:58:00,NOAA-20,ÁGUA CLARA,MATO GROSSO DO SUL,Brasil,5000203,50,33,7,0.0,0.18,Cerrado,16.1
2a150071-befa-3268-81a0-f89661b179dd, -22.286370, -56.007260,2026-05-07 17:58:00,NOAA-20,ANTÔNIO JOÃO,MATO GROSSO DO SUL,Brasil,5000906,50,33,4,0.2,0.6,Cerrado,5.8
624aef32-bfb2-3f7d-b1b8-ff9168ec2609, -25.514660, -50.889300,2026-05-07 17:58:00,NOAA-20,IRATI,PARANÁ,Brasil,4110706,41,33,3,0.3,0.01,Mata Atlântica,9.3
abebe41d-ed5b-31eb-a4d7-f100fe4d79b7, -19.951050, -54.380390,2026-05-07 17:58:00,NOAA-20,BANDEIRANTES,MATO GROSSO DO SUL,Brasil,5001508,50,33,4,0.0,0.51,Cerrado,2.5
c67b6b6e-cef9-3c7a-a8a1-111b1afe52a7, -23.463810, -53.829650,2026-05-07 17:58:00,NOAA-20,ALTO PARAÍSO,PARANÁ,Brasil,4128625,41,33,3,0.0,1.0,Mata Atlântica,7.3
94110b34-5135-3578-a5aa-672bb850439a, -23.462070, -53.829720,2026-05-07 17:58:00,NOAA-20,ALTO PARAÍSO,PARANÁ,Brasil,4128625,41,33,4,0.0,1.0,Mata Atlântica,9.0
d60cdf1d-610b-3d73-a8fb-287bc5bf987e, -22.627270, -54.925340,2026-05-07 17:58:00,NOAA-20,CAARAPÓ,MATO GROSSO DO SUL,Brasil,5002407,50,33,3,0.23,0.93,Mata Atlântica,2.6
2d23d0c2-68f2-38c3-a59e-9e98567c4233, -19.566350, -52.522520,2026-05-07 17:58:00,NOAA-20,ÁGUA CLARA,MATO GROSSO DO SUL,Brasil,5000203,50,33,7,0.0,0.4,Cerrado,11.2
7f379036-4764-3cfb-ac2c-8220c9d72377, -25.264950, -50.768030,2026-05-07 17:58:00,NOAA-20,GUAMIRANGA,PARANÁ,Brasil,4108957,41,33,2,0.88,0.02,Mata Atlântica,6.7
0290034e-e76c-340c-b58c-00f5534c497f, -22.617290, -54.927990,2026-05-07 17:58:00,NOAA-20,CAARAPÓ,MATO GROSSO DO SUL,Brasil,5002407,50,33,3,0.36,0.91,Mata Atlântica,2.7
bc9ec269-39b8-3040-9491-b64c9b39034a, -19.244440, -53.852190,2026-05-07 17:58:00,NOAA-20,CAMAPUÃ,MATO GROSSO DO SUL,Brasil,5002605,50,33,4,0.0,1.0,Cerrado,40.3
15ed7456-3d6a-38cd-b77a-0a6a3f28d0b7, -25.265230, -50.769410,2026-05-07 17:58:00,NOAA-20,GUAMIRANGA,PARANÁ,Brasil,4108957,41,33,2,0.9,0.02,Mata Atlântica,5.8
105c7686-886a-3c1f-9f91-c347cabaff35, -20.118200, -54.809590,2026-05-07 17:58:00,NOAA-20,ROCHEDO,MATO GROSSO DO SUL,Brasil,5007505,50,33,7,0.0,0.72,Cerrado,2.5
91428576-7536-335d-a786-c8e30defdc7c, -19.233050, -53.855150,2026-05-07 17:58:00,NOAA-20,CAMAPUÃ,MATO GROSSO DO SUL,Brasil,5002605,50,33,4,0.0,1.0,Cerrado,20.7
5c65e83a-5f05-32cc-9a75-75bd96bd6107, -22.622280, -54.926660,2026-05-07 17:58:00,NOAA-20,CAARAPÓ,MATO GROSSO DO SUL,Brasil,5002407,50,33,3,0.3,0.92,Mata Atlântica,2.6
8440a7dc-b5a5-3201-84fd-ee0b2335d98e, -12.763100, -58.991300,2026-05-07 18:00:00,GOES-19,CAMPOS DE JÚLIO,MATO GROSSO,Brasil,5102686,51,33,7,0.3,0.28,Cerrado,93.3
5de7e4e3-8f71-37ea-97eb-1fe3dcf3b485, -10.551100, -47.045600,2026-05-07 18:00:00,GOES-19,PONTE ALTA DO TOCANTINS,TOCANTINS,Brasil,1717909,17,33,9,0.0,0.49,Cerrado,65.9
6cf3d300-8342-324b-8e1a-2e4eb018fa3e, -11.787900, -47.088400,2026-05-07 18:00:00,GOES-19,DIANÓPOLIS,TOCANTINS,Brasil,1707009,17,33,10,0.0,0.37,Cerrado,76.2
20008c19-abfa-3ae8-8b41-17a0b3ffb6ff, -10.570100, -47.043300,2026-05-07 18:00:00,GOES-19,PONTE ALTA DO TOCANTINS,TOCANTINS,Brasil,1717909,17,33,9,0.0,0.49,Cerrado,146.3
7b91b403-ba0c-396e-b3a1-c971a03412e2, -13.188200, -52.692200,2026-05-07 18:00:00,GOES-19,CANARANA,MATO GROSSO,Brasil,5102702,51,33,8,0.0,0.21,Amazônia,580.3
5f11504b-9252-3177-9208-259511cc1848, -12.350800, -50.026600,2026-05-07 18:00:00,GOES-19,SANDOLÂNDIA,TOCANTINS,Brasil,1718840,17,33,8,0.0,0.48,Cerrado,68.8
afcab9dd-e283-3dd8-a081-09213a58f77d, -16.165500, -58.484200,2026-05-07 18:00:00,GOES-19,CÁCERES,MATO GROSSO,Brasil,5102504,51,33,8,0.0,0.13,Pantanal,67.7
b86b11f4-fe24-3a16-96a8-42aaaa1be3a1,  -6.322500, -44.631300,2026-05-07 18:00:00,GOES-19,MIRADOR,MARANHÃO,Brasil,2106706,21,33,4,0.0,0.32,Cerrado,57.8
90a841a8-14f3-322d-a677-ab33fac60f0b, -13.196140, -52.693560,2026-05-07 18:00:00,NOAA-20,CANARANA,MATO GROSSO,Brasil,5102702,51,33,8,0.0,0.3,Amazônia,125.2
3ce52fc1-21e5-3233-b398-bbb396f30bc5, -17.941400, -52.960450,2026-05-07 18:00:00,NOAA-20,MINEIROS,GOIÁS,Brasil,5213103,52,33,9,0.0,0.66,Cerrado,19.9
9d493771-1a32-3fc7-a0f3-52946b9646aa, -14.769560, -54.354280,2026-05-07 18:00:00,NOAA-20,PRIMAVERA DO LESTE,MATO GROSSO,Brasil,5107040,51,33,8,0.0,0.32,Cerrado,5.2
6d203a86-13fc-3cd2-a977-a8012002d8d2, -12.994140, -54.677590,2026-05-07 18:00:00,NOAA-20,NOVA UBIRATÃ,MATO GROSSO,Brasil,5106240,51,33,7,0.0,0.09,Amazônia,10.6
c7348a9b-75d1-3d5d-99b8-fe063d9b494f, -17.942500, -52.965470,2026-05-07 18:00:00,NOAA-20,MINEIROS,GOIÁS,Brasil,5213103,52,33,9,0.0,0.66,Cerrado,19.9
638b905d-15bd-3d8a-bf0f-56b463b1bca6, -14.577610, -58.925770,2026-05-07 18:00:00,NOAA-20,TANGARÁ DA SERRA,MATO GROSSO,Brasil,5107958,51,33,7,0.0,0.23,Cerrado,194.0
a50dc133-0d39-337f-bf08-8a6807418353, -13.182540, -52.696860,2026-05-07 18:00:00,NOAA-20,CANARANA,MATO GROSSO,Brasil,5102702,51,33,8,0.0,0.22,Amazônia,12.8
6778043d-bc99-31e1-81c4-a65f149b40da, -13.190770, -52.701910,2026-05-07 18:00:00,NOAA-20,CANARANA,MATO GROSSO,Brasil,5102702,51,33,8,0.0,0.31,Amazônia,93.1
0895d8ce-f123-343c-b69a-66fda35ad639, -14.530590, -59.188690,2026-05-07 18:00:00,NOAA-20,CONQUISTA D'OESTE,MATO GROSSO,Brasil,5103361,51,33,7,0.0,0.28,Cerrado,20.1
2973abc1-aa8a-3c78-a6e1-4dbd45c130af, -13.181110, -52.690190,2026-05-07 18:00:00,NOAA-20,CANARANA,MATO GROSSO,Brasil,5102702,51,33,8,0.0,0.21,Amazônia,12.8
44e74ea1-7543-3c5d-b68f-0258da10f3c0, -13.194680, -52.686700,2026-05-07 18:00:00,NOAA-20,CANARANA,MATO GROSSO,Brasil,5102702,51,33,8,0.0,0.21,Amazônia,125.2
82757e08-f163-325c-acf4-1608efb33cb1, -16.283120, -56.654670,2026-05-07 18:00:00,NOAA-20,POCONÉ,MATO GROSSO,Brasil,5106505,51,33,7,0.0,0.82,Pantanal,2.4
52ca1a73-424e-36b3-a88c-8b75a8e1b72e, -17.939570, -52.962220,2026-05-07 18:00:00,NOAA-20,MINEIROS,GOIÁS,Brasil,5213103,52,33,9,0.0,0.66,Cerrado,5.3
4c18d754-c2aa-3f81-ad43-1564f0e45744, -17.947610, -52.959120,2026-05-07 18:00:00,NOAA-20,MINEIROS,GOIÁS,Brasil,5213103,52,33,9,0.0,0.66,Cerrado,19.9
bc97a997-3aa8-3515-a9de-2a38f32f1dc1, -13.197580, -52.700330,2026-05-07 18:00:00,NOAA-20,CANARANA,MATO GROSSO,Brasil,5102702,51,33,8,0.0,0.45,Amazônia,93.1
c9f4219c-3e3c-3844-855e-1b8b4250f0ac, -16.425400, -54.916600,2026-05-07 18:00:00,NOAA-20,RONDONÓPOLIS,MATO GROSSO,Brasil,5107602,51,33,8,0.0,0.68,Cerrado,5.3
3085e225-7d6b-3107-82bd-ba7fba2b4e8f, -14.577300, -58.922180,2026-05-07 18:00:00,NOAA-20,TANGARÁ DA SERRA,MATO GROSSO,Brasil,5107958,51,33,7,0.0,0.24,Cerrado,108.1
2bc3d4bf-a602-33b8-9cd1-985c29aa9867, -13.194730, -52.685670,2026-05-07 18:00:00,NOAA-20,CANARANA,MATO GROSSO,Brasil,5102702,51,33,8,0.0,0.21,Amazônia,98.7
2125fe45-eb67-3175-8c16-c0784a33a9f4, -16.169010, -58.485530,2026-05-07 18:00:00,NOAA-20,CÁCERES,MATO GROSSO,Brasil,5102504,51,33,8,0.0,0.31,Pantanal,17.5
b4daccda-9f05-3073-9ae3-2c35d97053b6, -13.702480, -52.580900,2026-05-07 18:00:00,NOAA-20,ÁGUA BOA,MATO GROSSO,Brasil,5100201,51,33,8,0.0,0.94,Cerrado,9.3
325c7d1a-70dc-3542-b579-e9977bde7295, -16.891380, -53.496540,2026-05-07 18:00:00,NOAA-20,ALTO GARÇAS,MATO GROSSO,Brasil,5100409,51,33,8,0.0,0.85,Cerrado,3.3
1778169c-dfab-3507-ab15-c969bc32ef21, -17.945780, -52.960960,2026-05-07 18:00:00,NOAA-20,MINEIROS,GOIÁS,Brasil,5213103,52,33,9,0.0,0.66,Cerrado,68.3
2ef3762c-86ca-3f80-97ed-7f1b4d8b413f, -14.527900, -59.186280,2026-05-07 18:00:00,NOAA-20,CONQUISTA D'OESTE,MATO GROSSO,Brasil,5103361,51,33,7,0.0,0.28,Cerrado,8.6
6ac9be4c-9ea2-393e-a6be-eb55cea3ed2f, -14.585870, -58.919480,2026-05-07 18:00:00,NOAA-20,TANGARÁ DA SERRA,MATO GROSSO,Brasil,5107958,51,33,7,0.0,0.24,Cerrado,10.2
443536e4-c131-34da-a193-81612c6154ec, -14.532360, -59.185410,2026-05-07 18:00:00,NOAA-20,CONQUISTA D'OESTE,MATO GROSSO,Brasil,5103361,51,33,7,0.0,0.28,Cerrado,10.0
b363be83-e2d3-376c-b1b8-696aae617194, -18.512790, -55.509680,2026-05-07 18:00:00,NOAA-20,CORUMBÁ,MATO GROSSO DO SUL,Brasil,5003207,50,33,10,0.0,1.0,Pantanal,7.1
c42e9e33-3605-3f8b-96dc-f3d153083cdd, -16.423780, -54.908910,2026-05-07 18:00:00,NOAA-20,RONDONÓPOLIS,MATO GROSSO,Brasil,5107602,51,33,8,0.0,0.94,Cerrado,8.0
aff08b14-c1e5-3538-9e84-8dc232446667, -17.348540, -53.221810,2026-05-07 18:00:00,NOAA-20,ALTO ARAGUAIA,MATO GROSSO,Brasil,5100300,51,33,8,0.0,0.96,Cerrado,2.6
1e5bbb1a-8e04-3367-8db1-ebfae59e5bbc, -14.263740, -53.348660,2026-05-07 18:00:00,NOAA-20,CAMPINÁPOLIS,MATO GROSSO,Brasil,5102603,51,33,10,0.0,0.51,Cerrado,3.2
f977ea1f-62e0-3c71-ac0b-ca25c2268639, -16.420490, -54.921420,2026-05-07 18:00:00,NOAA-20,RONDONÓPOLIS,MATO GROSSO,Brasil,5107602,51,33,8,0.0,0.77,Cerrado,10.5
0918d82f-978f-38ab-addb-694be1574ee3, -16.173560, -58.484620,2026-05-07 18:00:00,NOAA-20,CÁCERES,MATO GROSSO,Brasil,5102504,51,33,8,0.0,0.48,Pantanal,17.5
d99fc6f6-c700-3326-b2fb-51dc306f490e, -16.600080, -58.239440,2026-05-07 18:00:00,NOAA-20,CÁCERES,MATO GROSSO,Brasil,5102504,51,33,9,0.0,0.61,Pantanal,5.2
6447e505-bbb3-33c1-b1ad-42e8f9c0c86d, -14.533210, -59.189930,2026-05-07 18:00:00,NOAA-20,CONQUISTA D'OESTE,MATO GROSSO,Brasil,5103361,51,33,7,0.0,0.28,Cerrado,6.7
9c1be95b-f615-3187-9a48-81e507b6be38, -15.669790, -56.161750,2026-05-07 18:00:00,NOAA-20,VÁRZEA GRANDE,MATO GROSSO,Brasil,5108402,51,33,7,0.0,-999.0,Cerrado,1.9
846545bc-6b11-3188-96df-7199e497b1f5, -14.336630, -53.437380,2026-05-07 18:00:00,NOAA-20,CAMPINÁPOLIS,MATO GROSSO,Brasil,5102603,51,33,9,0.0,0.53,Cerrado,4.1
1d8b8319-d2af-32b8-b571-938b163c6e73, -16.808420, -51.153220,2026-05-07 18:00:00,NOAA-20,IVOLÂNDIA,GOIÁS,Brasil,5211602,52,33,15,0.0,0.68,Cerrado,8.6
9146f3ca-4d12-34cd-887c-a9b809123484, -14.586720, -58.924190,2026-05-07 18:00:00,NOAA-20,TANGARÁ DA SERRA,MATO GROSSO,Brasil,5107958,51,33,7,0.0,0.26,Cerrado,10.2
1ea1d3e7-4f6b-320c-9636-70490b35626b, -14.559370, -58.928900,2026-05-07 18:00:00,NOAA-20,TANGARÁ DA SERRA,MATO GROSSO,Brasil,5107958,51,33,7,0.0,0.24,Cerrado,10.9
56b450c3-aabd-3f77-a6eb-6cb643eaef90, -14.320900, -57.732870,2026-05-07 18:00:00,NOAA-20,TANGARÁ DA SERRA,MATO GROSSO,Brasil,5107958,51,33,8,0.0,0.37,Amazônia,14.4
8a3eb5a2-0c9b-3408-8d7d-ebf3cdc38549, -14.768560, -54.349410,2026-05-07 18:00:00,NOAA-20,PRIMAVERA DO LESTE,MATO GROSSO,Brasil,5107040,51,33,8,0.0,0.35,Cerrado,5.2
ee287b33-4204-3708-9525-d324750ec54e, -13.187930, -52.688580,2026-05-07 18:00:00,NOAA-20,CANARANA,MATO GROSSO,Brasil,5102702,51,33,8,0.0,0.21,Amazônia,125.2
1c4dd0bd-d830-392b-89b9-662e0e90bbf9, -12.994170, -54.680240,2026-05-07 18:00:00,NOAA-20,NOVA UBIRATÃ,MATO GROSSO,Brasil,5106240,51,33,7,0.0,0.09,Amazônia,14.6
ba07c1ae-a6a3-3f5f-8117-f5e83ec60e39, -13.186470, -52.681760,2026-05-07 18:00:00,NOAA-20,CANARANA,MATO GROSSO,Brasil,5102702,51,33,8,0.0,0.21,Amazônia,92.9
4c78a6b8-cfc3-340d-a55e-71006b04e38f, -13.179660, -52.683400,2026-05-07 18:00:00,NOAA-20,CANARANA,MATO GROSSO,Brasil,5102702,51,33,8,0.0,0.21,Amazônia,10.9
6415150e-586b-358d-8f1b-eb5e876d3f01, -16.424600, -54.912790,2026-05-07 18:00:00,NOAA-20,RONDONÓPOLIS,MATO GROSSO,Brasil,5107602,51,33,8,0.0,0.86,Cerrado,5.3
613bc059-9536-3154-873f-dcde1a790d18, -14.581860, -58.921420,2026-05-07 18:00:00,NOAA-20,TANGARÁ DA SERRA,MATO GROSSO,Brasil,5107958,51,33,7,0.0,0.23,Cerrado,31.1
6cfc5525-b944-32ef-bccf-acbd1cf44c0c, -13.695720, -52.582710,2026-05-07 18:00:00,NOAA-20,ÁGUA BOA,MATO GROSSO,Brasil,5100201,51,33,8,0.0,0.85,Cerrado,13.5
629665df-8bf8-30e1-b3a7-1358fa25a5f7, -14.769220, -54.349940,2026-05-07 18:00:00,NOAA-20,PRIMAVERA DO LESTE,MATO GROSSO,Brasil,5107040,51,33,8,0.0,0.32,Cerrado,8.2
9515ee9b-7591-3b55-ab04-1dabae57d553, -14.586430, -58.920680,2026-05-07 18:00:00,NOAA-20,TANGARÁ DA SERRA,MATO GROSSO,Brasil,5107958,51,33,7,0.0,0.25,Cerrado,31.1
9c09a26f-9ee1-3112-9332-29082217fae5, -13.189360, -52.695290,2026-05-07 18:00:00,NOAA-20,CANARANA,MATO GROSSO,Brasil,5102702,51,33,8,0.0,0.22,Amazônia,125.2
35ef3afa-8e85-3d38-bfe8-a8bddbae15f3, -16.429430, -54.907550,2026-05-07 18:00:00,NOAA-20,RONDONÓPOLIS,MATO GROSSO,Brasil,5107602,51,33,8,0.0,0.9,Cerrado,8.3
a88b7cb1-c217-3272-8fbc-4e59d7892ceb, -16.809770, -51.159020,2026-05-07 18:00:00,NOAA-20,IVOLÂNDIA,GOIÁS,Brasil,5211602,52,33,15,0.0,0.97,Cerrado,8.6
2b573bf4-560e-3b3a-acf9-911f0391e2b1, -17.948710, -52.964150,2026-05-07 18:00:00,NOAA-20,MINEIROS,GOIÁS,Brasil,5213103,52,33,9,0.0,0.66,Cerrado,19.9
d14fac30-a41a-3e5a-95a6-ef4b7d1b6d92, -16.419690, -54.917660,2026-05-07 18:00:00,NOAA-20,RONDONÓPOLIS,MATO GROSSO,Brasil,5107602,51,33,8,0.0,0.82,Cerrado,5.3
728cab4c-9ef3-3a76-8cdf-7b77e2f5b8d5, -10.664200, -49.705400,2026-05-07 18:00:00,GOES-19,LAGOA DA CONFUSÃO,TOCANTINS,Brasil,1711902,17,33,7,0.0,0.35,Cerrado,74.6
57b15018-1f91-389e-a58f-fa82f65e3e70, -14.557200, -58.919900,2026-05-07 18:00:00,GOES-19,TANGARÁ DA SERRA,MATO GROSSO,Brasil,5107958,51,33,7,0.0,0.24,Cerrado,67.6
27abc84b-d85d-3f77-ae6e-50510d6b95b0, -10.276000, -46.406800,2026-05-07 18:00:00,GOES-19,MATEIROS,TOCANTINS,Brasil,1712702,17,33,16,0.0,0.63,Cerrado,52.6
5e484247-3017-3544-819e-a150621e2a9e,  -7.302600, -49.626900,2026-05-07 18:00:00,GOES-19,RIO MARIA,PARÁ,Brasil,1506161,15,33,4,0.0,0.49,Amazônia,183.2
8d206669-a2cd-3cac-b7bf-ce4f0fc9e262, -19.242600, -53.861900,2026-05-07 18:00:00,GOES-19,CAMAPUÃ,MATO GROSSO DO SUL,Brasil,5002605,50,33,4,0.0,1.0,Cerrado,71.9
4a5b6431-9fbc-3bf9-a7c1-5b5617ffa6d9,  -9.484400, -46.139400,2026-05-07 18:00:00,GOES-19,ALTO PARNAÍBA,MARANHÃO,Brasil,2100501,21,33,16,0.0,0.59,Cerrado,91.8
e971822a-af61-35e8-9c83-bf9c99622490, -10.410800, -46.277700,2026-05-07 18:00:00,GOES-19,MATEIROS,TOCANTINS,Brasil,1712702,17,33,16,0.0,0.82,Cerrado,93.8
40e6cccd-1f11-3c18-ba00-29de8123ad74, -12.775720, -58.991090,2026-05-07 18:02:00,NOAA-20,CAMPOS DE JÚLIO,MATO GROSSO,Brasil,5102686,51,33,7,0.3,0.33,Cerrado,28.0
fcadd25d-a4fd-3313-98cd-b8ea7769d052, -12.769250, -59.008260,2026-05-07 18:02:00,NOAA-20,CAMPOS DE JÚLIO,MATO GROSSO,Brasil,5102686,51,33,7,0.3,0.23,Cerrado,9.2
35af6146-aaa5-39b8-b840-4b74b30a08f1, -12.776680, -58.996250,2026-05-07 18:02:00,NOAA-20,CAMPOS DE JÚLIO,MATO GROSSO,Brasil,5102686,51,33,7,0.3,0.4,Cerrado,108.3
a45fd27c-c872-3bcf-a162-fd7054d872e8, -12.773920, -59.007420,2026-05-07 18:02:00,NOAA-20,CAMPOS DE JÚLIO,MATO GROSSO,Brasil,5102686,51,33,7,0.3,0.17,Cerrado,9.2
32d02158-ca50-3e6c-ace2-a7e17b124169, -12.549350, -54.618000,2026-05-07 18:02:00,NOAA-20,NOVA UBIRATÃ,MATO GROSSO,Brasil,5106240,51,33,7,0.0,0.11,Amazônia,6.8
3a3d3b39-7f18-3ac3-8123-d7ee793dcbb9, -12.772980, -59.002360,2026-05-07 18:02:00,NOAA-20,CAMPOS DE JÚLIO,MATO GROSSO,Brasil,5102686,51,33,7,0.3,0.25,Cerrado,7.7
80248a2c-b1cb-3cb9-b63c-bc0dc30974fb, -12.780380, -58.990140,2026-05-07 18:02:00,NOAA-20,CAMPOS DE JÚLIO,MATO GROSSO,Brasil,5102686,51,33,7,0.3,0.67,Cerrado,28.0
9fe31548-c290-3b25-b73c-8cdddb520bf9, -11.641790, -58.257430,2026-05-07 18:02:00,NOAA-20,BRASNORTE,MATO GROSSO,Brasil,5101902,51,33,2,0.0,0.9,Amazônia,5.4
caabc70e-c5cf-351b-bc91-ed3d723571fe, -11.646310, -58.257120,2026-05-07 18:02:00,NOAA-20,BRASNORTE,MATO GROSSO,Brasil,5101902,51,33,2,0.0,1.0,Amazônia,11.5
dbd69777-5695-3f42-a64c-9e284206751a, -12.498820, -58.482910,2026-05-07 18:02:00,NOAA-20,SAPEZAL,MATO GROSSO,Brasil,5107875,51,33,9,0.0,0.13,Cerrado,9.5
75977260-fa92-3d79-988f-2b8bb2a3dd75, -11.645760, -58.254200,2026-05-07 18:02:00,NOAA-20,BRASNORTE,MATO GROSSO,Brasil,5101902,51,33,2,0.0,1.0,Amazônia,16.3
239d61ed-6075-355d-99f9-315d618ebe30, -12.496740, -58.471660,2026-05-07 18:02:00,NOAA-20,SAPEZAL,MATO GROSSO,Brasil,5107875,51,33,9,0.0,0.12,Cerrado,6.8
5b5ea917-0b14-3b7d-a981-8e4f57ff1195,  -9.248790, -60.333360,2026-05-07 18:02:00,NOAA-20,COLNIZA,MATO GROSSO,Brasil,5103254,51,33,0,0.0,-999.0,Amazônia,2.2
c18b5f60-b29b-36d1-bf44-4ea465038104, -13.156420, -56.807430,2026-05-07 18:02:00,NOAA-20,SÃO JOSÉ DO RIO CLARO,MATO GROSSO,Brasil,5107305,51,33,9,0.0,0.06,Amazônia,2.4
3b90104b-ab1c-3b98-ba79-2a4e3117d6a3, -11.293100, -54.753480,2026-05-07 18:02:00,NOAA-20,CLÁUDIA,MATO GROSSO,Brasil,5103056,51,33,8,0.0,0.18,Amazônia,8.7
7431a7ac-b7cb-3eea-b04c-9f00a8f98a93, -12.772890, -58.975880,2026-05-07 18:02:00,NOAA-20,CAMPOS DE JÚLIO,MATO GROSSO,Brasil,5102686,51,33,7,0.3,0.28,Cerrado,9.3
0b21eeca-b46e-3ffc-adfe-1955630240de, -12.775610, -60.201210,2026-05-07 18:02:00,NOAA-20,VILHENA,RONDÔNIA,Brasil,1100304,11,33,8,0.0,0.93,Amazônia,4.5
4608fa18-3066-3ce1-818b-f365e1acedda, -11.641290, -58.258000,2026-05-07 18:02:00,NOAA-20,BRASNORTE,MATO GROSSO,Brasil,5101902,51,33,2,0.0,0.88,Amazônia,11.5
674cccc8-f698-38bf-8ed7-84ce5c4a3290, -12.501580, -58.470670,2026-05-07 18:02:00,NOAA-20,SAPEZAL,MATO GROSSO,Brasil,5107875,51,33,9,0.0,0.13,Cerrado,9.6
74bc417f-e6c9-3dbc-ad53-b7289fe4cd29, -11.860080, -58.812430,2026-05-07 18:02:00,NOAA-20,JUÍNA,MATO GROSSO,Brasil,5105150,51,33,7,0.0,0.48,Cerrado,3.0
077a288e-3a13-3bec-8019-af9617bb6e9e, -12.669700, -58.397950,2026-05-07 18:02:00,NOAA-20,BRASNORTE,MATO GROSSO,Brasil,5101902,51,33,9,0.0,0.25,Cerrado,4.3
2b1e918f-4772-34b9-add1-299d3ca1af3f, -12.353610, -54.772020,2026-05-07 18:02:00,NOAA-20,FELIZ NATAL,MATO GROSSO,Brasil,5103700,51,33,7,0.0,0.13,Amazônia,4.9
4c582cc7-d3a9-3c32-a92d-9e0a5c1090e7, -12.777650, -59.001460,2026-05-07 18:02:00,NOAA-20,CAMPOS DE JÚLIO,MATO GROSSO,Brasil,5102686,51,33,7,0.3,0.45,Cerrado,108.3
44fb4355-530d-30a4-919f-aa747931a08c, -11.566970, -54.528810,2026-05-07 18:02:00,NOAA-20,UNIÃO DO SUL,MATO GROSSO,Brasil,5108303,51,33,7,0.0,0.68,Amazônia,5.4
7bbc6b4f-176e-32c0-b546-2b5576e2c4e0, -12.502630, -58.476300,2026-05-07 18:02:00,NOAA-20,SAPEZAL,MATO GROSSO,Brasil,5107875,51,33,9,0.0,0.13,Cerrado,15.9
6300cfd9-e9c2-33a9-ab9f-a922a3715ba9, -12.497780, -58.477310,2026-05-07 18:02:00,NOAA-20,SAPEZAL,MATO GROSSO,Brasil,5107875,51,33,9,0.0,0.13,Cerrado,9.5
54eccbc4-0dca-3a72-a9aa-bc9443456aa0, -12.768310, -59.003230,2026-05-07 18:02:00,NOAA-20,CAMPOS DE JÚLIO,MATO GROSSO,Brasil,5102686,51,33,7,0.3,0.27,Cerrado,7.7
47c74334-0c6b-3429-8e90-8194a778bde5, -12.772010, -58.997150,2026-05-07 18:02:00,NOAA-20,CAMPOS DE JÚLIO,MATO GROSSO,Brasil,5102686,51,33,7,0.3,0.28,Cerrado,7.7
c75a94bd-cfba-316b-8c89-41cff3fba66d, -12.785040, -58.989230,2026-05-07 18:02:00,NOAA-20,CAMPOS DE JÚLIO,MATO GROSSO,Brasil,5102686,51,33,7,0.3,0.95,Cerrado,5.7
109e54d8-376f-3b18-8467-8d9f07992bce, -12.424360, -54.217120,2026-05-07 18:02:00,NOAA-20,NOVA UBIRATÃ,MATO GROSSO,Brasil,5106240,51,33,7,0.0,0.36,Amazônia,12.2
fc0c4b34-c184-3cc3-a9e8-7cf46ec6fb4c, -11.640740, -58.255080,2026-05-07 18:02:00,NOAA-20,BRASNORTE,MATO GROSSO,Brasil,5101902,51,33,2,0.0,0.91,Amazônia,16.3
2e815226-03f9-3d5c-9e26-7b01a55e327f, -10.204310, -59.440490,2026-05-07 18:02:00,NOAA-20,ARIPUANÃ,MATO GROSSO,Brasil,5101407,51,33,2,0.4,0.63,Amazônia,4.0
53722d2d-a9db-3b43-85f8-86504ab5cfb5, -12.352500, -54.772040,2026-05-07 18:02:00,NOAA-20,FELIZ NATAL,MATO GROSSO,Brasil,5103700,51,33,7,0.0,0.15,Amazônia,4.6
52d33c27-b12f-3aa8-889b-a6c6db787cc4, -11.641260, -58.254510,2026-05-07 18:02:00,NOAA-20,BRASNORTE,MATO GROSSO,Brasil,5101902,51,33,2,0.0,0.93,Amazônia,5.4
d1978d24-92d3-3615-8e62-67902b712446, -11.296270, -54.753270,2026-05-07 18:02:00,NOAA-20,CLÁUDIA,MATO GROSSO,Brasil,5103056,51,33,8,0.0,0.15,Amazônia,13.4
468c2e68-0781-393a-b35c-c6b5aa95feba, -12.550550, -54.614950,2026-05-07 18:02:00,NOAA-20,NOVA UBIRATÃ,MATO GROSSO,Brasil,5106240,51,33,7,0.0,0.11,Amazônia,9.8
cd1eaef7-cd62-349e-b3c5-f2daa9964ff2,   2.758550, -60.539020,2026-05-07 18:06:00,NOAA-20,CANTÁ,RORAIMA,Brasil,1400175,14,33,3,0.1,0.57,Amazônia,1.7
0eabc861-5c20-37ec-b1ee-ee9e0a941a80,   3.787380, -61.466800,2026-05-07 18:06:00,NOAA-20,AMAJARI,RORAIMA,Brasil,1400027,14,33,3,0.0,0.56,Amazônia,4.7
e540988d-0101-3f9d-a000-c6bfa0b792f0,   3.357900, -60.446100,2026-05-07 18:06:00,NOAA-20,BOA VISTA,RORAIMA,Brasil,1400100,14,33,0,0.0,0.83,Amazônia,2.7
507a7ca3-ce66-3028-b9cf-03580a5e9bc2,   2.603060, -60.097930,2026-05-07 18:06:00,NOAA-20,BONFIM,RORAIMA,Brasil,1400159,14,33,1,0.1,0.51,Amazônia,3.6
8daf2740-595d-35aa-8a2e-65f9585f34ff,   4.098440, -61.352870,2026-05-07 18:06:00,NOAA-20,AMAJARI,RORAIMA,Brasil,1400027,14,33,2,0.0,0.12,Amazônia,3.0
031fbe2e-cee6-3c83-88f5-eace3191b1fb,   3.786730, -61.464570,2026-05-07 18:06:00,NOAA-20,AMAJARI,RORAIMA,Brasil,1400027,14,33,3,0.0,0.56,Amazônia,3.8
92ebcbe2-d630-3110-be9a-fa3c6628390f,   2.117900, -61.143140,2026-05-07 18:06:00,NOAA-20,IRACEMA,RORAIMA,Brasil,1400282,14,33,0,0.8,0.64,Amazônia,3.3
7a2f22f1-90ec-3357-bb2c-84afbeed74c8,   3.237960, -61.401130,2026-05-07 18:06:00,NOAA-20,ALTO ALEGRE,RORAIMA,Brasil,1400050,14,33,0,0.0,0.54,Amazônia,3.3
62f81d7c-855e-3a15-923e-a12752803f45, -12.350800, -50.026600,2026-05-07 18:10:00,GOES-19,SANDOLÂNDIA,TOCANTINS,Brasil,1718840,17,33,8,0.0,0.48,Cerrado,67.7
4dc20803-8d1b-3610-acea-43456bae7564, -13.169000, -52.694400,2026-05-07 18:10:00,GOES-19,CANARANA,MATO GROSSO,Brasil,5102702,51,33,8,0.0,0.47,Amazônia,131.6
91547067-e115-3b9f-abe9-391450f4cc5f,  -9.465500, -46.141500,2026-05-07 18:10:00,GOES-19,ALTO PARNAÍBA,MARANHÃO,Brasil,2100501,21,33,16,0.0,0.8,Cerrado,94.0
f4ca572d-c9b3-3496-aa9b-7af16ad3cff7,  -6.322500, -44.631300,2026-05-07 18:10:00,GOES-19,MIRADOR,MARANHÃO,Brasil,2106706,21,33,4,0.0,0.32,Cerrado,86.7
88fdd3f0-33bc-33a2-90fd-cd0dbea4120c, -13.188200, -52.692200,2026-05-07 18:10:00,GOES-19,CANARANA,MATO GROSSO,Brasil,5102702,51,33,8,0.0,0.21,Amazônia,516.2
32c1ce68-7de1-3257-8035-6c269de4bffe,  -7.302600, -49.626900,2026-05-07 18:10:00,GOES-19,RIO MARIA,PARÁ,Brasil,1506161,15,33,4,0.0,0.49,Amazônia,140.3
d5761191-722e-3d45-87d9-a95e3a5c058a, -10.683200, -49.703400,2026-05-07 18:10:00,GOES-19,LAGOA DA CONFUSÃO,TOCANTINS,Brasil,1711902,17,33,7,0.0,0.86,Cerrado,45.5
10958b7b-0cd4-31de-9140-cf67c9afe70e, -14.599100, -58.636800,2026-05-07 18:10:00,GOES-19,TANGARÁ DA SERRA,MATO GROSSO,Brasil,5107958,51,33,7,0.0,0.13,Cerrado,68.1
ffb3a876-7f18-3b4b-9682-ad07f5cb7b1a, -11.787500, -47.110800,2026-05-07 18:10:00,GOES-19,DIANÓPOLIS,TOCANTINS,Brasil,1707009,17,33,10,0.0,0.37,Cerrado,92.7
42acc66a-44bc-35f3-925f-f30a85bd0906, -10.410800, -46.277700,2026-05-07 18:10:00,GOES-19,MATEIROS,TOCANTINS,Brasil,1712702,17,33,16,0.0,0.82,Cerrado,208.6
02ddff3e-9e0a-3afa-b1a6-70e0973538ad,  -9.484400, -46.139400,2026-05-07 18:10:00,GOES-19,ALTO PARNAÍBA,MARANHÃO,Brasil,2100501,21,33,16,0.0,0.59,Cerrado,78.7
3f5171f0-f022-349f-82a8-68bc88d91360, -13.188200, -52.692200,2026-05-07 18:20:00,GOES-19,CANARANA,MATO GROSSO,Brasil,5102702,51,33,8,0.0,0.21,Amazônia,461.6
cec65422-4c92-3466-8571-1fcfa6249e54, -13.187800, -52.713200,2026-05-07 18:20:00,GOES-19,CANARANA,MATO GROSSO,Brasil,5102702,51,33,8,0.0,0.44,Amazônia,169.8
5f204160-17ed-3e15-a84a-3be407c42f44, -12.781900, -59.009600,2026-05-07 18:20:00,GOES-19,CAMPOS DE JÚLIO,MATO GROSSO,Brasil,5102686,51,33,7,0.3,0.73,Cerrado,251.8
493d93d0-4207-3090-8978-ff7c41a4bf3c, -13.188500, -52.671100,2026-05-07 18:20:00,GOES-19,CANARANA,MATO GROSSO,Brasil,5102702,51,33,8,0.0,0.45,Amazônia,116.1
22df1351-e0c1-3882-a5b2-213841f25218, -12.762900, -59.011100,2026-05-07 18:20:00,GOES-19,CAMPOS DE JÚLIO,MATO GROSSO,Brasil,5102686,51,33,7,0.3,0.24,Cerrado,119.8
694ba47a-a3a8-3b4e-8813-09d97c5a2721, -12.350800, -50.026600,2026-05-07 18:20:00,GOES-19,SANDOLÂNDIA,TOCANTINS,Brasil,1718840,17,33,8,0.0,0.48,Cerrado,66.3
3e459169-72a6-39e1-940b-680ead88d78b, -13.169000, -52.694400,2026-05-07 18:20:00,GOES-19,CANARANA,MATO GROSSO,Brasil,5102702,51,33,8,0.0,0.47,Amazônia,129.9
c1afd441-c8b1-36fd-9bab-fdf1683c94a2, -12.763100, -58.991300,2026-05-07 18:20:00,GOES-19,CAMPOS DE JÚLIO,MATO GROSSO,Brasil,5102686,51,33,7,0.3,0.28,Cerrado,121.4
77bf3491-80b0-34ac-b10b-cc539355d2ba,  -9.465500, -46.141500,2026-05-07 18:20:00,GOES-19,ALTO PARNAÍBA,MARANHÃO,Brasil,2100501,21,33,16,0.0,0.8,Cerrado,88.4
05be8918-5b85-3ecc-8e0d-55daafb5a0bf, -12.782100, -58.989900,2026-05-07 18:20:00,GOES-19,CAMPOS DE JÚLIO,MATO GROSSO,Brasil,5102686,51,33,7,0.3,0.79,Cerrado,263.9
6e17abb8-8702-3c93-897a-ff3142c1756e,  -7.283900, -49.628300,2026-05-07 18:20:00,GOES-19,RIO MARIA,PARÁ,Brasil,1506161,15,33,4,0.0,0.59,Amazônia,61.4
5ff51512-079f-384f-90c9-47744d83dd23, -13.207300, -52.689900,2026-05-07 18:20:00,GOES-19,CANARANA,MATO GROSSO,Brasil,5102702,51,33,8,0.0,1.0,Amazônia,234.2
3340dab4-cff5-3d15-9755-0e154caacdd8,  -7.302600, -49.626900,2026-05-07 18:20:00,GOES-19,RIO MARIA,PARÁ,Brasil,1506161,15,33,4,0.0,0.49,Amazônia,97.4
834757ff-5db9-3f7d-bd2d-6e307f074bed, -10.664200, -49.705400,2026-05-07 18:20:00,GOES-19,LAGOA DA CONFUSÃO,TOCANTINS,Brasil,1711902,17,33,7,0.0,0.35,Cerrado,76.6
e5734099-ffb2-39b0-8875-f5add3a4a3c6,  -9.484400, -46.139400,2026-05-07 18:20:00,GOES-19,ALTO PARNAÍBA,MARANHÃO,Brasil,2100501,21,33,16,0.0,0.59,Cerrado,73.8
0bee25bf-86f5-3aff-a7d3-7c1c12d9748b, -10.412600, -44.933500,2026-05-07 18:20:00,GOES-19,CORRENTE,PIAUÍ,Brasil,2202901,22,33,16,0.0,0.64,Cerrado,120.6
36bcfbee-b472-3b6d-acf1-14f201e4a6c8, -19.242600, -53.861900,2026-05-07 18:20:00,GOES-19,CAMAPUÃ,MATO GROSSO DO SUL,Brasil,5002605,50,33,4,0.0,1.0,Cerrado,72.9
f2ae3b5a-cf4d-3602-815c-72d25e570353, -10.410800, -46.277700,2026-05-07 18:20:00,GOES-19,MATEIROS,TOCANTINS,Brasil,1712702,17,33,16,0.0,0.82,Cerrado,76.3
7c0d6ba9-3280-34fb-b1e8-85055140669a,  -7.272200, -47.047200,2026-05-07 18:20:00,GOES-19,CAROLINA,MARANHÃO,Brasil,2102804,21,33,6,0.0,0.49,Cerrado,60.3
f5909bf6-045a-3a08-b412-83a4d2913722,  -6.885400, -42.865200,2026-05-07 18:20:00,GOES-19,FLORIANO,PIAUÍ,Brasil,2203909,22,33,5,0.0,0.57,Caatinga,54.5
e7190b3d-1d7a-34de-9c77-cbf0dc4381c4, -11.787500, -47.110800,2026-05-07 18:20:00,GOES-19,DIANÓPOLIS,TOCANTINS,Brasil,1707009,17,33,10,0.0,0.37,Cerrado,80.0
334a58c0-8f17-37f5-8be7-44e690a5e6ba, -12.763100, -58.991300,2026-05-07 18:30:00,GOES-19,CAMPOS DE JÚLIO,MATO GROSSO,Brasil,5102686,51,33,7,0.3,0.28,Cerrado,122.7
b7bd1763-d7ca-3556-ac6c-f9ae80079f09, -13.169000, -52.694400,2026-05-07 18:30:00,GOES-19,CANARANA,MATO GROSSO,Brasil,5102702,51,33,8,0.0,0.47,Amazônia,101.6
131f2371-32f9-319c-9bf1-acbe3c7432c1,  -9.465500, -46.141500,2026-05-07 18:30:00,GOES-19,ALTO PARNAÍBA,MARANHÃO,Brasil,2100501,21,33,16,0.0,0.8,Cerrado,74.9
f546b79c-56c6-3a20-a7ad-a6b30fd3dc5f, -16.165500, -58.484200,2026-05-07 18:30:00,GOES-19,CÁCERES,MATO GROSSO,Brasil,5102504,51,33,8,0.0,0.13,Pantanal,96.6
c3545215-0ee0-32e9-9eac-3c98ca1141e5,  -8.693300, -49.083300,2026-05-07 18:30:00,GOES-19,GOIANORTE,TOCANTINS,Brasil,1708304,17,33,7,0.0,0.17,Cerrado,62.4
20d9fa44-4473-32ee-993c-985112a8a634, -13.187800, -52.713200,2026-05-07 18:30:00,GOES-19,CANARANA,MATO GROSSO,Brasil,5102702,51,33,8,0.0,0.44,Amazônia,164.5
0e40f2bb-6c41-352a-bd17-976f5f8044a4, -13.188500, -52.671100,2026-05-07 18:30:00,GOES-19,CANARANA,MATO GROSSO,Brasil,5102702,51,33,8,0.0,0.45,Amazônia,95.3
93e9d70d-d025-3b19-86ca-fd3bb2e6e7e6, -13.188200, -52.692200,2026-05-07 18:30:00,GOES-19,CANARANA,MATO GROSSO,Brasil,5102702,51,33,8,0.0,0.21,Amazônia,424.2
1d52188a-83b4-3a41-925f-25fa62514f3e,  -6.322500, -44.631300,2026-05-07 18:30:00,GOES-19,MIRADOR,MARANHÃO,Brasil,2106706,21,33,4,0.0,0.32,Cerrado,91.9
8760866e-ee3f-3969-b291-1699fb1e9d47, -12.350800, -50.026600,2026-05-07 18:30:00,GOES-19,SANDOLÂNDIA,TOCANTINS,Brasil,1718840,17,33,8,0.0,0.48,Cerrado,59.7
27506034-05d0-3577-b63f-87df66def367, -10.276000, -46.406800,2026-05-07 18:30:00,GOES-19,MATEIROS,TOCANTINS,Brasil,1712702,17,33,16,0.0,0.63,Cerrado,52.0
2dcc8732-0954-3571-842b-5a8820f407b2,  -6.885400, -42.865200,2026-05-07 18:30:00,GOES-19,FLORIANO,PIAUÍ,Brasil,2203909,22,33,5,0.0,0.57,Caatinga,71.9
808d6b55-73c5-3ddd-a1f3-59c35f931fa5,  -9.484400, -46.139400,2026-05-07 18:30:00,GOES-19,ALTO PARNAÍBA,MARANHÃO,Brasil,2100501,21,33,16,0.0,0.59,Cerrado,60.2
d3886587-076d-399c-9924-7c772f01f32a, -12.782100, -58.989900,2026-05-07 18:30:00,GOES-19,CAMPOS DE JÚLIO,MATO GROSSO,Brasil,5102686,51,33,7,0.3,0.79,Cerrado,270.2
4cfae03a-0b08-362f-9335-a356c2f45826,  -7.272200, -47.047200,2026-05-07 18:30:00,GOES-19,CAROLINA,MARANHÃO,Brasil,2102804,21,33,6,0.0,0.49,Cerrado,54.5
b4c1187e-7963-3902-a9c7-e0b455161d92, -13.207000, -52.710900,2026-05-07 18:30:00,GOES-19,CANARANA,MATO GROSSO,Brasil,5102702,51,33,8,0.0,1.0,Amazônia,113.1
b3e1f204-e2e1-3bfb-8978-7d21855f0bbd, -10.683200, -49.703400,2026-05-07 18:30:00,GOES-19,LAGOA DA CONFUSÃO,TOCANTINS,Brasil,1711902,17,33,7,0.0,0.86,Cerrado,76.9
deb38cea-bb86-3f60-b4ed-63c4acef81e1,  -7.302600, -49.626900,2026-05-07 18:30:00,GOES-19,RIO MARIA,PARÁ,Brasil,1506161,15,33,4,0.0,0.49,Amazônia,80.9
976bc590-5856-37b7-943a-34ddce808353, -13.207300, -52.689900,2026-05-07 18:30:00,GOES-19,CANARANA,MATO GROSSO,Brasil,5102702,51,33,8,0.0,1.0,Amazônia,227.0
5f57334c-9108-3ad1-a529-e3e8022e1f1d, -10.664200, -49.705400,2026-05-07 18:30:00,GOES-19,LAGOA DA CONFUSÃO,TOCANTINS,Brasil,1711902,17,33,7,0.0,0.35,Cerrado,72.8
acbd884c-7a95-3a57-8cc8-bb87a7a4d088, -12.350800, -50.026600,2026-05-07 18:40:00,GOES-19,SANDOLÂNDIA,TOCANTINS,Brasil,1718840,17,33,8,0.0,0.48,Cerrado,60.3
dd24cf68-570f-31ee-afc8-a3fb1bbd5106,  -9.407100, -50.684700,2026-05-07 18:40:00,GOES-19,SANTANA DO ARAGUAIA,PARÁ,Brasil,1506708,15,33,6,0.0,0.82,Amazônia,60.7
30140bdf-53fb-3c91-bd90-29c1c5356c5f, -13.187800, -52.713200,2026-05-07 18:40:00,GOES-19,CANARANA,MATO GROSSO,Brasil,5102702,51,33,8,0.0,0.44,Amazônia,197.1
9e03b105-85ca-3157-9203-082c623421e8, -13.169000, -52.694400,2026-05-07 18:40:00,GOES-19,CANARANA,MATO GROSSO,Brasil,5102702,51,33,8,0.0,0.47,Amazônia,76.9
4bcebc62-74c9-307f-8880-a432f6e2c899,  -8.693300, -49.083300,2026-05-07 18:40:00,GOES-19,GOIANORTE,TOCANTINS,Brasil,1708304,17,33,7,0.0,0.17,Cerrado,101.2
4aeadb4d-997a-34ad-a718-2a1394e45f22,  -8.693100, -49.104900,2026-05-07 18:40:00,GOES-19,GOIANORTE,TOCANTINS,Brasil,1708304,17,33,7,0.0,0.78,Cerrado,60.5
9c7594cb-fcf3-3d44-ac5a-0d9c4516daf0, -12.867000, -43.747800,2026-05-07 18:40:00,GOES-19,SERRA DOURADA,BAHIA,Brasil,2930303,29,33,18,0.56,0.94,Cerrado,84.8
907b2915-1347-3bd5-9627-efd080154055, -16.165500, -58.484200,2026-05-07 18:40:00,GOES-19,CÁCERES,MATO GROSSO,Brasil,5102504,51,33,8,0.0,0.13,Pantanal,101.3
8e05a4f9-6ee3-3fe3-873f-5e083b055225, -12.158600, -46.654600,2026-05-07 18:40:00,GOES-19,PONTE ALTA DO BOM JESUS,TOCANTINS,Brasil,1717800,17,33,10,0.0,0.52,Cerrado,67.7
c46e7deb-b9f7-3fe8-8ba0-d0fc8fce8690,  -9.465500, -46.141500,2026-05-07 18:40:00,GOES-19,ALTO PARNAÍBA,MARANHÃO,Brasil,2100501,21,33,16,0.0,0.8,Cerrado,73.7
5262e31f-fb5f-3756-a92c-032f9524debb, -13.188500, -52.671100,2026-05-07 18:40:00,GOES-19,CANARANA,MATO GROSSO,Brasil,5102702,51,33,8,0.0,0.45,Amazônia,86.4
6ffc4e8a-c23e-3758-8c6e-fb2cdd45aeac,  -5.793900, -45.126700,2026-05-07 18:40:00,GOES-19,BARRA DO CORDA,MARANHÃO,Brasil,2101608,21,33,3,0.0,0.34,Cerrado,229.3
2444105f-b1b5-386c-b025-c1812cd1bf8f, -11.787900, -47.088400,2026-05-07 18:40:00,GOES-19,DIANÓPOLIS,TOCANTINS,Brasil,1707009,17,33,10,0.0,0.37,Cerrado,87.0
498f7aff-4c6f-3bbb-bc64-b86fc2c21391, -13.188200, -52.692200,2026-05-07 18:40:00,GOES-19,CANARANA,MATO GROSSO,Brasil,5102702,51,33,8,0.0,0.21,Amazônia,445.8
ca37eee4-9d64-342d-8312-0470cb91906d, -13.207300, -52.689900,2026-05-07 18:40:00,GOES-19,CANARANA,MATO GROSSO,Brasil,5102702,51,33,8,0.0,1.0,Amazônia,120.9
928ccff4-bc5e-32c9-a844-6500b4c93f33,  -7.302600, -49.626900,2026-05-07 18:40:00,GOES-19,RIO MARIA,PARÁ,Brasil,1506161,15,33,4,0.0,0.49,Amazônia,52.8
a22b3111-b467-3afa-bd2e-1131fff9f9a7, -10.683200, -49.703400,2026-05-07 18:40:00,GOES-19,LAGOA DA CONFUSÃO,TOCANTINS,Brasil,1711902,17,33,7,0.0,0.86,Cerrado,64.5
4605c3cd-d411-3828-8234-f5bac34b7181,  -7.065700, -47.108300,2026-05-07 18:40:00,GOES-19,CAROLINA,MARANHÃO,Brasil,2102804,21,33,5,0.0,0.41,Cerrado,155.6
fc6fc9ba-1bb7-38b7-afe2-3537e3f05709, -10.412600, -44.933500,2026-05-07 18:40:00,GOES-19,CORRENTE,PIAUÍ,Brasil,2202901,22,33,16,0.0,0.64,Cerrado,87.6
ed88930e-7221-309a-86a9-15583060b32d, -11.192400, -46.177300,2026-05-07 18:40:00,GOES-19,FORMOSA DO RIO PRETO,BAHIA,Brasil,2911105,29,33,17,0.0,0.74,Cerrado,67.0
2cb45a6c-a72d-34d4-9765-495915eab5dc,  -7.283900, -49.628300,2026-05-07 18:40:00,GOES-19,RIO MARIA,PARÁ,Brasil,1506161,15,33,4,0.0,0.59,Amazônia,51.9
cce7cf95-3512-30cb-9c5a-a7d3ba8f9336, -13.207000, -52.710900,2026-05-07 18:40:00,GOES-19,CANARANA,MATO GROSSO,Brasil,5102702,51,33,8,0.0,1.0,Amazônia,68.1
1f48839a-36a3-3efb-a5de-4dc6aaf86769, -12.782100, -58.989900,2026-05-07 18:40:00,GOES-19,CAMPOS DE JÚLIO,MATO GROSSO,Brasil,5102686,51,33,7,0.3,0.79,Cerrado,151.5
52792c9e-9ee7-3a34-888f-6666a9b30f6f, -10.664200, -49.705400,2026-05-07 18:40:00,GOES-19,LAGOA DA CONFUSÃO,TOCANTINS,Brasil,1711902,17,33,7,0.0,0.35,Cerrado,96.1
b59a3ad3-5f19-39c5-91bb-a771272e1599, -12.158600, -46.654600,2026-05-07 18:50:00,GOES-19,PONTE ALTA DO BOM JESUS,TOCANTINS,Brasil,1717800,17,33,10,0.0,0.52,Cerrado,69.9
f805aa0f-72a8-37b7-8ba0-2daa2d3b0639, -13.169000, -52.694400,2026-05-07 18:50:00,GOES-19,CANARANA,MATO GROSSO,Brasil,5102702,51,33,8,0.0,0.47,Amazônia,89.2
38920a26-3a97-373b-9d3e-d04f9a9a5939,  -5.793900, -45.126700,2026-05-07 18:50:00,GOES-19,BARRA DO CORDA,MARANHÃO,Brasil,2101608,21,33,3,0.0,0.34,Cerrado,250.2
2f81c1b4-ee90-3b2a-a447-9d7a01f9bb68,  -7.065400, -47.130400,2026-05-07 18:50:00,GOES-19,CAROLINA,MARANHÃO,Brasil,2102804,21,33,5,0.0,0.44,Cerrado,58.0
85961608-3ea3-3d35-9f29-6a4b7451d68d, -13.188200, -52.692200,2026-05-07 18:50:00,GOES-19,CANARANA,MATO GROSSO,Brasil,5102702,51,33,8,0.0,0.21,Amazônia,302.4
4feec213-fd0c-3666-af2e-3faade82f4ff, -13.187800, -52.713200,2026-05-07 18:50:00,GOES-19,CANARANA,MATO GROSSO,Brasil,5102702,51,33,8,0.0,0.44,Amazônia,121.8
0b20c917-3a01-3dff-bebd-365742c048f4,  -8.693100, -49.104900,2026-05-07 18:50:00,GOES-19,GOIANORTE,TOCANTINS,Brasil,1708304,17,33,7,0.0,0.78,Cerrado,58.2
4257293f-f655-37bc-8032-ef49a8fead90, -12.867000, -43.747800,2026-05-07 18:50:00,GOES-19,SERRA DOURADA,BAHIA,Brasil,2930303,29,33,18,0.56,0.94,Cerrado,83.6
58ea2f00-819f-334a-931e-b14e1f751ddb, -13.188500, -52.671100,2026-05-07 18:50:00,GOES-19,CANARANA,MATO GROSSO,Brasil,5102702,51,33,8,0.0,0.45,Amazônia,72.5
38d63c0b-6064-34c2-96af-bbbda2e0a058, -12.763100, -58.991300,2026-05-07 18:50:00,GOES-19,CAMPOS DE JÚLIO,MATO GROSSO,Brasil,5102686,51,33,7,0.3,0.28,Cerrado,54.7
6ca5f6fd-a6d8-36d3-847d-a2bf4339be1f,  -8.693300, -49.083300,2026-05-07 18:50:00,GOES-19,GOIANORTE,TOCANTINS,Brasil,1708304,17,33,7,0.0,0.17,Cerrado,116.5
c10cc2f4-0708-3e4b-b745-3cfedbab297b,  -6.322500, -44.631300,2026-05-07 18:50:00,GOES-19,MIRADOR,MARANHÃO,Brasil,2106706,21,33,4,0.0,0.32,Cerrado,102.0
fd29b430-66b4-3547-927f-8965532def14, -12.139400, -46.657300,2026-05-07 18:50:00,GOES-19,PONTE ALTA DO BOM JESUS,TOCANTINS,Brasil,1717800,17,33,9,0.0,0.53,Cerrado,63.3
253cf8f4-539e-3cb1-9886-300a46cc11ca,  -5.775200, -45.128000,2026-05-07 18:50:00,GOES-19,BARRA DO CORDA,MARANHÃO,Brasil,2101608,21,33,3,0.0,0.36,Cerrado,400.2
ae360752-95b4-3103-9744-5f73754e2c12, -12.782100, -58.989900,2026-05-07 18:50:00,GOES-19,CAMPOS DE JÚLIO,MATO GROSSO,Brasil,5102686,51,33,7,0.3,0.79,Cerrado,119.7
edd08a78-ba71-3116-bedf-ec9ee5c95dc1,  -7.065700, -47.108300,2026-05-07 18:50:00,GOES-19,CAROLINA,MARANHÃO,Brasil,2102804,21,33,5,0.0,0.41,Cerrado,254.2
8ac86c92-aecf-334d-b0a0-ef87fb38692e, -13.207300, -52.689900,2026-05-07 18:50:00,GOES-19,CANARANA,MATO GROSSO,Brasil,5102702,51,33,8,0.0,1.0,Amazônia,138.6
94398572-3697-3aa2-84dc-56c5b4225e4a, -10.412600, -44.933500,2026-05-07 18:50:00,GOES-19,CORRENTE,PIAUÍ,Brasil,2202901,22,33,16,0.0,0.64,Cerrado,107.3
519cda22-3426-3d00-958e-1f5cc20d07ca, -10.683200, -49.703400,2026-05-07 18:50:00,GOES-19,LAGOA DA CONFUSÃO,TOCANTINS,Brasil,1711902,17,33,7,0.0,0.86,Cerrado,81.5
23888acc-571f-37f3-8d57-b0f9e893206d, -10.664200, -49.705400,2026-05-07 18:50:00,GOES-19,LAGOA DA CONFUSÃO,TOCANTINS,Brasil,1711902,17,33,7,0.0,0.35,Cerrado,78.0
e6fed67a-79a6-3cd0-b07b-a1540100d963, -13.207000, -52.710900,2026-05-07 18:50:00,GOES-19,CANARANA,MATO GROSSO,Brasil,5102702,51,33,8,0.0,1.0,Amazônia,71.8
85fcb1b2-a1dc-3349-a3f5-8f35d6f48b11,  -7.065700, -47.108300,2026-05-07 19:00:00,GOES-19,CAROLINA,MARANHÃO,Brasil,2102804,21,33,5,0.0,0.41,Cerrado,189.8
4ebac8c7-d73f-30d4-b440-4a6f63b5f8b3, -11.787900, -47.088400,2026-05-07 19:00:00,GOES-19,DIANÓPOLIS,TOCANTINS,Brasil,1707009,17,33,10,0.0,0.37,Cerrado,141.8
5a70d710-e7b6-332c-9b65-157dfa30d326, -12.158600, -46.654600,2026-05-07 19:00:00,GOES-19,PONTE ALTA DO BOM JESUS,TOCANTINS,Brasil,1717800,17,33,10,0.0,0.52,Cerrado,60.0
6493ffee-39fa-3ce7-afc1-2fcc7593c0ed, -13.169000, -52.694400,2026-05-07 19:00:00,GOES-19,CANARANA,MATO GROSSO,Brasil,5102702,51,33,8,0.0,0.47,Amazônia,67.1
4fa1473e-a096-3ce8-bb5a-8ea684413d68, -16.165500, -58.484200,2026-05-07 19:00:00,GOES-19,CÁCERES,MATO GROSSO,Brasil,5102504,51,33,8,0.0,0.13,Pantanal,147.7
4a23295d-200c-3fb9-b01d-10d7428b1d69,  -6.322500, -44.631300,2026-05-07 19:00:00,GOES-19,MIRADOR,MARANHÃO,Brasil,2106706,21,33,4,0.0,0.32,Cerrado,84.5
e0d1f5fb-6ff4-390d-9a01-cc465718ff53,  -8.693300, -49.083300,2026-05-07 19:00:00,GOES-19,GOIANORTE,TOCANTINS,Brasil,1708304,17,33,7,0.0,0.17,Cerrado,130.9
fe32bdd5-7cfc-3eae-957d-d81f98a9e531, -11.732300, -54.788500,2026-05-07 19:00:00,GOES-19,CLÁUDIA,MATO GROSSO,Brasil,5103056,51,33,9,0.0,0.07,Amazônia,76.8
82cb5981-27cc-3016-a41a-413b303d5e61,  -5.793900, -45.126700,2026-05-07 19:00:00,GOES-19,BARRA DO CORDA,MARANHÃO,Brasil,2101608,21,33,3,0.0,0.34,Cerrado,239.8
4fafaf5c-1343-3972-a12c-38121a351b35,  -9.407100, -50.684700,2026-05-07 19:00:00,GOES-19,SANTANA DO ARAGUAIA,PARÁ,Brasil,1506708,15,33,6,0.0,0.82,Amazônia,63.1
648aad30-6ce9-3cdc-b4c6-7d94a24a0700, -13.188500, -52.671100,2026-05-07 19:00:00,GOES-19,CANARANA,MATO GROSSO,Brasil,5102702,51,33,8,0.0,0.45,Amazônia,65.5
136fca4f-0ed7-3de1-ad04-38ec663ffaca, -13.207300, -52.689900,2026-05-07 19:00:00,GOES-19,CANARANA,MATO GROSSO,Brasil,5102702,51,33,8,0.0,1.0,Amazônia,66.5
c824b4b7-c31d-3105-a73a-9ba69e4f9740,  -7.065400, -47.130400,2026-05-07 19:00:00,GOES-19,CAROLINA,MARANHÃO,Brasil,2102804,21,33,5,0.0,0.44,Cerrado,83.8
6ada127d-5334-3131-9b39-88675e17bd16, -13.187800, -52.713200,2026-05-07 19:00:00,GOES-19,CANARANA,MATO GROSSO,Brasil,5102702,51,33,8,0.0,0.44,Amazônia,129.4
6c35d3a5-061d-331a-a60f-b0aa49903256, -12.782100, -58.989900,2026-05-07 19:00:00,GOES-19,CAMPOS DE JÚLIO,MATO GROSSO,Brasil,5102686,51,33,7,0.3,0.79,Cerrado,71.5
14466010-7469-3803-973c-56cc57999593, -13.188200, -52.692200,2026-05-07 19:00:00,GOES-19,CANARANA,MATO GROSSO,Brasil,5102702,51,33,8,0.0,0.21,Amazônia,307.7
7dc332b9-ee15-3d75-acb3-6462f95faa48, -16.165200, -58.504400,2026-05-07 19:00:00,GOES-19,CÁCERES,MATO GROSSO,Brasil,5102504,51,33,8,0.0,1.0,Pantanal,83.7
8e081705-f562-3eff-93ee-6a8a86eae1e2, -12.350800, -50.026600,2026-05-07 19:00:00,GOES-19,SANDOLÂNDIA,TOCANTINS,Brasil,1718840,17,33,8,0.0,0.48,Cerrado,62.4
c08b9074-bcd7-3aec-b45b-93faa0a1a0f0,  -8.693100, -49.104900,2026-05-07 19:00:00,GOES-19,GOIANORTE,TOCANTINS,Brasil,1708304,17,33,7,0.0,0.78,Cerrado,64.5
b60ca0ac-1341-3a34-b2d8-071235470f33, -10.683200, -49.703400,2026-05-07 19:00:00,GOES-19,LAGOA DA CONFUSÃO,TOCANTINS,Brasil,1711902,17,33,7,0.0,0.86,Cerrado,56.7
15af9b7d-257a-3327-a99d-4d359ff3e7ec, -11.751300, -54.786800,2026-05-07 19:00:00,GOES-19,CLÁUDIA,MATO GROSSO,Brasil,5103056,51,33,9,0.0,0.07,Amazônia,100.9
be30f881-b05e-3a64-a5ea-a2a2f43f0f0f, -10.664200, -49.705400,2026-05-07 19:00:00,GOES-19,LAGOA DA CONFUSÃO,TOCANTINS,Brasil,1711902,17,33,7,0.0,0.35,Cerrado,90.6
5b160842-0ed1-37a2-b594-bbc43a7c44db, -27.289520, -50.550640,2026-05-07 19:08:00,AQUA_M-T,CURITIBANOS,SANTA CATARINA,Brasil,4204806,42,33,2,1.15,0.08,Mata Atlântica,7.2
27e4e082-1585-39d5-8901-fca8e6e7f248, -27.562770, -50.183280,2026-05-07 19:08:00,AQUA_M-T,PALMEIRA,SANTA CATARINA,Brasil,4212056,42,33,2,1.15,0.05,Mata Atlântica,4.4
f1ade173-1c98-3deb-a49e-8ed9923ad6e6, -25.955340, -49.155620,2026-05-07 19:08:00,AQUA_M-T,TIJUCAS DO SUL,PARANÁ,Brasil,4127601,41,33,3,0.6,0.02,Mata Atlântica,44.8
3b66ec3c-0dd8-3980-8060-5b43afdfb594, -26.479660, -51.398410,2026-05-07 19:08:00,AQUA_M-T,GENERAL CARNEIRO,PARANÁ,Brasil,4108502,41,33,3,0.0,0.0,Mata Atlântica,5.0
f9a096e0-9056-380e-a09f-7a67552f4331, -26.892230, -51.192430,2026-05-07 19:08:00,AQUA_M-T,VIDEIRA,SANTA CATARINA,Brasil,4219309,42,33,2,0.97,0.11,Mata Atlântica,5.5
1ee0c002-44ca-3270-89ac-18b60630ecc8, -27.195840, -51.363770,2026-05-07 19:08:00,AQUA_M-T,HERVAL D'OESTE,SANTA CATARINA,Brasil,4206702,42,33,2,4.4,0.01,Mata Atlântica,6.2
71ec4b05-c132-33f1-8d75-7532a50875d7, -27.366000, -51.509180,2026-05-07 19:08:00,AQUA_M-T,CAMPOS NOVOS,SANTA CATARINA,Brasil,4203600,42,33,2,3.4,0.07,Mata Atlântica,58.8
868c1577-aae2-3d96-adee-04fdd9a478e8, -26.542170, -51.202590,2026-05-07 19:08:00,AQUA_M-T,MATOS COSTA,SANTA CATARINA,Brasil,4210704,42,33,3,0.0,0.01,Mata Atlântica,3.3
c1293e19-228a-34a7-81dd-13b12e5f49a6, -27.557060, -50.190140,2026-05-07 19:08:00,AQUA_M-T,PALMEIRA,SANTA CATARINA,Brasil,4212056,42,33,2,1.2,0.05,Mata Atlântica,10.0
e7e2f22b-622b-3650-bada-66d79e9b2bda, -27.205350, -50.540570,2026-05-07 19:08:00,AQUA_M-T,PONTE ALTA DO NORTE,SANTA CATARINA,Brasil,4213351,42,33,2,0.8,0.07,Mata Atlântica,3.5
7c6471ec-4a1f-3c73-a4d3-f791164b661d, -27.885840, -50.340400,2026-05-07 19:08:00,AQUA_M-T,LAGES,SANTA CATARINA,Brasil,4209300,42,33,3,0.4,0.03,Mata Atlântica,7.7
5f5eecf0-d876-3531-a757-323b9f0379b1, -26.997240, -49.599980,2026-05-07 19:08:00,AQUA_M-T,JOSÉ BOITEUX,SANTA CATARINA,Brasil,4209151,42,33,0,2.5,0.09,Mata Atlântica,13.1
e26a3122-4483-3c06-a686-6c201b9e49eb, -26.893800, -51.202490,2026-05-07 19:08:00,AQUA_M-T,VIDEIRA,SANTA CATARINA,Brasil,4219309,42,33,2,0.96,0.12,Mata Atlântica,34.6
9e4aef79-08b0-390d-8eb6-d654ac537258, -26.966550, -50.383300,2026-05-07 19:08:00,AQUA_M-T,SANTA CECÍLIA,SANTA CATARINA,Brasil,4215505,42,33,3,0.55,0.04,Mata Atlântica,7.1
677d136b-faf3-353b-afe8-69aad99d63d6, -26.232530, -51.412460,2026-05-07 19:08:00,AQUA_M-T,BITURUNA,PARANÁ,Brasil,4102901,41,33,3,0.0,0.0,Mata Atlântica,14.5
4d1c116e-c287-3a48-9bc6-1f2c24359284, -26.868560, -50.003850,2026-05-07 19:08:00,AQUA_M-T,RIO DO CAMPO,SANTA CATARINA,Brasil,4214508,42,33,2,0.74,0.07,Mata Atlântica,13.0
28a10940-fe50-386e-bffb-3e2cee517244, -25.019040, -53.172950,2026-05-07 19:08:00,AQUA_M-T,CASCAVEL,PARANÁ,Brasil,4104808,41,33,2,6.12,0.01,Mata Atlântica,12.2
5f21de34-35e8-32ed-96a9-9281a2cadf2f, -27.497640, -52.389680,2026-05-07 19:08:00,AQUA_M-T,BARÃO DE COTEGIPE,RIO GRANDE DO SUL,Brasil,4301701,43,33,2,5.9,0.05,Mata Atlântica,5.9
80cf4ab1-e8a9-3332-9f90-bbde43ef5ca7, -26.551090, -51.200780,2026-05-07 19:08:00,AQUA_M-T,MATOS COSTA,SANTA CATARINA,Brasil,4210704,42,33,3,0.0,0.01,Mata Atlântica,5.0
e8efcdff-d588-3677-b3f0-9694891ba812, -26.503320, -50.840000,2026-05-07 19:08:00,AQUA_M-T,PORTO UNIÃO,SANTA CATARINA,Brasil,4213609,42,33,3,0.0,0.01,Mata Atlântica,8.1
99c2ac08-e6bb-324d-abb8-da85dab395f7, -27.267270, -49.841470,2026-05-07 19:08:00,AQUA_M-T,POUSO REDONDO,SANTA CATARINA,Brasil,4213708,42,33,2,1.05,0.31,Mata Atlântica,9.9
0297117a-32d7-38f3-a50b-ed4cf419f889, -27.287850, -50.540230,2026-05-07 19:08:00,AQUA_M-T,CURITIBANOS,SANTA CATARINA,Brasil,4204806,42,33,2,1.2,0.07,Mata Atlântica,7.2
0d012d60-0fda-3b2f-9c0d-c10ecdd736eb, -25.957480, -49.168090,2026-05-07 19:08:00,AQUA_M-T,TIJUCAS DO SUL,PARANÁ,Brasil,4127601,41,33,3,0.58,0.02,Mata Atlântica,20.9
32e0342a-51e4-3b5c-8690-990b86dbf729, -25.965180, -49.153440,2026-05-07 19:08:00,AQUA_M-T,TIJUCAS DO SUL,PARANÁ,Brasil,4127601,41,33,3,0.5,0.02,Mata Atlântica,40.5
dd98d65d-7223-3245-b609-2cd35fa18d34, -27.057930, -50.777210,2026-05-07 19:08:00,AQUA_M-T,FRAIBURGO,SANTA CATARINA,Brasil,4205506,42,33,2,1.55,0.11,Mata Atlântica,5.2
173ab050-6f15-3716-93f4-d84fd89d1a94, -26.474380, -51.305790,2026-05-07 19:08:00,AQUA_M-T,GENERAL CARNEIRO,PARANÁ,Brasil,4108502,41,33,3,0.0,0.01,Mata Atlântica,5.8
39643056-d1c6-3027-851b-845e3f2a99d2, -27.194300, -51.353860,2026-05-07 19:08:00,AQUA_M-T,HERVAL D'OESTE,SANTA CATARINA,Brasil,4206702,42,33,2,4.46,0.01,Mata Atlântica,12.2
e2de3ba1-3a01-3d0b-8255-bd602edf1f58, -31.099970, -53.175670,2026-05-07 19:08:00,AQUA_M-T,PIRATINI,RIO GRANDE DO SUL,Brasil,4314605,43,33,3,12.37,0.0,Pampa,4.4
d7010e87-dfb9-3efa-9099-17d69bbd680f, -13.187800, -52.713200,2026-05-07 19:10:00,GOES-19,CANARANA,MATO GROSSO,Brasil,5102702,51,33,8,0.0,0.44,Amazônia,101.5
604bfab8-d0c8-3ea9-b22b-ab23e2932a7e, -16.165200, -58.504400,2026-05-07 19:10:00,GOES-19,CÁCERES,MATO GROSSO,Brasil,5102504,51,33,8,0.0,1.0,Pantanal,80.5
bf9cbf87-893c-39c0-ab9f-a2f5f948fc6c, -12.350800, -50.026600,2026-05-07 19:10:00,GOES-19,SANDOLÂNDIA,TOCANTINS,Brasil,1718840,17,33,8,0.0,0.48,Cerrado,70.5
547ad223-e9ef-338f-a392-dd224be5a019, -16.165500, -58.484200,2026-05-07 19:10:00,GOES-19,CÁCERES,MATO GROSSO,Brasil,5102504,51,33,8,0.0,0.13,Pantanal,152.5
a9a9c85e-ef2f-385d-802e-34592fb6ad4a, -13.169000, -52.694400,2026-05-07 19:10:00,GOES-19,CANARANA,MATO GROSSO,Brasil,5102702,51,33,8,0.0,0.47,Amazônia,75.5
0f22e01c-328f-3c6d-95fb-b9f22bf5f028, -10.412600, -44.933500,2026-05-07 19:10:00,GOES-19,CORRENTE,PIAUÍ,Brasil,2202901,22,33,16,0.0,0.64,Cerrado,108.2
9ceda3ad-e65a-36e4-9c19-cbcd45a3b918, -13.207300, -52.689900,2026-05-07 19:10:00,GOES-19,CANARANA,MATO GROSSO,Brasil,5102702,51,33,8,0.0,1.0,Amazônia,131.3
c8e4c917-9075-321e-b11c-383ecaacf5dd, -13.188200, -52.692200,2026-05-07 19:10:00,GOES-19,CANARANA,MATO GROSSO,Brasil,5102702,51,33,8,0.0,0.21,Amazônia,259.5
406ffb59-e277-3455-bde8-78487ff75cd0, -11.787500, -47.110800,2026-05-07 19:10:00,GOES-19,DIANÓPOLIS,TOCANTINS,Brasil,1707009,17,33,10,0.0,0.37,Cerrado,114.9
ff869814-6c1c-3ae2-bba2-6735ccb9dad8, -16.146100, -58.486200,2026-05-07 19:10:00,GOES-19,CÁCERES,MATO GROSSO,Brasil,5102504,51,33,8,0.0,0.17,Pantanal,80.4
48653984-988b-338f-bfad-3a98b64c21c9, -13.188500, -52.671100,2026-05-07 19:10:00,GOES-19,CANARANA,MATO GROSSO,Brasil,5102702,51,33,8,0.0,0.45,Amazônia,68.1
b9f8e43f-8c26-34d2-a6a6-341465555b88, -11.787900, -47.088400,2026-05-07 19:10:00,GOES-19,DIANÓPOLIS,TOCANTINS,Brasil,1707009,17,33,10,0.0,0.37,Cerrado,138.1
95102cfa-f8a9-34ee-9d54-67d871e01f24,  -6.322500, -44.631300,2026-05-07 19:10:00,GOES-19,MIRADOR,MARANHÃO,Brasil,2106706,21,33,4,0.0,0.32,Cerrado,80.2
159d1200-d6d6-3db6-9aac-b7b942817a4a,  -7.065700, -47.108300,2026-05-07 19:10:00,GOES-19,CAROLINA,MARANHÃO,Brasil,2102804,21,33,5,0.0,0.41,Cerrado,101.0
85e51259-c252-3d71-bcb1-ac3361fed6c3,  -5.793900, -45.126700,2026-05-07 19:10:00,GOES-19,BARRA DO CORDA,MARANHÃO,Brasil,2101608,21,33,3,0.0,0.34,Cerrado,85.8
763aed57-f96b-3483-a64c-94fd0b72b05e,  -9.407100, -50.684700,2026-05-07 19:10:00,GOES-19,SANTANA DO ARAGUAIA,PARÁ,Brasil,1506708,15,33,6,0.0,0.82,Amazônia,57.9
2c70a452-d767-3ead-90ae-124e0017effc,  -7.065400, -47.130400,2026-05-07 19:10:00,GOES-19,CAROLINA,MARANHÃO,Brasil,2102804,21,33,5,0.0,0.44,Cerrado,57.0
e07f9891-10fa-3fc1-ab89-5cc228461214, -12.867000, -43.747800,2026-05-07 19:10:00,GOES-19,SERRA DOURADA,BAHIA,Brasil,2930303,29,33,18,0.56,0.94,Cerrado,67.5
dc02e17b-595c-3281-b60c-ebb79543c85e, -11.732300, -54.788500,2026-05-07 19:10:00,GOES-19,CLÁUDIA,MATO GROSSO,Brasil,5103056,51,33,9,0.0,0.07,Amazônia,329.8
6bea4ac2-c9da-357e-9a37-a76a9b2bf72b, -12.781900, -59.009600,2026-05-07 19:10:00,GOES-19,CAMPOS DE JÚLIO,MATO GROSSO,Brasil,5102686,51,33,7,0.3,0.73,Cerrado,74.8
809b82d9-cd44-303f-be86-3e061bc00956, -23.027590, -52.761800,2026-05-07 19:10:00,AQUA_M-T,AMAPORÃ,PARANÁ,Brasil,4100905,41,33,4,0.0,0.89,Mata Atlântica,62.6
ebe89b1f-b99b-3b64-8722-20e63e754c1f, -23.464100, -53.840980,2026-05-07 19:10:00,AQUA_M-T,ALTO PARAÍSO,PARANÁ,Brasil,4128625,41,33,4,0.0,1.0,Mata Atlântica,33.7
f4829feb-0960-37a9-86e6-5b04c1e8b063, -23.505580, -52.684010,2026-05-07 19:10:00,AQUA_M-T,INDIANÓPOLIS,PARANÁ,Brasil,4110409,41,33,4,0.0,0.98,Mata Atlântica,40.7
076d7156-d29e-304f-8795-d6eeb6ac5219, -22.046500, -48.420930,2026-05-07 19:10:00,AQUA_M-T,BOA ESPERANÇA DO SUL,SÃO PAULO,Brasil,3506706,35,33,7,0.0,1.0,Cerrado,26.3
cddc953e-aa4f-365f-b308-ae0910e80122, -24.179610, -50.845810,2026-05-07 19:10:00,AQUA_M-T,ORTIGUEIRA,PARANÁ,Brasil,4117305,41,33,4,0.0,0.07,Mata Atlântica,23.9
e8fac154-5197-3198-8783-c2ee8a2677ba, -24.177860, -50.835060,2026-05-07 19:10:00,AQUA_M-T,ORTIGUEIRA,PARANÁ,Brasil,4117305,41,33,4,0.0,0.04,Mata Atlântica,25.2
491a3f67-39cd-3c05-87c5-694b4a9ddb2d, -23.462720, -53.831380,2026-05-07 19:10:00,AQUA_M-T,ALTO PARAÍSO,PARANÁ,Brasil,4128625,41,33,4,0.0,1.0,Mata Atlântica,73.1
046e4ae0-afa8-39bf-b27f-d8443eb65496, -22.880370, -51.394900,2026-05-07 19:10:00,AQUA_M-T,FLORESTÓPOLIS,PARANÁ,Brasil,4108007,41,33,4,0.0,0.46,Mata Atlântica,4.7
ea3d7505-917c-3310-aba7-2e189c84723c, -23.026140, -52.752220,2026-05-07 19:10:00,AQUA_M-T,AMAPORÃ,PARANÁ,Brasil,4100905,41,33,4,0.0,0.96,Mata Atlântica,14.4
047d0b8f-b08b-3cb2-814a-954e9c3fbca8, -22.043660, -48.404980,2026-05-07 19:10:00,AQUA_M-T,TRABIJU,SÃO PAULO,Brasil,3554755,35,33,7,0.0,1.0,Cerrado,14.5
ec2d1894-43d4-316f-a089-558042de42f5, -23.507020, -52.693610,2026-05-07 19:10:00,AQUA_M-T,INDIANÓPOLIS,PARANÁ,Brasil,4110409,41,33,4,0.0,0.94,Mata Atlântica,36.7
7dee5ee1-6ba2-3355-b156-d953894d7a0a, -11.751300, -54.786800,2026-05-07 19:10:00,GOES-19,CLÁUDIA,MATO GROSSO,Brasil,5103056,51,33,9,0.0,0.07,Amazônia,241.5
25e652ea-f91a-339a-99d1-bd0f6c33eaa9,  -7.302600, -49.626900,2026-05-07 19:10:00,GOES-19,RIO MARIA,PARÁ,Brasil,1506161,15,33,4,0.0,0.49,Amazônia,58.9
fb89f5ce-aaed-3d00-91bb-886a7f622ca9, -10.683200, -49.703400,2026-05-07 19:10:00,GOES-19,LAGOA DA CONFUSÃO,TOCANTINS,Brasil,1711902,17,33,7,0.0,0.86,Cerrado,77.3
f22c2f88-a038-3031-8358-812ed3f1b8ce, -13.207000, -52.710900,2026-05-07 19:10:00,GOES-19,CANARANA,MATO GROSSO,Brasil,5102702,51,33,8,0.0,1.0,Amazônia,72.2
53f7d957-c75b-3d58-bcc6-b304e48e162a, -10.664200, -49.705400,2026-05-07 19:10:00,GOES-19,LAGOA DA CONFUSÃO,TOCANTINS,Brasil,1711902,17,33,7,0.0,0.35,Cerrado,68.7
0a2b1951-c707-3f8e-86e3-45e92648c267, -13.703680, -52.586700,2026-05-07 19:13:00,AQUA_M-T,ÁGUA BOA,MATO GROSSO,Brasil,5100201,51,33,8,0.0,0.93,Cerrado,21.0
7dc650ed-b2a8-39e0-a17d-4a88fb0ec49d, -20.420190, -55.070820,2026-05-07 19:13:00,AQUA_M-T,TERENOS,MATO GROSSO DO SUL,Brasil,5008008,50,33,5,0.0,1.0,Cerrado,8.1
597b5a90-f82f-3764-88f1-9b17ae8a9e85, -14.189110, -58.703530,2026-05-07 19:13:00,AQUA_M-T,TANGARÁ DA SERRA,MATO GROSSO,Brasil,5107958,51,33,7,0.0,0.44,Cerrado,14.5
45fb3a67-3d0d-3870-9136-ab994ff6aecf, -18.250230, -51.269250,2026-05-07 19:13:00,AQUA_M-T,APARECIDA DO RIO DOCE,GOIÁS,Brasil,5201454,52,33,8,0.0,1.0,Cerrado,19.0
1f558787-1291-3778-b678-19db22033e8b, -16.172580, -58.484840,2026-05-07 19:13:00,AQUA_M-T,CÁCERES,MATO GROSSO,Brasil,5102504,51,33,8,0.0,0.45,Pantanal,76.4
e8ecb5f3-3ef4-3e19-a0df-decf2f66b28e, -13.693990, -52.588420,2026-05-07 19:13:00,AQUA_M-T,ÁGUA BOA,MATO GROSSO,Brasil,5100201,51,33,8,0.0,0.57,Cerrado,20.1
2dcc7dcf-e297-3aef-8ec1-bf85491ff669, -16.180310, -57.457620,2026-05-07 19:13:00,AQUA_M-T,CÁCERES,MATO GROSSO,Brasil,5102504,51,33,7,0.0,0.6,Cerrado,11.1
81f6c9bf-6931-3888-8595-d4a34ed13d8b, -16.162520, -58.486290,2026-05-07 19:13:00,AQUA_M-T,CÁCERES,MATO GROSSO,Brasil,5102504,51,33,8,0.0,0.26,Pantanal,65.6
794aed8f-2ced-3c85-8c56-5ff0607c88ba, -13.184860, -52.688740,2026-05-07 19:13:00,AQUA_M-T,CANARANA,MATO GROSSO,Brasil,5102702,51,33,8,0.0,0.21,Amazônia,140.3
d2b96a5e-ca2e-3e07-bb94-c7047901d2ed, -13.186660, -52.699940,2026-05-07 19:13:00,AQUA_M-T,CANARANA,MATO GROSSO,Brasil,5102702,51,33,8,0.0,0.22,Amazônia,148.0
038a59de-e353-3e13-88f0-458ac85b3df8, -16.152460, -58.487720,2026-05-07 19:13:00,AQUA_M-T,CÁCERES,MATO GROSSO,Brasil,5102504,51,33,8,0.0,0.65,Pantanal,45.2
36e363c5-c304-3307-8427-cf5743950113, -16.174180, -58.496960,2026-05-07 19:13:00,AQUA_M-T,CÁCERES,MATO GROSSO,Brasil,5102504,51,33,8,0.0,0.98,Pantanal,36.2
fb0d06ba-20af-3bdd-a9e0-1ba19d2c5e04, -16.154040, -58.499780,2026-05-07 19:13:00,AQUA_M-T,CÁCERES,MATO GROSSO,Brasil,5102504,51,33,8,0.0,1.0,Pantanal,21.5
24ae328c-7028-3198-ad91-59a813ed4c31, -13.688490, -55.682560,2026-05-07 19:13:00,AQUA_M-T,NOVA MUTUM,MATO GROSSO,Brasil,5106224,51,33,8,0.0,0.21,Cerrado,9.8
492fc65e-6917-33f4-bef0-7cd6e8e08b0b, -13.198130, -52.709390,2026-05-07 19:13:00,AQUA_M-T,CANARANA,MATO GROSSO,Brasil,5102702,51,33,8,0.0,0.98,Amazônia,91.0
5ab2a619-b1c0-346f-ac2c-96fbf1f9fda7, -16.164100, -58.498360,2026-05-07 19:13:00,AQUA_M-T,CÁCERES,MATO GROSSO,Brasil,5102504,51,33,8,0.0,0.88,Pantanal,51.9
bb4d1753-9af4-36dd-a11c-677ae4ada7d6, -14.009800, -56.625110,2026-05-07 19:13:00,AQUA_M-T,DIAMANTINO,MATO GROSSO,Brasil,5103502,51,33,7,0.0,0.13,Cerrado,9.9
6f6b9e21-d909-3142-82db-62fb4e4820cc, -17.177310, -49.915830,2026-05-07 19:13:00,AQUA_M-T,INDIARA,GOIÁS,Brasil,5209952,52,33,9,0.0,0.93,Cerrado,8.6
23db2e20-ca28-3002-8cef-affcf66fbd8d, -14.323370, -57.740730,2026-05-07 19:13:00,AQUA_M-T,TANGARÁ DA SERRA,MATO GROSSO,Brasil,5107958,51,33,8,0.0,0.31,Amazônia,19.6
fa6cdf73-3858-3ddc-819b-6d5828f22212, -13.196360, -52.698270,2026-05-07 19:13:00,AQUA_M-T,CANARANA,MATO GROSSO,Brasil,5102702,51,33,8,0.0,0.32,Amazônia,213.7
1205fa3a-45d0-37ad-b571-eb6c89f85f2d, -13.188430, -52.711010,2026-05-07 19:13:00,AQUA_M-T,CANARANA,MATO GROSSO,Brasil,5102702,51,33,8,0.0,0.49,Amazônia,28.4
d4e9f641-17c7-3a7e-942c-c61165bde583, -15.767130, -54.184560,2026-05-07 19:13:00,AQUA_M-T,POXORÉU,MATO GROSSO,Brasil,5107008,51,33,7,0.0,0.73,Cerrado,5.1
99088b6b-6a0f-34a5-b1fd-36d17bd9b4d7, -13.194560, -52.687000,2026-05-07 19:13:00,AQUA_M-T,CANARANA,MATO GROSSO,Brasil,5102702,51,33,8,0.0,0.21,Amazônia,73.5
f8b65716-3379-3354-97fc-45041dfff1e2, -12.348470, -50.027740,2026-05-07 19:13:00,AQUA_M-T,SANDOLÂNDIA,TOCANTINS,Brasil,1718840,17,33,8,0.0,0.48,Cerrado,79.6
06e60c7a-dfab-3c6c-b021-335e0e9a7fdb, -19.561380, -52.520330,2026-05-07 19:13:00,AQUA_M-T,ÁGUA CLARA,MATO GROSSO DO SUL,Brasil,5000203,50,33,7,0.0,0.22,Cerrado,18.5
e17c5c1b-f854-37df-9e67-d2e7bee3d5c7, -19.562940, -52.530300,2026-05-07 19:13:00,AQUA_M-T,ÁGUA CLARA,MATO GROSSO DO SUL,Brasil,5000203,50,33,7,0.0,1.0,Cerrado,15.1
db14d17d-97a7-3f19-b5ba-bf61e558dc56, -16.422070, -54.921300,2026-05-07 19:13:00,AQUA_M-T,RONDONÓPOLIS,MATO GROSSO,Brasil,5107602,51,33,8,0.0,0.71,Cerrado,13.7
6f5e95e0-f19f-3b7b-9152-fe72529453e5, -13.183060, -52.677470,2026-05-07 19:13:00,AQUA_M-T,CANARANA,MATO GROSSO,Brasil,5102702,51,33,8,0.0,0.21,Amazônia,7.4
ffc13d6d-f50d-39fa-8e3c-04716722f8d3, -18.510490, -55.512930,2026-05-07 19:13:00,AQUA_M-T,CORUMBÁ,MATO GROSSO DO SUL,Brasil,5003207,50,33,10,0.0,0.98,Pantanal,13.0
23e058f5-e1ff-34bc-950a-df9e06738b3a, -14.433770, -58.855380,2026-05-07 19:13:00,AQUA_M-T,TANGARÁ DA SERRA,MATO GROSSO,Brasil,5107958,51,33,7,0.0,0.37,Cerrado,34.0
8ff118ec-87a3-3793-8d19-1d1d59421ee5, -14.151520, -52.888150,2026-05-07 19:13:00,AQUA_M-T,ÁGUA BOA,MATO GROSSO,Brasil,5100201,51,33,17,0.0,0.81,Cerrado,7.0
94f5c496-342e-3441-ae30-9735dcdc5da0, -11.823990, -47.354370,2026-05-07 19:13:00,AQUA_M-T,ALMAS,TOCANTINS,Brasil,1700400,17,33,9,0.0,0.38,Cerrado,69.7
c73d4dcb-a912-3f13-bfd8-199a204de3cb, -11.297500, -54.759670,2026-05-07 19:15:00,AQUA_M-T,CLÁUDIA,MATO GROSSO,Brasil,5103056,51,33,8,0.0,0.33,Amazônia,24.7
f42d9e37-70a6-31eb-aee3-87674727116a, -11.641500, -58.263490,2026-05-07 19:15:00,AQUA_M-T,BRASNORTE,MATO GROSSO,Brasil,5101902,51,33,2,0.0,0.82,Amazônia,39.6
bd476ad2-be8e-3ea2-ae1f-c9c6778053ca, -12.994970, -54.682270,2026-05-07 19:15:00,AQUA_M-T,NOVA UBIRATÃ,MATO GROSSO,Brasil,5106240,51,33,7,0.0,0.09,Amazônia,21.6
8b71558d-8563-3ad9-b86a-46a02b834aaf, -12.774670, -58.979240,2026-05-07 19:15:00,AQUA_M-T,CAMPOS DE JÚLIO,MATO GROSSO,Brasil,5102686,51,33,7,0.3,0.28,Cerrado,15.8
f9c60510-b6af-3c76-b7f8-5414660448c6, -10.858810, -53.767120,2026-05-07 19:15:00,AQUA_M-T,MARCELÂNDIA,MATO GROSSO,Brasil,5105580,51,33,3,0.0,0.35,Amazônia,11.2
54774ca2-6034-32b7-b3d4-4b442922c9fb, -11.640070, -58.253310,2026-05-07 19:15:00,AQUA_M-T,BRASNORTE,MATO GROSSO,Brasil,5101902,51,33,2,0.0,0.93,Amazônia,29.8
883bf278-170a-3898-961a-0c5d2f8c7c84, -11.813760, -49.680200,2026-05-07 19:15:00,AQUA_M-T,FORMOSO DO ARAGUAIA,TOCANTINS,Brasil,1708205,17,33,8,0.0,0.83,Cerrado,17.1
ce10493b-59ca-3439-ac5b-3602b18dbb11, -11.736350, -54.782630,2026-05-07 19:15:00,AQUA_M-T,CLÁUDIA,MATO GROSSO,Brasil,5103056,51,33,9,0.0,0.07,Amazônia,104.6
08ad8c0e-7406-3820-92d0-ccf093e5853b, -12.501100, -58.476640,2026-05-07 19:15:00,AQUA_M-T,SAPEZAL,MATO GROSSO,Brasil,5107875,51,33,9,0.0,0.13,Cerrado,17.0
1599d005-4c9e-37ab-801d-f2714af099c7, -10.941920, -49.447060,2026-05-07 19:15:00,AQUA_M-T,SANTA RITA DO TOCANTINS,TOCANTINS,Brasil,1718899,17,33,3,0.0,0.31,Cerrado,33.9
7cf35329-88da-3169-a390-d4c27cd3020d, -11.617290, -54.186850,2026-05-07 19:15:00,AQUA_M-T,UNIÃO DO SUL,MATO GROSSO,Brasil,5108303,51,33,9,0.0,0.07,Amazônia,7.5
0231c3e4-4d0e-3501-a44f-ffa755dd1b72, -11.655480, -52.572590,2026-05-07 19:15:00,AQUA_M-T,SÃO FÉLIX DO ARAGUAIA,MATO GROSSO,Brasil,5107859,51,33,8,0.0,0.07,Amazônia,31.7
1569cef4-7d81-339f-b7b0-f331e9033682, -12.502580, -58.487270,2026-05-07 19:15:00,AQUA_M-T,SAPEZAL,MATO GROSSO,Brasil,5107875,51,33,9,0.0,0.13,Cerrado,10.8
f228bbe9-a9cf-390b-83ec-e1add2918a42,  -8.704190, -49.085720,2026-05-07 19:15:00,AQUA_M-T,GOIANORTE,TOCANTINS,Brasil,1708304,17,33,7,0.0,0.41,Cerrado,173.8
848775df-0d42-3e1a-80a3-d12d1d06e245, -12.776260, -58.990750,2026-05-07 19:15:00,AQUA_M-T,CAMPOS DE JÚLIO,MATO GROSSO,Brasil,5102686,51,33,7,0.3,0.37,Cerrado,25.4
48999842-1abc-38ec-9757-315a66e58147, -11.841520, -57.849240,2026-05-07 19:15:00,AQUA_M-T,JUARA,MATO GROSSO,Brasil,5105101,51,33,2,0.0,0.09,Amazônia,5.9
164c7fa8-49a2-3199-8a6e-28121ca3b293,  -9.747630, -58.361890,2026-05-07 19:15:00,AQUA_M-T,COTRIGUAÇU,MATO GROSSO,Brasil,5103379,51,33,2,0.0,0.14,Amazônia,6.6
11c5a8b7-020b-3458-b052-718a5d7baa04, -11.737760, -54.791920,2026-05-07 19:15:00,AQUA_M-T,CLÁUDIA,MATO GROSSO,Brasil,5103056,51,33,9,0.0,0.07,Amazônia,164.5
56fec890-d9eb-3b61-b11d-826a947880fb, -10.622880, -49.899980,2026-05-07 19:15:00,AQUA_M-T,LAGOA DA CONFUSÃO,TOCANTINS,Brasil,1711902,17,33,8,0.0,0.54,Cerrado,19.7
272864b3-4d8f-38cb-ad31-a5458a7348e8,  -7.057670, -47.129790,2026-05-07 19:15:00,AQUA_M-T,CAROLINA,MARANHÃO,Brasil,2102804,21,33,5,0.0,0.34,Cerrado,55.1
9710e5bc-93db-3a7c-8422-035fdf5d7a2a, -12.042510, -54.245850,2026-05-07 19:15:00,AQUA_M-T,FELIZ NATAL,MATO GROSSO,Brasil,5103700,51,33,9,0.0,0.06,Amazônia,11.7
587743ec-c577-3d83-bac2-9b3445a2bc33, -12.787750, -59.000790,2026-05-07 19:15:00,AQUA_M-T,CAMPOS DE JÚLIO,MATO GROSSO,Brasil,5102686,51,33,7,0.3,1.0,Cerrado,61.4
31fbcb4b-9dda-3878-852b-6094525407ea,  -7.061100, -47.123910,2026-05-07 19:15:00,AQUA_M-T,CAROLINA,MARANHÃO,Brasil,2102804,21,33,5,0.0,0.39,Cerrado,134.4
fc80ea4c-5b0e-311d-ad48-b8c05268e78f, -12.777830, -59.002140,2026-05-07 19:15:00,AQUA_M-T,CAMPOS DE JÚLIO,MATO GROSSO,Brasil,5102686,51,33,7,0.3,0.46,Cerrado,113.7
a990bc70-adf7-30bf-b8d2-d285f6cc5742, -10.960330, -48.852510,2026-05-07 19:15:00,AQUA_M-T,FÁTIMA,TOCANTINS,Brasil,1707553,17,33,8,0.0,0.29,Cerrado,47.7
335fcb83-661a-3a46-855e-8e3a921ea2b7, -10.954640, -48.846100,2026-05-07 19:15:00,AQUA_M-T,FÁTIMA,TOCANTINS,Brasil,1707553,17,33,8,0.0,0.5,Cerrado,120.9
be7b38c1-29c6-3c1e-b16c-7c19dabdd604, -11.790010, -49.711430,2026-05-07 19:15:00,AQUA_M-T,FORMOSO DO ARAGUAIA,TOCANTINS,Brasil,1708205,17,33,8,0.0,0.85,Cerrado,22.3
0cb3b40c-1ba3-3e4c-bc7b-a7c095bb9893, -10.574860, -47.071240,2026-05-07 19:15:00,AQUA_M-T,PONTE ALTA DO TOCANTINS,TOCANTINS,Brasil,1717909,17,33,9,0.0,0.46,Cerrado,31.4
13d323b2-dd9d-309c-83e2-fcd4517178f5,  -7.074320, -47.126820,2026-05-07 19:15:00,AQUA_M-T,CAROLINA,MARANHÃO,Brasil,2102804,21,33,5,0.0,0.44,Cerrado,84.4
651b4a82-666a-3a20-9afd-c43225d2a6a0, -12.354380, -54.779880,2026-05-07 19:15:00,AQUA_M-T,FELIZ NATAL,MATO GROSSO,Brasil,5103700,51,33,7,0.0,0.15,Amazônia,6.9
23e3621b-d637-302a-b6d1-5449811849fc, -10.233270, -52.224630,2026-05-07 19:15:00,AQUA_M-T,SANTA CRUZ DO XINGU,MATO GROSSO,Brasil,5107743,51,33,6,0.0,0.12,Amazônia,7.9
b582e29e-4d78-331b-af1a-82ba7006a0e1, -12.150660, -54.654110,2026-05-07 19:15:00,AQUA_M-T,FELIZ NATAL,MATO GROSSO,Brasil,5103700,51,33,7,0.0,0.09,Amazônia,7.5
24330c6a-a28d-33ab-8e26-cf7939046af2, -10.939020, -49.442310,2026-05-07 19:15:00,AQUA_M-T,SANTA RITA DO TOCANTINS,TOCANTINS,Brasil,1718899,17,33,3,0.0,0.31,Cerrado,29.8
271ed1f5-d16c-32cd-9aa0-782eea5b58a0, -11.965770, -50.895070,2026-05-07 19:15:00,AQUA_M-T,SÃO FÉLIX DO ARAGUAIA,MATO GROSSO,Brasil,5107859,51,33,7,0.0,0.61,Cerrado,27.9
8af19255-734f-3241-99e2-427eb91e04bb, -12.986090, -54.683690,2026-05-07 19:15:00,AQUA_M-T,NOVA UBIRATÃ,MATO GROSSO,Brasil,5106240,51,33,7,0.0,0.09,Amazônia,9.2
73873b5a-e57d-31f5-9059-34c210e05ff8, -11.484810, -52.916580,2026-05-07 19:15:00,AQUA_M-T,SÃO FÉLIX DO ARAGUAIA,MATO GROSSO,Brasil,5107859,51,33,7,0.0,0.07,Amazônia,12.2
e87caf99-0885-374a-a825-a0af0b9dfa30, -12.789090, -59.006690,2026-05-07 19:15:00,AQUA_M-T,CAMPOS DE JÚLIO,MATO GROSSO,Brasil,5102686,51,33,7,0.3,1.0,Cerrado,24.3
86bf54d6-45ee-3651-8ae4-008f80caf276, -11.745280, -54.781210,2026-05-07 19:15:00,AQUA_M-T,CLÁUDIA,MATO GROSSO,Brasil,5103056,51,33,9,0.0,0.07,Amazônia,202.1
a3a958c5-a859-3aec-ba49-70464c00527d, -12.787570, -58.995230,2026-05-07 19:15:00,AQUA_M-T,CAMPOS DE JÚLIO,MATO GROSSO,Brasil,5102686,51,33,7,0.3,1.0,Cerrado,75.0
29d3a22d-a879-3c06-b5cd-ab7ab4a178fc, -11.809630, -50.997560,2026-05-07 19:15:00,AQUA_M-T,SÃO FÉLIX DO ARAGUAIA,MATO GROSSO,Brasil,5107859,51,33,8,0.0,0.53,Cerrado,13.7
aa79b215-50f3-3741-9ab3-dc5eb5fd007b, -11.811700, -49.687840,2026-05-07 19:15:00,AQUA_M-T,FORMOSO DO ARAGUAIA,TOCANTINS,Brasil,1708205,17,33,8,0.0,0.84,Cerrado,21.1
44eff908-537f-3576-a5f8-22843b1ac130, -11.746690, -54.790510,2026-05-07 19:15:00,AQUA_M-T,CLÁUDIA,MATO GROSSO,Brasil,5103056,51,33,9,0.0,0.07,Amazônia,203.3
a71fe6c3-cc00-3c49-b3e8-27241df93fdb, -11.655360, -52.565990,2026-05-07 19:15:00,AQUA_M-T,SÃO FÉLIX DO ARAGUAIA,MATO GROSSO,Brasil,5107859,51,33,8,0.0,0.37,Amazônia,43.1
81e8641a-f3e2-3577-8d6c-3e563100da5f, -12.149260, -54.644820,2026-05-07 19:15:00,AQUA_M-T,FELIZ NATAL,MATO GROSSO,Brasil,5103700,51,33,7,0.0,0.08,Amazônia,8.1
2e900e4d-fa88-31b4-903c-91d3a24d1ea6, -10.545450, -49.751630,2026-05-07 19:15:00,AQUA_M-T,LAGOA DA CONFUSÃO,TOCANTINS,Brasil,1711902,17,33,7,0.0,0.61,Cerrado,21.9
b44a9179-a062-3130-908f-b70c3d2d9ea4, -11.954470, -50.897040,2026-05-07 19:15:00,AQUA_M-T,SÃO FÉLIX DO ARAGUAIA,MATO GROSSO,Brasil,5107859,51,33,8,0.0,0.61,Cerrado,14.0
d0b0b35b-776e-32f5-8581-aba4f0ea1737, -11.573180, -54.562660,2026-05-07 19:15:00,AQUA_M-T,UNIÃO DO SUL,MATO GROSSO,Brasil,5108303,51,33,7,0.0,0.11,Amazônia,8.5
65059338-e99f-30c4-b2a9-c46dbd2fdc58,  -9.077750, -51.165720,2026-05-07 19:15:00,AQUA_M-T,CUMARU DO NORTE,PARÁ,Brasil,1502764,15,33,8,0.0,0.45,Amazônia,18.7
64f64fab-6a3f-3014-b0f8-114679611e57,   3.789400, -61.469350,2026-05-07 19:17:00,AQUA_M-T,AMAJARI,RORAIMA,Brasil,1400027,14,33,3,0.0,0.56,Amazônia,11.1
7cd162ec-baa4-367b-9e9b-5d47a6d55c7d,   2.901640, -60.293060,2026-05-07 19:17:00,AQUA_M-T,BONFIM,RORAIMA,Brasil,1400159,14,33,0,0.1,0.54,Amazônia,6.7
ad1ae6de-ab4d-36f0-b27a-3789aaf3b579,   3.216070, -61.034060,2026-05-07 19:17:00,AQUA_M-T,ALTO ALEGRE,RORAIMA,Brasil,1400050,14,33,6,0.1,0.74,Amazônia,6.2
ee954cec-72f1-35c6-b32c-7f7b890d1477,   3.692890, -61.127020,2026-05-07 19:17:00,AQUA_M-T,AMAJARI,RORAIMA,Brasil,1400027,14,33,0,0.0,0.64,Amazônia,7.2
a743bac2-6431-3517-b495-d6b8df749957,   2.596950, -59.976720,2026-05-07 19:17:00,AQUA_M-T,BONFIM,RORAIMA,Brasil,1400159,14,33,2,0.1,0.47,Amazônia,6.6
9ba09679-959d-36b7-b5c8-fd1bcfd9f791,   3.575000, -61.730880,2026-05-07 19:17:00,AQUA_M-T,AMAJARI,RORAIMA,Brasil,1400027,14,33,1,0.0,0.11,Amazônia,18.5
ebf2a7bf-a710-3d6e-b47c-059fc1f43087,   2.605020, -60.105300,2026-05-07 19:17:00,AQUA_M-T,BONFIM,RORAIMA,Brasil,1400159,14,33,1,0.1,0.51,Amazônia,6.1
b4e4ea87-c98c-30a6-94e8-ed940ec71835,   3.691490, -61.136520,2026-05-07 19:17:00,AQUA_M-T,AMAJARI,RORAIMA,Brasil,1400027,14,33,0,0.0,0.63,Amazônia,7.5
5909c6f2-5227-3b7c-a21c-25be76e7e7dc,   4.102080, -61.355210,2026-05-07 19:17:00,AQUA_M-T,AMAJARI,RORAIMA,Brasil,1400027,14,33,2,0.0,0.12,Amazônia,4.8
c7183e78-4af2-3f5a-90e9-60eaed0122b1,   3.214660, -61.043530,2026-05-07 19:17:00,AQUA_M-T,ALTO ALEGRE,RORAIMA,Brasil,1400050,14,33,6,0.1,0.74,Amazônia,11.1
3bc4a03c-ba64-3cf3-9c13-c8f801b0f1b2,   2.899760, -60.366560,2026-05-07 19:17:00,AQUA_M-T,BONFIM,RORAIMA,Brasil,1400159,14,33,0,0.0,0.25,Amazônia,15.2
478d3ae2-01f2-35d3-9531-8de4c6118975, -11.787500, -47.110800,2026-05-07 19:20:00,GOES-19,DIANÓPOLIS,TOCANTINS,Brasil,1707009,17,33,10,0.0,0.37,Cerrado,110.8
894c0a70-fe9f-36c7-8b4e-a0aa70de2845, -11.787900, -47.088400,2026-05-07 19:20:00,GOES-19,DIANÓPOLIS,TOCANTINS,Brasil,1707009,17,33,10,0.0,0.37,Cerrado,133.0
faec6f9c-8434-3bda-ac4f-43dd0cd36662,  -6.322500, -44.631300,2026-05-07 19:20:00,GOES-19,MIRADOR,MARANHÃO,Brasil,2106706,21,33,4,0.0,0.32,Cerrado,117.5
49eea904-f0b6-3dc1-8ac1-1fb7ff8af675, -11.732100, -54.809000,2026-05-07 19:20:00,GOES-19,CLÁUDIA,MATO GROSSO,Brasil,5103056,51,33,9,0.0,0.07,Amazônia,187.7
7d76252f-ac29-3d82-8c5c-b7243014bda8, -13.188200, -52.692200,2026-05-07 19:20:00,GOES-19,CANARANA,MATO GROSSO,Brasil,5102702,51,33,8,0.0,0.21,Amazônia,224.2
8415c7b1-5858-3f76-a8b5-8d2bbe9740e8, -12.350800, -50.026600,2026-05-07 19:20:00,GOES-19,SANDOLÂNDIA,TOCANTINS,Brasil,1718840,17,33,8,0.0,0.48,Cerrado,62.8
0d099046-d94d-38ce-973e-8f9f2a31f6a2,  -9.407100, -50.684700,2026-05-07 19:20:00,GOES-19,SANTANA DO ARAGUAIA,PARÁ,Brasil,1506708,15,33,6,0.0,0.82,Amazônia,53.7
9f269827-ab44-31e0-943f-2e4d00c290b5, -11.732300, -54.788500,2026-05-07 19:20:00,GOES-19,CLÁUDIA,MATO GROSSO,Brasil,5103056,51,33,9,0.0,0.07,Amazônia,988.9
413cddec-66a8-3637-86b5-f773a43105b1, -13.207300, -52.689900,2026-05-07 19:20:00,GOES-19,CANARANA,MATO GROSSO,Brasil,5102702,51,33,8,0.0,1.0,Amazônia,100.1
d06dcb9f-696b-3495-8262-63eb9ceb1d6c, -13.187800, -52.713200,2026-05-07 19:20:00,GOES-19,CANARANA,MATO GROSSO,Brasil,5102702,51,33,8,0.0,0.44,Amazônia,75.8
fd0b8e57-c28c-346b-9823-45a5ad4ddf1b, -10.412600, -44.933500,2026-05-07 19:20:00,GOES-19,CORRENTE,PIAUÍ,Brasil,2202901,22,33,16,0.0,0.64,Cerrado,103.6
653097d6-e839-3ab9-8d33-87d66ecbff01, -12.139400, -46.657300,2026-05-07 19:20:00,GOES-19,PONTE ALTA DO BOM JESUS,TOCANTINS,Brasil,1717800,17,33,9,0.0,0.53,Cerrado,92.5
96f9e374-42e0-3ac0-bd0e-afbbbb53ef27, -11.806600, -47.108200,2026-05-07 19:20:00,GOES-19,DIANÓPOLIS,TOCANTINS,Brasil,1707009,17,33,10,0.0,0.53,Cerrado,203.9
9d694f64-4d13-3bb5-8636-3941640b5369, -12.158600, -46.654600,2026-05-07 19:20:00,GOES-19,PONTE ALTA DO BOM JESUS,TOCANTINS,Brasil,1717800,17,33,10,0.0,0.52,Cerrado,122.6
b27e92ba-67ec-371b-b48f-602abe86dd8b,  -5.793900, -45.126700,2026-05-07 19:20:00,GOES-19,BARRA DO CORDA,MARANHÃO,Brasil,2101608,21,33,3,0.0,0.34,Cerrado,261.8
1c5d487a-f3af-308f-b3c9-3622b2317f3e, -13.188500, -52.671100,2026-05-07 19:20:00,GOES-19,CANARANA,MATO GROSSO,Brasil,5102702,51,33,8,0.0,0.45,Amazônia,66.1
f3197a29-79af-3772-96a5-75f7214f9262, -16.165500, -58.484200,2026-05-07 19:20:00,GOES-19,CÁCERES,MATO GROSSO,Brasil,5102504,51,33,8,0.0,0.13,Pantanal,156.6
8da9a8ec-01cf-30dc-af31-4e24bf79973b,  -8.693300, -49.083300,2026-05-07 19:20:00,GOES-19,GOIANORTE,TOCANTINS,Brasil,1708304,17,33,7,0.0,0.17,Cerrado,58.1
679203d0-d094-3934-b74c-872f085ea4c6, -13.169000, -52.694400,2026-05-07 19:20:00,GOES-19,CANARANA,MATO GROSSO,Brasil,5102702,51,33,8,0.0,0.47,Amazônia,62.9
bdcb9fc7-9f7b-3f95-8c40-8f0cb9ccf480, -12.781900, -59.009600,2026-05-07 19:20:00,GOES-19,CAMPOS DE JÚLIO,MATO GROSSO,Brasil,5102686,51,33,7,0.3,0.73,Cerrado,77.9
eccdc951-310e-3cfb-a026-68cb4bb68362, -11.751000, -54.807200,2026-05-07 19:20:00,GOES-19,CLÁUDIA,MATO GROSSO,Brasil,5103056,51,33,9,0.0,0.41,Amazônia,120.7
8e38aa18-57ef-3c71-b9c0-9ddc93ddef9d, -16.165200, -58.504400,2026-05-07 19:20:00,GOES-19,CÁCERES,MATO GROSSO,Brasil,5102504,51,33,8,0.0,1.0,Pantanal,90.8
f95f658f-dc2d-3da8-be49-5be6c72554f4, -10.683200, -49.703400,2026-05-07 19:20:00,GOES-19,LAGOA DA CONFUSÃO,TOCANTINS,Brasil,1711902,17,33,7,0.0,0.86,Cerrado,65.4
0fbabfa4-cb14-30bf-ad1a-571285f45def, -10.664200, -49.705400,2026-05-07 19:20:00,GOES-19,LAGOA DA CONFUSÃO,TOCANTINS,Brasil,1711902,17,33,7,0.0,0.35,Cerrado,69.5
8b037a83-4521-391a-bc9c-0d37b0231643, -11.787500, -47.110800,2026-05-07 19:30:00,GOES-19,DIANÓPOLIS,TOCANTINS,Brasil,1707009,17,33,10,0.0,0.37,Cerrado,115.7
bf55a768-116c-34d4-bfcd-d17262cbdb57, -10.412600, -44.933500,2026-05-07 19:30:00,GOES-19,CORRENTE,PIAUÍ,Brasil,2202901,22,33,16,0.0,0.64,Cerrado,88.7
baaafabd-f556-3b1e-ae72-22755a695fae, -16.146100, -58.486200,2026-05-07 19:30:00,GOES-19,CÁCERES,MATO GROSSO,Brasil,5102504,51,33,8,0.0,0.17,Pantanal,74.2
9c76e17e-7c6e-3270-9d42-cf2b5c13b0de, -13.187800, -52.713200,2026-05-07 19:30:00,GOES-19,CANARANA,MATO GROSSO,Brasil,5102702,51,33,8,0.0,0.44,Amazônia,87.4
15cc625d-f13c-3122-865c-78a74b8be8cd, -12.139400, -46.657300,2026-05-07 19:30:00,GOES-19,PONTE ALTA DO BOM JESUS,TOCANTINS,Brasil,1717800,17,33,9,0.0,0.53,Cerrado,91.0
d0950728-bb92-3017-bdcb-b2ddab11ae4f, -11.732100, -54.809000,2026-05-07 19:30:00,GOES-19,CLÁUDIA,MATO GROSSO,Brasil,5103056,51,33,9,0.0,0.07,Amazônia,369.2
1ebed997-296b-3e67-81de-3058bd78ce29, -12.139000, -46.680000,2026-05-07 19:30:00,GOES-19,PONTE ALTA DO BOM JESUS,TOCANTINS,Brasil,1717800,17,33,9,0.0,0.54,Cerrado,67.8
64ffaa4f-063b-39de-96a4-6a2ede8a8d4a, -16.165200, -58.504400,2026-05-07 19:30:00,GOES-19,CÁCERES,MATO GROSSO,Brasil,5102504,51,33,8,0.0,1.0,Pantanal,87.5
73d89705-4249-3856-ae0b-365356aceed9, -11.787900, -47.088400,2026-05-07 19:30:00,GOES-19,DIANÓPOLIS,TOCANTINS,Brasil,1707009,17,33,10,0.0,0.37,Cerrado,197.0
c906deeb-be0d-3e4a-8105-422ed44fd66d, -12.781900, -59.009600,2026-05-07 19:30:00,GOES-19,CAMPOS DE JÚLIO,MATO GROSSO,Brasil,5102686,51,33,7,0.3,0.73,Cerrado,93.4
53aa79fd-6375-3c27-acd8-4db79a20abf4, -12.350800, -50.026600,2026-05-07 19:30:00,GOES-19,SANDOLÂNDIA,TOCANTINS,Brasil,1718840,17,33,8,0.0,0.48,Cerrado,57.0
eddf2dcd-4621-3b96-837b-35527b4eb21d, -16.165500, -58.484200,2026-05-07 19:30:00,GOES-19,CÁCERES,MATO GROSSO,Brasil,5102504,51,33,8,0.0,0.13,Pantanal,147.1
fbe776b3-1bed-3015-9d7b-1a93e44e86ce, -13.207300, -52.689900,2026-05-07 19:30:00,GOES-19,CANARANA,MATO GROSSO,Brasil,5102702,51,33,8,0.0,1.0,Amazônia,89.9
1faf4fd2-e51c-3b8b-8dd5-ea0edf60d8e0,  -5.793900, -45.126700,2026-05-07 19:30:00,GOES-19,BARRA DO CORDA,MARANHÃO,Brasil,2101608,21,33,3,0.0,0.34,Cerrado,132.1
d296fca3-a5fa-3212-93bf-daa0dc8d266e, -13.169000, -52.694400,2026-05-07 19:30:00,GOES-19,CANARANA,MATO GROSSO,Brasil,5102702,51,33,8,0.0,0.47,Amazônia,81.4
c770b87d-7496-35b5-97b1-9c7019049b36, -13.188200, -52.692200,2026-05-07 19:30:00,GOES-19,CANARANA,MATO GROSSO,Brasil,5102702,51,33,8,0.0,0.21,Amazônia,244.7
fda6b103-40eb-3687-af7f-85508f947714, -11.751000, -54.807200,2026-05-07 19:30:00,GOES-19,CLÁUDIA,MATO GROSSO,Brasil,5103056,51,33,9,0.0,0.41,Amazônia,276.1
6b87ec16-316e-3486-b340-ecfddc1fe95d, -11.806600, -47.108200,2026-05-07 19:30:00,GOES-19,DIANÓPOLIS,TOCANTINS,Brasil,1707009,17,33,10,0.0,0.53,Cerrado,190.0
b1e52173-e81f-3205-b95c-33f25e385b63,  -5.794100, -45.104000,2026-05-07 19:30:00,GOES-19,BARRA DO CORDA,MARANHÃO,Brasil,2101608,21,33,3,0.0,0.59,Cerrado,86.9
8971cd63-e6ad-342c-9ef5-f5abc85e5fdb, -12.867000, -43.747800,2026-05-07 19:30:00,GOES-19,SERRA DOURADA,BAHIA,Brasil,2930303,29,33,18,0.56,0.94,Cerrado,75.8
c6d16fc9-9da9-3d7f-a291-3093bf2ede97, -11.732300, -54.788500,2026-05-07 19:30:00,GOES-19,CLÁUDIA,MATO GROSSO,Brasil,5103056,51,33,9,0.0,0.07,Amazônia,1355.6
d61f3d21-35b4-33c3-8105-4081fc9d11c5,  -8.693300, -49.083300,2026-05-07 19:30:00,GOES-19,GOIANORTE,TOCANTINS,Brasil,1708304,17,33,7,0.0,0.17,Cerrado,125.4
de24bfe3-e4d6-36bb-a7c7-d423c7b70ddc, -13.188500, -52.671100,2026-05-07 19:30:00,GOES-19,CANARANA,MATO GROSSO,Brasil,5102702,51,33,8,0.0,0.45,Amazônia,83.1
52949802-54a1-3c9a-af83-8883ee3c3096,  -6.322500, -44.631300,2026-05-07 19:30:00,GOES-19,MIRADOR,MARANHÃO,Brasil,2106706,21,33,4,0.0,0.32,Cerrado,100.8
f12eab87-8ada-3df2-baf2-7d9085829629, -12.158600, -46.654600,2026-05-07 19:30:00,GOES-19,PONTE ALTA DO BOM JESUS,TOCANTINS,Brasil,1717800,17,33,10,0.0,0.52,Cerrado,105.0
ce13d66d-e092-30f2-9616-f862ff6d5f66, -10.683200, -49.703400,2026-05-07 19:30:00,GOES-19,LAGOA DA CONFUSÃO,TOCANTINS,Brasil,1711902,17,33,7,0.0,0.86,Cerrado,59.0
d1cf1b18-32da-3cfa-bb48-86381acdb061, -10.664200, -49.705400,2026-05-07 19:30:00,GOES-19,LAGOA DA CONFUSÃO,TOCANTINS,Brasil,1711902,17,33,7,0.0,0.35,Cerrado,71.8
27ee0182-5279-3866-984a-b6f4f814549c, -14.195800, -58.693200,2026-05-07 19:30:00,GOES-19,TANGARÁ DA SERRA,MATO GROSSO,Brasil,5107958,51,33,7,0.0,0.44,Cerrado,64.9
8bd0d656-8070-3ae8-ac16-636ae331586a, -11.732100, -54.809000,2026-05-07 19:40:00,GOES-19,CLÁUDIA,MATO GROSSO,Brasil,5103056,51,33,9,0.0,0.07,Amazônia,767.0
3c57f147-b9da-3904-a5cc-9adc3ecd51d5, -13.207300, -52.689900,2026-05-07 19:40:00,GOES-19,CANARANA,MATO GROSSO,Brasil,5102702,51,33,8,0.0,1.0,Amazônia,96.3
a0d6588c-ee00-366a-85e1-3927bd990394, -13.187800, -52.713200,2026-05-07 19:40:00,GOES-19,CANARANA,MATO GROSSO,Brasil,5102702,51,33,8,0.0,0.44,Amazônia,71.6
780d87a2-9fd8-31ef-b463-a2d4b19e63f0, -11.787500, -47.110800,2026-05-07 19:40:00,GOES-19,DIANÓPOLIS,TOCANTINS,Brasil,1707009,17,33,10,0.0,0.37,Cerrado,101.5
8f663466-580d-3f4f-8a2d-1e42053f5933, -11.751000, -54.807200,2026-05-07 19:40:00,GOES-19,CLÁUDIA,MATO GROSSO,Brasil,5103056,51,33,9,0.0,0.41,Amazônia,570.1
c69e9d8c-07ee-3974-960b-19e87a0ac935, -12.350800, -50.026600,2026-05-07 19:40:00,GOES-19,SANDOLÂNDIA,TOCANTINS,Brasil,1718840,17,33,8,0.0,0.48,Cerrado,68.6
2404fc59-38d9-3cf3-8cea-4ae672495032, -11.806600, -47.108200,2026-05-07 19:40:00,GOES-19,DIANÓPOLIS,TOCANTINS,Brasil,1707009,17,33,10,0.0,0.53,Cerrado,198.9
355623f6-feb7-3f7b-a815-5f5125e919a7, -11.732300, -54.788500,2026-05-07 19:40:00,GOES-19,CLÁUDIA,MATO GROSSO,Brasil,5103056,51,33,9,0.0,0.07,Amazônia,1267.0
f5626853-8a1f-3e5f-b628-14d2262978bf, -18.512000, -55.502200,2026-05-07 19:40:00,GOES-19,CORUMBÁ,MATO GROSSO DO SUL,Brasil,5003207,50,33,10,0.0,1.0,Pantanal,92.2
6f4eca62-6361-38be-92ce-29431c0c9342, -16.165200, -58.504400,2026-05-07 19:40:00,GOES-19,CÁCERES,MATO GROSSO,Brasil,5102504,51,33,8,0.0,1.0,Pantanal,87.9
f0fbed63-ea25-3751-b794-25fb2eace11a, -10.412600, -44.933500,2026-05-07 19:40:00,GOES-19,CORRENTE,PIAUÍ,Brasil,2202901,22,33,16,0.0,0.64,Cerrado,71.5
febe1d31-7bcf-3dd0-8fa3-a386af3e4c98,  -5.793900, -45.126700,2026-05-07 19:40:00,GOES-19,BARRA DO CORDA,MARANHÃO,Brasil,2101608,21,33,3,0.0,0.34,Cerrado,306.2
c0c6dcfe-0996-34ab-b76d-397adf2d617d,  -5.775200, -45.128000,2026-05-07 19:40:00,GOES-19,BARRA DO CORDA,MARANHÃO,Brasil,2101608,21,33,3,0.0,0.36,Cerrado,200.2
8d9f9121-91de-338f-bc37-a4dbdd9a0e5b, -13.188500, -52.671100,2026-05-07 19:40:00,GOES-19,CANARANA,MATO GROSSO,Brasil,5102702,51,33,8,0.0,0.45,Amazônia,71.5
bde93f1e-f5d8-3791-9917-bd4b866cae5d, -13.188200, -52.692200,2026-05-07 19:40:00,GOES-19,CANARANA,MATO GROSSO,Brasil,5102702,51,33,8,0.0,0.21,Amazônia,211.8
baa03a5c-4ae1-36e5-bbef-a460997b82f2, -11.787900, -47.088400,2026-05-07 19:40:00,GOES-19,DIANÓPOLIS,TOCANTINS,Brasil,1707009,17,33,10,0.0,0.37,Cerrado,132.9
8da604d8-776a-3e4d-879e-ad44c3c26801, -16.146100, -58.486200,2026-05-07 19:40:00,GOES-19,CÁCERES,MATO GROSSO,Brasil,5102504,51,33,8,0.0,0.17,Pantanal,79.9
981bfa23-ebc0-3e27-9195-d207e74000e8,  -5.793700, -45.149300,2026-05-07 19:40:00,GOES-19,BARRA DO CORDA,MARANHÃO,Brasil,2101608,21,33,3,0.0,0.34,Cerrado,102.2
1707e1fd-d178-3460-b47e-23014f8b83d3,  -6.322500, -44.631300,2026-05-07 19:40:00,GOES-19,MIRADOR,MARANHÃO,Brasil,2106706,21,33,4,0.0,0.32,Cerrado,128.1
6803a07e-e39e-3470-89c4-e9c931afcf02, -16.165500, -58.484200,2026-05-07 19:40:00,GOES-19,CÁCERES,MATO GROSSO,Brasil,5102504,51,33,8,0.0,0.13,Pantanal,180.7
ac63702f-fe29-349f-963f-07ae03f83268,  -8.693300, -49.083300,2026-05-07 19:40:00,GOES-19,GOIANORTE,TOCANTINS,Brasil,1708304,17,33,7,0.0,0.17,Cerrado,140.2
714bf02a-bfaa-3568-b134-2acc88c34b3d,  -5.794100, -45.104000,2026-05-07 19:40:00,GOES-19,BARRA DO CORDA,MARANHÃO,Brasil,2101608,21,33,3,0.0,0.59,Cerrado,99.4
413fcc90-150f-365a-8e17-c3a92d1f70b1, -12.781900, -59.009600,2026-05-07 19:40:00,GOES-19,CAMPOS DE JÚLIO,MATO GROSSO,Brasil,5102686,51,33,7,0.3,0.73,Cerrado,126.8
35fe9948-38da-38be-9ce8-9f4165d46719, -12.158600, -46.654600,2026-05-07 19:40:00,GOES-19,PONTE ALTA DO BOM JESUS,TOCANTINS,Brasil,1717800,17,33,10,0.0,0.52,Cerrado,131.0
93ca89c7-57ad-3de3-b6af-dd50331ce547, -12.139400, -46.657300,2026-05-07 19:40:00,GOES-19,PONTE ALTA DO BOM JESUS,TOCANTINS,Brasil,1717800,17,33,9,0.0,0.53,Cerrado,86.5
f4b6e914-5279-3904-aaed-86b1c0954df8, -10.683200, -49.703400,2026-05-07 19:40:00,GOES-19,LAGOA DA CONFUSÃO,TOCANTINS,Brasil,1711902,17,33,7,0.0,0.86,Cerrado,63.8
1e2cda66-4e59-374f-9cca-cc5270ff5a12, -10.664200, -49.705400,2026-05-07 19:40:00,GOES-19,LAGOA DA CONFUSÃO,TOCANTINS,Brasil,1711902,17,33,7,0.0,0.35,Cerrado,60.6
41c1fe16-bd6a-3933-bafd-c3dd231129f8, -10.960700, -48.849000,2026-05-07 19:40:00,GOES-19,FÁTIMA,TOCANTINS,Brasil,1707553,17,33,8,0.0,0.32,Cerrado,71.3
18936187-76b0-39cc-9f4b-3af50b210a22,  -8.712100, -49.081600,2026-05-07 19:40:00,GOES-19,GOIANORTE,TOCANTINS,Brasil,1708304,17,33,7,0.0,0.68,Cerrado,92.2
e04b3d39-8609-39e4-946d-142930ef8cda, -11.956400, -50.889000,2026-05-07 19:40:00,GOES-19,SÃO FÉLIX DO ARAGUAIA,MATO GROSSO,Brasil,5107859,51,33,8,0.0,0.62,Cerrado,54.8
f76d3c26-f943-36ea-a180-1b5ed7174ae6, -14.195800, -58.693200,2026-05-07 19:40:00,GOES-19,TANGARÁ DA SERRA,MATO GROSSO,Brasil,5107958,51,33,7,0.0,0.44,Cerrado,88.7
57be7100-a09e-3ca6-98df-583277c16eb1, -16.165500, -58.484200,2026-05-07 19:50:00,GOES-19,CÁCERES,MATO GROSSO,Brasil,5102504,51,33,8,0.0,0.13,Pantanal,184.1
d843aecd-7eb1-3e3b-96ee-0d1b90dd852f, -13.187800, -52.713200,2026-05-07 19:50:00,GOES-19,CANARANA,MATO GROSSO,Brasil,5102702,51,33,8,0.0,0.44,Amazônia,65.6
f5674744-878d-3d43-9f7d-baad50c57a58, -13.188200, -52.692200,2026-05-07 19:50:00,GOES-19,CANARANA,MATO GROSSO,Brasil,5102702,51,33,8,0.0,0.21,Amazônia,166.0
feee2bd0-719b-3f89-b4df-743a6f7ef28c, -12.781900, -59.009600,2026-05-07 19:50:00,GOES-19,CAMPOS DE JÚLIO,MATO GROSSO,Brasil,5102686,51,33,7,0.3,0.73,Cerrado,114.7
eb86349f-b596-3706-bc11-92753ac87b6e,  -8.693300, -49.083300,2026-05-07 19:50:00,GOES-19,GOIANORTE,TOCANTINS,Brasil,1708304,17,33,7,0.0,0.17,Cerrado,161.3
9c08ff12-37e7-3a29-b186-f7d61012ce8a, -11.787500, -47.110800,2026-05-07 19:50:00,GOES-19,DIANÓPOLIS,TOCANTINS,Brasil,1707009,17,33,10,0.0,0.37,Cerrado,80.7
6e91be37-d857-316f-8af0-be89ca27a527, -16.146100, -58.486200,2026-05-07 19:50:00,GOES-19,CÁCERES,MATO GROSSO,Brasil,5102504,51,33,8,0.0,0.17,Pantanal,99.9
8d77d19b-6236-3129-87dc-5138d8081f55, -12.762900, -59.011100,2026-05-07 19:50:00,GOES-19,CAMPOS DE JÚLIO,MATO GROSSO,Brasil,5102686,51,33,7,0.3,0.24,Cerrado,65.3
291d0915-8e3a-39b8-ba96-1fe036ef1625, -13.207300, -52.689900,2026-05-07 19:50:00,GOES-19,CANARANA,MATO GROSSO,Brasil,5102702,51,33,8,0.0,1.0,Amazônia,64.4
ee2e6502-185e-3176-ae9c-1cfdc94d718a, -11.806600, -47.108200,2026-05-07 19:50:00,GOES-19,DIANÓPOLIS,TOCANTINS,Brasil,1707009,17,33,10,0.0,0.53,Cerrado,81.4
4a0185d1-ed30-3484-a6cb-bddade625be8, -12.158600, -46.654600,2026-05-07 19:50:00,GOES-19,PONTE ALTA DO BOM JESUS,TOCANTINS,Brasil,1717800,17,33,10,0.0,0.52,Cerrado,88.5
8a6c3b63-0e9b-358c-868e-749f119917fe,  -6.322500, -44.631300,2026-05-07 19:50:00,GOES-19,MIRADOR,MARANHÃO,Brasil,2106706,21,33,4,0.0,0.32,Cerrado,96.3
1ebf41d1-6751-33db-b6f8-a0194cf13662, -12.139400, -46.657300,2026-05-07 19:50:00,GOES-19,PONTE ALTA DO BOM JESUS,TOCANTINS,Brasil,1717800,17,33,9,0.0,0.53,Cerrado,70.8
fee1a198-a2d1-35a3-9510-460ac85a2f62, -11.787900, -47.088400,2026-05-07 19:50:00,GOES-19,DIANÓPOLIS,TOCANTINS,Brasil,1707009,17,33,10,0.0,0.37,Cerrado,138.7
e4c3cb4d-c690-35ff-84b1-41bd0a8d3382, -16.165200, -58.504400,2026-05-07 19:50:00,GOES-19,CÁCERES,MATO GROSSO,Brasil,5102504,51,33,8,0.0,1.0,Pantanal,89.4
cfaf4aac-a064-38e8-ad1b-929dca1dec42, -12.782100, -58.989900,2026-05-07 19:50:00,GOES-19,CAMPOS DE JÚLIO,MATO GROSSO,Brasil,5102686,51,33,7,0.3,0.79,Cerrado,97.3
8947ca55-ff33-3665-a792-17f8503f55bd,  -8.693100, -49.104900,2026-05-07 19:50:00,GOES-19,GOIANORTE,TOCANTINS,Brasil,1708304,17,33,7,0.0,0.78,Cerrado,63.7
61d87b15-1e14-3c69-b814-5f1bc944d015, -10.569700, -47.065700,2026-05-07 19:50:00,GOES-19,PONTE ALTA DO TOCANTINS,TOCANTINS,Brasil,1717909,17,33,9,0.0,0.47,Cerrado,82.4
005eabd5-f915-3d98-bb3b-e4bca4f72471, -12.867000, -43.747800,2026-05-07 19:50:00,GOES-19,SERRA DOURADA,BAHIA,Brasil,2930303,29,33,18,0.56,0.94,Cerrado,71.0
0dd20683-a8e3-33e4-8a74-297f34fb4d3b,  -5.775200, -45.128000,2026-05-07 19:50:00,GOES-19,BARRA DO CORDA,MARANHÃO,Brasil,2101608,21,33,3,0.0,0.36,Cerrado,238.1
df83024c-906f-3f23-b670-d32f160d0223, -12.350800, -50.026600,2026-05-07 19:50:00,GOES-19,SANDOLÂNDIA,TOCANTINS,Brasil,1718840,17,33,8,0.0,0.48,Cerrado,57.4
dd65dba6-2445-3a94-9112-5c91640d155d,  -5.793900, -45.126700,2026-05-07 19:50:00,GOES-19,BARRA DO CORDA,MARANHÃO,Brasil,2101608,21,33,3,0.0,0.34,Cerrado,207.2
6617f7e1-0747-3124-8996-08a1589046d4, -13.169000, -52.694400,2026-05-07 19:50:00,GOES-19,CANARANA,MATO GROSSO,Brasil,5102702,51,33,8,0.0,0.47,Amazônia,61.3
bb8865c8-2eb1-3ec9-92f8-4e5149a7c921,  -5.794100, -45.104000,2026-05-07 19:50:00,GOES-19,BARRA DO CORDA,MARANHÃO,Brasil,2101608,21,33,3,0.0,0.59,Cerrado,89.3
7754d73a-f6f8-3128-8686-1e7debda93b1,  -8.712100, -49.081600,2026-05-07 19:50:00,GOES-19,GOIANORTE,TOCANTINS,Brasil,1708304,17,33,7,0.0,0.68,Cerrado,79.2
6d1a6d2c-cadb-3eaa-a680-95609f6bdc80, -10.664200, -49.705400,2026-05-07 19:50:00,GOES-19,LAGOA DA CONFUSÃO,TOCANTINS,Brasil,1711902,17,33,7,0.0,0.35,Cerrado,59.1
34521e7f-7480-35e4-add3-295134546efb, -10.683200, -49.703400,2026-05-07 19:50:00,GOES-19,LAGOA DA CONFUSÃO,TOCANTINS,Brasil,1711902,17,33,7,0.0,0.86,Cerrado,61.6
0a9736d4-778a-3657-841b-f42f9fe36f6a, -11.732100, -54.809000,2026-05-07 19:50:00,GOES-19,CLÁUDIA,MATO GROSSO,Brasil,5103056,51,33,9,0.0,0.07,Amazônia,571.5
143f15ad-07a3-3183-bdb2-6b50d664ddff, -14.195800, -58.693200,2026-05-07 19:50:00,GOES-19,TANGARÁ DA SERRA,MATO GROSSO,Brasil,5107958,51,33,7,0.0,0.44,Cerrado,81.6
e98482bb-0cda-3476-b3ee-2cccc317195e, -11.732300, -54.788500,2026-05-07 19:50:00,GOES-19,CLÁUDIA,MATO GROSSO,Brasil,5103056,51,33,9,0.0,0.07,Amazônia,1288.7
cc2961bd-c9dc-3465-9fe9-032afd8a0a4a, -10.960700, -48.849000,2026-05-07 19:50:00,GOES-19,FÁTIMA,TOCANTINS,Brasil,1707553,17,33,8,0.0,0.32,Cerrado,84.1
31ba64ce-2e44-3082-9ce2-fb3aa51c7461, -11.751000, -54.807200,2026-05-07 19:50:00,GOES-19,CLÁUDIA,MATO GROSSO,Brasil,5103056,51,33,9,0.0,0.41,Amazônia,733.4
9c8bc908-0758-3adc-aa80-88e52b1ca362, -11.732100, -54.809000,2026-05-07 20:00:00,GOES-19,CLÁUDIA,MATO GROSSO,Brasil,5103056,51,33,9,0.0,0.07,Amazônia,989.9
3dda7e95-ee71-344f-af36-a254ed601a63, -10.941700, -48.851200,2026-05-07 20:00:00,GOES-19,FÁTIMA,TOCANTINS,Brasil,1707553,17,33,8,0.0,0.68,Cerrado,82.0
91faee5a-7e97-34f7-b950-726f03173e92, -16.165500, -58.484200,2026-05-07 20:00:00,GOES-19,CÁCERES,MATO GROSSO,Brasil,5102504,51,33,8,0.0,0.13,Pantanal,238.2
1539d0ae-d3cc-3383-9d70-45d0cf4b9c38, -11.956100, -50.910300,2026-05-07 20:00:00,GOES-19,SÃO FÉLIX DO ARAGUAIA,MATO GROSSO,Brasil,5107859,51,33,8,0.0,0.61,Cerrado,63.8
1b085095-da84-3978-a0b1-0f191b1299a3, -11.751000, -54.807200,2026-05-07 20:00:00,GOES-19,CLÁUDIA,MATO GROSSO,Brasil,5103056,51,33,9,0.0,0.41,Amazônia,1118.5
b40f4c68-cbdf-3890-8bca-26a197bed372, -12.763100, -58.991300,2026-05-07 20:00:00,GOES-19,CAMPOS DE JÚLIO,MATO GROSSO,Brasil,5102686,51,33,7,0.3,0.28,Cerrado,60.1
69518463-d3c3-34e8-9a2f-af3b3c800966, -11.807000, -47.085800,2026-05-07 20:00:00,GOES-19,DIANÓPOLIS,TOCANTINS,Brasil,1707009,17,33,10,0.0,0.36,Cerrado,184.1
79e1b261-e654-36f1-a652-2c57db27527b, -11.713400, -54.790300,2026-05-07 20:00:00,GOES-19,CLÁUDIA,MATO GROSSO,Brasil,5103056,51,33,9,0.0,0.07,Amazônia,113.1
52b6fde9-9cbd-33df-988f-bf7058377b66, -10.960700, -48.849000,2026-05-07 20:00:00,GOES-19,FÁTIMA,TOCANTINS,Brasil,1707553,17,33,8,0.0,0.32,Cerrado,68.0
dbe67ccb-9459-31f2-beca-68f788c944af, -12.782100, -58.989900,2026-05-07 20:00:00,GOES-19,CAMPOS DE JÚLIO,MATO GROSSO,Brasil,5102686,51,33,7,0.3,0.79,Cerrado,114.7
84f5dde3-9a32-3efc-a02c-7bb6ebab83d2, -16.146100, -58.486200,2026-05-07 20:00:00,GOES-19,CÁCERES,MATO GROSSO,Brasil,5102504,51,33,8,0.0,0.17,Pantanal,120.7
f7e76dbf-a426-3b3b-9c55-4386ee8b3d6c, -10.664200, -49.705400,2026-05-07 20:00:00,GOES-19,LAGOA DA CONFUSÃO,TOCANTINS,Brasil,1711902,17,33,7,0.0,0.35,Cerrado,56.5
5ce5733c-0563-3ea8-82b7-038ce13da420, -14.195800, -58.693200,2026-05-07 20:00:00,GOES-19,TANGARÁ DA SERRA,MATO GROSSO,Brasil,5107958,51,33,7,0.0,0.44,Cerrado,70.8
37570fcb-0541-399c-a793-ae7969a9ba9f,  -6.322500, -44.631300,2026-05-07 20:00:00,GOES-19,MIRADOR,MARANHÃO,Brasil,2106706,21,33,4,0.0,0.32,Cerrado,85.1
e985382d-7637-3df2-9dd8-5a6c751faea2,  -5.775200, -45.128000,2026-05-07 20:00:00,GOES-19,BARRA DO CORDA,MARANHÃO,Brasil,2101608,21,33,3,0.0,0.36,Cerrado,208.1
f0ad75cf-03f3-3b22-9e84-ee752549c10c, -12.762900, -59.011100,2026-05-07 20:00:00,GOES-19,CAMPOS DE JÚLIO,MATO GROSSO,Brasil,5102686,51,33,7,0.3,0.24,Cerrado,64.9
898d8745-2371-3444-a204-72240ae8003a, -12.139400, -46.657300,2026-05-07 20:00:00,GOES-19,PONTE ALTA DO BOM JESUS,TOCANTINS,Brasil,1717800,17,33,9,0.0,0.53,Cerrado,73.2
3f93959c-114d-3f35-b435-64cd3838f23f, -11.787500, -47.110800,2026-05-07 20:00:00,GOES-19,DIANÓPOLIS,TOCANTINS,Brasil,1707009,17,33,10,0.0,0.37,Cerrado,104.4
3cae90fb-4a76-3706-9589-ad1ba23129fd, -11.787900, -47.088400,2026-05-07 20:00:00,GOES-19,DIANÓPOLIS,TOCANTINS,Brasil,1707009,17,33,10,0.0,0.37,Cerrado,139.0
ac165cf1-82f4-329d-a1cc-cfdb94b43b3c, -13.188200, -52.692200,2026-05-07 20:00:00,GOES-19,CANARANA,MATO GROSSO,Brasil,5102702,51,33,8,0.0,0.21,Amazônia,162.0
ef8e8783-4866-37a5-9b21-38b35c4dd979,  -8.693600, -49.061800,2026-05-07 20:00:00,GOES-19,GOIANORTE,TOCANTINS,Brasil,1708304,17,33,7,0.0,0.27,Cerrado,86.4
e2f3218e-3eda-34e0-bea7-f336d9b1b4a8,  -9.563500, -44.579900,2026-05-07 20:00:00,GOES-19,REDENÇÃO DO GURGUÉIA,PIAUÍ,Brasil,2208700,22,33,16,0.0,0.73,Cerrado,77.7
2c624975-fc4a-35c4-aa4d-954241a9ede4,  -8.693300, -49.083300,2026-05-07 20:00:00,GOES-19,GOIANORTE,TOCANTINS,Brasil,1708304,17,33,7,0.0,0.17,Cerrado,168.8
871da597-db58-3469-b3e1-98825c5da85f,  -8.693100, -49.104900,2026-05-07 20:00:00,GOES-19,GOIANORTE,TOCANTINS,Brasil,1708304,17,33,7,0.0,0.78,Cerrado,69.4
a48d0e61-8b55-3c5a-9f5a-0aaafc19f1c4, -13.169000, -52.694400,2026-05-07 20:00:00,GOES-19,CANARANA,MATO GROSSO,Brasil,5102702,51,33,8,0.0,0.47,Amazônia,63.8
3994e883-f5a5-3796-aab8-54e02f799583, -11.732300, -54.788500,2026-05-07 20:00:00,GOES-19,CLÁUDIA,MATO GROSSO,Brasil,5103056,51,33,9,0.0,0.07,Amazônia,1322.2
4c86d456-918f-3cfe-8008-40911b6944ee, -12.781900, -59.009600,2026-05-07 20:00:00,GOES-19,CAMPOS DE JÚLIO,MATO GROSSO,Brasil,5102686,51,33,7,0.3,0.73,Cerrado,120.7
60cf9664-3f17-3760-8080-258e4998e9d2, -11.806600, -47.108200,2026-05-07 20:00:00,GOES-19,DIANÓPOLIS,TOCANTINS,Brasil,1707009,17,33,10,0.0,0.53,Cerrado,142.3
1e61c0b0-3e88-377e-902b-ccee0b428cc4, -11.732600, -54.768100,2026-05-07 20:00:00,GOES-19,CLÁUDIA,MATO GROSSO,Brasil,5103056,51,33,9,0.0,0.07,Amazônia,127.0
8d7dc5ff-bae4-3257-9ae2-e5613bcdd9b1, -13.188500, -52.671100,2026-05-07 20:00:00,GOES-19,CANARANA,MATO GROSSO,Brasil,5102702,51,33,8,0.0,0.45,Amazônia,60.9
8814d5aa-9ac4-3330-9c67-61140de48835, -18.512000, -55.502200,2026-05-07 20:00:00,GOES-19,CORUMBÁ,MATO GROSSO DO SUL,Brasil,5003207,50,33,10,0.0,1.0,Pantanal,119.5
27bc9e4d-3664-38bf-b641-93dc6ed1fda8, -18.511600, -55.523200,2026-05-07 20:00:00,GOES-19,CORUMBÁ,MATO GROSSO DO SUL,Brasil,5003207,50,33,10,0.0,0.9,Pantanal,97.9
d840b8fe-cabd-3054-9c7c-05548f054d47, -16.165200, -58.504400,2026-05-07 20:00:00,GOES-19,CÁCERES,MATO GROSSO,Brasil,5102504,51,33,8,0.0,1.0,Pantanal,91.5
9533de35-c694-3330-87dd-66b47eabf54d,  -9.300900, -48.592500,2026-05-07 20:00:00,GOES-19,MIRANORTE,TOCANTINS,Brasil,1713304,17,33,9,0.0,0.46,Cerrado,60.1
a4c9a690-da0b-3834-b01e-d4accb367edd,  -8.712100, -49.081600,2026-05-07 20:00:00,GOES-19,GOIANORTE,TOCANTINS,Brasil,1708304,17,33,7,0.0,0.68,Cerrado,94.0
6225dc44-3ec3-34fd-a621-cf1d6acd6ea9, -16.185000, -58.482200,2026-05-07 20:00:00,GOES-19,CÁCERES,MATO GROSSO,Brasil,5102504,51,33,7,0.0,1.0,Pantanal,83.3
5a3a4ca6-79f7-3c65-8f71-bf3c08c97eae, -11.751500, -54.766400,2026-05-07 20:00:00,GOES-19,SANTA CARMEM,MATO GROSSO,Brasil,5107248,51,33,9,0.0,0.21,Amazônia,157.9
884edd3c-b70e-3726-8ccd-89e634262693,  -5.793900, -45.126700,2026-05-07 20:00:00,GOES-19,BARRA DO CORDA,MARANHÃO,Brasil,2101608,21,33,3,0.0,0.34,Cerrado,186.9
bc0030a9-a9c9-3f5f-bed7-12938f5c6ea3, -12.158600, -46.654600,2026-05-07 20:00:00,GOES-19,PONTE ALTA DO BOM JESUS,TOCANTINS,Brasil,1717800,17,33,10,0.0,0.52,Cerrado,74.9
e29b431a-69df-3743-9bd1-7e2c95ffb3c7, -12.350800, -50.026600,2026-05-07 20:00:00,GOES-19,SANDOLÂNDIA,TOCANTINS,Brasil,1718840,17,33,8,0.0,0.48,Cerrado,63.9
96826f19-515a-3670-a1df-664f110523e0, -11.806600, -47.108200,2026-05-07 20:10:00,GOES-19,DIANÓPOLIS,TOCANTINS,Brasil,1707009,17,33,10,0.0,0.53,Cerrado,118.9
4637ebaf-babd-3c85-a84c-b877c82fca77, -13.188200, -52.692200,2026-05-07 20:10:00,GOES-19,CANARANA,MATO GROSSO,Brasil,5102702,51,33,8,0.0,0.21,Amazônia,137.4
eb5b25c0-059f-36c2-aa08-6418d98fe2db, -11.787900, -47.088400,2026-05-07 20:10:00,GOES-19,DIANÓPOLIS,TOCANTINS,Brasil,1707009,17,33,10,0.0,0.37,Cerrado,138.3
1f0d6685-70bd-3a2d-8200-a6bcc486f1bd, -12.158600, -46.654600,2026-05-07 20:10:00,GOES-19,PONTE ALTA DO BOM JESUS,TOCANTINS,Brasil,1717800,17,33,10,0.0,0.52,Cerrado,72.9
c892bbd9-926a-3e61-aaa0-fa3654476099, -16.146100, -58.486200,2026-05-07 20:10:00,GOES-19,CÁCERES,MATO GROSSO,Brasil,5102504,51,33,8,0.0,0.17,Pantanal,108.3
6b535bfb-d8b4-3daf-b76a-d96b0a449629, -13.207300, -52.689900,2026-05-07 20:10:00,GOES-19,CANARANA,MATO GROSSO,Brasil,5102702,51,33,8,0.0,1.0,Amazônia,60.0
02392bd0-e08d-32c4-9c8b-319c758f6f63, -16.165200, -58.504400,2026-05-07 20:10:00,GOES-19,CÁCERES,MATO GROSSO,Brasil,5102504,51,33,8,0.0,1.0,Pantanal,89.0
81c56d31-02b7-31a3-9240-249103a52f09, -18.511600, -55.523200,2026-05-07 20:10:00,GOES-19,CORUMBÁ,MATO GROSSO DO SUL,Brasil,5003207,50,33,10,0.0,0.9,Pantanal,100.9
a41172ec-3b94-30e8-a8e7-a060852a1339, -11.787500, -47.110800,2026-05-07 20:10:00,GOES-19,DIANÓPOLIS,TOCANTINS,Brasil,1707009,17,33,10,0.0,0.37,Cerrado,83.9
c81f92e6-a8da-37bc-b15d-d5d617af585a,  -5.793900, -45.126700,2026-05-07 20:10:00,GOES-19,BARRA DO CORDA,MARANHÃO,Brasil,2101608,21,33,3,0.0,0.34,Cerrado,112.2
8fe00a4d-2fac-3ac6-a377-cc2b33406ddc, -11.807000, -47.085800,2026-05-07 20:10:00,GOES-19,DIANÓPOLIS,TOCANTINS,Brasil,1707009,17,33,10,0.0,0.36,Cerrado,188.6
65f6f798-ff7e-3ee5-9746-c1d8d3b77dd6, -10.683200, -49.703400,2026-05-07 20:10:00,GOES-19,LAGOA DA CONFUSÃO,TOCANTINS,Brasil,1711902,17,33,7,0.0,0.86,Cerrado,58.3
35a5dabc-9d51-3c81-b5d0-bce13b2e2724, -11.751300, -54.786800,2026-05-07 20:10:00,GOES-19,CLÁUDIA,MATO GROSSO,Brasil,5103056,51,33,9,0.0,0.07,Amazônia,1388.1
389cfcce-0f79-3753-900c-dc65d616eaf8, -16.165500, -58.484200,2026-05-07 20:10:00,GOES-19,CÁCERES,MATO GROSSO,Brasil,5102504,51,33,8,0.0,0.13,Pantanal,195.9
0d644872-ef39-388f-8256-b5c816a33449, -12.782100, -58.989900,2026-05-07 20:10:00,GOES-19,CAMPOS DE JÚLIO,MATO GROSSO,Brasil,5102686,51,33,7,0.3,0.79,Cerrado,99.4
3a7a8784-9f23-3446-b090-4dd2f53d0044, -11.751500, -54.766400,2026-05-07 20:10:00,GOES-19,SANTA CARMEM,MATO GROSSO,Brasil,5107248,51,33,9,0.0,0.21,Amazônia,240.5
3ea72408-f5ab-3145-afd3-31ab0125de07,  -8.693300, -49.083300,2026-05-07 20:10:00,GOES-19,GOIANORTE,TOCANTINS,Brasil,1708304,17,33,7,0.0,0.17,Cerrado,103.1
fe1003e4-c646-339c-b804-0158eb5c8d42,  -8.712100, -49.081600,2026-05-07 20:10:00,GOES-19,GOIANORTE,TOCANTINS,Brasil,1708304,17,33,7,0.0,0.68,Cerrado,81.5
4e5b3377-821b-3c6f-95a8-c54546ac0c02, -11.732100, -54.809000,2026-05-07 20:10:00,GOES-19,CLÁUDIA,MATO GROSSO,Brasil,5103056,51,33,9,0.0,0.07,Amazônia,535.0
c6e7e8e4-872b-34d0-8231-905679850b9a, -11.732300, -54.788500,2026-05-07 20:10:00,GOES-19,CLÁUDIA,MATO GROSSO,Brasil,5103056,51,33,9,0.0,0.07,Amazônia,1138.6
e19e5d8d-f7cb-3697-a0e1-20ea75921181, -11.751000, -54.807200,2026-05-07 20:10:00,GOES-19,CLÁUDIA,MATO GROSSO,Brasil,5103056,51,33,9,0.0,0.41,Amazônia,1242.4
fdbbdfe4-e48d-30b3-bf6a-8d16dba292b5, -11.732600, -54.768100,2026-05-07 20:10:00,GOES-19,CLÁUDIA,MATO GROSSO,Brasil,5103056,51,33,9,0.0,0.07,Amazônia,91.7
efb81e7c-5d2b-3091-9b66-fedb22258998,  -5.775200, -45.128000,2026-05-07 20:10:00,GOES-19,BARRA DO CORDA,MARANHÃO,Brasil,2101608,21,33,3,0.0,0.36,Cerrado,118.1
109670cd-535f-3349-9978-b1648b7037a2,  -8.693600, -49.061800,2026-05-07 20:10:00,GOES-19,GOIANORTE,TOCANTINS,Brasil,1708304,17,33,7,0.0,0.27,Cerrado,73.8
61cb6c43-b488-381f-acce-45f82c0f16c8, -12.781900, -59.009600,2026-05-07 20:10:00,GOES-19,CAMPOS DE JÚLIO,MATO GROSSO,Brasil,5102686,51,33,7,0.3,0.73,Cerrado,107.2
f3259446-1ab6-35cc-ad3b-f66c8c21ff46,  -9.300900, -48.592500,2026-05-07 20:10:00,GOES-19,MIRANORTE,TOCANTINS,Brasil,1713304,17,33,9,0.0,0.46,Cerrado,67.8
a1cd4842-546c-3d03-a1d6-ce3bbb54909f, -12.867000, -43.747800,2026-05-07 20:10:00,GOES-19,SERRA DOURADA,BAHIA,Brasil,2930303,29,33,18,0.56,0.94,Cerrado,79.4
c265c6f0-7d24-3ff4-a1c4-5014e5a17679, -18.512000, -55.502200,2026-05-07 20:10:00,GOES-19,CORUMBÁ,MATO GROSSO DO SUL,Brasil,5003207,50,33,10,0.0,1.0,Pantanal,127.2
bf1c4900-67c9-3ceb-b3cf-7647f5d6463e, -10.960700, -48.849000,2026-05-07 20:10:00,GOES-19,FÁTIMA,TOCANTINS,Brasil,1707553,17,33,8,0.0,0.32,Cerrado,61.9
f745be08-880b-3e38-9837-ef4e18f0439e,  -5.775200, -45.128000,2026-05-07 20:20:00,GOES-19,BARRA DO CORDA,MARANHÃO,Brasil,2101608,21,33,3,0.0,0.36,Cerrado,176.5
254ef63d-e763-3e0e-81d8-5526993908ea,  -8.712100, -49.081600,2026-05-07 20:20:00,GOES-19,GOIANORTE,TOCANTINS,Brasil,1708304,17,33,7,0.0,0.68,Cerrado,75.8
30f96deb-47e4-3a42-8b85-4e8ca7b61b20, -11.751300, -54.786800,2026-05-07 20:20:00,GOES-19,CLÁUDIA,MATO GROSSO,Brasil,5103056,51,33,9,0.0,0.07,Amazônia,1430.5
ed88f4da-fbc0-3cbd-9633-f06437f81909,  -5.793900, -45.126700,2026-05-07 20:20:00,GOES-19,BARRA DO CORDA,MARANHÃO,Brasil,2101608,21,33,3,0.0,0.34,Cerrado,129.9
211e69fd-fad4-3876-916c-d5f8c5284029, -11.732100, -54.809000,2026-05-07 20:20:00,GOES-19,CLÁUDIA,MATO GROSSO,Brasil,5103056,51,33,9,0.0,0.07,Amazônia,470.6
4c1c9eca-c1db-3be8-b026-f81e908bfc2b, -12.781900, -59.009600,2026-05-07 20:20:00,GOES-19,CAMPOS DE JÚLIO,MATO GROSSO,Brasil,5102686,51,33,7,0.3,0.73,Cerrado,74.8
5834196f-7608-3add-81f8-8b453dcfaf1a,  -8.693100, -49.104900,2026-05-07 20:20:00,GOES-19,GOIANORTE,TOCANTINS,Brasil,1708304,17,33,7,0.0,0.78,Cerrado,70.4
92cbfd60-2724-3485-9639-9630a2809c80,  -9.300900, -48.592500,2026-05-07 20:20:00,GOES-19,MIRANORTE,TOCANTINS,Brasil,1713304,17,33,9,0.0,0.46,Cerrado,67.4
f263270d-b330-37c3-ae75-5eb71c33346c,  -8.693600, -49.061800,2026-05-07 20:20:00,GOES-19,GOIANORTE,TOCANTINS,Brasil,1708304,17,33,7,0.0,0.27,Cerrado,57.8
3da09956-6878-380e-bc3e-ed8204be195a, -11.787900, -47.088400,2026-05-07 20:20:00,GOES-19,DIANÓPOLIS,TOCANTINS,Brasil,1707009,17,33,10,0.0,0.37,Cerrado,135.0
c66cd9ed-0ad3-371e-b602-5ea44df73945, -18.492100, -55.505000,2026-05-07 20:20:00,GOES-19,CORUMBÁ,MATO GROSSO DO SUL,Brasil,5003207,50,33,10,0.0,0.9,Pantanal,95.4
f2ccce6a-fc71-3b53-a97c-d47c8c73470b, -18.511600, -55.523200,2026-05-07 20:20:00,GOES-19,CORUMBÁ,MATO GROSSO DO SUL,Brasil,5003207,50,33,10,0.0,0.9,Pantanal,114.8
0ca5036c-ebd8-36d8-809d-b8a93deaf10b, -18.512000, -55.502200,2026-05-07 20:20:00,GOES-19,CORUMBÁ,MATO GROSSO DO SUL,Brasil,5003207,50,33,10,0.0,1.0,Pantanal,133.9
fc87792d-f5c7-3f23-b114-47365bc4c36f, -16.165500, -58.484200,2026-05-07 20:20:00,GOES-19,CÁCERES,MATO GROSSO,Brasil,5102504,51,33,8,0.0,0.13,Pantanal,190.3
5f783bc4-468d-34ce-a5a1-bb385449e22d, -13.188200, -52.692200,2026-05-07 20:20:00,GOES-19,CANARANA,MATO GROSSO,Brasil,5102702,51,33,8,0.0,0.21,Amazônia,120.2
1de8e0bb-c2a4-360f-9ab5-8008afefb690, -12.867000, -43.747800,2026-05-07 20:20:00,GOES-19,SERRA DOURADA,BAHIA,Brasil,2930303,29,33,18,0.56,0.94,Cerrado,99.2
18408f4e-3fc2-339e-aec8-df0d590c8eef, -11.806600, -47.108200,2026-05-07 20:20:00,GOES-19,DIANÓPOLIS,TOCANTINS,Brasil,1707009,17,33,10,0.0,0.53,Cerrado,90.7
a8e78cdd-37d3-3150-9f6b-515e86b17a6a,  -8.693300, -49.083300,2026-05-07 20:20:00,GOES-19,GOIANORTE,TOCANTINS,Brasil,1708304,17,33,7,0.0,0.17,Cerrado,148.7
8fbc791a-01ee-38c8-956f-ee7b69672960, -11.949800, -43.378100,2026-05-07 20:20:00,GOES-19,MUQUÉM DO SÃO FRANCISCO,BAHIA,Brasil,2922250,29,33,0,0.54,0.68,Cerrado,107.8
2b777b2d-8e6e-3844-9bda-ae789175d8c0, -11.751500, -54.766400,2026-05-07 20:20:00,GOES-19,SANTA CARMEM,MATO GROSSO,Brasil,5107248,51,33,9,0.0,0.21,Amazônia,215.7
d0e2b2e7-5e73-3412-9441-86267b0a47c0, -11.787500, -47.110800,2026-05-07 20:20:00,GOES-19,DIANÓPOLIS,TOCANTINS,Brasil,1707009,17,33,10,0.0,0.37,Cerrado,81.1
46fb3987-3231-30fa-a366-fcba41282bc4, -11.751000, -54.807200,2026-05-07 20:20:00,GOES-19,CLÁUDIA,MATO GROSSO,Brasil,5103056,51,33,9,0.0,0.41,Amazônia,756.2
b7cc8d18-49fd-3d4b-a238-c0ba806e0d9b, -11.732600, -54.768100,2026-05-07 20:20:00,GOES-19,CLÁUDIA,MATO GROSSO,Brasil,5103056,51,33,9,0.0,0.07,Amazônia,94.2
887574ee-1a8b-3289-8ed0-e55fcbeb2f51, -16.146100, -58.486200,2026-05-07 20:20:00,GOES-19,CÁCERES,MATO GROSSO,Brasil,5102504,51,33,8,0.0,0.17,Pantanal,110.9
bd0d8777-a76d-3f64-bf55-b785d7a79591, -16.165200, -58.504400,2026-05-07 20:20:00,GOES-19,CÁCERES,MATO GROSSO,Brasil,5102504,51,33,8,0.0,1.0,Pantanal,95.2
e4aa2715-c4fc-3faf-b44c-6362770f36ea, -11.807000, -47.085800,2026-05-07 20:20:00,GOES-19,DIANÓPOLIS,TOCANTINS,Brasil,1707009,17,33,10,0.0,0.36,Cerrado,145.9
d6d0f961-1eb9-3e0c-a1d0-82de76fd0171, -12.847700, -43.751100,2026-05-07 20:20:00,GOES-19,SERRA DOURADA,BAHIA,Brasil,2930303,29,33,17,0.61,0.98,Cerrado,101.9
05b67a9e-d808-376b-b945-e83c29e6bc7c, -11.732300, -54.788500,2026-05-07 20:20:00,GOES-19,CLÁUDIA,MATO GROSSO,Brasil,5103056,51,33,9,0.0,0.07,Amazônia,675.5
13471caf-cd1d-3643-8ce4-581b42686e15,  -5.793900, -45.126700,2026-05-07 20:30:00,GOES-19,BARRA DO CORDA,MARANHÃO,Brasil,2101608,21,33,3,0.0,0.34,Cerrado,166.1
6ed0719d-c5bd-33b6-a157-5a70a266dc5b, -11.732300, -54.788500,2026-05-07 20:30:00,GOES-19,CLÁUDIA,MATO GROSSO,Brasil,5103056,51,33,9,0.0,0.07,Amazônia,401.8
8d751dac-c45e-36f9-871a-23695ec27fce,  -8.712100, -49.081600,2026-05-07 20:30:00,GOES-19,GOIANORTE,TOCANTINS,Brasil,1708304,17,33,7,0.0,0.68,Cerrado,88.6
3bd12b05-6a88-38cb-b871-f0a9d595aa84, -11.751000, -54.807200,2026-05-07 20:30:00,GOES-19,CLÁUDIA,MATO GROSSO,Brasil,5103056,51,33,9,0.0,0.41,Amazônia,732.0
80eef5e6-f17f-3663-854e-91b50e090101, -11.751300, -54.786800,2026-05-07 20:30:00,GOES-19,CLÁUDIA,MATO GROSSO,Brasil,5103056,51,33,9,0.0,0.07,Amazônia,1211.0
5dcb9f26-d3a6-3989-8394-6c9fe53fa423, -11.807000, -47.085800,2026-05-07 20:30:00,GOES-19,DIANÓPOLIS,TOCANTINS,Brasil,1707009,17,33,10,0.0,0.36,Cerrado,134.5
006bdf22-8acd-3303-bbd3-e4d5af927e26, -18.512000, -55.502200,2026-05-07 20:30:00,GOES-19,CORUMBÁ,MATO GROSSO DO SUL,Brasil,5003207,50,33,10,0.0,1.0,Pantanal,126.4
8d4409b5-faf3-3970-8a72-45d51e5023fa, -12.867000, -43.747800,2026-05-07 20:30:00,GOES-19,SERRA DOURADA,BAHIA,Brasil,2930303,29,33,18,0.56,0.94,Cerrado,106.1
ab2421a9-a1f4-3ff3-8ce5-1af58ced8382, -11.751500, -54.766400,2026-05-07 20:30:00,GOES-19,SANTA CARMEM,MATO GROSSO,Brasil,5107248,51,33,9,0.0,0.21,Amazônia,75.9
34414bd0-a07e-375b-b1e7-a54ed1d00f41,  -9.300900, -48.592500,2026-05-07 20:30:00,GOES-19,MIRANORTE,TOCANTINS,Brasil,1713304,17,33,9,0.0,0.46,Cerrado,73.3
130d894b-eb9c-3460-bfc4-b2d9d5798041, -11.806600, -47.108200,2026-05-07 20:30:00,GOES-19,DIANÓPOLIS,TOCANTINS,Brasil,1707009,17,33,10,0.0,0.53,Cerrado,109.7
5530cd70-c66a-3ca2-9400-54573d991ced, -18.492100, -55.505000,2026-05-07 20:30:00,GOES-19,CORUMBÁ,MATO GROSSO DO SUL,Brasil,5003207,50,33,10,0.0,0.9,Pantanal,97.2
d2a6ed9c-829b-3f16-bd5d-808000f08d3d, -12.847200, -43.774800,2026-05-07 20:30:00,GOES-19,SERRA DOURADA,BAHIA,Brasil,2930303,29,33,17,0.79,0.95,Cerrado,77.2
59e53e7a-f349-3181-85d7-88dfa05f2842, -11.787900, -47.088400,2026-05-07 20:30:00,GOES-19,DIANÓPOLIS,TOCANTINS,Brasil,1707009,17,33,10,0.0,0.37,Cerrado,87.2
42007dea-fc49-3cc3-8c11-de6e81564860, -13.188200, -52.692200,2026-05-07 20:30:00,GOES-19,CANARANA,MATO GROSSO,Brasil,5102702,51,33,8,0.0,0.21,Amazônia,114.7
66feda16-5c77-3659-afaa-dd7aaa328715, -16.165500, -58.484200,2026-05-07 20:30:00,GOES-19,CÁCERES,MATO GROSSO,Brasil,5102504,51,33,8,0.0,0.13,Pantanal,204.2
fa4290a6-e028-33af-94c1-790e4b2e16c4, -16.146100, -58.486200,2026-05-07 20:30:00,GOES-19,CÁCERES,MATO GROSSO,Brasil,5102504,51,33,8,0.0,0.17,Pantanal,107.2
4e3ff759-0f48-3916-b106-bd0c64ce7415,  -9.563800, -44.556700,2026-05-07 20:30:00,GOES-19,REDENÇÃO DO GURGUÉIA,PIAUÍ,Brasil,2208700,22,33,16,0.0,0.59,Cerrado,97.8
77f6677b-48e4-39fc-9e7f-d02b843aa0ef,  -9.301200, -48.570800,2026-05-07 20:30:00,GOES-19,RIO DOS BOIS,TOCANTINS,Brasil,1718709,17,33,9,0.0,0.54,Cerrado,61.9
0e30d2f5-edd4-3299-88ba-84e91cf22e2d,  -9.563500, -44.579900,2026-05-07 20:30:00,GOES-19,REDENÇÃO DO GURGUÉIA,PIAUÍ,Brasil,2208700,22,33,16,0.0,0.73,Cerrado,217.0
a8557b9c-7ad9-3bea-a46c-5833f169b20e, -12.866500, -43.771500,2026-05-07 20:30:00,GOES-19,SERRA DOURADA,BAHIA,Brasil,2930303,29,33,17,0.69,1.0,Cerrado,78.1
3b026649-7d30-3c91-8882-58cbd1cc95e3, -12.847700, -43.751100,2026-05-07 20:30:00,GOES-19,SERRA DOURADA,BAHIA,Brasil,2930303,29,33,17,0.61,0.98,Cerrado,104.9
d437c3cd-c724-3ad3-9b0e-22bafbad2127, -11.787500, -47.110800,2026-05-07 20:30:00,GOES-19,DIANÓPOLIS,TOCANTINS,Brasil,1707009,17,33,10,0.0,0.37,Cerrado,68.3
8615e958-f7a8-3e2c-999a-197995723e08, -11.732100, -54.809000,2026-05-07 20:30:00,GOES-19,CLÁUDIA,MATO GROSSO,Brasil,5103056,51,33,9,0.0,0.07,Amazônia,242.9
7aa01359-5d9f-39ba-a944-daec882704b2,  -8.693100, -49.104900,2026-05-07 20:30:00,GOES-19,GOIANORTE,TOCANTINS,Brasil,1708304,17,33,7,0.0,0.78,Cerrado,63.4
96d0fec8-4f4a-3d0b-a0a4-c01de6af9926,  -8.693300, -49.083300,2026-05-07 20:30:00,GOES-19,GOIANORTE,TOCANTINS,Brasil,1708304,17,33,7,0.0,0.17,Cerrado,119.4
75d7d78d-8fd5-31d5-b7d6-8b988968f145,  -5.775200, -45.128000,2026-05-07 20:30:00,GOES-19,BARRA DO CORDA,MARANHÃO,Brasil,2101608,21,33,3,0.0,0.36,Cerrado,130.8
cc749e3a-8f5a-3a16-9a9e-e168f9b2022f, -11.732300, -54.788500,2026-05-07 20:40:00,GOES-19,CLÁUDIA,MATO GROSSO,Brasil,5103056,51,33,9,0.0,0.07,Amazônia,150.0
ae05fdd7-1fac-31ee-9377-20776c2190c8,  -5.775200, -45.128000,2026-05-07 20:40:00,GOES-19,BARRA DO CORDA,MARANHÃO,Brasil,2101608,21,33,3,0.0,0.36,Cerrado,132.1
4378308e-f1c7-3df5-a12e-e7c69c6a183a, -11.751300, -54.786800,2026-05-07 20:40:00,GOES-19,CLÁUDIA,MATO GROSSO,Brasil,5103056,51,33,9,0.0,0.07,Amazônia,418.2
d7a8b562-642d-3df8-9e7f-0dc7f610bf5b, -11.787900, -47.088400,2026-05-07 20:40:00,GOES-19,DIANÓPOLIS,TOCANTINS,Brasil,1707009,17,33,10,0.0,0.37,Cerrado,109.8
13678694-9a92-332d-be13-3fce125dbf9d, -16.146100, -58.486200,2026-05-07 20:40:00,GOES-19,CÁCERES,MATO GROSSO,Brasil,5102504,51,33,8,0.0,0.17,Pantanal,107.8
4832b486-d163-3a5a-8a45-b84392a0455a,  -8.693100, -49.104900,2026-05-07 20:40:00,GOES-19,GOIANORTE,TOCANTINS,Brasil,1708304,17,33,7,0.0,0.78,Cerrado,59.2
32ef22bb-a3fb-3955-9bf7-28630b687587, -16.165200, -58.504400,2026-05-07 20:40:00,GOES-19,CÁCERES,MATO GROSSO,Brasil,5102504,51,33,8,0.0,1.0,Pantanal,92.0
8b0c103b-6fe0-30e5-a19d-8fd7e9bfaf9e, -16.165500, -58.484200,2026-05-07 20:40:00,GOES-19,CÁCERES,MATO GROSSO,Brasil,5102504,51,33,8,0.0,0.13,Pantanal,164.7
90c9b7fb-32f5-356f-b880-96829daebd6b,  -5.793900, -45.126700,2026-05-07 20:40:00,GOES-19,BARRA DO CORDA,MARANHÃO,Brasil,2101608,21,33,3,0.0,0.34,Cerrado,124.6
30a9f431-cbf3-35ba-a08c-6879d7c62af6, -11.732100, -54.809000,2026-05-07 20:40:00,GOES-19,CLÁUDIA,MATO GROSSO,Brasil,5103056,51,33,9,0.0,0.07,Amazônia,74.3
3bd03491-4467-3560-85c6-6c17071f09fb, -13.188200, -52.692200,2026-05-07 20:40:00,GOES-19,CANARANA,MATO GROSSO,Brasil,5102702,51,33,8,0.0,0.21,Amazônia,97.4
fb2125a3-d8c9-3237-a41b-e8d61605b33e, -18.492100, -55.505000,2026-05-07 20:40:00,GOES-19,CORUMBÁ,MATO GROSSO DO SUL,Brasil,5003207,50,33,10,0.0,0.9,Pantanal,106.8
3d03d657-3fbf-3c00-8c1f-e80d6a3ab6eb,  -8.693300, -49.083300,2026-05-07 20:40:00,GOES-19,GOIANORTE,TOCANTINS,Brasil,1708304,17,33,7,0.0,0.17,Cerrado,126.2
0cc46bbc-86a1-334b-8403-2e3284e9ef5b, -11.807000, -47.085800,2026-05-07 20:40:00,GOES-19,DIANÓPOLIS,TOCANTINS,Brasil,1707009,17,33,10,0.0,0.36,Cerrado,121.3
71f7bda0-e39e-3752-b060-87cc6740933a, -18.512000, -55.502200,2026-05-07 20:40:00,GOES-19,CORUMBÁ,MATO GROSSO DO SUL,Brasil,5003207,50,33,10,0.0,1.0,Pantanal,132.4
23ecf53d-12b0-3012-b5ef-3b37a1997560,  -8.712100, -49.081600,2026-05-07 20:40:00,GOES-19,GOIANORTE,TOCANTINS,Brasil,1708304,17,33,7,0.0,0.68,Cerrado,73.6
07e5373a-1485-34f3-a1e3-226032705b22,  -9.300900, -48.592500,2026-05-07 20:40:00,GOES-19,MIRANORTE,TOCANTINS,Brasil,1713304,17,33,9,0.0,0.46,Cerrado,85.9
0b035509-6ab6-3c4b-85b4-965de019fbfa, -11.751000, -54.807200,2026-05-07 20:40:00,GOES-19,CLÁUDIA,MATO GROSSO,Brasil,5103056,51,33,9,0.0,0.41,Amazônia,205.1
9081e6b2-59fb-3294-b5b6-b56738fbdb7a, -10.053400, -51.678600,2026-05-07 20:40:00,GOES-19,VILA RICA,MATO GROSSO,Brasil,5108600,51,33,7,0.0,0.21,Amazônia,78.0
2ed206da-c89a-37eb-b8f8-fdd487ff756a, -11.806600, -47.108200,2026-05-07 20:40:00,GOES-19,DIANÓPOLIS,TOCANTINS,Brasil,1707009,17,33,10,0.0,0.53,Cerrado,70.9
91b93e5d-7211-378e-a22f-aeee2005ab5e, -11.807000, -47.085800,2026-05-07 20:50:00,GOES-19,DIANÓPOLIS,TOCANTINS,Brasil,1707009,17,33,10,0.0,0.36,Cerrado,108.0
5b1c5202-e793-3ddc-8276-97d161e58e0e,  -5.793900, -45.126700,2026-05-07 20:50:00,GOES-19,BARRA DO CORDA,MARANHÃO,Brasil,2101608,21,33,3,0.0,0.34,Cerrado,111.3
22c25452-d4b4-3baa-8452-029a4e0e7aea,  -5.775200, -45.128000,2026-05-07 20:50:00,GOES-19,BARRA DO CORDA,MARANHÃO,Brasil,2101608,21,33,3,0.0,0.36,Cerrado,119.2
655517f1-6747-39e2-86bd-19afe6a2daa4, -16.146100, -58.486200,2026-05-07 20:50:00,GOES-19,CÁCERES,MATO GROSSO,Brasil,5102504,51,33,8,0.0,0.17,Pantanal,130.9
30b4bf49-b2e7-3fad-b39f-41667fd28b5f, -10.053700, -51.657600,2026-05-07 20:50:00,GOES-19,VILA RICA,MATO GROSSO,Brasil,5108600,51,33,8,0.0,0.09,Amazônia,109.8
9f83c432-6a8b-3b58-bf62-7438ce6fd461, -14.211800, -57.429900,2026-05-07 20:50:00,GOES-19,NOVA MARILÂNDIA,MATO GROSSO,Brasil,5108857,51,33,7,0.0,0.2,Amazônia,88.6
8d6c7306-d363-3a48-80ae-151dbd960d21, -11.751000, -54.807200,2026-05-07 20:50:00,GOES-19,CLÁUDIA,MATO GROSSO,Brasil,5103056,51,33,9,0.0,0.41,Amazônia,124.3
7a6c79fc-90dc-3207-a8ad-91e94ef7fa21, -14.212100, -57.409800,2026-05-07 20:50:00,GOES-19,NOVA MARILÂNDIA,MATO GROSSO,Brasil,5108857,51,33,7,0.0,0.2,Amazônia,77.4
37b0aab8-f025-3218-9c91-d76d03bcfeb8,  -8.693100, -49.104900,2026-05-07 20:50:00,GOES-19,GOIANORTE,TOCANTINS,Brasil,1708304,17,33,7,0.0,0.78,Cerrado,61.9
31f56019-392c-346a-acdd-191ac7d261a7,  -8.712100, -49.081600,2026-05-07 20:50:00,GOES-19,GOIANORTE,TOCANTINS,Brasil,1708304,17,33,7,0.0,0.68,Cerrado,67.7
91d68ddd-f772-39ff-a4b1-3348a2834e48, -16.165200, -58.504400,2026-05-07 20:50:00,GOES-19,CÁCERES,MATO GROSSO,Brasil,5102504,51,33,8,0.0,1.0,Pantanal,103.1
d1a02ef7-7360-3b28-a940-f769baa81494,  -8.693300, -49.083300,2026-05-07 20:50:00,GOES-19,GOIANORTE,TOCANTINS,Brasil,1708304,17,33,7,0.0,0.17,Cerrado,119.2
9287d980-32a8-329a-a7b3-feb8389934c5, -10.034600, -51.680400,2026-05-07 20:50:00,GOES-19,VILA RICA,MATO GROSSO,Brasil,5108600,51,33,8,0.0,0.88,Amazônia,61.6
818c5965-d736-32ed-a0e2-d6f31adb53fc, -13.417400, -50.364600,2026-05-07 20:50:00,GOES-19,SÃO MIGUEL DO ARAGUAIA,GOIÁS,Brasil,5220207,52,33,18,0.0,1.0,Cerrado,75.0
0ab462ac-1ed4-35dc-b9ee-15fd12066595,  -9.300900, -48.592500,2026-05-07 20:50:00,GOES-19,MIRANORTE,TOCANTINS,Brasil,1713304,17,33,9,0.0,0.46,Cerrado,92.2
1c378db9-144a-3ca5-bccf-9f7762c38dc7, -16.165500, -58.484200,2026-05-07 20:50:00,GOES-19,CÁCERES,MATO GROSSO,Brasil,5102504,51,33,8,0.0,0.13,Pantanal,186.9
c01f0d22-9c17-35d5-9a5e-97db0e8496af, -11.732300, -54.788500,2026-05-07 20:50:00,GOES-19,CLÁUDIA,MATO GROSSO,Brasil,5103056,51,33,9,0.0,0.07,Amazônia,80.3
3e905ad5-4a46-3dab-9ed0-eadace2c7c5d, -13.188200, -52.692200,2026-05-07 20:50:00,GOES-19,CANARANA,MATO GROSSO,Brasil,5102702,51,33,8,0.0,0.21,Amazônia,82.3
f6a5f181-dc54-357c-812f-7cc54f24bb24, -11.787900, -47.088400,2026-05-07 20:50:00,GOES-19,DIANÓPOLIS,TOCANTINS,Brasil,1707009,17,33,10,0.0,0.37,Cerrado,87.4
f3f96d63-b744-3d78-96b9-f78460eb698e, -11.751300, -54.786800,2026-05-07 20:50:00,GOES-19,CLÁUDIA,MATO GROSSO,Brasil,5103056,51,33,9,0.0,0.07,Amazônia,206.8
77471874-983a-3d95-9bf4-cc6cdc017e3e, -10.053400, -51.678600,2026-05-07 20:50:00,GOES-19,VILA RICA,MATO GROSSO,Brasil,5108600,51,33,7,0.0,0.21,Amazônia,138.7
72beb315-5a9d-3c3f-a3ea-605b80c0263b, -11.751300, -54.786800,2026-05-07 21:00:00,GOES-19,CLÁUDIA,MATO GROSSO,Brasil,5103056,51,33,9,0.0,0.07,Amazônia,136.3
49e8a554-c806-3cb1-a918-33b59f72e342, -14.192900, -57.411600,2026-05-07 21:00:00,GOES-19,NOVA MARILÂNDIA,MATO GROSSO,Brasil,5108857,51,33,7,0.0,0.18,Amazônia,74.5
dcd8faa5-937f-3459-b93a-87f9c52cf431, -11.751000, -54.807200,2026-05-07 21:00:00,GOES-19,CLÁUDIA,MATO GROSSO,Brasil,5103056,51,33,9,0.0,0.41,Amazônia,70.6
1bc5ea4e-e789-3043-892d-83cbe5d96390, -10.034600, -51.680400,2026-05-07 21:00:00,GOES-19,VILA RICA,MATO GROSSO,Brasil,5108600,51,33,8,0.0,0.88,Amazônia,60.0
ef01f5fe-97c4-3eb7-97e1-9709a36d2d0c, -18.512000, -55.502200,2026-05-07 21:00:00,GOES-19,CORUMBÁ,MATO GROSSO DO SUL,Brasil,5003207,50,33,10,0.0,1.0,Pantanal,132.3
88c05323-0d24-31fe-8bd6-b88cc69e9ef3,  -8.693300, -49.083300,2026-05-07 21:00:00,GOES-19,GOIANORTE,TOCANTINS,Brasil,1708304,17,33,7,0.0,0.17,Cerrado,118.2
fcae747e-11f5-31e5-8adb-e17e7835ffa3,  -9.301200, -48.570800,2026-05-07 21:00:00,GOES-19,RIO DOS BOIS,TOCANTINS,Brasil,1718709,17,33,9,0.0,0.54,Cerrado,66.3
f3fae114-8521-336f-92e3-a11f2942d297, -18.511600, -55.523200,2026-05-07 21:00:00,GOES-19,CORUMBÁ,MATO GROSSO DO SUL,Brasil,5003207,50,33,10,0.0,0.9,Pantanal,105.2
dbcc2ee3-33d8-3b1e-a9c4-a8c93e07f880, -16.146100, -58.486200,2026-05-07 21:00:00,GOES-19,CÁCERES,MATO GROSSO,Brasil,5102504,51,33,8,0.0,0.17,Pantanal,188.8
94ee6b15-55e3-352c-9174-72efef7d2ea2, -14.211800, -57.429900,2026-05-07 21:00:00,GOES-19,NOVA MARILÂNDIA,MATO GROSSO,Brasil,5108857,51,33,7,0.0,0.2,Amazônia,76.5
51c078f1-aecc-3aba-a28f-2a73366592f5, -14.192600, -57.431800,2026-05-07 21:00:00,GOES-19,NOVA MARILÂNDIA,MATO GROSSO,Brasil,5108857,51,33,7,0.0,0.3,Amazônia,68.0
4f6b1b79-800b-3b76-8622-7796917bd194, -10.034800, -51.659400,2026-05-07 21:00:00,GOES-19,VILA RICA,MATO GROSSO,Brasil,5108600,51,33,8,0.0,0.12,Amazônia,65.6
9d92a94b-abc3-3828-860c-8baca5e85d08,  -9.300900, -48.592500,2026-05-07 21:00:00,GOES-19,MIRANORTE,TOCANTINS,Brasil,1713304,17,33,9,0.0,0.46,Cerrado,86.1
cfb4e042-bb31-34f2-8965-0e54161c6645, -13.188200, -52.692200,2026-05-07 21:00:00,GOES-19,CANARANA,MATO GROSSO,Brasil,5102702,51,33,8,0.0,0.21,Amazônia,83.4
ee066c30-90f2-38d3-ac39-3e89fede2946,  -8.693100, -49.104900,2026-05-07 21:00:00,GOES-19,GOIANORTE,TOCANTINS,Brasil,1708304,17,33,7,0.0,0.78,Cerrado,78.8
c722f96c-83c9-3344-b6e7-f9e39e4ff8a1, -16.165500, -58.484200,2026-05-07 21:00:00,GOES-19,CÁCERES,MATO GROSSO,Brasil,5102504,51,33,8,0.0,0.13,Pantanal,200.4
dc097d77-8ba1-3112-a92e-264d9e81b246, -10.053400, -51.678600,2026-05-07 21:00:00,GOES-19,VILA RICA,MATO GROSSO,Brasil,5108600,51,33,7,0.0,0.21,Amazônia,161.3
2f645022-f0c9-322f-80ea-17e359772d19, -14.212100, -57.409800,2026-05-07 21:00:00,GOES-19,NOVA MARILÂNDIA,MATO GROSSO,Brasil,5108857,51,33,7,0.0,0.2,Amazônia,83.9
bd5306c3-c9c1-34a9-a1e2-3bd24f050402, -11.732300, -54.788500,2026-05-07 21:00:00,GOES-19,CLÁUDIA,MATO GROSSO,Brasil,5103056,51,33,9,0.0,0.07,Amazônia,72.4
98485438-6a02-35d6-babe-c098939a1bcd,  -8.712100, -49.081600,2026-05-07 21:00:00,GOES-19,GOIANORTE,TOCANTINS,Brasil,1708304,17,33,7,0.0,0.68,Cerrado,62.2
5b5e1f1e-9cf8-3cc3-99d2-338292dda07a, -10.053700, -51.657600,2026-05-07 21:00:00,GOES-19,VILA RICA,MATO GROSSO,Brasil,5108600,51,33,8,0.0,0.09,Amazônia,155.2
41c53cfd-d88c-388d-9e7f-b415cb019216, -14.192900, -57.411600,2026-05-07 21:10:00,GOES-19,NOVA MARILÂNDIA,MATO GROSSO,Brasil,5108857,51,33,7,0.0,0.18,Amazônia,70.0
b0bf3198-7b46-39f6-8e49-5512095b2dfd, -16.165500, -58.484200,2026-05-07 21:10:00,GOES-19,CÁCERES,MATO GROSSO,Brasil,5102504,51,33,8,0.0,0.13,Pantanal,201.4
d9647c92-7aaa-3f5e-8a81-b723ebc8a180, -13.188200, -52.692200,2026-05-07 21:10:00,GOES-19,CANARANA,MATO GROSSO,Brasil,5102702,51,33,8,0.0,0.21,Amazônia,68.1
40c3d5a2-60ea-3531-bff0-8f105e332d5c, -18.512000, -55.502200,2026-05-07 21:10:00,GOES-19,CORUMBÁ,MATO GROSSO DO SUL,Brasil,5003207,50,33,10,0.0,1.0,Pantanal,115.0
5a3f3322-a8ec-3869-9e64-3f5e01479c73, -11.751300, -54.786800,2026-05-07 21:10:00,GOES-19,CLÁUDIA,MATO GROSSO,Brasil,5103056,51,33,9,0.0,0.07,Amazônia,89.5
aa93e2a9-2f90-39a9-a327-57ee0779b15c, -10.034600, -51.680400,2026-05-07 21:10:00,GOES-19,VILA RICA,MATO GROSSO,Brasil,5108600,51,33,8,0.0,0.88,Amazônia,116.9
22545d79-0cff-3fde-aa0e-75adcde77141, -14.192600, -57.431800,2026-05-07 21:10:00,GOES-19,NOVA MARILÂNDIA,MATO GROSSO,Brasil,5108857,51,33,7,0.0,0.3,Amazônia,78.9
7ab3cc3a-8eb3-3aa9-9b1c-c9154293f28e, -10.053700, -51.657600,2026-05-07 21:10:00,GOES-19,VILA RICA,MATO GROSSO,Brasil,5108600,51,33,8,0.0,0.09,Amazônia,229.8
043ea487-57b0-3221-b5b3-3d613b652a2f, -20.089400, -43.232900,2026-05-07 21:10:00,GOES-19,ALVINÓPOLIS,MINAS GERAIS,Brasil,3102308,31,33,3,0.0,0.73,Mata Atlântica,106.0
d6f976a8-6976-3831-8b2b-600f5a48846b, -10.034800, -51.659400,2026-05-07 21:10:00,GOES-19,VILA RICA,MATO GROSSO,Brasil,5108600,51,33,8,0.0,0.12,Amazônia,153.7
6378c663-a017-32f8-9e56-7ba215aa9d31, -10.053400, -51.678600,2026-05-07 21:10:00,GOES-19,VILA RICA,MATO GROSSO,Brasil,5108600,51,33,7,0.0,0.21,Amazônia,196.5
5fde8015-9887-3434-833f-8478d40ed6b6, -16.146100, -58.486200,2026-05-07 21:10:00,GOES-19,CÁCERES,MATO GROSSO,Brasil,5102504,51,33,8,0.0,0.17,Pantanal,140.1
4fbd8c00-d524-3937-b4b4-5f891a4636fe, -16.165200, -58.504400,2026-05-07 21:10:00,GOES-19,CÁCERES,MATO GROSSO,Brasil,5102504,51,33,8,0.0,1.0,Pantanal,95.7
291e9e97-bc24-382c-84dc-95f99e693c43, -20.068800, -43.238600,2026-05-07 21:10:00,GOES-19,ALVINÓPOLIS,MINAS GERAIS,Brasil,3102308,31,33,3,0.0,0.19,Mata Atlântica,177.1
c9cfc059-cec7-3097-851d-cfd43c0fb8fd, -12.867000, -43.747800,2026-05-07 21:20:00,GOES-19,SERRA DOURADA,BAHIA,Brasil,2930303,29,33,18,0.56,0.94,Cerrado,74.2
d6371f7e-12d7-3e30-94e2-b77c5e64ee68, -13.789100, -44.082900,2026-05-07 21:20:00,GOES-19,CORIBE,BAHIA,Brasil,2909109,29,33,27,0.0,1.0,Cerrado,128.5
a696777c-7853-3f25-aa4a-172f7806bca3, -13.789600, -44.059100,2026-05-07 21:20:00,GOES-19,CORIBE,BAHIA,Brasil,2909109,29,33,26,0.0,1.0,Cerrado,75.6
604b4c21-35da-30d1-acf4-08484f468b27, -16.146100, -58.486200,2026-05-07 21:20:00,GOES-19,CÁCERES,MATO GROSSO,Brasil,5102504,51,33,8,0.0,0.17,Pantanal,159.9
c9f03dba-fb13-3465-abcc-d3761a026e56, -16.165500, -58.484200,2026-05-07 21:20:00,GOES-19,CÁCERES,MATO GROSSO,Brasil,5102504,51,33,8,0.0,0.13,Pantanal,191.6
d0423eba-626f-3df6-9cf8-07e0f161a288, -14.212100, -57.409800,2026-05-07 21:20:00,GOES-19,NOVA MARILÂNDIA,MATO GROSSO,Brasil,5108857,51,33,7,0.0,0.2,Amazônia,69.0
800ac3a5-9d75-39bb-8659-e106b63254fb, -12.847700, -43.751100,2026-05-07 21:20:00,GOES-19,SERRA DOURADA,BAHIA,Brasil,2930303,29,33,17,0.61,0.98,Cerrado,70.7
5d97e080-6883-35f8-8172-9db4d8d716e6, -11.751300, -54.786800,2026-05-07 21:20:00,GOES-19,CLÁUDIA,MATO GROSSO,Brasil,5103056,51,33,9,0.0,0.07,Amazônia,81.5
29ad6f4d-1c82-3567-b847-9efebe0c8b1e, -16.165500, -58.484200,2026-05-07 21:30:00,GOES-19,CÁCERES,MATO GROSSO,Brasil,5102504,51,33,8,0.0,0.13,Pantanal,161.3
5d960ec1-8aa8-3b01-9afb-2e15d9b63357, -16.146100, -58.486200,2026-05-07 21:30:00,GOES-19,CÁCERES,MATO GROSSO,Brasil,5102504,51,33,8,0.0,0.17,Pantanal,133.3
821646c6-e784-30e6-9186-ce4b97b6194f, -13.789100, -44.082900,2026-05-07 21:30:00,GOES-19,CORIBE,BAHIA,Brasil,2909109,29,33,27,0.0,1.0,Cerrado,76.2
a7191916-3676-3a57-9648-6f6849f749c0,  -5.775200, -45.128000,2026-05-07 21:30:00,GOES-19,BARRA DO CORDA,MARANHÃO,Brasil,2101608,21,33,3,0.0,0.36,Cerrado,105.9
843a9906-7d80-3c5f-8912-220e3c4ebaf7, -12.847700, -43.751100,2026-05-07 21:30:00,GOES-19,SERRA DOURADA,BAHIA,Brasil,2930303,29,33,17,0.61,0.98,Cerrado,72.8
66c2bb47-9e39-333d-95c0-6aded8275365,  -5.793900, -45.126700,2026-05-07 21:30:00,GOES-19,BARRA DO CORDA,MARANHÃO,Brasil,2101608,21,33,3,0.0,0.34,Cerrado,95.1
8e68c172-9251-312a-a987-a2deeb869656, -11.807000, -47.085800,2026-05-07 21:40:00,GOES-19,DIANÓPOLIS,TOCANTINS,Brasil,1707009,17,33,10,0.0,0.36,Cerrado,78.5
1119eb79-fd0d-3435-b244-fbe08e3fe2da,  -5.775200, -45.128000,2026-05-07 21:40:00,GOES-19,BARRA DO CORDA,MARANHÃO,Brasil,2101608,21,33,3,0.0,0.36,Cerrado,83.8
5a00099f-2bb1-3d48-a7ce-4b707f3f2326,  -9.300900, -48.592500,2026-05-07 21:40:00,GOES-19,MIRANORTE,TOCANTINS,Brasil,1713304,17,33,9,0.0,0.46,Cerrado,79.8
f0ea13c2-3c40-34f4-8990-7cfb76659177, -13.789100, -44.082900,2026-05-07 21:40:00,GOES-19,CORIBE,BAHIA,Brasil,2909109,29,33,27,0.0,1.0,Cerrado,73.2
de3ebb42-c66a-3d90-b591-b7647d04c4fa, -12.847700, -43.751100,2026-05-07 21:40:00,GOES-19,SERRA DOURADA,BAHIA,Brasil,2930303,29,33,17,0.61,0.98,Cerrado,66.4
67d4a564-652e-32f2-8dc7-a45b67de7522,  -5.793900, -45.126700,2026-05-07 21:40:00,GOES-19,BARRA DO CORDA,MARANHÃO,Brasil,2101608,21,33,3,0.0,0.34,Cerrado,102.9
f14ab75f-14a1-3626-ac08-a0c6cff71ff8, -12.867000, -43.747800,2026-05-07 21:40:00,GOES-19,SERRA DOURADA,BAHIA,Brasil,2930303,29,33,18,0.56,0.94,Cerrado,69.4
21327538-0087-3f2e-90cd-9b1d7b12801b,  -9.300900, -48.592500,2026-05-07 21:50:00,GOES-19,MIRANORTE,TOCANTINS,Brasil,1713304,17,33,9,0.0,0.46,Cerrado,73.3
1a53e964-ec8e-3bf8-a708-615326688bc0,  -5.793900, -45.126700,2026-05-07 21:50:00,GOES-19,BARRA DO CORDA,MARANHÃO,Brasil,2101608,21,33,3,0.0,0.34,Cerrado,90.7
4144d95e-b811-3bc7-9cf9-c4f7fad74581, -12.847700, -43.751100,2026-05-07 21:50:00,GOES-19,SERRA DOURADA,BAHIA,Brasil,2930303,29,33,17,0.61,0.98,Cerrado,66.4
5a363147-9e33-3089-bd2b-2a18fb3f3857,  -8.712100, -49.081600,2026-05-07 21:50:00,GOES-19,GOIANORTE,TOCANTINS,Brasil,1708304,17,33,7,0.0,0.68,Cerrado,52.2
35d73b17-8641-3785-9132-8ac191c573ef,  -9.301200, -48.570800,2026-05-07 21:50:00,GOES-19,RIO DOS BOIS,TOCANTINS,Brasil,1718709,17,33,9,0.0,0.54,Cerrado,50.3
c2d8b2aa-e31d-3420-a82f-69310b97a10f,  -5.775200, -45.128000,2026-05-07 21:50:00,GOES-19,BARRA DO CORDA,MARANHÃO,Brasil,2101608,21,33,3,0.0,0.36,Cerrado,83.5
09958020-f9a2-3366-8599-ff4037a6ecb9,  -8.693300, -49.083300,2026-05-07 21:50:00,GOES-19,GOIANORTE,TOCANTINS,Brasil,1708304,17,33,7,0.0,0.17,Cerrado,79.1
1e68ba89-ac2c-37a3-87ca-a02470cdfe01,  -8.693100, -49.104900,2026-05-07 21:50:00,GOES-19,GOIANORTE,TOCANTINS,Brasil,1708304,17,33,7,0.0,0.78,Cerrado,52.4
282eb226-c160-3335-b4a5-9bb63d9b088f,  -9.563500, -44.579900,2026-05-07 21:50:00,GOES-19,REDENÇÃO DO GURGUÉIA,PIAUÍ,Brasil,2208700,22,33,16,0.0,0.73,Cerrado,64.4
b196cfcc-7397-325a-afe8-2ad420656588, -11.807000, -47.085800,2026-05-07 21:50:00,GOES-19,DIANÓPOLIS,TOCANTINS,Brasil,1707009,17,33,10,0.0,0.36,Cerrado,66.4
022a20f2-e375-3a50-8428-b2d5140cc148,  -9.563500, -44.579900,2026-05-07 22:00:00,GOES-19,REDENÇÃO DO GURGUÉIA,PIAUÍ,Brasil,2208700,22,33,16,0.0,0.73,Cerrado,65.0
507291ca-3c86-3ad1-8ed1-deba44ded381,  -8.693100, -49.104900,2026-05-07 22:00:00,GOES-19,GOIANORTE,TOCANTINS,Brasil,1708304,17,33,7,0.0,0.78,Cerrado,54.8
19e73ed6-e0b4-3abc-aea9-b7cd32e80421, -10.053400, -51.678600,2026-05-07 22:00:00,GOES-19,VILA RICA,MATO GROSSO,Brasil,5108600,51,33,7,0.0,0.21,Amazônia,72.8
f72a3a27-5c59-3c5a-9394-0822d9d0312e,  -5.775200, -45.128000,2026-05-07 22:00:00,GOES-19,BARRA DO CORDA,MARANHÃO,Brasil,2101608,21,33,3,0.0,0.36,Cerrado,96.4
6d53385b-5e00-3ce6-851b-f1391ff6858d, -11.807000, -47.085800,2026-05-07 22:00:00,GOES-19,DIANÓPOLIS,TOCANTINS,Brasil,1707009,17,33,10,0.0,0.36,Cerrado,54.8
0e810e1b-eb0b-3f62-9034-f4f8fc5a4604,  -9.300900, -48.592500,2026-05-07 22:00:00,GOES-19,MIRANORTE,TOCANTINS,Brasil,1713304,17,33,9,0.0,0.46,Cerrado,70.1
275dc743-ecfd-3f41-8e7c-a4fb32b67f77,  -8.693300, -49.083300,2026-05-07 22:00:00,GOES-19,GOIANORTE,TOCANTINS,Brasil,1708304,17,33,7,0.0,0.17,Cerrado,76.7
4ce7b64d-258a-35aa-8859-6b000b74b6fc, -10.034800, -51.659400,2026-05-07 22:00:00,GOES-19,VILA RICA,MATO GROSSO,Brasil,5108600,51,33,8,0.0,0.12,Amazônia,119.7
a625303f-6bd2-3996-8a41-705c929fac60, -10.034600, -51.680400,2026-05-07 22:00:00,GOES-19,VILA RICA,MATO GROSSO,Brasil,5108600,51,33,8,0.0,0.88,Amazônia,70.7
4d023084-62a1-3e2d-8bd4-977a80271eb4,  -9.301200, -48.570800,2026-05-07 22:00:00,GOES-19,RIO DOS BOIS,TOCANTINS,Brasil,1718709,17,33,9,0.0,0.54,Cerrado,52.9
4e6b8f0a-3495-3d24-b55e-8257268a6546, -10.053700, -51.657600,2026-05-07 22:00:00,GOES-19,VILA RICA,MATO GROSSO,Brasil,5108600,51,33,8,0.0,0.09,Amazônia,107.9
ff0daccc-e937-3b6c-b978-0a5a6119930c, -10.034800, -51.659400,2026-05-07 22:10:00,GOES-19,VILA RICA,MATO GROSSO,Brasil,5108600,51,33,8,0.0,0.12,Amazônia,195.2
c9412795-cb15-3a03-a800-03ea49c79c6a,  -5.775200, -45.128000,2026-05-07 22:10:00,GOES-19,BARRA DO CORDA,MARANHÃO,Brasil,2101608,21,33,3,0.0,0.36,Cerrado,85.7
2dedd583-d5bb-3419-a6dc-07b85fecf570, -10.034600, -51.680400,2026-05-07 22:10:00,GOES-19,VILA RICA,MATO GROSSO,Brasil,5108600,51,33,8,0.0,0.88,Amazônia,138.0
65da96ad-8aa1-33b2-87f8-20513ecba3ff, -10.053700, -51.657600,2026-05-07 22:10:00,GOES-19,VILA RICA,MATO GROSSO,Brasil,5108600,51,33,8,0.0,0.09,Amazônia,175.7
ca751881-80b4-3ca3-a14b-5f6c738cf398,  -5.793900, -45.126700,2026-05-07 22:10:00,GOES-19,BARRA DO CORDA,MARANHÃO,Brasil,2101608,21,33,3,0.0,0.34,Cerrado,88.6
e1028ce0-f225-3cbc-94ae-1a1ebbf1c860,  -8.693300, -49.083300,2026-05-07 22:10:00,GOES-19,GOIANORTE,TOCANTINS,Brasil,1708304,17,33,7,0.0,0.17,Cerrado,73.1
dbbaa336-84e9-3aa1-94b1-6e363fd17bfd,  -9.300900, -48.592500,2026-05-07 22:10:00,GOES-19,MIRANORTE,TOCANTINS,Brasil,1713304,17,33,9,0.0,0.46,Cerrado,63.0
1b079b2c-d49f-3f24-844a-4fadafa13c90,  -8.693100, -49.104900,2026-05-07 22:10:00,GOES-19,GOIANORTE,TOCANTINS,Brasil,1708304,17,33,7,0.0,0.78,Cerrado,55.4
a7dab1dd-1fee-3ba5-852e-51dd0e8f5e8b,  -8.712100, -49.081600,2026-05-07 22:10:00,GOES-19,GOIANORTE,TOCANTINS,Brasil,1708304,17,33,7,0.0,0.68,Cerrado,49.4
6bdaff73-261d-3283-ad5d-ba001604c1cc, -10.053400, -51.678600,2026-05-07 22:10:00,GOES-19,VILA RICA,MATO GROSSO,Brasil,5108600,51,33,7,0.0,0.21,Amazônia,129.0
ece40fd6-48a9-3bb1-9193-365610c3d8d3, -10.034600, -51.680400,2026-05-07 22:20:00,GOES-19,VILA RICA,MATO GROSSO,Brasil,5108600,51,33,8,0.0,0.88,Amazônia,70.8
3716cadd-ec4b-3b6b-a0c2-088d7e4d06ae, -10.034800, -51.659400,2026-05-07 22:20:00,GOES-19,VILA RICA,MATO GROSSO,Brasil,5108600,51,33,8,0.0,0.12,Amazônia,124.9
bcaf29a1-3ffa-3f77-9a01-da294a022eed, -10.053400, -51.678600,2026-05-07 22:20:00,GOES-19,VILA RICA,MATO GROSSO,Brasil,5108600,51,33,7,0.0,0.21,Amazônia,56.3
d4317c05-2ecb-3d63-a995-9f26ea1088fe, -16.146100, -58.486200,2026-05-07 22:20:00,GOES-19,CÁCERES,MATO GROSSO,Brasil,5102504,51,33,8,0.0,0.17,Pantanal,81.1
a7de59f6-bb3e-3167-9050-13748889555b,  -8.693100, -49.104900,2026-05-07 22:20:00,GOES-19,GOIANORTE,TOCANTINS,Brasil,1708304,17,33,7,0.0,0.78,Cerrado,51.0
503148bf-9b20-3ef3-a7a2-0e98eaef972a, -16.165500, -58.484200,2026-05-07 22:20:00,GOES-19,CÁCERES,MATO GROSSO,Brasil,5102504,51,33,8,0.0,0.13,Pantanal,112.5
87ad3057-9cb8-31e7-8ca1-4c32f8266cc2,  -5.775200, -45.128000,2026-05-07 22:20:00,GOES-19,BARRA DO CORDA,MARANHÃO,Brasil,2101608,21,33,3,0.0,0.36,Cerrado,87.0
2d7849a7-65fc-360d-8ed4-86d664813cfa,  -9.300900, -48.592500,2026-05-07 22:20:00,GOES-19,MIRANORTE,TOCANTINS,Brasil,1713304,17,33,9,0.0,0.46,Cerrado,68.9
1e2d875c-3b6b-392b-94be-ba4b263d9f28, -10.053700, -51.657600,2026-05-07 22:20:00,GOES-19,VILA RICA,MATO GROSSO,Brasil,5108600,51,33,8,0.0,0.09,Amazônia,97.8
05c511ff-139e-3735-a85c-289b2f9e6c50,  -8.693300, -49.083300,2026-05-07 22:20:00,GOES-19,GOIANORTE,TOCANTINS,Brasil,1708304,17,33,7,0.0,0.17,Cerrado,75.6
ae170d76-b996-3484-aa4f-9257c116b721, -10.053700, -51.657600,2026-05-07 22:30:00,GOES-19,VILA RICA,MATO GROSSO,Brasil,5108600,51,33,8,0.0,0.09,Amazônia,68.9
97a7b200-e983-3fbc-92c2-feea0c50633c, -16.146100, -58.486200,2026-05-07 22:30:00,GOES-19,CÁCERES,MATO GROSSO,Brasil,5102504,51,33,8,0.0,0.17,Pantanal,80.5
122a1cec-bcdd-3129-94dd-1fa0f0e6aecd,  -9.300900, -48.592500,2026-05-07 22:30:00,GOES-19,MIRANORTE,TOCANTINS,Brasil,1713304,17,33,9,0.0,0.46,Cerrado,65.4
5e7d9ee9-47fb-36bd-9c5f-ef8045265ab8,  -8.693300, -49.083300,2026-05-07 22:30:00,GOES-19,GOIANORTE,TOCANTINS,Brasil,1708304,17,33,7,0.0,0.17,Cerrado,70.3
f672b84c-c556-326d-a9b0-be89d0eeddaa, -16.165500, -58.484200,2026-05-07 22:30:00,GOES-19,CÁCERES,MATO GROSSO,Brasil,5102504,51,33,8,0.0,0.13,Pantanal,105.1
f09d67a8-e076-36a3-8752-371b3545beb1, -10.034800, -51.659400,2026-05-07 22:30:00,GOES-19,VILA RICA,MATO GROSSO,Brasil,5108600,51,33,8,0.0,0.12,Amazônia,87.5
cda9cc05-186d-3b1f-9880-c12b3a8330c4, -16.146100, -58.486200,2026-05-07 22:40:00,GOES-19,CÁCERES,MATO GROSSO,Brasil,5102504,51,33,8,0.0,0.17,Pantanal,73.3
4435f331-1a1d-3850-8f0c-1aa72164fb26, -16.165500, -58.484200,2026-05-07 22:40:00,GOES-19,CÁCERES,MATO GROSSO,Brasil,5102504,51,33,8,0.0,0.13,Pantanal,100.6
f8ae7a7a-c077-369d-bde9-d6e14d92fcf9, -10.034800, -51.659400,2026-05-07 22:40:00,GOES-19,VILA RICA,MATO GROSSO,Brasil,5108600,51,33,8,0.0,0.12,Amazônia,51.3
ce247dee-7132-3dec-83ea-6cfd5e4a5074,  -8.693300, -49.083300,2026-05-07 22:40:00,GOES-19,GOIANORTE,TOCANTINS,Brasil,1708304,17,33,7,0.0,0.17,Cerrado,68.3
94c67775-c91b-3f8f-a6f5-84e4db6b1ab3,  -8.693100, -49.104900,2026-05-07 22:40:00,GOES-19,GOIANORTE,TOCANTINS,Brasil,1708304,17,33,7,0.0,0.78,Cerrado,51.2
7d89b03f-b1c5-34b4-b0bd-79914b715b32,  -9.300900, -48.592500,2026-05-07 22:40:00,GOES-19,MIRANORTE,TOCANTINS,Brasil,1713304,17,33,9,0.0,0.46,Cerrado,63.1
d073be79-9dd2-3521-83d0-183e64cdfa31,  -5.775200, -45.128000,2026-05-07 22:40:00,GOES-19,BARRA DO CORDA,MARANHÃO,Brasil,2101608,21,33,3,0.0,0.36,Cerrado,83.8
25d7ae22-000f-3da2-b3d9-a7780d578171, -16.165500, -58.484200,2026-05-07 22:50:00,GOES-19,CÁCERES,MATO GROSSO,Brasil,5102504,51,33,8,0.0,0.13,Pantanal,88.5
2ba33f5c-67f0-3bc0-852a-adbbabd0dd66,  -8.693300, -49.083300,2026-05-07 22:50:00,GOES-19,GOIANORTE,TOCANTINS,Brasil,1708304,17,33,7,0.0,0.17,Cerrado,65.4
b4417256-a94f-352c-8c8e-694d23c5f8d4,  -9.300900, -48.592500,2026-05-07 22:50:00,GOES-19,MIRANORTE,TOCANTINS,Brasil,1713304,17,33,9,0.0,0.46,Cerrado,66.8
e9f5bed3-98b1-3255-b25e-344bb7502e70,  -8.693300, -49.083300,2026-05-07 23:00:00,GOES-19,GOIANORTE,TOCANTINS,Brasil,1708304,17,33,7,0.0,0.17,Cerrado,56.9
a8a4c4cc-792a-329d-bda8-7e4cf5084ffb,  -9.300900, -48.592500,2026-05-07 23:00:00,GOES-19,MIRANORTE,TOCANTINS,Brasil,1713304,17,33,9,0.0,0.46,Cerrado,53.6
152d65ac-e2c0-3826-90f8-b88619bd7d83, -16.146100, -58.486200,2026-05-07 23:00:00,GOES-19,CÁCERES,MATO GROSSO,Brasil,5102504,51,33,8,0.0,0.17,Pantanal,74.2
7dedc4cb-867f-3eba-90ed-ce4ba9c4e8c8, -21.382100, -48.538200,2026-05-07 23:00:00,GOES-19,TAQUARITINGA,SÃO PAULO,Brasil,3553708,35,33,8,0.0,1.0,Cerrado,71.2
d0e54e2a-c8b5-3b03-9188-e11d3ff6db13, -16.165500, -58.484200,2026-05-07 23:00:00,GOES-19,CÁCERES,MATO GROSSO,Brasil,5102504,51,33,8,0.0,0.13,Pantanal,83.2
6ce808d2-ffd8-3895-8fd5-0a37b578ebf9,  -9.300900, -48.592500,2026-05-07 23:10:00,GOES-19,MIRANORTE,TOCANTINS,Brasil,1713304,17,33,9,0.0,0.46,Cerrado,47.0
9760d2c6-a560-3176-abb3-ef3848b4700c, -21.382100, -48.538200,2026-05-07 23:10:00,GOES-19,TAQUARITINGA,SÃO PAULO,Brasil,3553708,35,33,8,0.0,1.0,Cerrado,71.9
3d6acc41-d0a5-3ce8-9c32-8eb96f7022db,  -8.693300, -49.083300,2026-05-07 23:10:00,GOES-19,GOIANORTE,TOCANTINS,Brasil,1708304,17,33,7,0.0,0.17,Cerrado,53.0
d5d42206-ea83-306c-b093-6d7e1f628fd9, -16.165500, -58.484200,2026-05-07 23:10:00,GOES-19,CÁCERES,MATO GROSSO,Brasil,5102504,51,33,8,0.0,0.13,Pantanal,83.4
0718c1eb-9332-3ff9-8d60-d3d8c4840188,  -8.693300, -49.083300,2026-05-07 23:20:00,GOES-19,GOIANORTE,TOCANTINS,Brasil,1708304,17,33,7,0.0,0.17,Cerrado,51.9
55290a09-0c1a-3a73-b97e-8772a654d2bf, -16.165500, -58.484200,2026-05-07 23:20:00,GOES-19,CÁCERES,MATO GROSSO,Brasil,5102504,51,33,8,0.0,0.13,Pantanal,82.0
d6ef665f-35c5-3688-a79a-fbcf370aae4b, -21.382100, -48.538200,2026-05-07 23:20:00,GOES-19,TAQUARITINGA,SÃO PAULO,Brasil,3553708,35,33,8,0.0,1.0,Cerrado,51.1
8b25d9af-1818-3db2-87e9-2e81f25b2292,  -9.300900, -48.592500,2026-05-07 23:20:00,GOES-19,MIRANORTE,TOCANTINS,Brasil,1713304,17,33,9,0.0,0.46,Cerrado,52.2
70e72c9e-538f-3cba-9164-ddd5283ff5f7,  -9.300900, -48.592500,2026-05-07 23:30:00,GOES-19,MIRANORTE,TOCANTINS,Brasil,1713304,17,33,9,0.0,0.46,Cerrado,49.7
a7e415c0-606f-37e6-8792-14b285e4277f, -16.165500, -58.484200,2026-05-07 23:30:00,GOES-19,CÁCERES,MATO GROSSO,Brasil,5102504,51,33,8,0.0,0.13,Pantanal,74.3
584fa6a5-dc8d-3caf-a449-76b4d8e6b7e5, -16.434900, -52.796300,2026-05-07 23:30:00,GOES-19,TORIXORÉU,MATO GROSSO,Brasil,5108204,51,33,10,0.0,0.76,Cerrado,48.6
25f13df7-572f-3c75-afbf-5a13f5ca7162, -21.382100, -48.538200,2026-05-07 23:30:00,GOES-19,TAQUARITINGA,SÃO PAULO,Brasil,3553708,35,33,8,0.0,1.0,Cerrado,45.9
25c30fd3-a3b2-35a6-890b-89af76a89e74, -16.434900, -52.796300,2026-05-07 23:40:00,GOES-19,TORIXORÉU,MATO GROSSO,Brasil,5108204,51,33,10,0.0,0.76,Cerrado,44.0
2bbc89a9-a57a-3b87-873d-203651af5ae4,  -8.693300, -49.083300,2026-05-07 23:40:00,GOES-19,GOIANORTE,TOCANTINS,Brasil,1708304,17,33,7,0.0,0.17,Cerrado,50.6
950b4b2c-e06a-336b-a8cb-edae8d36118a,  -9.299800, -48.563702,2026-05-07 23:45:00,METOP-B,RIO DOS BOIS,TOCANTINS,Brasil,1718709,17,33,9,0.0,0.86,Cerrado,
15d6e218-2791-3210-9294-d8d01ba7c297, -10.663400, -49.676102,2026-05-07 23:45:00,METOP-B,LAGOA DA CONFUSÃO,TOCANTINS,Brasil,1711902,17,33,7,0.0,0.26,Cerrado,
0e8403fe-a890-3434-9b7c-d58196ed94f0,  -8.690400, -49.060001,2026-05-07 23:45:00,METOP-B,GOIANORTE,TOCANTINS,Brasil,1708304,17,33,7,0.0,0.47,Cerrado,
f307fd4a-8297-3fc6-8187-33df8967a767, -20.611000, -43.107800,2026-05-07 23:45:00,METOP-B,PORTO FIRME,MINAS GERAIS,Brasil,3152303,31,33,18,0.0,0.91,Mata Atlântica,
db8bca7e-6739-36f3-a237-304fe86e4f3a, -13.636700, -44.279800,2026-05-07 23:45:00,METOP-B,CORIBE,BAHIA,Brasil,2909109,29,33,16,0.0,0.99,Cerrado,
3f50f1fa-f033-3234-89d3-e653e978fb45,  -9.403500, -50.659901,2026-05-07 23:45:00,METOP-B,SANTANA DO ARAGUAIA,PARÁ,Brasil,1506708,15,33,6,0.0,0.13,Amazônia,
fb188a71-b5da-341a-bad0-014e0b42f126, -10.031500, -51.632900,2026-05-07 23:45:00,METOP-B,VILA RICA,MATO GROSSO,Brasil,5108600,51,33,8,0.0,0.91,Amazônia,
07be6bc5-5baf-3143-8b26-ef6619b1ff42,  -5.776300, -45.125900,2026-05-07 23:45:00,METOP-B,BARRA DO CORDA,MARANHÃO,Brasil,2101608,21,33,3,0.0,0.36,Cerrado,
1fae9121-e7e0-3d16-b793-a8a2ff5a5abf,  -5.784400, -45.116199,2026-05-07 23:45:00,METOP-B,BARRA DO CORDA,MARANHÃO,Brasil,2101608,21,33,3,0.0,0.34,Cerrado,
19126312-be78-39cf-94fb-03a74e6005c4, -12.859700, -43.754002,2026-05-07 23:45:00,METOP-B,SERRA DOURADA,BAHIA,Brasil,2930303,29,33,17,0.62,0.93,Cerrado,
c6e297a9-336e-3177-bd83-2c0180512e55, -11.132900, -45.126301,2026-05-07 23:45:00,METOP-B,FORMOSA DO RIO PRETO,BAHIA,Brasil,2911105,29,33,10,0.0,0.76,Cerrado,
17bb0011-7d64-3df6-91a3-4661886e1218, -11.813600, -47.320900,2026-05-07 23:45:00,METOP-B,ALMAS,TOCANTINS,Brasil,1700400,17,33,9,0.0,0.91,Cerrado,
2cb0bc27-4c71-34af-8eb2-9f2a497c34bf,  -5.774600, -45.118301,2026-05-07 23:45:00,METOP-B,BARRA DO CORDA,MARANHÃO,Brasil,2101608,21,33,3,0.0,0.33,Cerrado,
523ff978-bff1-31ce-bc7c-50ddd3d171bb, -12.858000, -43.746101,2026-05-07 23:45:00,METOP-B,SERRA DOURADA,BAHIA,Brasil,2930303,29,33,18,0.59,0.96,Cerrado,
edbcdd2e-13fc-34ad-94f0-c9e1b3f4ac12,  -6.314200, -44.630299,2026-05-07 23:45:00,METOP-B,MIRADOR,MARANHÃO,Brasil,2106706,21,33,4,0.0,0.32,Cerrado,
247febcc-79cf-3fb0-8e1a-b2c18afbaf54,  -9.292800, -48.578999,2026-05-07 23:45:00,METOP-B,RIO DOS BOIS,TOCANTINS,Brasil,1718709,17,33,9,0.0,0.85,Cerrado,
3fe360c8-2cf6-3482-80dc-ce902a066065,  -8.686600, -49.090199,2026-05-07 23:45:00,METOP-B,GOIANORTE,TOCANTINS,Brasil,1708304,17,33,7,0.0,0.19,Cerrado,
f0e309df-ebd8-37f0-afd6-d348dc48cddb,  -6.895300, -42.854500,2026-05-07 23:45:00,METOP-B,FLORIANO,PIAUÍ,Brasil,2203909,22,33,5,0.0,0.57,Caatinga,
0e36e8ba-a350-3256-8aab-5d41fd5b1f0a, -21.687700, -48.392101,2026-05-07 23:45:00,METOP-B,MATÃO,SÃO PAULO,Brasil,3529302,35,33,9,0.0,1.0,Cerrado,
adb6917e-5dd5-3aa6-99fd-8f0c1ae8767e, -20.856899, -43.693298,2026-05-07 23:45:00,METOP-B,CARANAÍBA,MINAS GERAIS,Brasil,3113107,31,33,20,0.0,0.26,Mata Atlântica,
0c61b571-6942-3d64-b006-84b1ca9f281f, -13.351200, -43.078400,2026-05-07 23:45:00,METOP-B,RIACHO DE SANTANA,BAHIA,Brasil,2926400,29,33,18,0.0,0.94,Caatinga,
f666899b-a7e3-3a53-8f29-4bc132b4efe2, -11.785000, -47.080799,2026-05-07 23:45:00,METOP-B,DIANÓPOLIS,TOCANTINS,Brasil,1707009,17,33,10,0.0,0.37,Cerrado,
99400afd-af44-3712-951c-aae186115fd4, -12.334800, -50.002800,2026-05-07 23:45:00,METOP-B,SANDOLÂNDIA,TOCANTINS,Brasil,1718840,17,33,8,0.0,0.45,Cerrado,
ff9c0c09-ada5-3f36-b3f1-485417704373, -13.789100, -44.078899,2026-05-07 23:45:00,METOP-B,CORIBE,BAHIA,Brasil,2909109,29,33,27,0.0,1.0,Cerrado,
1da3e13b-1d14-3983-a99f-08c1cee0fe3c, -12.400300, -46.750599,2026-05-07 23:45:00,METOP-B,TAGUATINGA,TOCANTINS,Brasil,1720903,17,33,10,0.0,0.72,Cerrado,
e8d8bbf8-60a2-3ed0-b1da-1322a6526907, -12.849900, -43.756100,2026-05-07 23:45:00,METOP-B,SERRA DOURADA,BAHIA,Brasil,2930303,29,33,17,0.66,0.93,Cerrado,
7da0b844-fca5-3db6-87ab-3f771f95cdf4,  -9.558800, -44.575001,2026-05-07 23:45:00,METOP-B,REDENÇÃO DO GURGUÉIA,PIAUÍ,Brasil,2208700,22,33,16,0.0,0.59,Cerrado,
65c85768-7890-3534-a40c-f76542d21b7d,  -9.290100, -48.565701,2026-05-07 23:45:00,METOP-B,RIO DOS BOIS,TOCANTINS,Brasil,1718709,17,33,9,0.0,1.0,Cerrado,
c3aa56e0-ad25-3bbc-98b7-7aa0dab3727e, -21.370701, -48.532398,2026-05-07 23:45:00,METOP-B,TAQUARITINGA,SÃO PAULO,Brasil,3553708,35,33,9,0.0,1.0,Cerrado,
a3f89bb3-f2ef-3db3-ade2-e3239a22cb14,  -8.680700, -49.062000,2026-05-07 23:45:00,METOP-B,GOIANORTE,TOCANTINS,Brasil,1708304,17,33,6,0.0,0.8,Cerrado,
2a48a80a-f9db-31ab-aa78-fe7ceb5bddac,  -8.780500, -44.819199,2026-05-07 23:45:00,METOP-B,CURRAIS,PIAUÍ,Brasil,2203230,22,33,13,0.0,0.79,Cerrado,
6ef5055e-2d30-377e-a91b-5a4c66c28f2b, -11.787400, -47.092400,2026-05-07 23:45:00,METOP-B,DIANÓPOLIS,TOCANTINS,Brasil,1707009,17,33,10,0.0,0.37,Cerrado,
ea0eec4c-cf94-3333-a806-b7fa7c8458e2, -10.035900, -51.655102,2026-05-07 23:45:00,METOP-B,VILA RICA,MATO GROSSO,Brasil,5108600,51,33,8,0.0,0.45,Amazônia,
1fef480b-b82a-3b87-a093-eb512777af89, -12.848200, -43.748199,2026-05-07 23:45:00,METOP-B,SERRA DOURADA,BAHIA,Brasil,2930303,29,33,17,0.6,0.98,Cerrado,
0c3814f7-6eba-311b-a7ec-442f0a916329, -11.117600, -45.102402,2026-05-07 23:45:00,METOP-B,FORMOSA DO RIO PRETO,BAHIA,Brasil,2911105,29,33,12,0.0,0.76,Cerrado,
3b5859de-5208-318b-844c-b7273d2e5c50, -11.134800, -45.135101,2026-05-07 23:45:00,METOP-B,FORMOSA DO RIO PRETO,BAHIA,Brasil,2911105,29,33,10,0.0,0.75,Cerrado,
de6f2a9d-c87a-3054-8c63-6dfe50ead6ec, -12.344500, -50.000900,2026-05-07 23:45:00,METOP-B,SANDOLÂNDIA,TOCANTINS,Brasil,1718840,17,33,8,0.0,0.46,Cerrado,
ec90ad9a-25c1-315a-ad73-3b25b5a66fe6,  -8.700200, -49.057999,2026-05-07 23:45:00,METOP-B,GOIANORTE,TOCANTINS,Brasil,1708304,17,33,7,0.0,0.56,Cerrado,
4249ac8e-7f00-389e-97b9-b5ffb294abeb,  -5.782700, -45.108601,2026-05-07 23:45:00,METOP-B,BARRA DO CORDA,MARANHÃO,Brasil,2101608,21,33,3,0.0,0.3,Cerrado,
73a1c86a-cabd-36b2-88c4-487d70015029,  -8.693300, -49.074100,2026-05-07 23:45:00,METOP-B,GOIANORTE,TOCANTINS,Brasil,1708304,17,33,7,0.0,0.23,Cerrado,
f7c6c9cc-371a-39ea-89f6-88eb9ac27aba, -21.423500, -47.043499,2026-05-07 23:45:00,METOP-B,MOCOCA,SÃO PAULO,Brasil,3530508,35,33,8,0.0,1.0,Cerrado,
41db26f3-85b4-3e69-abe8-343eaa8e7039,  -5.772900, -45.110699,2026-05-07 23:45:00,METOP-B,BARRA DO CORDA,MARANHÃO,Brasil,2101608,21,33,3,0.0,0.17,Cerrado,
ca5ef69c-9fbc-33e9-b611-75a1d9a69906,  -8.784000, -44.835098,2026-05-07 23:45:00,METOP-B,CURRAIS,PIAUÍ,Brasil,2203230,22,33,13,0.0,0.77,Cerrado,
41087bb7-146d-3891-a205-0a5d60876eb3, -10.041200, -51.631001,2026-05-07 23:45:00,METOP-B,VILA RICA,MATO GROSSO,Brasil,5108600,51,33,8,0.0,0.43,Amazônia,
f51a7c5a-7d15-3117-8003-7fbd4ac3ca54, -13.787400, -44.070499,2026-05-07 23:45:00,METOP-B,CORIBE,BAHIA,Brasil,2909109,29,33,27,0.0,1.0,Cerrado,
7a78d8eb-1185-3d76-b412-5c39eacea1dc, -21.697399, -48.390301,2026-05-07 23:45:00,METOP-B,MATÃO,SÃO PAULO,Brasil,3529302,35,33,9,0.0,0.85,Cerrado,
dd6fab49-c86b-3112-8a70-ce8f6ac207ed,  -9.557100, -44.567101,2026-05-07 23:45:00,METOP-B,REDENÇÃO DO GURGUÉIA,PIAUÍ,Brasil,2208700,22,33,16,0.0,0.61,Cerrado,
8d9541c4-1c1f-32e6-82e0-4b85e52ede6f, -11.794800, -47.078701,2026-05-07 23:45:00,METOP-B,DIANÓPOLIS,TOCANTINS,Brasil,1707009,17,33,10,0.0,0.36,Cerrado,
89b2e73e-d6c0-324c-ba17-630e576f48f3,  -8.683600, -49.076099,2026-05-07 23:45:00,METOP-B,GOIANORTE,TOCANTINS,Brasil,1708304,17,33,7,0.0,0.46,Cerrado,
29f6a0c3-a3a9-3122-9fe7-5de2bc2f6d53, -12.145800, -46.652401,2026-05-07 23:45:00,METOP-B,PONTE ALTA DO BOM JESUS,TOCANTINS,Brasil,1717800,17,33,9,0.0,0.52,Cerrado,
858f225a-059e-3957-bd6a-95623f89a4df, -10.926100, -49.419102,2026-05-07 23:45:00,METOP-B,SANTA RITA DO TOCANTINS,TOCANTINS,Brasil,1718899,17,33,3,0.0,0.29,Cerrado,
0be5fdad-2612-3d9d-b502-47c526b6ae4c, -11.797200, -47.090302,2026-05-07 23:45:00,METOP-B,DIANÓPOLIS,TOCANTINS,Brasil,1707009,17,33,10,0.0,0.37,Cerrado,
efe3dc32-8bf0-36dd-8c9e-6f95c6d5bf26,  -9.007600, -41.988400,2026-05-07 23:45:00,METOP-B,DOM INOCÊNCIO,PIAUÍ,Brasil,2203453,22,33,4,0.0,0.93,Caatinga,
d9fa211c-c261-365d-97e9-48bfa42eabce,  -8.782200, -44.827202,2026-05-07 23:45:00,METOP-B,CURRAIS,PIAUÍ,Brasil,2203230,22,33,13,0.0,0.78,Cerrado,
56ca1f5d-cdcb-3ad8-afe9-9ec6af10a51e, -20.609200, -43.098598,2026-05-07 23:45:00,METOP-B,PORTO FIRME,MINAS GERAIS,Brasil,3152303,31,33,18,0.0,0.62,Mata Atlântica,
18fd5e16-7539-35f5-a097-ed39240c3d87, -11.816000, -47.332901,2026-05-07 23:45:00,METOP-B,ALMAS,TOCANTINS,Brasil,1700400,17,33,9,0.0,0.8,Cerrado,
66570554-b9c1-3cb7-83e6-68c4a6242b53,  -9.302600, -48.577000,2026-05-07 23:45:00,METOP-B,RIO DOS BOIS,TOCANTINS,Brasil,1718709,17,33,9,0.0,0.44,Cerrado,
c40141c5-64fd-3468-8a47-f2bb0ef1dfbc, -11.119400, -45.111099,2026-05-07 23:45:00,METOP-B,FORMOSA DO RIO PRETO,BAHIA,Brasil,2911105,29,33,12,0.0,0.75,Cerrado,
dc10167a-9cdd-371d-afff-bb7ceb27ce18,  -9.555400, -44.559200,2026-05-07 23:45:00,METOP-B,REDENÇÃO DO GURGUÉIA,PIAUÍ,Brasil,2208700,22,33,16,0.0,0.78,Cerrado,
124d0d0c-6006-334c-b73f-3749c6568343,  -8.703100, -49.072102,2026-05-07 23:45:00,METOP-B,GOIANORTE,TOCANTINS,Brasil,1708304,17,33,7,0.0,0.69,Cerrado,
89e89fcc-41da-35a9-8f59-baa4e8fc7eaa, -10.403800, -44.926498,2026-05-07 23:45:00,METOP-B,CORRENTE,PIAUÍ,Brasil,2202901,22,33,16,0.0,0.64,Cerrado,
