id,lat,lon,data_hora_gmt,satelite,municipio,estado,pais,municipio_id,estado_id,pais_id,numero_dias_sem_chuva,precipitacao,risco_fogo,bioma,frp
2d2a252d-ff78-3e71-8516-ae3fe24a1c33, -12.503100, -58.497900,2026-05-06 00:00:00,GOES-19,SAPEZAL,MATO GROSSO,Brasil,5107875,51,33,8,0.0,0.13,Cerrado,63.2
93ee09b3-1429-3a0d-ad40-e429fccc5967, -12.503300, -58.478100,2026-05-06 00:00:00,GOES-19,SAPEZAL,MATO GROSSO,Brasil,5107875,51,33,8,0.0,0.12,Cerrado,180.7
e60ba2f3-05f0-3ee4-80f9-410d086d86e6, -12.522200, -58.476500,2026-05-06 00:00:00,GOES-19,SAPEZAL,MATO GROSSO,Brasil,5107875,51,33,8,0.0,0.13,Cerrado,50.1
fbb1d9a4-f9cd-342d-afef-da6d392d37df, -12.484300, -58.479500,2026-05-06 00:00:00,GOES-19,SAPEZAL,MATO GROSSO,Brasil,5107875,51,33,8,0.0,-999.0,Cerrado,77.0
fa1bc5ee-31f6-3bfc-bc5f-6309486d8410, -12.503500, -58.458200,2026-05-06 00:00:00,GOES-19,SAPEZAL,MATO GROSSO,Brasil,5107875,51,33,8,0.0,0.12,Cerrado,63.2
4a976aed-af41-371d-95f7-a877b1387cfa, -12.522200, -58.476500,2026-05-06 00:10:00,GOES-19,SAPEZAL,MATO GROSSO,Brasil,5107875,51,33,8,0.0,0.13,Cerrado,60.0
97b8120e-a3f0-30c3-b69b-41ee90189b40, -12.484300, -58.479500,2026-05-06 00:10:00,GOES-19,SAPEZAL,MATO GROSSO,Brasil,5107875,51,33,8,0.0,-999.0,Cerrado,63.9
09d4db08-7182-3abf-a3ec-b00b9970ed13, -12.503100, -58.497900,2026-05-06 00:10:00,GOES-19,SAPEZAL,MATO GROSSO,Brasil,5107875,51,33,8,0.0,0.13,Cerrado,65.7
13a4fedf-b850-3964-b138-86a41f754ef1, -12.503500, -58.458200,2026-05-06 00:10:00,GOES-19,SAPEZAL,MATO GROSSO,Brasil,5107875,51,33,8,0.0,0.12,Cerrado,56.7
c0614ff1-b953-3ba7-84f7-1e81f82d7457, -12.503300, -58.478100,2026-05-06 00:10:00,GOES-19,SAPEZAL,MATO GROSSO,Brasil,5107875,51,33,8,0.0,0.12,Cerrado,175.4
cdc77854-c584-3fd1-a7ff-a54aa7f895a6, -12.503100, -58.497900,2026-05-06 00:20:00,GOES-19,SAPEZAL,MATO GROSSO,Brasil,5107875,51,33,8,0.0,0.13,Cerrado,52.1
c72b5b16-5adb-3f54-a815-e447cda124b8, -12.503500, -58.458200,2026-05-06 00:20:00,GOES-19,SAPEZAL,MATO GROSSO,Brasil,5107875,51,33,8,0.0,0.12,Cerrado,56.5
a4269cf9-6df5-392d-865d-4b2fbf3d4c44, -12.522200, -58.476500,2026-05-06 00:20:00,GOES-19,SAPEZAL,MATO GROSSO,Brasil,5107875,51,33,8,0.0,0.13,Cerrado,49.5
efae2e9c-4b70-374a-9b11-e85a0400f526, -12.484300, -58.479500,2026-05-06 00:20:00,GOES-19,SAPEZAL,MATO GROSSO,Brasil,5107875,51,33,8,0.0,-999.0,Cerrado,69.1
5ab80525-8ee2-3a2c-a352-6324811f7b0f, -12.503300, -58.478100,2026-05-06 00:20:00,GOES-19,SAPEZAL,MATO GROSSO,Brasil,5107875,51,33,8,0.0,0.12,Cerrado,153.0
4860c21d-4320-384b-9e1a-06a34da5c7b2, -16.416201, -54.902500,2026-05-06 00:25:00,METOP-B,RONDONÓPOLIS,MATO GROSSO,Brasil,5107602,51,33,7,0.0,0.93,Cerrado,
2152b4ab-c97d-3b4b-8056-31b51c921770, -12.327800, -44.570400,2026-05-06 00:25:00,METOP-B,BAIANÓPOLIS,BAHIA,Brasil,2902500,29,33,18,0.0,0.65,Cerrado,
5471d49d-1187-39d0-b9e0-b153ad643d94, -12.464600, -54.441898,2026-05-06 00:25:00,METOP-B,NOVA UBIRATÃ,MATO GROSSO,Brasil,5106240,51,33,6,0.0,0.1,Amazônia,
775cd757-5585-3da1-b899-f6a4a722d7fd, -12.343600, -49.993801,2026-05-06 00:25:00,METOP-B,SANDOLÂNDIA,TOCANTINS,Brasil,1718840,17,33,7,0.0,0.45,Cerrado,
5751ff56-af2f-3ee5-966d-e1b1d6632b27, -13.991400, -56.631699,2026-05-06 00:25:00,METOP-B,DIAMANTINO,MATO GROSSO,Brasil,5103502,51,33,6,0.0,0.27,Cerrado,
6de3f2d0-db31-31c4-a74b-860b2b68d273, -12.494600, -58.452099,2026-05-06 00:25:00,METOP-B,SAPEZAL,MATO GROSSO,Brasil,5107875,51,33,8,0.0,0.12,Cerrado,
6083427c-e284-362f-b7ce-6d9e06c24124, -12.497300, -58.465801,2026-05-06 00:25:00,METOP-B,SAPEZAL,MATO GROSSO,Brasil,5107875,51,33,8,0.0,0.12,Cerrado,
b3994de2-f8cb-3c11-8f78-8550ce0e9fe9, -12.507100, -58.463902,2026-05-06 00:25:00,METOP-B,SAPEZAL,MATO GROSSO,Brasil,5107875,51,33,8,0.0,0.12,Cerrado,
aa139601-d8c5-3a51-8e4f-20c4c0dc441e, -15.631900, -47.887402,2026-05-06 00:25:00,METOP-B,BRASÍLIA,DISTRITO FEDERAL,Brasil,5300108,53,33,20,0.0,0.79,Cerrado,
103d9589-8907-3d1a-95cb-f0fc8430bbaf, -10.930400, -49.416901,2026-05-06 00:25:00,METOP-B,SANTA RITA DO TOCANTINS,TOCANTINS,Brasil,1718899,17,33,2,0.0,0.25,Cerrado,
b5942e42-1d97-3304-a74c-f2c17d923083, -14.066100, -47.778500,2026-05-06 00:25:00,METOP-B,CAVALCANTE,GOIÁS,Brasil,5205307,52,33,8,0.0,0.47,Cerrado,
45897f4c-97d6-36ad-81f1-8aa6e45dd595, -22.611500, -49.554001,2026-05-06 00:25:00,METOP-B,SANTA CRUZ DO RIO PARDO,SÃO PAULO,Brasil,3546405,35,33,3,0.0,1.0,Cerrado,
3a9a0e96-8223-3639-95d5-cec1d802741f, -17.800301, -46.700298,2026-05-06 00:25:00,METOP-B,VAZANTE,MINAS GERAIS,Brasil,3171006,31,33,26,0.0,1.0,Cerrado,
1fed0f59-74a8-335a-95be-1a33aa55d788, -12.270400, -43.493198,2026-05-06 00:25:00,METOP-B,MUQUÉM DO SÃO FRANCISCO,BAHIA,Brasil,2922250,29,33,16,4.11,0.46,Cerrado,
0e420523-6911-36fd-93ea-b5b55717edc1, -18.080799, -46.360802,2026-05-06 00:25:00,METOP-B,PRESIDENTE OLEGÁRIO,MINAS GERAIS,Brasil,3153400,31,33,18,0.0,0.57,Cerrado,
d4a745af-8f0c-3c2a-ba2d-d59e904136d3, -18.782499, -51.931801,2026-05-06 00:25:00,METOP-B,APORÉ,GOIÁS,Brasil,5201504,52,33,7,0.0,1.0,Cerrado,
759a34d8-f740-3409-a0f9-b9b948005911, -11.435200, -55.093800,2026-05-06 00:25:00,METOP-B,CLÁUDIA,MATO GROSSO,Brasil,5103056,51,33,7,0.0,0.11,Amazônia,
5e7085b0-9f44-3d32-8c46-6bc8472b050a, -18.431999, -54.684399,2026-05-06 00:25:00,METOP-B,COXIM,MATO GROSSO DO SUL,Brasil,5003306,50,33,9,0.0,1.0,Cerrado,
8f7dd461-be80-375b-9ce6-f76564bd6209, -13.703700, -55.667999,2026-05-06 00:25:00,METOP-B,NOVA MUTUM,MATO GROSSO,Brasil,5106224,51,33,7,0.0,0.11,Cerrado,
d76277a4-f949-3f5c-8a6f-756d11cf62f8, -20.211399, -50.633801,2026-05-06 00:25:00,METOP-B,URÂNIA,SÃO PAULO,Brasil,3555802,35,33,8,0.0,1.0,Mata Atlântica,
1f69f3fe-005e-335a-8fe4-bd1bcd219612, -10.535800, -47.017101,2026-05-06 00:25:00,METOP-B,PONTE ALTA DO TOCANTINS,TOCANTINS,Brasil,1717909,17,33,8,0.0,0.43,Cerrado,
34f40de2-a49e-326b-9862-d676daf4b7ff, -12.462900, -54.433899,2026-05-06 00:25:00,METOP-B,NOVA UBIRATÃ,MATO GROSSO,Brasil,5106240,51,33,6,0.0,0.16,Amazônia,
b11e0931-6bf1-3f67-bdf1-6ebc495155d1, -19.949301, -54.371799,2026-05-06 00:25:00,METOP-B,BANDEIRANTES,MATO GROSSO DO SUL,Brasil,5001508,50,33,3,0.0,0.57,Cerrado,
2251010a-ef84-3a8a-a704-03c43e34cadf, -21.973600, -57.571301,2026-05-06 00:25:00,METOP-B,PORTO MURTINHO,MATO GROSSO DO SUL,Brasil,5006903,50,33,3,0.0,0.08,Cerrado,
670c1c4e-eeed-38e1-bf21-3c91e4f5dac8, -21.983299, -57.569500,2026-05-06 00:25:00,METOP-B,PORTO MURTINHO,MATO GROSSO DO SUL,Brasil,5006903,50,33,3,0.0,0.07,Cerrado,
3e597a68-b551-386c-b229-80e879aec159,  -8.620400, -49.511398,2026-05-06 00:25:00,METOP-B,CONCEIÇÃO DO ARAGUAIA,PARÁ,Brasil,1502707,15,33,4,0.0,0.63,Amazônia,
1cb283c8-2dae-3a60-acf3-10456c60918d, -12.331400, -44.584900,2026-05-06 00:25:00,METOP-B,BAIANÓPOLIS,BAHIA,Brasil,2902500,29,33,18,0.0,0.69,Cerrado,
167e4874-74c7-306c-b110-e4322fff0d73, -21.195999, -49.197102,2026-05-06 00:25:00,METOP-B,URUPÊS,SÃO PAULO,Brasil,3556008,35,33,8,0.0,1.0,Mata Atlântica,
9a651836-29d0-3974-a0cc-cb9339d21fe2, -12.504400, -58.450199,2026-05-06 00:25:00,METOP-B,SAPEZAL,MATO GROSSO,Brasil,5107875,51,33,8,0.0,0.12,Cerrado,
46d6aa5c-b992-3545-a6c2-0cebebaf2c72, -15.633900, -47.895802,2026-05-06 00:25:00,METOP-B,BRASÍLIA,DISTRITO FEDERAL,Brasil,5300108,53,33,20,0.0,0.81,Cerrado,
c71efb05-7d83-3682-8a46-c0b0129565be, -16.424101, -54.890999,2026-05-06 00:25:00,METOP-B,RONDONÓPOLIS,MATO GROSSO,Brasil,5107602,51,33,7,0.0,0.5,Cerrado,
e6d7756c-2602-3087-a1f9-2ba4b0440d3d, -18.012600, -49.387501,2026-05-06 00:25:00,METOP-B,GOIATUBA,GOIÁS,Brasil,5209101,52,33,14,0.0,1.0,Cerrado,
57c3397d-b417-3514-9f50-ee1f36c2d549, -13.182800, -52.679199,2026-05-06 00:25:00,METOP-B,CANARANA,MATO GROSSO,Brasil,5102702,51,33,7,0.0,0.2,Amazônia,
99047e43-7e3a-3052-b170-1c8d9bc3e799, -19.947300, -54.361801,2026-05-06 00:25:00,METOP-B,BANDEIRANTES,MATO GROSSO DO SUL,Brasil,5001508,50,33,3,0.0,0.46,Cerrado,
d4ec5d67-5f47-3930-a717-0221460222c2, -11.433400, -55.085499,2026-05-06 00:25:00,METOP-B,CLÁUDIA,MATO GROSSO,Brasil,5103056,51,33,7,0.0,0.11,Amazônia,
3e31288f-2db0-3920-8f9d-bf8425c08f9d, -11.443200, -55.083302,2026-05-06 00:25:00,METOP-B,CLÁUDIA,MATO GROSSO,Brasil,5103056,51,33,7,0.0,0.1,Amazônia,
5b6531b1-9349-33a4-a38b-be90ea7f04da, -11.134000, -45.122299,2026-05-06 00:25:00,METOP-B,FORMOSA DO RIO PRETO,BAHIA,Brasil,2911105,29,33,10,0.0,0.75,Cerrado,
4e647f2b-6fbc-31ee-b60c-3947cc4e0b4b, -12.500100, -58.479500,2026-05-06 00:25:00,METOP-B,SAPEZAL,MATO GROSSO,Brasil,5107875,51,33,8,0.0,0.12,Cerrado,
d574853d-2993-3933-96ee-8555eb9ef31f, -11.445000, -55.091702,2026-05-06 00:25:00,METOP-B,CLÁUDIA,MATO GROSSO,Brasil,5103056,51,33,7,0.0,0.11,Amazônia,
55247220-ca63-3752-a917-817218457626, -17.810101, -46.697800,2026-05-06 00:25:00,METOP-B,VAZANTE,MINAS GERAIS,Brasil,3171006,31,33,26,0.0,1.0,Cerrado,
35026e04-9ff2-3a3c-8ee5-bfdf8d00c976, -11.295700, -54.015800,2026-05-06 00:25:00,METOP-B,UNIÃO DO SUL,MATO GROSSO,Brasil,5108303,51,33,7,0.0,0.25,Amazônia,
d588d324-c940-3671-a61c-452126648473, -21.712999, -48.414902,2026-05-06 00:25:00,METOP-B,GAVIÃO PEIXOTO,SÃO PAULO,Brasil,3516853,35,33,8,0.0,0.94,Cerrado,
b6e5570f-f3cb-3453-a97d-1f5dc9a963ac, -11.618500, -48.042999,2026-05-06 00:25:00,METOP-B,CHAPADA DA NATIVIDADE,TOCANTINS,Brasil,1705102,17,33,8,0.0,0.26,Cerrado,
f226aba8-e9b1-3b87-85be-52eda1257b2d, -12.350400, -50.023499,2026-05-06 00:25:00,METOP-B,SANDOLÂNDIA,TOCANTINS,Brasil,1718840,17,33,7,0.0,0.47,Cerrado,
11a5d2a6-30e6-3318-bfa8-bd1390b2c1ca, -14.077900, -47.784901,2026-05-06 00:25:00,METOP-B,CAVALCANTE,GOIÁS,Brasil,5205307,52,33,8,0.0,0.56,Cerrado,
f12726c4-f6e6-31b4-bc0b-19393dd156f1, -18.507000, -55.489201,2026-05-06 00:25:00,METOP-B,CORUMBÁ,MATO GROSSO DO SUL,Brasil,5003207,50,33,9,0.0,1.0,Pantanal,
755125e8-1ed3-33f2-b8bc-1aeb1981bd2f, -12.348700, -50.015999,2026-05-06 00:25:00,METOP-B,SANDOLÂNDIA,TOCANTINS,Brasil,1718840,17,33,7,0.0,0.46,Cerrado,
94f42ce0-8cee-3c0e-a603-60234e7def9a, -23.703501, -51.667400,2026-05-06 00:25:00,METOP-B,MARUMBI,PARANÁ,Brasil,4115507,41,33,3,0.0,0.13,Mata Atlântica,
82d3c34f-de34-3b6d-9021-96712411d7e7, -18.443800, -54.692200,2026-05-06 00:25:00,METOP-B,COXIM,MATO GROSSO DO SUL,Brasil,5003306,50,33,9,0.0,1.0,Cerrado,
fbac370b-0a8b-3cf9-9246-f40a5a59fb81, -12.347000, -50.008598,2026-05-06 00:25:00,METOP-B,SANDOLÂNDIA,TOCANTINS,Brasil,1718840,17,33,7,0.0,0.46,Cerrado,
07951b6b-f54e-339b-958c-4eb616a47fc8, -21.278900, -48.966099,2026-05-06 00:25:00,METOP-B,ITAJOBI,SÃO PAULO,Brasil,3521903,35,33,8,0.0,1.0,Cerrado,
6c58829a-b186-352f-8002-45a5bd7269ae, -20.212999, -50.641201,2026-05-06 00:25:00,METOP-B,URÂNIA,SÃO PAULO,Brasil,3555802,35,33,8,0.0,0.98,Mata Atlântica,
f52b2556-ccce-3841-b7d7-6fbea791b5bd, -13.430900, -43.828098,2026-05-06 00:25:00,METOP-B,SERRA DO RAMALHO,BAHIA,Brasil,2930154,29,33,26,0.0,0.9,Cerrado,
f9ac02ef-2673-3f5e-afab-8f9467e6d106,  -6.226000, -55.631302,2026-05-06 00:25:00,METOP-B,ITAITUBA,PARÁ,Brasil,1503606,15,33,2,0.1,-999.0,Amazônia,
cdc876ab-5b4c-3dbb-9df1-619712843167, -18.497299, -55.491299,2026-05-06 00:25:00,METOP-B,CORUMBÁ,MATO GROSSO DO SUL,Brasil,5003207,50,33,9,0.0,0.98,Pantanal,
1b086c33-8075-383e-9428-95c10a1f3cf7, -12.491900, -58.438499,2026-05-06 00:25:00,METOP-B,BRASNORTE,MATO GROSSO,Brasil,5101902,51,33,8,0.0,0.24,Cerrado,
2463d548-f89b-3fda-95dd-2ff41b3d2e3f, -12.260800, -43.495800,2026-05-06 00:25:00,METOP-B,MUQUÉM DO SÃO FRANCISCO,BAHIA,Brasil,2922250,29,33,16,4.22,0.44,Cerrado,
216347b5-010b-34ba-aa41-ac64d547a7fd, -18.434000, -54.694302,2026-05-06 00:25:00,METOP-B,COXIM,MATO GROSSO DO SUL,Brasil,5003306,50,33,9,0.0,0.98,Cerrado,
fe727fa9-6946-3257-b639-f5af8e5112cb,  -8.618500, -49.503101,2026-05-06 00:25:00,METOP-B,CONCEIÇÃO DO ARAGUAIA,PARÁ,Brasil,1502707,15,33,4,0.0,0.62,Amazônia,
ec0acf11-46d6-3b8c-b6bb-ba364e07652d, -23.084700, -48.603401,2026-05-06 00:25:00,METOP-B,ITATINGA,SÃO PAULO,Brasil,3523503,35,33,3,0.0,0.14,Cerrado,
7e1b081e-18ae-3799-8e3e-b7adbb3d9a1a, -20.225300, -50.746799,2026-05-06 00:25:00,METOP-B,ASPÁSIA,SÃO PAULO,Brasil,3503950,35,33,5,0.0,1.0,Mata Atlântica,
f2aaa9d6-a8e9-3146-8f95-9ef09878a88d, -21.711300, -48.407398,2026-05-06 00:25:00,METOP-B,GAVIÃO PEIXOTO,SÃO PAULO,Brasil,3516853,35,33,8,0.0,0.77,Cerrado,
838ce133-09cc-3357-925b-a635d12453a8, -16.427900, -54.909901,2026-05-06 00:25:00,METOP-B,RONDONÓPOLIS,MATO GROSSO,Brasil,5107602,51,33,7,0.0,1.0,Cerrado,
473448a6-25cd-32d4-8097-66cb053a2111, -18.499399, -55.502300,2026-05-06 00:25:00,METOP-B,CORUMBÁ,MATO GROSSO DO SUL,Brasil,5003207,50,33,9,0.0,0.92,Pantanal,
f135dac9-bcb8-387e-8293-f34979eca61f, -21.970800, -57.554501,2026-05-06 00:25:00,METOP-B,PORTO MURTINHO,MATO GROSSO DO SUL,Brasil,5006903,50,33,3,0.0,0.15,Cerrado,
2e0c245a-cac1-342c-bd22-4f39cee237bb, -23.086300, -48.610901,2026-05-06 00:25:00,METOP-B,ITATINGA,SÃO PAULO,Brasil,3523503,35,33,3,0.0,0.11,Cerrado,
586e2983-ffaa-3e7b-9345-20fca0d7eb05, -11.643800, -54.153999,2026-05-06 00:25:00,METOP-B,UNIÃO DO SUL,MATO GROSSO,Brasil,5108303,51,33,8,0.0,0.73,Amazônia,
b44d232a-1ed4-301c-a0bb-c1d6f4807839, -21.194401, -49.189701,2026-05-06 00:25:00,METOP-B,URUPÊS,SÃO PAULO,Brasil,3556008,35,33,8,0.0,1.0,Mata Atlântica,
99a7a4d9-1eea-3e3a-b85a-f2bbd3aafe5a, -12.345300, -50.001202,2026-05-06 00:25:00,METOP-B,SANDOLÂNDIA,TOCANTINS,Brasil,1718840,17,33,7,0.0,0.45,Cerrado,
c0a6287a-d6e2-3ef8-9e3b-83af60d25388, -18.078501, -46.351398,2026-05-06 00:25:00,METOP-B,PRESIDENTE OLEGÁRIO,MINAS GERAIS,Brasil,3153400,31,33,18,0.0,0.49,Cerrado,
37edc047-f627-38a9-aeb8-d152dbc3ad4e, -10.942000, -49.422501,2026-05-06 00:25:00,METOP-B,SANTA RITA DO TOCANTINS,TOCANTINS,Brasil,1718899,17,33,2,0.0,0.26,Cerrado,
727d9fb6-5320-333b-9e61-155e3a3ebdc6, -12.501700, -58.436501,2026-05-06 00:25:00,METOP-B,BRASNORTE,MATO GROSSO,Brasil,5101902,51,33,8,0.0,0.17,Cerrado,
e5f0d2df-8330-3e3f-b3ee-9e25a07aa7f1, -11.124200, -45.124802,2026-05-06 00:25:00,METOP-B,FORMOSA DO RIO PRETO,BAHIA,Brasil,2911105,29,33,10,0.0,0.74,Cerrado,
5f508f6b-36ec-3b75-85f1-be868ab0cb36, -17.802500, -46.709400,2026-05-06 00:25:00,METOP-B,VAZANTE,MINAS GERAIS,Brasil,3171006,31,33,26,0.0,1.0,Cerrado,
609e2240-5248-3bad-9213-c2e14be2115d, -12.514100, -58.448200,2026-05-06 00:25:00,METOP-B,SAPEZAL,MATO GROSSO,Brasil,5107875,51,33,8,0.0,0.12,Cerrado,
5957c0c6-4d5c-3e29-a835-eea19d74aaf5, -16.107700, -49.221298,2026-05-06 00:25:00,METOP-B,PETROLINA DE GOIÁS,GOIÁS,Brasil,5216809,52,33,15,0.0,0.91,Cerrado,
507e5a44-01bf-3e98-8ca1-d2c672fe23b4, -11.642200, -54.146400,2026-05-06 00:25:00,METOP-B,UNIÃO DO SUL,MATO GROSSO,Brasil,5108303,51,33,8,0.0,0.43,Amazônia,
1bf1b2e6-7aba-39fd-a24b-1218b512d418, -16.426001, -54.900398,2026-05-06 00:25:00,METOP-B,RONDONÓPOLIS,MATO GROSSO,Brasil,5107602,51,33,7,0.0,0.33,Cerrado,
4cbc2561-f0a1-3694-964f-4cb2601ce8e8, -21.798300, -50.757999,2026-05-06 00:25:00,METOP-B,PARAPUÃ,SÃO PAULO,Brasil,3536000,35,33,5,0.0,1.0,Mata Atlântica,
8711990d-b2ab-3408-ad48-8dca1edb489a, -10.538400, -47.027901,2026-05-06 00:25:00,METOP-B,PONTE ALTA DO TOCANTINS,TOCANTINS,Brasil,1717909,17,33,8,0.0,0.47,Cerrado,
dd06d5b0-be56-3bde-a158-e8625eec09aa, -14.075800, -47.776100,2026-05-06 00:25:00,METOP-B,CAVALCANTE,GOIÁS,Brasil,5205307,52,33,8,0.0,0.51,Cerrado,
328bd27c-8575-3636-aa0c-7488773d97d7, -14.068200, -47.787300,2026-05-06 00:25:00,METOP-B,CAVALCANTE,GOIÁS,Brasil,5205307,52,33,8,0.0,0.5,Cerrado,
cc7822ff-92c2-30af-81b1-20b923067202, -18.435900, -54.704102,2026-05-06 00:25:00,METOP-B,COXIM,MATO GROSSO DO SUL,Brasil,5003306,50,33,9,0.0,0.84,Cerrado,
b49cba21-654d-3126-ad25-b1adadbb0417, -12.487600, -58.467800,2026-05-06 00:25:00,METOP-B,SAPEZAL,MATO GROSSO,Brasil,5107875,51,33,8,0.0,0.12,Cerrado,
e1d9300f-d96d-3b8f-b7b3-1bd54eb20d52, -16.427299, -57.242599,2026-05-06 00:25:00,METOP-B,CÁCERES,MATO GROSSO,Brasil,5102504,51,33,6,0.0,0.82,Pantanal,
0b2d7bef-79cd-3359-89e9-b4603de45382, -12.484300, -58.479500,2026-05-06 00:30:00,GOES-19,SAPEZAL,MATO GROSSO,Brasil,5107875,51,33,8,0.0,-999.0,Cerrado,69.1
f6a1f8fa-668e-3e33-81cb-fcef446f0634, -12.522200, -58.476500,2026-05-06 00:30:00,GOES-19,SAPEZAL,MATO GROSSO,Brasil,5107875,51,33,8,0.0,0.13,Cerrado,45.2
df3187ce-9cad-3740-9da9-151ef9df4494, -12.503100, -58.497900,2026-05-06 00:30:00,GOES-19,SAPEZAL,MATO GROSSO,Brasil,5107875,51,33,8,0.0,0.13,Cerrado,51.1
3028cfe7-c07a-3bfd-83b0-0da6afb1a317, -12.503300, -58.478100,2026-05-06 00:30:00,GOES-19,SAPEZAL,MATO GROSSO,Brasil,5107875,51,33,8,0.0,0.12,Cerrado,144.6
cfef1433-236a-3902-b7e1-095592a61587, -12.503500, -58.458200,2026-05-06 00:30:00,GOES-19,SAPEZAL,MATO GROSSO,Brasil,5107875,51,33,8,0.0,0.12,Cerrado,51.7
d7e61289-0415-364d-8ca3-138fc8f22a5d, -22.607060, -49.564340,2026-05-06 00:30:00,TERRA_M-M,SANTA CRUZ DO RIO PARDO,SÃO PAULO,Brasil,3546405,35,33,3,0.0,1.0,Cerrado,13.8
c2d07422-d105-3b17-a955-f57da1ce79c0, -22.805280, -49.345690,2026-05-06 00:30:00,TERRA_M-M,ÁGUAS DE SANTA BÁRBARA,SÃO PAULO,Brasil,3500550,35,33,3,0.0,0.95,Cerrado,11.8
83ba42c6-170f-3cb4-86b1-24d8d411657f, -23.084010, -48.618830,2026-05-06 00:30:00,TERRA_M-M,ITATINGA,SÃO PAULO,Brasil,3523503,35,33,3,0.0,0.92,Cerrado,17.2
98e0018d-afb3-3a70-9dd7-ac427b281beb, -21.711750, -48.422870,2026-05-06 00:30:00,TERRA_M-M,MATÃO,SÃO PAULO,Brasil,3529302,35,33,8,0.0,1.0,Cerrado,9.8
04b1644a-3453-3216-8068-9fb7a0b8ffe8, -22.744230, -48.211430,2026-05-06 00:30:00,TERRA_M-M,ANHEMBI,SÃO PAULO,Brasil,3502309,35,33,6,0.0,1.0,Cerrado,7.0
49a5f2ee-a343-37f8-b273-d5e4ed390b6f, -21.795340, -50.777520,2026-05-06 00:30:00,TERRA_M-M,PARAPUÃ,SÃO PAULO,Brasil,3536000,35,33,5,0.0,1.0,Mata Atlântica,6.6
a7323542-c8f0-3f12-8d1e-78f0d3be09dd, -21.702200, -48.424780,2026-05-06 00:30:00,TERRA_M-M,MATÃO,SÃO PAULO,Brasil,3529302,35,33,8,0.0,1.0,Cerrado,16.6
830d80d4-9741-3a03-9af6-697237d4ca2f, -23.704340, -51.681240,2026-05-06 00:30:00,TERRA_M-M,MARUMBI,PARANÁ,Brasil,4115507,41,33,3,0.0,0.13,Mata Atlântica,24.4
1dab607f-b7a7-33c4-b615-9caf96ccfbe7, -21.282250, -48.977510,2026-05-06 00:30:00,TERRA_M-M,ITAJOBI,SÃO PAULO,Brasil,3521903,35,33,8,0.0,1.0,Cerrado,8.1
185f5dbe-32a4-3ae7-bf92-65acd54cf076, -23.074690, -48.620530,2026-05-06 00:30:00,TERRA_M-M,ITATINGA,SÃO PAULO,Brasil,3523503,35,33,3,0.0,0.99,Cerrado,7.5
8fa0d9a9-ce28-3943-a760-1ba60199826b, -19.945240, -54.382920,2026-05-06 00:33:00,TERRA_M-M,BANDEIRANTES,MATO GROSSO DO SUL,Brasil,5001508,50,33,3,0.0,0.31,Cerrado,33.4
0f6f9a68-6573-313d-a446-6fe30f8cd31b, -16.490040, -52.723270,2026-05-06 00:33:00,TERRA_M-M,RIBEIRÃOZINHO,MATO GROSSO,Brasil,5107198,51,33,8,0.0,1.0,Cerrado,5.9
420b9b4f-44c0-33d2-bf98-5ba164d6cf8c, -13.728250, -51.882690,2026-05-06 00:33:00,TERRA_M-M,CANARANA,MATO GROSSO,Brasil,5102702,51,33,12,0.0,0.42,Cerrado,7.5
28651141-d174-3f55-9442-f38956969d7d, -19.949660, -54.387130,2026-05-06 00:33:00,TERRA_M-M,BANDEIRANTES,MATO GROSSO DO SUL,Brasil,5001508,50,33,3,0.0,0.28,Cerrado,24.1
2c7411cf-4872-378f-b103-d63123d69c25, -16.110360, -49.234660,2026-05-06 00:33:00,TERRA_M-M,PETROLINA DE GOIÁS,GOIÁS,Brasil,5216809,52,33,16,0.0,0.62,Cerrado,7.3
a325452e-7d0e-3157-a4db-763f5567e781, -18.777950, -51.943000,2026-05-06 00:33:00,TERRA_M-M,APORÉ,GOIÁS,Brasil,5201504,52,33,7,0.0,1.0,Cerrado,7.5
db16e14b-6dcb-3a00-b56f-82ffe7781b72, -18.439780, -54.712970,2026-05-06 00:33:00,TERRA_M-M,COXIM,MATO GROSSO DO SUL,Brasil,5003306,50,33,9,0.0,0.79,Cerrado,46.5
e8e7feb5-8881-3eb8-8481-c61cedd6134b, -16.422370, -54.921490,2026-05-06 00:33:00,TERRA_M-M,RONDONÓPOLIS,MATO GROSSO,Brasil,5107602,51,33,7,0.0,0.68,Cerrado,29.5
99c71fc6-93a2-3a21-ba32-b15742d1e2cf, -21.186600, -49.207270,2026-05-06 00:33:00,TERRA_M-M,URUPÊS,SÃO PAULO,Brasil,3556008,35,33,8,0.0,1.0,Mata Atlântica,4.7
15ff56a1-7073-3669-8677-d36ce6c7f684, -20.210860, -50.655990,2026-05-06 00:33:00,TERRA_M-M,URÂNIA,SÃO PAULO,Brasil,3555802,35,33,8,0.0,0.91,Mata Atlântica,23.1
e6133611-2297-3839-bacb-501a4a870911, -15.632650, -47.911570,2026-05-06 00:33:00,TERRA_M-M,BRASÍLIA,DISTRITO FEDERAL,Brasil,5300108,53,33,20,0.0,1.0,Cerrado,13.0
e610f51e-c86b-327b-bc22-2eb9f2238e4a, -18.785490, -51.932380,2026-05-06 00:33:00,TERRA_M-M,APORÉ,GOIÁS,Brasil,5201504,52,33,7,0.0,1.0,Cerrado,4.7
f74ea567-f1e8-381a-a406-e8e7b311e304, -18.079220, -46.371230,2026-05-06 00:33:00,TERRA_M-M,PRESIDENTE OLEGÁRIO,MINAS GERAIS,Brasil,3153400,31,33,18,0.0,0.6,Cerrado,44.4
6effc86f-e377-3c0d-a088-a5dd6ad754e0, -13.439670, -43.850970,2026-05-06 00:33:00,TERRA_M-M,SERRA DO RAMALHO,BAHIA,Brasil,2930154,29,33,25,0.0,0.89,Cerrado,29.3
445cc72d-da44-3ab7-8574-4641456127c9, -18.506160, -55.516950,2026-05-06 00:33:00,TERRA_M-M,CORUMBÁ,MATO GROSSO DO SUL,Brasil,5003207,50,33,9,0.0,0.91,Pantanal,9.8
6f46d3fb-ec4c-3f13-ae62-84308b12a266, -16.430460, -54.909370,2026-05-06 00:33:00,TERRA_M-M,RONDONÓPOLIS,MATO GROSSO,Brasil,5107602,51,33,7,0.0,0.98,Cerrado,12.0
0b458d15-ee79-396e-938d-92929fc50bc9, -16.154090, -58.494240,2026-05-06 00:33:00,TERRA_M-M,CÁCERES,MATO GROSSO,Brasil,5102504,51,33,7,0.0,0.95,Pantanal,11.2
7e07be1d-b79c-3210-9125-9d08f84c20f2, -16.420970, -54.910640,2026-05-06 00:33:00,TERRA_M-M,RONDONÓPOLIS,MATO GROSSO,Brasil,5107602,51,33,7,0.0,0.97,Cerrado,27.0
af5ba83f-6381-3b56-b87f-d521d8e788ee, -20.209480, -50.646440,2026-05-06 00:33:00,TERRA_M-M,URÂNIA,SÃO PAULO,Brasil,3555802,35,33,8,0.0,0.78,Mata Atlântica,53.5
159c2aaf-7709-3616-b8ae-3480eb8f507c, -18.786760, -51.941630,2026-05-06 00:33:00,TERRA_M-M,APORÉ,GOIÁS,Brasil,5201504,52,33,7,0.0,0.98,Cerrado,5.5
2221e079-e352-3b83-874f-7040b5c129d9, -21.978660, -57.593510,2026-05-06 00:33:00,TERRA_M-M,PORTO MURTINHO,MATO GROSSO DO SUL,Brasil,5006903,50,33,3,0.0,0.07,Cerrado,37.6
3af493fd-c809-30c8-b3f0-b9bcc33144d8, -14.068310, -47.802190,2026-05-06 00:33:00,TERRA_M-M,CAVALCANTE,GOIÁS,Brasil,5205307,52,33,8,0.0,0.29,Cerrado,25.8
6a35f8c1-23ea-338f-9d92-d91a4709f67a, -16.431840, -54.920110,2026-05-06 00:33:00,TERRA_M-M,RONDONÓPOLIS,MATO GROSSO,Brasil,5107602,51,33,7,0.0,0.84,Cerrado,13.1
c868115a-8229-346f-a03a-df3e495feeab, -18.430170, -54.714270,2026-05-06 00:33:00,TERRA_M-M,COXIM,MATO GROSSO DO SUL,Brasil,5003306,50,33,9,0.0,0.6,Cerrado,7.9
6113e115-358a-37f6-a686-3a4343fe2449, -18.438440, -54.701980,2026-05-06 00:33:00,TERRA_M-M,COXIM,MATO GROSSO DO SUL,Brasil,5003306,50,33,9,0.0,0.94,Cerrado,16.7
1897812c-1413-31f5-8090-4d4c74fb2127, -18.496040, -55.518300,2026-05-06 00:33:00,TERRA_M-M,CORUMBÁ,MATO GROSSO DO SUL,Brasil,5003207,50,33,9,0.0,0.86,Pantanal,12.4
eacb3e88-3e36-3c8b-a281-76aa9093a139, -17.801760, -46.706630,2026-05-06 00:33:00,TERRA_M-M,VAZANTE,MINAS GERAIS,Brasil,3171006,31,33,26,0.0,1.0,Cerrado,15.7
3e430cda-c148-352e-812d-cfffd5c677dd, -14.065910, -47.787300,2026-05-06 00:33:00,TERRA_M-M,CAVALCANTE,GOIÁS,Brasil,5205307,52,33,8,0.0,0.5,Cerrado,15.1
3385f6b2-1324-3764-8976-ab57ea78130e, -20.225880, -50.760720,2026-05-06 00:33:00,TERRA_M-M,ASPÁSIA,SÃO PAULO,Brasil,3503950,35,33,5,0.0,1.0,Mata Atlântica,6.1
4fe8d868-4813-3ed5-b61b-73041e105bb6, -14.136480, -45.363950,2026-05-06 00:33:00,TERRA_M-M,JABORANDI,BAHIA,Brasil,2917359,29,33,25,0.0,0.8,Cerrado,19.9
a5b96322-5972-3813-9962-652c0a13fadb, -16.427390, -57.274010,2026-05-06 00:33:00,TERRA_M-M,CÁCERES,MATO GROSSO,Brasil,5102504,51,33,6,0.0,0.61,Pantanal,13.7
b89c9dc0-f48f-33a7-be94-967ceac0e7bc, -17.804530, -46.723450,2026-05-06 00:33:00,TERRA_M-M,VAZANTE,MINAS GERAIS,Brasil,3171006,31,33,26,0.0,1.0,Cerrado,30.6
ab751371-be8d-3f4b-9428-4e39f180990a, -15.630250, -47.896830,2026-05-06 00:33:00,TERRA_M-M,BRASÍLIA,DISTRITO FEDERAL,Brasil,5300108,53,33,20,0.0,0.9,Cerrado,12.8
74278c77-6794-35b9-a2c8-cc66d9a67c8d, -18.483930, -51.686040,2026-05-06 00:33:00,TERRA_M-M,ITARUMÃ,GOIÁS,Brasil,5211305,52,33,8,0.0,0.56,Cerrado,11.0
814795e2-c492-3aeb-a5da-d74ac4b48d11, -21.195870, -49.205640,2026-05-06 00:33:00,TERRA_M-M,URUPÊS,SÃO PAULO,Brasil,3556008,35,33,8,0.0,1.0,Mata Atlântica,12.9
af29effb-9533-3482-8772-3b02c2ac0be6, -16.759020, -51.872710,2026-05-06 00:33:00,TERRA_M-M,CAIAPÔNIA,GOIÁS,Brasil,5204409,52,33,14,0.0,0.79,Cerrado,7.5
a07d7862-74b2-315e-813b-6224abefd153, -20.224520, -50.751230,2026-05-06 00:33:00,TERRA_M-M,ASPÁSIA,SÃO PAULO,Brasil,3503950,35,33,5,0.0,1.0,Mata Atlântica,5.5
a183b280-c54b-3080-a24f-68e19e1a3e0f, -12.274320, -43.511470,2026-05-06 00:33:00,TERRA_M-M,MUQUÉM DO SÃO FRANCISCO,BAHIA,Brasil,2922250,29,33,16,4.44,0.49,Cerrado,51.2
97951f65-70e9-3b86-8404-274b6b78b4f3, -19.948320, -54.375990,2026-05-06 00:33:00,TERRA_M-M,BANDEIRANTES,MATO GROSSO DO SUL,Brasil,5001508,50,33,3,0.0,0.5,Cerrado,14.3
45e96ac9-3799-3f65-aaaf-b9f5d7824ff3, -12.340730, -50.006980,2026-05-06 00:35:00,TERRA_M-M,SANDOLÂNDIA,TOCANTINS,Brasil,1718840,17,33,7,0.0,0.45,Cerrado,13.4
3909ea27-7f14-30a9-b6a8-d811d681f9f6, -11.434100, -55.110420,2026-05-06 00:35:00,TERRA_M-M,CLÁUDIA,MATO GROSSO,Brasil,5103056,51,33,7,0.0,0.12,Amazônia,9.8
506fd7b5-6a8f-3706-b0df-b594f147f9cb, -11.443190, -55.109130,2026-05-06 00:35:00,TERRA_M-M,CLÁUDIA,MATO GROSSO,Brasil,5103056,51,33,7,0.0,0.12,Amazônia,11.9
cc607df7-f0ee-3e8d-82c7-97ff696a0366, -13.696760, -55.693580,2026-05-06 00:35:00,TERRA_M-M,NOVA MUTUM,MATO GROSSO,Brasil,5106224,51,33,6,0.0,0.3,Cerrado,10.1
72348997-7e47-307e-836b-ec34204ad6a1, -11.298370, -54.030510,2026-05-06 00:35:00,TERRA_M-M,UNIÃO DO SUL,MATO GROSSO,Brasil,5108303,51,33,7,0.0,0.04,Amazônia,5.3
3acd7d1f-5944-391f-9433-8a6fdfef4d0b, -11.432840, -55.100860,2026-05-06 00:35:00,TERRA_M-M,CLÁUDIA,MATO GROSSO,Brasil,5103056,51,33,7,0.0,0.11,Amazônia,11.6
bc5804ab-2707-3ab9-b4c3-1c29952cf023, -12.343840, -50.024120,2026-05-06 00:35:00,TERRA_M-M,SANDOLÂNDIA,TOCANTINS,Brasil,1718840,17,33,7,0.0,0.46,Cerrado,15.4
3c7575c4-8982-33b6-814d-a8d023f99785, -12.497940, -58.469620,2026-05-06 00:35:00,TERRA_M-M,SAPEZAL,MATO GROSSO,Brasil,5107875,51,33,8,0.0,0.12,Cerrado,91.4
b293eec4-6559-30b3-9cc0-f7cf19e31a98, -12.488290, -58.486900,2026-05-06 00:35:00,TERRA_M-M,SAPEZAL,MATO GROSSO,Brasil,5107875,51,33,8,0.0,0.12,Cerrado,37.8
8b14fec2-683b-3525-a2b6-d50afddf69b1, -11.441930, -55.099590,2026-05-06 00:35:00,TERRA_M-M,CLÁUDIA,MATO GROSSO,Brasil,5103056,51,33,7,0.0,0.11,Amazônia,14.4
0a8fb0a4-6a77-316b-94d7-4aedf3113ea6, -12.501730, -58.501500,2026-05-06 00:35:00,TERRA_M-M,SAPEZAL,MATO GROSSO,Brasil,5107875,51,33,8,0.0,0.13,Cerrado,15.2
6c23b152-4e69-350a-9f98-6def72e7ad80, -11.124650, -45.145660,2026-05-06 00:35:00,TERRA_M-M,FORMOSA DO RIO PRETO,BAHIA,Brasil,2911105,29,33,8,0.0,0.74,Cerrado,27.1
d5877ea9-be18-3767-9c10-6f774c4140a7, -12.342040, -50.012470,2026-05-06 00:35:00,TERRA_M-M,SANDOLÂNDIA,TOCANTINS,Brasil,1718840,17,33,7,0.0,0.46,Cerrado,28.6
e0e61d98-858a-39ff-ae8b-c0300df98d1d, -12.332630, -44.597080,2026-05-06 00:35:00,TERRA_M-M,BAIANÓPOLIS,BAHIA,Brasil,2902500,29,33,18,0.0,0.69,Cerrado,36.3
cc90ec38-66a8-3b81-8830-85183a57c226,  -6.219780, -55.648720,2026-05-06 00:35:00,TERRA_M-M,ITAITUBA,PARÁ,Brasil,1503606,15,33,2,0.1,0.03,Amazônia,5.1
eae464b2-e3b0-31f4-975b-b1781a5c5e4b, -13.989400, -56.647590,2026-05-06 00:35:00,TERRA_M-M,DIAMANTINO,MATO GROSSO,Brasil,5103502,51,33,6,0.0,0.18,Cerrado,10.5
dfb34cdc-c560-38a4-be2e-e0a7876591cf, -11.138830, -45.138170,2026-05-06 00:35:00,TERRA_M-M,FORMOSA DO RIO PRETO,BAHIA,Brasil,2911105,29,33,8,0.0,0.74,Cerrado,40.3
32bfc562-4f68-327d-87cf-254a82db502c, -12.509480, -58.468260,2026-05-06 00:35:00,TERRA_M-M,SAPEZAL,MATO GROSSO,Brasil,5107875,51,33,8,0.0,0.12,Cerrado,58.5
9f3e652c-8f3c-3ece-a433-c7e07d076af0, -12.499810, -58.485360,2026-05-06 00:35:00,TERRA_M-M,SAPEZAL,MATO GROSSO,Brasil,5107875,51,33,8,0.0,0.12,Cerrado,160.2
0c59d4c4-b6cc-3655-8e90-e31068e5eb1e, -12.511360, -58.483960,2026-05-06 00:35:00,TERRA_M-M,SAPEZAL,MATO GROSSO,Brasil,5107875,51,33,8,0.0,0.13,Cerrado,52.6
71627ee1-cf7f-3e7c-a26a-7bb0d44b01fe, -13.695400, -55.682770,2026-05-06 00:35:00,TERRA_M-M,NOVA MUTUM,MATO GROSSO,Brasil,5106224,51,33,7,0.0,0.11,Cerrado,12.0
d3b00199-5dc7-31d0-abeb-7570f41cb5be,  -9.248050, -60.342350,2026-05-06 00:35:00,TERRA_M-M,COLNIZA,MATO GROSSO,Brasil,5103254,51,33,2,1.12,0.67,Amazônia,10.9
8698f6d7-e258-3643-a41e-c9d9efaae2de, -12.460380, -54.451900,2026-05-06 00:35:00,TERRA_M-M,NOVA UBIRATÃ,MATO GROSSO,Brasil,5106240,51,33,6,0.0,0.1,Amazônia,10.9
90e3a1f4-0b82-3c7c-96f1-83347e193f18, -12.353800, -50.022580,2026-05-06 00:35:00,TERRA_M-M,SANDOLÂNDIA,TOCANTINS,Brasil,1718840,17,33,7,0.0,0.47,Cerrado,7.5
ca5e22cf-6a31-3a50-844c-63419135f5f0, -12.268260, -43.517860,2026-05-06 00:35:00,TERRA_M-M,MUQUÉM DO SÃO FRANCISCO,BAHIA,Brasil,2922250,29,33,16,4.63,0.77,Cerrado,49.2
0f95dadd-ca0f-3ffc-a26d-9c29facb3868, -13.988190, -56.654060,2026-05-06 00:35:00,TERRA_M-M,DIAMANTINO,MATO GROSSO,Brasil,5103502,51,33,6,0.0,0.14,Cerrado,7.4
37b499ac-8841-3c25-bf8b-1160932b0329, -12.342450, -50.018650,2026-05-06 00:35:00,TERRA_M-M,SANDOLÂNDIA,TOCANTINS,Brasil,1718840,17,33,7,0.0,0.46,Cerrado,23.2
5c486bfc-b3ba-3a9c-b90e-588674e48f4b, -10.933200, -49.437810,2026-05-06 00:35:00,TERRA_M-M,SANTA RITA DO TOCANTINS,TOCANTINS,Brasil,1718899,17,33,2,0.0,0.26,Cerrado,11.7
e08b0f21-3c31-35bb-86e7-da17f39581f4, -12.344170, -50.030320,2026-05-06 00:35:00,TERRA_M-M,SANDOLÂNDIA,TOCANTINS,Brasil,1718840,17,33,7,0.0,0.47,Cerrado,6.2
87fb501e-5522-3831-9bd8-29a010c26aed, -11.638230, -54.166060,2026-05-06 00:35:00,TERRA_M-M,UNIÃO DO SUL,MATO GROSSO,Brasil,5108303,51,33,8,0.0,0.16,Amazônia,16.6
2ce0cdc5-406e-3608-95dc-5d29ce4b3608, -12.503300, -58.478100,2026-05-06 00:40:00,GOES-19,SAPEZAL,MATO GROSSO,Brasil,5107875,51,33,8,0.0,0.12,Cerrado,140.4
36d4a200-df43-3a5e-b991-46a925e318bd, -12.484300, -58.479500,2026-05-06 00:40:00,GOES-19,SAPEZAL,MATO GROSSO,Brasil,5107875,51,33,8,0.0,-999.0,Cerrado,57.1
6d80872b-4d76-38d9-ba6b-54e1a1afa247, -12.503100, -58.497900,2026-05-06 00:40:00,GOES-19,SAPEZAL,MATO GROSSO,Brasil,5107875,51,33,8,0.0,0.13,Cerrado,47.8
d3a528c6-43a1-355d-bef4-287e20b92b64, -12.503500, -58.458200,2026-05-06 00:40:00,GOES-19,SAPEZAL,MATO GROSSO,Brasil,5107875,51,33,8,0.0,0.12,Cerrado,48.1
f39ee205-9768-35e0-9c1a-0b0f87e1b9fc, -12.522200, -58.476500,2026-05-06 00:40:00,GOES-19,SAPEZAL,MATO GROSSO,Brasil,5107875,51,33,8,0.0,0.13,Cerrado,50.7
1e7dad23-e1f9-30a9-a178-593f4bacd46b, -12.503100, -58.497900,2026-05-06 00:50:00,GOES-19,SAPEZAL,MATO GROSSO,Brasil,5107875,51,33,8,0.0,0.13,Cerrado,50.0
7b509b14-9433-3a57-937a-72ec4ba35d28, -12.503500, -58.458200,2026-05-06 00:50:00,GOES-19,SAPEZAL,MATO GROSSO,Brasil,5107875,51,33,8,0.0,0.12,Cerrado,55.4
140c9416-dfd4-30e3-96a3-c4f9a9b24e54, -20.223700, -50.637100,2026-05-06 00:50:00,GOES-19,URÂNIA,SÃO PAULO,Brasil,3555802,35,33,8,0.0,1.0,Mata Atlântica,58.8
ac3b1d6a-21d7-34a0-8336-10e782be86b4, -12.503300, -58.478100,2026-05-06 00:50:00,GOES-19,SAPEZAL,MATO GROSSO,Brasil,5107875,51,33,8,0.0,0.12,Cerrado,149.6
f89d629d-c17d-3460-9339-5aac48465fec, -18.443701, -54.709702,2026-05-06 00:56:00,METOP-C,COXIM,MATO GROSSO DO SUL,Brasil,5003306,50,33,9,0.0,0.95,Cerrado,
dd6aef74-d1b6-3ef0-adcf-bb9ac0373952, -18.487900, -51.679001,2026-05-06 00:56:00,METOP-C,ITARUMÃ,GOIÁS,Brasil,5211305,52,33,8,0.0,1.0,Cerrado,
ca3abb0b-24c0-330d-9b7f-465ddfcb3590, -13.439200, -43.835400,2026-05-06 00:56:00,METOP-C,SERRA DO RAMALHO,BAHIA,Brasil,2930154,29,33,26,0.0,0.9,Cerrado,
d0244da4-d962-3625-86f1-a818bd5cc1d1, -12.501100, -58.485500,2026-05-06 00:56:00,METOP-C,SAPEZAL,MATO GROSSO,Brasil,5107875,51,33,8,0.0,0.12,Cerrado,
890f51a5-c2d9-3779-89dc-84e25d9aed05, -20.208000, -50.642399,2026-05-06 00:56:00,METOP-C,URÂNIA,SÃO PAULO,Brasil,3555802,35,33,8,0.0,0.89,Mata Atlântica,
dd97ad83-7199-32df-b1c4-c09f46421b81, -18.433901, -54.711700,2026-05-06 00:56:00,METOP-C,COXIM,MATO GROSSO DO SUL,Brasil,5003306,50,33,9,0.0,0.6,Cerrado,
abf85276-f461-36e0-a0f0-0d292925c4c7, -16.423901, -54.907700,2026-05-06 00:56:00,METOP-C,RONDONÓPOLIS,MATO GROSSO,Brasil,5107602,51,33,7,0.0,0.85,Cerrado,
78d95924-cc21-34e1-b4ca-7cf0ed664629, -21.708099, -48.417599,2026-05-06 00:56:00,METOP-C,MATÃO,SÃO PAULO,Brasil,3529302,35,33,8,0.0,0.91,Cerrado,
b6bcd985-ad29-3bbb-ad5b-5bd20ed7c009, -19.945601, -54.370701,2026-05-06 00:56:00,METOP-C,BANDEIRANTES,MATO GROSSO DO SUL,Brasil,5001508,50,33,3,0.0,0.72,Cerrado,
915b35c4-40c5-3db5-9fe4-09a0865bc5b9, -22.806801, -49.336498,2026-05-06 00:56:00,METOP-C,ÁGUAS DE SANTA BÁRBARA,SÃO PAULO,Brasil,3500550,35,33,3,0.0,0.96,Cerrado,
fd2ebc4b-a772-368e-a40e-46ea27872388, -12.279700, -43.510899,2026-05-06 00:56:00,METOP-C,MUQUÉM DO SÃO FRANCISCO,BAHIA,Brasil,2922250,29,33,16,4.38,0.44,Cerrado,
68642409-9a70-36bc-8701-59d64bf1349a, -12.488400, -58.473099,2026-05-06 00:56:00,METOP-C,SAPEZAL,MATO GROSSO,Brasil,5107875,51,33,8,0.0,0.12,Cerrado,
bf62fac3-f75e-3393-a43e-128fa90d18ee, -20.206400, -50.634998,2026-05-06 00:56:00,METOP-C,URÂNIA,SÃO PAULO,Brasil,3555802,35,33,8,0.0,1.0,Mata Atlântica,
5de36305-9eb4-397d-916a-49b2e574b470, -18.441700, -54.699501,2026-05-06 00:56:00,METOP-C,COXIM,MATO GROSSO DO SUL,Brasil,5003306,50,33,9,0.0,1.0,Cerrado,
0bae5aed-56f6-352c-aa96-d25b17d451d7, -12.347300, -50.007198,2026-05-06 00:56:00,METOP-C,SANDOLÂNDIA,TOCANTINS,Brasil,1718840,17,33,7,0.0,0.46,Cerrado,
cabae4fc-3f27-3804-9a79-2d2d80ee6df5, -12.345600, -49.999901,2026-05-06 00:56:00,METOP-C,SANDOLÂNDIA,TOCANTINS,Brasil,1718840,17,33,7,0.0,0.45,Cerrado,
9fae8245-bc85-3dba-9628-3735ae4f1d1b, -18.080200, -46.350700,2026-05-06 00:56:00,METOP-C,PRESIDENTE OLEGÁRIO,MINAS GERAIS,Brasil,3153400,31,33,18,0.0,0.56,Cerrado,
967f0f97-b05f-3fda-8e0f-abc3dd78cf8a, -18.082399, -46.359798,2026-05-06 00:56:00,METOP-C,PRESIDENTE OLEGÁRIO,MINAS GERAIS,Brasil,3153400,31,33,18,0.0,0.64,Cerrado,
a4dcf2ab-9e71-3e22-89f3-588abccb90ba, -12.491300, -58.487400,2026-05-06 00:56:00,METOP-C,SAPEZAL,MATO GROSSO,Brasil,5107875,51,33,8,0.0,0.12,Cerrado,
6b08e7f9-786e-38b7-b3f1-83b38d060132, -12.352300, -50.028999,2026-05-06 00:56:00,METOP-C,SANDOLÂNDIA,TOCANTINS,Brasil,1718840,17,33,7,0.0,0.48,Cerrado,
9c29258a-e8ca-3376-9ab6-3c070b3e7c29, -11.441200, -55.094799,2026-05-06 00:56:00,METOP-C,CLÁUDIA,MATO GROSSO,Brasil,5103056,51,33,7,0.0,0.11,Amazônia,
90296d5d-fff4-306a-b3a3-759471039437, -18.779400, -51.941002,2026-05-06 00:56:00,METOP-C,APORÉ,GOIÁS,Brasil,5201504,52,33,7,0.0,1.0,Cerrado,
e0fde358-03b4-393e-a13e-2d467ed9d97a, -12.349000, -50.014400,2026-05-06 00:56:00,METOP-C,SANDOLÂNDIA,TOCANTINS,Brasil,1718840,17,33,7,0.0,0.46,Cerrado,
938b4609-328b-3df7-9e8f-6cac811561e3, -12.508000, -58.469101,2026-05-06 00:56:00,METOP-C,SAPEZAL,MATO GROSSO,Brasil,5107875,51,33,8,0.0,0.12,Cerrado,
5ab1532f-8cb5-3095-aa5e-f842e483771c,  -8.617200, -49.509602,2026-05-06 00:56:00,METOP-C,CONCEIÇÃO DO ARAGUAIA,PARÁ,Brasil,1502707,15,33,4,0.0,0.63,Amazônia,
bc9025c8-ed11-384a-8068-8e4d35c6a648, -21.972900, -57.579899,2026-05-06 00:56:00,METOP-C,PORTO MURTINHO,MATO GROSSO DO SUL,Brasil,5006903,50,33,3,0.0,0.13,Cerrado,
98584fb1-4ba2-3ef0-aae0-3b3d4c304cba, -20.209600, -50.649799,2026-05-06 00:56:00,METOP-C,URÂNIA,SÃO PAULO,Brasil,3555802,35,33,8,0.0,0.68,Mata Atlântica,
d9059a12-a926-316e-83b6-fb7434e94f27, -12.495400, -58.456799,2026-05-06 00:56:00,METOP-C,SAPEZAL,MATO GROSSO,Brasil,5107875,51,33,8,0.0,0.12,Cerrado,
64f48f0b-e163-3b8c-9b4b-64afa0572217, -20.219400, -50.647499,2026-05-06 00:56:00,METOP-C,URÂNIA,SÃO PAULO,Brasil,3555802,35,33,8,0.0,0.8,Mata Atlântica,
bc0b504c-0de5-39dd-a42a-630473e3e50b, -19.947599, -54.381001,2026-05-06 00:56:00,METOP-C,BANDEIRANTES,MATO GROSSO DO SUL,Brasil,5001508,50,33,3,0.0,0.38,Cerrado,
38ce1f10-eb0c-369b-ad0a-173cecae86c4, -16.425900, -54.917500,2026-05-06 00:56:00,METOP-C,RONDONÓPOLIS,MATO GROSSO,Brasil,5107602,51,33,7,0.0,0.63,Cerrado,
3c60cfcf-1c0a-31a1-8d16-e46a6a94966f, -18.431900, -54.701500,2026-05-06 00:56:00,METOP-C,COXIM,MATO GROSSO DO SUL,Brasil,5003306,50,33,9,0.0,0.83,Cerrado,
4c5cd17b-3701-3430-bbf6-b3e43878c1b2, -21.975901, -57.597500,2026-05-06 00:56:00,METOP-C,PORTO MURTINHO,MATO GROSSO DO SUL,Brasil,5006903,50,33,3,0.0,0.05,Cerrado,
f6949fde-938b-3419-a8b1-6984776917f2, -16.414101, -54.909801,2026-05-06 00:56:00,METOP-C,RONDONÓPOLIS,MATO GROSSO,Brasil,5107602,51,33,7,0.0,1.0,Cerrado,
fb7ce8ef-9de4-3f2a-8c0b-9b2548d2b586, -23.554199, -47.445900,2026-05-06 00:56:00,METOP-C,VOTORANTIM,SÃO PAULO,Brasil,3557006,35,33,3,0.0,-999.0,Mata Atlântica,
c08507be-98bc-31dc-b92f-755946ad1e02, -22.607500, -49.557701,2026-05-06 00:56:00,METOP-C,SANTA CRUZ DO RIO PARDO,SÃO PAULO,Brasil,3546405,35,33,2,0.0,1.0,Cerrado,
1994234f-f98f-370d-9c3f-52196c201455, -17.806200, -46.716900,2026-05-06 00:56:00,METOP-C,VAZANTE,MINAS GERAIS,Brasil,3171006,31,33,26,0.0,0.98,Cerrado,
7954b6c7-1047-324a-a385-bf872e516c6a, -12.275500, -43.494598,2026-05-06 00:56:00,METOP-C,MUQUÉM DO SÃO FRANCISCO,BAHIA,Brasil,2922250,29,33,16,4.09,0.46,Cerrado,
6f2d5ad2-dfc0-33ed-bd59-cdab06c1e3b8, -17.804100, -46.708099,2026-05-06 00:56:00,METOP-C,VAZANTE,MINAS GERAIS,Brasil,3171006,31,33,26,0.0,1.0,Cerrado,
2a6d687f-29c3-3b92-b8a4-6a2af2d6721c, -12.505100, -58.454800,2026-05-06 00:56:00,METOP-C,SAPEZAL,MATO GROSSO,Brasil,5107875,51,33,8,0.0,0.12,Cerrado,
97ee48a3-07cd-36bd-b4df-40e2902e18a2, -12.485600, -58.458801,2026-05-06 00:56:00,METOP-C,SAPEZAL,MATO GROSSO,Brasil,5107875,51,33,8,0.0,0.12,Cerrado,
b1345741-417e-38b8-9935-6293b33cca2b, -11.431400, -55.096901,2026-05-06 00:56:00,METOP-C,CLÁUDIA,MATO GROSSO,Brasil,5103056,51,33,7,0.0,0.11,Amazônia,
9b8ad9a5-eaa9-3f93-bb49-bcfe0c07fffa, -20.217800, -50.640099,2026-05-06 00:56:00,METOP-C,URÂNIA,SÃO PAULO,Brasil,3555802,35,33,8,0.0,1.0,Mata Atlântica,
27e71257-0371-3bb6-9cea-088693c06669, -12.350600, -50.021702,2026-05-06 00:56:00,METOP-C,SANDOLÂNDIA,TOCANTINS,Brasil,1718840,17,33,7,0.0,0.47,Cerrado,
6be8faf5-181e-3939-a99d-6c4658b3521c, -11.620500, -48.059200,2026-05-06 00:56:00,METOP-C,CHAPADA DA NATIVIDADE,TOCANTINS,Brasil,1705102,17,33,8,0.0,0.47,Cerrado,
c71fd623-dcbd-3659-b47a-2878e82e91fe, -10.941700, -49.425400,2026-05-06 00:56:00,METOP-C,SANTA RITA DO TOCANTINS,TOCANTINS,Brasil,1718899,17,33,2,0.0,0.26,Cerrado,
10bce791-8ba7-3401-bcaa-508cadea0cdb, -17.813801, -46.705601,2026-05-06 00:56:00,METOP-C,VAZANTE,MINAS GERAIS,Brasil,3171006,31,33,26,0.0,1.0,Cerrado,
ce49a488-d4d1-3b42-bc14-0d1cbd7dbb10, -13.693000, -55.681301,2026-05-06 00:56:00,METOP-C,NOVA MUTUM,MATO GROSSO,Brasil,5106224,51,33,7,0.0,0.12,Cerrado,
0cb89e05-b30f-3a1f-8650-2e431c701e28, -21.709700, -48.424999,2026-05-06 00:56:00,METOP-C,MATÃO,SÃO PAULO,Brasil,3529302,35,33,8,0.0,1.0,Cerrado,
3f94671f-401e-3822-9035-7ce036b4b77e, -12.460000, -54.442799,2026-05-06 00:56:00,METOP-C,NOVA UBIRATÃ,MATO GROSSO,Brasil,5106240,51,33,6,0.0,0.1,Amazônia,
a1e4602e-187d-350b-9016-550493c92ff7, -11.443100, -55.103401,2026-05-06 00:56:00,METOP-C,CLÁUDIA,MATO GROSSO,Brasil,5103056,51,33,7,0.0,0.11,Amazônia,
5b4a4529-5ebc-3ad4-af0d-e3e4b4152fc7, -21.191200, -49.200199,2026-05-06 00:56:00,METOP-C,URUPÊS,SÃO PAULO,Brasil,3556008,35,33,8,0.0,1.0,Mata Atlântica,
8d35c702-a5bb-394b-b500-53d424909012, -21.192801, -49.207500,2026-05-06 00:56:00,METOP-C,URUPÊS,SÃO PAULO,Brasil,3556008,35,33,8,0.0,1.0,Mata Atlântica,
53c70b22-ebca-35f9-8d53-da57a73377df, -16.421900, -54.897900,2026-05-06 00:56:00,METOP-C,RONDONÓPOLIS,MATO GROSSO,Brasil,5107602,51,33,7,0.0,0.49,Cerrado,
7404f8b8-e1ea-34b0-a01b-de56594a1575, -12.498200, -58.471100,2026-05-06 00:56:00,METOP-C,SAPEZAL,MATO GROSSO,Brasil,5107875,51,33,8,0.0,0.12,Cerrado,
3dadd782-684f-3e46-a67c-aec7c511e7ce, -23.083000, -48.618198,2026-05-06 00:56:00,METOP-C,ITATINGA,SÃO PAULO,Brasil,3523503,35,33,3,0.0,0.89,Cerrado,
5ff48a36-95cc-3dfa-9c45-74b3c1cba5e0, -23.081301, -48.610699,2026-05-06 00:56:00,METOP-C,ITATINGA,SÃO PAULO,Brasil,3523503,35,33,3,0.0,0.49,Cerrado,
dc6e356b-969b-365e-ad38-7a91a6e49a97,  -8.619100, -49.517601,2026-05-06 00:56:00,METOP-C,CONCEIÇÃO DO ARAGUAIA,PARÁ,Brasil,1502707,15,33,3,0.0,0.64,Amazônia,
a3f27354-6780-30f9-b794-f98e48b56389, -14.077500, -47.783600,2026-05-06 00:56:00,METOP-C,CAVALCANTE,GOIÁS,Brasil,5205307,52,33,8,0.0,0.55,Cerrado,
fc59dc55-8ff3-3896-b935-7fb8182d4eec, -11.618400, -48.050400,2026-05-06 00:56:00,METOP-C,CHAPADA DA NATIVIDADE,TOCANTINS,Brasil,1705102,17,33,8,0.0,0.44,Cerrado,
67cc1407-92d5-364a-8204-70bc05754ee6, -11.639600, -54.159401,2026-05-06 00:56:00,METOP-C,UNIÃO DO SUL,MATO GROSSO,Brasil,5108303,51,33,8,0.0,0.41,Amazônia,
b91d4bf1-ec38-30ac-accc-aef74999dcff, -18.497299, -55.506802,2026-05-06 00:56:00,METOP-C,CORUMBÁ,MATO GROSSO DO SUL,Brasil,5003207,50,33,9,0.0,0.89,Pantanal,
5950abbe-5375-37e3-b88d-b7e4a9b276c0, -11.556400, -48.267101,2026-05-06 00:56:00,METOP-C,SÃO VALÉRIO,TOCANTINS,Brasil,1720499,17,33,9,0.0,0.53,Cerrado,
00edb6b7-44ec-3b6a-afdc-b9186d69cae9, -11.433300, -55.105499,2026-05-06 00:56:00,METOP-C,CLÁUDIA,MATO GROSSO,Brasil,5103056,51,33,7,0.0,0.12,Amazônia,
23d6ae2f-d631-318d-91b6-7378bb186e09, -12.503300, -58.478100,2026-05-06 01:00:00,GOES-19,SAPEZAL,MATO GROSSO,Brasil,5107875,51,33,8,0.0,0.12,Cerrado,108.6
00927b0c-0319-3128-bb19-b619743d5673, -12.503500, -58.458200,2026-05-06 01:00:00,GOES-19,SAPEZAL,MATO GROSSO,Brasil,5107875,51,33,8,0.0,0.12,Cerrado,44.3
9491599c-0012-39c6-a7ed-1873eee273c2, -12.503300, -58.478100,2026-05-06 01:10:00,GOES-19,SAPEZAL,MATO GROSSO,Brasil,5107875,51,33,8,0.0,0.12,Cerrado,138.7
c758096e-9b46-35cd-997b-c00f7cc4743f, -20.203300, -50.641200,2026-05-06 01:10:00,GOES-19,URÂNIA,SÃO PAULO,Brasil,3555802,35,33,8,0.0,0.93,Mata Atlântica,60.0
c4ada959-e61d-3b8c-8d6c-cd05ac7e2eda, -12.503500, -58.458200,2026-05-06 01:10:00,GOES-19,SAPEZAL,MATO GROSSO,Brasil,5107875,51,33,8,0.0,0.12,Cerrado,46.1
36aef753-67cd-32d5-9a2a-c8f69d67bbcf, -12.503100, -58.497900,2026-05-06 01:10:00,GOES-19,SAPEZAL,MATO GROSSO,Brasil,5107875,51,33,8,0.0,0.13,Cerrado,49.3
9802cd9b-600e-33b8-845a-8bdf313e8231, -12.503300, -58.478100,2026-05-06 01:20:00,GOES-19,SAPEZAL,MATO GROSSO,Brasil,5107875,51,33,8,0.0,0.12,Cerrado,118.0
8e5d90e2-947b-374a-ae12-f9d8a4ba0a04, -20.223700, -50.637100,2026-05-06 01:20:00,GOES-19,URÂNIA,SÃO PAULO,Brasil,3555802,35,33,8,0.0,1.0,Mata Atlântica,54.7
2358e4c5-fd80-32ed-818d-4ae2fc5001ed, -12.503100, -58.497900,2026-05-06 01:20:00,GOES-19,SAPEZAL,MATO GROSSO,Brasil,5107875,51,33,8,0.0,0.13,Cerrado,44.0
fd1834a8-de4c-3bd9-9ee2-af042a54c47c, -12.503300, -58.478100,2026-05-06 01:30:00,GOES-19,SAPEZAL,MATO GROSSO,Brasil,5107875,51,33,8,0.0,0.12,Cerrado,106.3
d29431d7-9303-3fc2-89ea-56e13027277b, -20.203300, -50.641200,2026-05-06 01:40:00,GOES-19,URÂNIA,SÃO PAULO,Brasil,3555802,35,33,8,0.0,0.93,Mata Atlântica,57.2
1643aeb3-1a0c-3c2e-bf33-f368c1f857c8, -12.503500, -58.458200,2026-05-06 01:40:00,GOES-19,SAPEZAL,MATO GROSSO,Brasil,5107875,51,33,8,0.0,0.12,Cerrado,42.3
460046a5-2f5f-3dc2-a6a4-e26d57f646a4, -12.503300, -58.478100,2026-05-06 01:40:00,GOES-19,SAPEZAL,MATO GROSSO,Brasil,5107875,51,33,8,0.0,0.12,Cerrado,116.0
28a3ca76-0155-30fa-a775-49093766843a, -12.484300, -58.479500,2026-05-06 01:50:00,GOES-19,SAPEZAL,MATO GROSSO,Brasil,5107875,51,33,8,0.0,-999.0,Cerrado,39.9
dece8340-249f-317d-ac58-ff15374972a7, -12.503300, -58.478100,2026-05-06 01:50:00,GOES-19,SAPEZAL,MATO GROSSO,Brasil,5107875,51,33,8,0.0,0.12,Cerrado,100.9
2b3d7c21-7e5b-3ef5-8940-844ceae139a6, -12.503300, -58.478100,2026-05-06 02:00:00,GOES-19,SAPEZAL,MATO GROSSO,Brasil,5107875,51,33,8,0.0,0.12,Cerrado,88.9
e93c0812-6ebc-399c-92d8-16e8d5b19a68, -12.503300, -58.478100,2026-05-06 02:10:00,GOES-19,SAPEZAL,MATO GROSSO,Brasil,5107875,51,33,8,0.0,0.12,Cerrado,83.6
ae489da8-cafe-3af4-a7e0-88c3ad4bf956, -12.503300, -58.478100,2026-05-06 02:20:00,GOES-19,SAPEZAL,MATO GROSSO,Brasil,5107875,51,33,8,0.0,0.12,Cerrado,82.2
673fd6d0-8bcd-3d2c-89b8-0aab5314d29a, -12.503300, -58.478100,2026-05-06 02:30:00,GOES-19,SAPEZAL,MATO GROSSO,Brasil,5107875,51,33,8,0.0,0.12,Cerrado,77.5
154c9cc4-ea71-3bb4-b19e-aa60f8bfa91c, -12.503300, -58.478100,2026-05-06 02:40:00,GOES-19,SAPEZAL,MATO GROSSO,Brasil,5107875,51,33,8,0.0,0.12,Cerrado,82.7
b2d217ae-959d-3bc3-92ed-f4e8f2b3478d, -12.503300, -58.478100,2026-05-06 02:50:00,GOES-19,SAPEZAL,MATO GROSSO,Brasil,5107875,51,33,8,0.0,0.12,Cerrado,86.7
efae25cb-32a9-341c-84e3-3cc6ecacd3bb, -12.503300, -58.478100,2026-05-06 03:00:00,GOES-19,SAPEZAL,MATO GROSSO,Brasil,5107875,51,33,8,0.0,0.12,Cerrado,70.3
0af034f0-5fd3-38f0-a909-7d403dfbfd75, -12.503300, -58.478100,2026-05-06 03:10:00,GOES-19,SAPEZAL,MATO GROSSO,Brasil,5107875,51,33,8,0.0,0.12,Cerrado,74.1
94165685-f31e-3240-bc76-cff98a4e4650, -22.171350, -42.876740,2026-05-06 03:17:00,NOAA-21,SÃO JOSÉ DO VALE DO RIO PRETO,RIO DE JANEIRO,Brasil,3305158,33,33,3,0.0,0.55,Mata Atlântica,1.4
0761c3ce-0c57-3410-856e-39afe64292d4, -12.503300, -58.478100,2026-05-06 03:20:00,GOES-19,SAPEZAL,MATO GROSSO,Brasil,5107875,51,33,8,0.0,0.12,Cerrado,73.1
db35cd0c-9a61-3ac8-b8b2-db695043f847, -12.503300, -58.478100,2026-05-06 03:30:00,GOES-19,SAPEZAL,MATO GROSSO,Brasil,5107875,51,33,8,0.0,0.12,Cerrado,73.3
5bfffb2e-6bf4-3e22-a736-914f80e72ae8, -12.503300, -58.478100,2026-05-06 03:40:00,GOES-19,SAPEZAL,MATO GROSSO,Brasil,5107875,51,33,8,0.0,0.12,Cerrado,70.3
c4cc2811-624d-34f6-8b2a-70ccc3b84ce5,  -5.785890, -45.124690,2026-05-06 03:45:00,NPP-375D,BARRA DO CORDA,MARANHÃO,Brasil,2101608,21,33,2,0.0,0.29,Cerrado,1.5
3f2a82d1-77aa-3912-9ed6-337c4977f940,  -8.225350, -43.880980,2026-05-06 03:45:00,NPP-375D,MANOEL EMÍDIO,PIAUÍ,Brasil,2205904,22,33,12,0.0,0.69,Caatinga,2.1
4d8d2504-bb05-359f-ae8f-9e73bcc7caf8,  -8.224940, -43.880360,2026-05-06 03:45:00,NPP-375D,MANOEL EMÍDIO,PIAUÍ,Brasil,2205904,22,33,12,0.0,0.69,Caatinga,1.2
d37594c4-37b3-36ae-af4e-7ed9aadb5828,  -8.230460, -43.881400,2026-05-06 03:45:00,NPP-375D,MANOEL EMÍDIO,PIAUÍ,Brasil,2205904,22,33,12,0.0,0.69,Cerrado,1.2
4a5e19a8-dade-377c-b3d0-72962acaa027,  -5.784990, -45.129680,2026-05-06 03:45:00,NPP-375D,BARRA DO CORDA,MARANHÃO,Brasil,2101608,21,33,2,0.0,0.29,Cerrado,1.5
fa227b03-f79a-35d8-a756-d6a5473a4f32,  -5.786790, -45.119740,2026-05-06 03:45:00,NPP-375D,BARRA DO CORDA,MARANHÃO,Brasil,2101608,21,33,2,0.0,0.29,Cerrado,1.4
01b3f911-04e2-38a2-be94-b7ab737b7976,  -8.455980, -36.363760,2026-05-06 03:45:00,NPP-375D,SÃO BENTO DO UNA,PERNAMBUCO,Brasil,2613008,26,33,0,0.0,0.37,Caatinga,0.4
4bd63a55-eef5-3777-80e9-85a45eb79992, -13.222640, -40.135230,2026-05-06 03:47:00,NPP-375D,IRAJUBA,BAHIA,Brasil,2914208,29,33,10,0.0,0.85,Mata Atlântica,1.2
0caf6b04-f517-3dd0-bb98-9ebd6c8a1440, -14.147070, -45.357990,2026-05-06 03:47:00,NPP-375D,JABORANDI,BAHIA,Brasil,2917359,29,33,25,0.0,0.8,Cerrado,1.2
7c6c2a0d-011b-3a2b-97ec-7692089f6dd5, -11.124600, -45.118190,2026-05-06 03:47:00,NPP-375D,FORMOSA DO RIO PRETO,BAHIA,Brasil,2911105,29,33,10,0.0,0.75,Cerrado,1.4
55c1bf90-c1b8-3cf1-add8-03cce042c9be, -13.652120, -45.556890,2026-05-06 03:47:00,NPP-375D,CORRENTINA,BAHIA,Brasil,2909307,29,33,25,0.0,0.88,Cerrado,0.7
3023cb6a-0fc9-3fee-a6ae-d496f70e35cc, -11.618840, -48.058560,2026-05-06 03:47:00,NPP-375D,CHAPADA DA NATIVIDADE,TOCANTINS,Brasil,1705102,17,33,8,0.0,0.46,Cerrado,2.3
d2dd3832-dad5-30e1-ba09-6c7f5536a679, -14.136160, -45.355710,2026-05-06 03:47:00,NPP-375D,JABORANDI,BAHIA,Brasil,2917359,29,33,25,0.0,0.8,Cerrado,1.0
56771325-ff37-3b24-be71-0871603f21cf, -12.269370, -43.511600,2026-05-06 03:47:00,NPP-375D,MUQUÉM DO SÃO FRANCISCO,BAHIA,Brasil,2922250,29,33,16,4.49,0.49,Cerrado,3.4
c2e26b3f-fb4b-3bcf-b6fc-cbd00eb28dfa, -10.587170, -44.328840,2026-05-06 03:47:00,NPP-375D,SANTA RITA DE CÁSSIA,BAHIA,Brasil,2928406,29,33,16,0.0,0.38,Cerrado,1.6
99cf38ab-180d-3069-a0ca-239eedd84e94, -11.606530, -48.058360,2026-05-06 03:47:00,NPP-375D,CHAPADA DA NATIVIDADE,TOCANTINS,Brasil,1705102,17,33,8,0.0,0.44,Cerrado,2.7
d8e047b1-28bc-3d99-aeb0-cc5cfa9dae7e, -12.333590, -44.594330,2026-05-06 03:47:00,NPP-375D,BAIANÓPOLIS,BAHIA,Brasil,2902500,29,33,18,0.0,0.65,Cerrado,6.6
d85c4f7f-56b4-3a82-80a6-6d597249bdfb, -20.208140, -50.652330,2026-05-06 03:47:00,NPP-375D,URÂNIA,SÃO PAULO,Brasil,3555802,35,33,8,0.0,0.69,Mata Atlântica,10.2
c37dd874-49bb-3619-ad50-641ed8089254, -11.995710, -47.780180,2026-05-06 03:47:00,NPP-375D,NATIVIDADE,TOCANTINS,Brasil,1714203,17,33,9,0.0,0.44,Cerrado,0.8
32e925a1-3e07-322c-bcd3-89f808e67f85, -13.651350, -45.560690,2026-05-06 03:47:00,NPP-375D,CORRENTINA,BAHIA,Brasil,2909307,29,33,25,0.0,0.88,Cerrado,0.7
e17eb7cc-82be-31ff-8768-c712c0e1b450, -18.076240, -46.368130,2026-05-06 03:47:00,NPP-375D,PRESIDENTE OLEGÁRIO,MINAS GERAIS,Brasil,3153400,31,33,17,0.0,0.64,Cerrado,1.8
dad3ecd1-8096-3414-9177-85f8f1586be9, -11.125340, -45.114460,2026-05-06 03:47:00,NPP-375D,FORMOSA DO RIO PRETO,BAHIA,Brasil,2911105,29,33,10,0.0,0.75,Cerrado,1.6
9c21c702-47c2-36c8-beec-d825fb12dcaf, -13.227440, -40.131160,2026-05-06 03:47:00,NPP-375D,IRAJUBA,BAHIA,Brasil,2914208,29,33,11,0.0,0.96,Mata Atlântica,0.8
5646846a-b097-342a-b4c4-ee92e6405cec, -12.274370, -43.512620,2026-05-06 03:47:00,NPP-375D,MUQUÉM DO SÃO FRANCISCO,BAHIA,Brasil,2922250,29,33,16,4.46,0.54,Cerrado,3.7
3dd654e7-0f98-34ac-95e9-163b496a7223, -19.727720, -40.304450,2026-05-06 03:47:00,NPP-375D,ARACRUZ,ESPÍRITO SANTO,Brasil,3200607,32,33,10,0.55,1.0,Mata Atlântica,0.9
f8c9d0e3-08b9-30a3-82b9-452caa99578b, -11.620020, -48.060930,2026-05-06 03:47:00,NPP-375D,CHAPADA DA NATIVIDADE,TOCANTINS,Brasil,1705102,17,33,8,0.0,0.47,Cerrado,1.7
e0329c9d-674f-3228-ba25-da16503dd8c3, -13.998040, -47.597020,2026-05-06 03:47:00,NPP-375D,CAVALCANTE,GOIÁS,Brasil,5205307,52,33,9,0.0,0.59,Cerrado,2.2
ddda7cc0-5ec6-3307-9871-bb34abe31780, -18.076300, -46.373160,2026-05-06 03:47:00,NPP-375D,PRESIDENTE OLEGÁRIO,MINAS GERAIS,Brasil,3153400,31,33,17,0.0,0.71,Cerrado,1.6
eb613976-9e9d-3c4f-b29b-d943f39d0874, -13.223520, -40.130180,2026-05-06 03:47:00,NPP-375D,IRAJUBA,BAHIA,Brasil,2914208,29,33,10,0.0,0.99,Mata Atlântica,0.8
0ad1bb03-d636-3d61-8289-7b4419afeae8, -13.798950, -43.347820,2026-05-06 03:47:00,NPP-375D,RIACHO DE SANTANA,BAHIA,Brasil,2926400,29,33,33,0.0,0.99,Caatinga,2.4
51ce2101-6d10-3364-bb4e-77bcd3b961a5,  -9.471100, -47.808180,2026-05-06 03:47:00,NPP-375D,RIO SONO,TOCANTINS,Brasil,1718758,17,33,8,0.0,0.41,Cerrado,2.1
8f128e57-8dc2-337d-a0d0-9fd216b73192, -11.137150, -45.144440,2026-05-06 03:47:00,NPP-375D,FORMOSA DO RIO PRETO,BAHIA,Brasil,2911105,29,33,8,0.0,0.74,Cerrado,3.1
d746c195-fb4a-34f1-ae0a-20f2eeced55f, -13.225470, -40.132620,2026-05-06 03:47:00,NPP-375D,IRAJUBA,BAHIA,Brasil,2914208,29,33,10,0.0,0.9,Mata Atlântica,1.7
1d2078c5-1795-3074-803c-55cd57d78263, -11.130270, -45.119350,2026-05-06 03:47:00,NPP-375D,FORMOSA DO RIO PRETO,BAHIA,Brasil,2911105,29,33,10,0.0,0.75,Cerrado,2.0
455b1901-d187-3449-8b52-deafa355b906, -11.798380, -43.618590,2026-05-06 03:47:00,NPP-375D,BARRA,BAHIA,Brasil,2902708,29,33,18,2.2,0.48,Cerrado,3.4
51ac93bf-c711-30da-93a5-4be659c676ed, -18.236930, -45.670380,2026-05-06 03:47:00,NPP-375D,SÃO GONÇALO DO ABAETÉ,MINAS GERAIS,Brasil,3161700,31,33,17,0.0,1.0,Cerrado,0.7
71efe5e7-71a7-3789-ac1f-d8f4162d7e9a, -11.132190, -45.139610,2026-05-06 03:47:00,NPP-375D,FORMOSA DO RIO PRETO,BAHIA,Brasil,2911105,29,33,8,0.0,0.74,Cerrado,13.0
05c0737c-b93b-310b-97aa-f11aa43f8fff, -11.803470, -43.619590,2026-05-06 03:47:00,NPP-375D,BARRA,BAHIA,Brasil,2902708,29,33,18,2.2,0.48,Cerrado,3.4
220a7a42-a594-3e81-85a0-53b443241322,  -9.464240, -47.806800,2026-05-06 03:47:00,NPP-375D,RIO SONO,TOCANTINS,Brasil,1718758,17,33,8,0.0,0.42,Cerrado,3.0
595f7e4b-dffc-3a01-95c4-ae97bfb2fc61, -13.996760, -47.603050,2026-05-06 03:47:00,NPP-375D,CAVALCANTE,GOIÁS,Brasil,5205307,52,33,9,0.0,0.61,Cerrado,2.2
dc0c5d43-8787-39b6-812d-06e1fbc673f0, -12.270510, -43.505750,2026-05-06 03:47:00,NPP-375D,MUQUÉM DO SÃO FRANCISCO,BAHIA,Brasil,2922250,29,33,16,4.36,0.42,Cerrado,4.1
39ee5acf-b0c6-3a6b-92f2-f1d17bec5ec9, -11.137900, -45.140620,2026-05-06 03:47:00,NPP-375D,FORMOSA DO RIO PRETO,BAHIA,Brasil,2911105,29,33,8,0.0,0.74,Cerrado,3.4
5398678c-43e6-323c-bc61-2600270dc433, -11.798940, -43.615590,2026-05-06 03:47:00,NPP-375D,BARRA,BAHIA,Brasil,2902708,29,33,18,2.2,0.48,Cerrado,3.4
e458bbdf-4825-3a1f-b84f-9088486e4b7f, -11.554200, -48.273290,2026-05-06 03:47:00,NPP-375D,SÃO VALÉRIO,TOCANTINS,Brasil,1720499,17,33,8,0.0,0.42,Cerrado,2.8
5e186c71-cb8a-3811-a823-899304879aa4, -12.271980, -43.505420,2026-05-06 03:47:00,NPP-375D,MUQUÉM DO SÃO FRANCISCO,BAHIA,Brasil,2922250,29,33,16,4.34,0.43,Cerrado,4.0
94fc62af-b5f5-35a0-9e25-ae092156df80, -18.237390, -45.672170,2026-05-06 03:47:00,NPP-375D,SÃO GONÇALO DO ABAETÉ,MINAS GERAIS,Brasil,3161700,31,33,17,0.0,1.0,Cerrado,0.9
ca85dadb-51fd-3678-ac2f-1920377e4090, -11.440030, -40.774270,2026-05-06 03:47:00,NPP-375D,MIGUEL CALMON,BAHIA,Brasil,2921203,29,33,12,0.0,0.95,Caatinga,1.3
dfb75d65-3479-3a0e-923e-f178528b2ef4, -11.610870, -48.063330,2026-05-06 03:47:00,NPP-375D,CHAPADA DA NATIVIDADE,TOCANTINS,Brasil,1705102,17,33,8,0.0,0.46,Cerrado,2.3
bc7e8826-f433-3831-8eb9-4fd3befd0286, -13.441770, -43.846140,2026-05-06 03:47:00,NPP-375D,SERRA DO RAMALHO,BAHIA,Brasil,2930154,29,33,25,0.0,0.89,Cerrado,13.4
9bd79ac0-cd39-32b7-a8bf-d9e9b03c40fd, -11.613280, -48.059600,2026-05-06 03:47:00,NPP-375D,CHAPADA DA NATIVIDADE,TOCANTINS,Brasil,1705102,17,33,8,0.0,0.46,Cerrado,2.7
3f06fc91-8c47-3f20-be8c-2e4818d0a079, -12.275890, -43.512320,2026-05-06 03:47:00,NPP-375D,MUQUÉM DO SÃO FRANCISCO,BAHIA,Brasil,2922250,29,33,16,4.44,0.52,Cerrado,4.0
66e9a437-8f56-3c58-bff8-8c9121e703ea, -14.079860, -47.623970,2026-05-06 03:47:00,NPP-375D,ALTO PARAÍSO DE GOIÁS,GOIÁS,Brasil,5200605,52,33,10,0.0,0.43,Cerrado,0.8
9690cea9-27fc-34a8-9ef7-6b2f32233fa9, -11.996870, -47.774460,2026-05-06 03:47:00,NPP-375D,NATIVIDADE,TOCANTINS,Brasil,1714203,17,33,9,0.0,0.42,Cerrado,0.6
5b704898-03b7-375b-b0d9-366b1de97cca, -14.141620, -45.356840,2026-05-06 03:47:00,NPP-375D,JABORANDI,BAHIA,Brasil,2917359,29,33,25,0.0,0.8,Cerrado,1.0
809e5376-4e80-3832-9f35-a15d2060d2e9, -14.135420, -45.359390,2026-05-06 03:47:00,NPP-375D,JABORANDI,BAHIA,Brasil,2917359,29,33,25,0.0,0.8,Cerrado,1.0
24212283-312f-38a9-9752-326bab81a9b8, -22.170220, -42.878500,2026-05-06 03:47:00,NPP-375D,SÃO JOSÉ DO VALE DO RIO PRETO,RIO DE JANEIRO,Brasil,3305158,33,33,3,0.0,0.56,Mata Atlântica,1.0
68760e2a-937b-3a34-a3f2-672eecdda19c, -18.236300, -45.673500,2026-05-06 03:47:00,NPP-375D,SÃO GONÇALO DO ABAETÉ,MINAS GERAIS,Brasil,3161700,31,33,17,0.0,1.0,Cerrado,0.9
0df4b556-fb5d-3b08-8bbd-b88d27e42c4f, -11.131440, -45.143420,2026-05-06 03:47:00,NPP-375D,FORMOSA DO RIO PRETO,BAHIA,Brasil,2911105,29,33,8,0.0,0.74,Cerrado,12.5
15ec145c-0c2a-3ba6-b786-c1c5dc2ab82c, -11.612100, -48.057240,2026-05-06 03:47:00,NPP-375D,CHAPADA DA NATIVIDADE,TOCANTINS,Brasil,1705102,17,33,8,0.0,0.45,Cerrado,2.3
2841e6c9-55a8-3833-bdb9-85b293d66cdd, -12.270880, -43.511290,2026-05-06 03:47:00,NPP-375D,MUQUÉM DO SÃO FRANCISCO,BAHIA,Brasil,2922250,29,33,16,4.47,0.48,Cerrado,4.0
cc5e470f-f260-3e6c-a4f6-4b793dce403d, -18.077090, -46.369510,2026-05-06 03:47:00,NPP-375D,PRESIDENTE OLEGÁRIO,MINAS GERAIS,Brasil,3153400,31,33,17,0.0,0.65,Cerrado,2.7
dcca1d0a-4189-3a37-982d-7330e31229a9, -14.140880, -45.360500,2026-05-06 03:47:00,NPP-375D,JABORANDI,BAHIA,Brasil,2917359,29,33,25,0.0,0.8,Cerrado,1.0
f59f8317-ec66-30af-88b4-f2a21b424f63, -12.275520, -43.506760,2026-05-06 03:47:00,NPP-375D,MUQUÉM DO SÃO FRANCISCO,BAHIA,Brasil,2922250,29,33,16,4.33,0.43,Cerrado,2.5
13fc51e8-4fa4-37b7-9704-fd05803d20c5, -18.075480, -46.371770,2026-05-06 03:47:00,NPP-375D,PRESIDENTE OLEGÁRIO,MINAS GERAIS,Brasil,3153400,31,33,17,0.0,0.72,Cerrado,2.9
a3909bf8-805e-3ceb-b013-4f1fb11afe1f, -12.328180, -44.593440,2026-05-06 03:47:00,NPP-375D,BAIANÓPOLIS,BAHIA,Brasil,2902500,29,33,18,0.0,0.72,Cerrado,2.0
da86a2bf-db0a-3f7d-8f87-17c836de085a, -10.586490, -44.332480,2026-05-06 03:47:00,NPP-375D,SANTA RITA DE CÁSSIA,BAHIA,Brasil,2928406,29,33,16,0.0,0.32,Cerrado,1.6
e481dd6f-8ec1-3e2e-b002-d714db668958, -13.436730, -43.845280,2026-05-06 03:47:00,NPP-375D,SERRA DO RAMALHO,BAHIA,Brasil,2930154,29,33,26,0.0,0.89,Cerrado,2.6
04d309ad-4ea1-3418-b302-9a5dba2c32e2, -14.084970, -47.630790,2026-05-06 03:47:00,NPP-375D,ALTO PARAÍSO DE GOIÁS,GOIÁS,Brasil,5200605,52,33,10,0.0,0.45,Cerrado,1.1
d066b28a-151e-32d5-aeb3-f5810ff4b531, -21.702500, -48.422440,2026-05-06 03:49:00,NPP-375D,MATÃO,SÃO PAULO,Brasil,3529302,35,33,8,0.0,1.0,Cerrado,1.6
6f7cb3c4-5b6e-30bb-9f2c-9c07141c35f2, -21.709030, -48.420160,2026-05-06 03:49:00,NPP-375D,MATÃO,SÃO PAULO,Brasil,3529302,35,33,8,0.0,1.0,Cerrado,9.5
0300bbef-8e20-3c9c-b1a3-8833b24a193f, -17.862900, -42.576020,2026-05-06 03:49:00,NPP-375D,ARICANDUVA,MINAS GERAIS,Brasil,3104452,31,33,21,0.0,0.22,Mata Atlântica,0.9
77033fb1-0aca-3146-99a6-39a39f1a6532, -17.804650, -46.716980,2026-05-06 03:49:00,NPP-375D,VAZANTE,MINAS GERAIS,Brasil,3171006,31,33,26,0.0,1.0,Cerrado,4.7
a4f44bbe-8139-34e2-b7aa-a6d02e092c07, -17.802940, -46.716160,2026-05-06 03:49:00,NPP-375D,VAZANTE,MINAS GERAIS,Brasil,3171006,31,33,26,0.0,1.0,Cerrado,4.6
baca6186-988e-3452-a0b3-66c0177b7e14, -22.506990, -47.317240,2026-05-06 03:49:00,NPP-375D,LIMEIRA,SÃO PAULO,Brasil,3526902,35,33,7,0.0,1.0,Cerrado,10.0
eaa0e49a-8fac-37e4-8932-601117ebf4dc, -23.559560, -48.572830,2026-05-06 03:49:00,NPP-375D,ANGATUBA,SÃO PAULO,Brasil,3502200,35,33,3,0.0,0.59,Cerrado,1.7
76d74413-db61-36c6-8208-e9412bb067b8, -22.507750, -47.313800,2026-05-06 03:49:00,NPP-375D,LIMEIRA,SÃO PAULO,Brasil,3526902,35,33,7,0.0,1.0,Cerrado,10.0
76ee117f-4c74-3a92-9973-3ed288c6da90, -20.790010, -51.665750,2026-05-06 03:49:00,NPP-375D,TRÊS LAGOAS,MATO GROSSO DO SUL,Brasil,5008305,50,33,6,0.0,-999.0,Mata Atlântica,8.2
e4f43137-7dd5-30fb-bd7e-905aad225de9, -21.707190, -48.428220,2026-05-06 03:49:00,NPP-375D,MATÃO,SÃO PAULO,Brasil,3529302,35,33,8,0.0,1.0,Cerrado,13.7
43141835-b230-3717-9f06-d7421156ac76, -17.809260, -46.713840,2026-05-06 03:49:00,NPP-375D,VAZANTE,MINAS GERAIS,Brasil,3171006,31,33,26,0.0,0.96,Cerrado,1.0
deabaeec-8abd-3089-bd9c-8e568826412b, -20.795760, -51.663780,2026-05-06 03:49:00,NPP-375D,TRÊS LAGOAS,MATO GROSSO DO SUL,Brasil,5008305,50,33,6,0.0,-999.0,Mata Atlântica,19.4
3f9e70ff-f40a-3f1c-ab22-32e69a9771a5, -20.798510, -51.661070,2026-05-06 03:49:00,NPP-375D,TRÊS LAGOAS,MATO GROSSO DO SUL,Brasil,5008305,50,33,6,0.0,-999.0,Mata Atlântica,4.8
465d4d13-0fe6-3598-b42f-cecf0b3cbc0f, -22.700740, -43.363560,2026-05-06 03:49:00,NPP-375D,BELFORD ROXO,RIO DE JANEIRO,Brasil,3300456,33,33,-999,0.0,0.89,Mata Atlântica,0.5
a34d2e2d-bacb-3bca-ab5b-d17685f225d4, -22.805050, -49.347450,2026-05-06 03:49:00,NPP-375D,ÁGUAS DE SANTA BÁRBARA,SÃO PAULO,Brasil,3500550,35,33,3,0.0,0.95,Cerrado,1.4
867f4566-9d95-39c8-b628-6db1c8682dab, -20.791650, -51.659060,2026-05-06 03:49:00,NPP-375D,TRÊS LAGOAS,MATO GROSSO DO SUL,Brasil,5008305,50,33,6,0.0,-999.0,Mata Atlântica,4.8
ca19f825-901a-313f-b9ae-e0ff0cccf2ad, -21.708110, -48.424190,2026-05-06 03:49:00,NPP-375D,MATÃO,SÃO PAULO,Brasil,3529302,35,33,8,0.0,1.0,Cerrado,9.5
72f53e31-1878-340f-9f33-63a3a261b0c5, -20.788880, -51.661860,2026-05-06 03:49:00,NPP-375D,TRÊS LAGOAS,MATO GROSSO DO SUL,Brasil,5008305,50,33,6,0.0,-999.0,Mata Atlântica,1.5
157bdcae-6dd6-3b8a-80cd-431cd439fdd8, -20.796870, -51.667760,2026-05-06 03:49:00,NPP-375D,TRÊS LAGOAS,MATO GROSSO DO SUL,Brasil,5008305,50,33,6,0.0,-999.0,Mata Atlântica,8.2
2ee9551d-92d2-3bc4-bdfd-eff6122c409b, -17.808470, -46.717490,2026-05-06 03:49:00,NPP-375D,VAZANTE,MINAS GERAIS,Brasil,3171006,31,33,26,0.0,0.94,Cerrado,1.6
d2015c75-fdde-3317-89ad-f452f7dd263f, -17.805410, -46.713330,2026-05-06 03:49:00,NPP-375D,VAZANTE,MINAS GERAIS,Brasil,3171006,31,33,26,0.0,1.0,Cerrado,2.5
f9a5ba71-c22c-3014-b958-ba234df67581, -17.803730, -46.712520,2026-05-06 03:49:00,NPP-375D,VAZANTE,MINAS GERAIS,Brasil,3171006,31,33,26,0.0,1.0,Cerrado,1.6
ad6dd098-65dc-3f7c-8746-9d24a8e9863d, -22.799280, -49.345540,2026-05-06 03:49:00,NPP-375D,ÁGUAS DE SANTA BÁRBARA,SÃO PAULO,Brasil,3500550,35,33,3,0.0,0.96,Cerrado,1.4
959f1ade-1dce-38da-b2c5-9a6276d013bd, -17.799110, -46.715680,2026-05-06 03:49:00,NPP-375D,VAZANTE,MINAS GERAIS,Brasil,3171006,31,33,26,0.0,1.0,Cerrado,1.4
267bffbc-89c9-3514-9a4d-ba1cb188217b, -12.503300, -58.478100,2026-05-06 03:50:00,GOES-19,SAPEZAL,MATO GROSSO,Brasil,5107875,51,33,8,0.0,0.12,Cerrado,69.3
6537718d-05bb-319c-a719-63dfc1f11028, -12.503300, -58.478100,2026-05-06 04:00:00,GOES-19,SAPEZAL,MATO GROSSO,Brasil,5107875,51,33,8,0.0,0.12,Cerrado,64.7
0d7ec9f6-38b8-3092-bcc6-87dbf110d7c7,  -5.519010, -37.620620,2026-05-06 04:02:00,NOAA-20,FELIPE GUERRA,RIO GRANDE DO NORTE,Brasil,2403707,24,33,0,1.5,0.01,Caatinga,0.6
da2ad89e-3805-35b6-a367-63b07b3a2783, -11.605420, -48.058440,2026-05-06 04:04:00,NOAA-20,CHAPADA DA NATIVIDADE,TOCANTINS,Brasil,1705102,17,33,8,0.0,0.44,Cerrado,1.9
de4d3942-6c99-3201-ab6f-a225583d8b23, -12.156290, -46.662410,2026-05-06 04:04:00,NOAA-20,PONTE ALTA DO BOM JESUS,TOCANTINS,Brasil,1717800,17,33,9,0.0,0.49,Cerrado,0.9
96e6f668-01f3-346e-a93d-2e461951a340, -12.153730, -46.662090,2026-05-06 04:04:00,NOAA-20,PONTE ALTA DO BOM JESUS,TOCANTINS,Brasil,1717800,17,33,8,0.0,0.49,Cerrado,1.6
ef05a555-d6b0-3d7b-acfb-34d56a776e77,  -5.755040, -43.184760,2026-05-06 04:04:00,NOAA-20,PARNARAMA,MARANHÃO,Brasil,2107803,21,33,3,0.0,0.22,Caatinga,2.2
849a2f07-99df-3ec6-903e-3c19ae484500, -10.587810, -44.327650,2026-05-06 04:04:00,NOAA-20,SANTA RITA DE CÁSSIA,BAHIA,Brasil,2928406,29,33,16,0.0,0.43,Cerrado,2.5
d3a9bd1b-0396-3f8c-be2f-f05b80d85b0e, -11.551550, -48.272000,2026-05-06 04:04:00,NOAA-20,SÃO VALÉRIO,TOCANTINS,Brasil,1720499,17,33,8,0.0,0.55,Cerrado,4.2
76e724a1-9ea1-36b1-b826-31f3849d7f9f,  -8.614300, -49.522650,2026-05-06 04:04:00,NOAA-20,CONCEIÇÃO DO ARAGUAIA,PARÁ,Brasil,1502707,15,33,3,0.0,0.64,Amazônia,2.3
d2490f3a-27c3-3711-8728-e3c02574b8c5, -12.439410, -44.622580,2026-05-06 04:04:00,NOAA-20,BAIANÓPOLIS,BAHIA,Brasil,2902500,29,33,12,0.0,1.0,Cerrado,2.2
65e42af9-0deb-3919-a2dd-f0e30b9730ae, -12.388270, -46.325110,2026-05-06 04:04:00,NOAA-20,TAGUATINGA,TOCANTINS,Brasil,1720903,17,33,8,0.0,0.4,Cerrado,0.6
e78fc3f1-16d9-37f6-a7f7-2fd18e0f685c, -11.798380, -42.063950,2026-05-06 04:04:00,NOAA-20,BARRA DO MENDES,BAHIA,Brasil,2903003,29,33,17,0.0,1.0,Caatinga,1.0
7df5587e-8525-3075-9cdf-5203267f4685, -12.328420, -44.591960,2026-05-06 04:04:00,NOAA-20,BAIANÓPOLIS,BAHIA,Brasil,2902500,29,33,18,0.0,0.68,Cerrado,1.5
269af0f9-d934-3351-b13e-3661b1c6cd5e, -13.223690, -40.132140,2026-05-06 04:04:00,NOAA-20,IRAJUBA,BAHIA,Brasil,2914208,29,33,10,0.0,0.93,Mata Atlântica,1.4
b922faa4-f2d4-3400-bc38-8005e2f570c5, -11.126410, -45.114460,2026-05-06 04:04:00,NOAA-20,FORMOSA DO RIO PRETO,BAHIA,Brasil,2911105,29,33,10,0.0,0.75,Cerrado,1.6
285869d9-b0c4-37c5-aafa-d540d5d4974e, -11.796840, -43.617550,2026-05-06 04:04:00,NOAA-20,BARRA,BAHIA,Brasil,2902708,29,33,18,2.2,0.48,Cerrado,2.9
5327d39e-83bf-37d4-8840-846fcb3b5d17, -12.138050, -40.892570,2026-05-06 04:04:00,NOAA-20,UTINGA,BAHIA,Brasil,2932804,29,33,13,0.53,0.56,Caatinga,0.8
bff6df2d-f392-36a3-a4dd-70e485e91247,  -5.787270, -45.121570,2026-05-06 04:04:00,NOAA-20,BARRA DO CORDA,MARANHÃO,Brasil,2101608,21,33,2,0.0,0.29,Cerrado,2.1
7f832005-69b6-3689-a6e7-042492c42cb3, -11.126840, -45.116680,2026-05-06 04:04:00,NOAA-20,FORMOSA DO RIO PRETO,BAHIA,Brasil,2911105,29,33,10,0.0,0.75,Cerrado,2.3
57a4656b-0ba1-3fd1-92bc-239f339757c3,  -5.787890, -45.117820,2026-05-06 04:04:00,NOAA-20,BARRA DO CORDA,MARANHÃO,Brasil,2101608,21,33,2,0.0,0.33,Cerrado,2.1
943ce561-1855-3442-8eda-2110e9a3b8dc,  -9.252210, -40.242120,2026-05-06 04:04:00,NOAA-20,JUAZEIRO,BAHIA,Brasil,2918407,29,33,2,0.0,0.88,Caatinga,18.3
42f3851a-7603-3668-ae89-c8f6fd019502,  -8.222250, -43.877270,2026-05-06 04:04:00,NOAA-20,MANOEL EMÍDIO,PIAUÍ,Brasil,2205904,22,33,12,0.0,0.69,Caatinga,1.1
a07b4698-9feb-32ec-bc4d-7f4bfa824ee7, -11.609980, -48.059240,2026-05-06 04:04:00,NOAA-20,CHAPADA DA NATIVIDADE,TOCANTINS,Brasil,1705102,17,33,8,0.0,0.45,Cerrado,1.9
02f5e4a6-41fd-382b-960c-e56c4019ad61, -12.272900, -43.510320,2026-05-06 04:04:00,NOAA-20,MUQUÉM DO SÃO FRANCISCO,BAHIA,Brasil,2922250,29,33,16,4.43,0.44,Cerrado,3.5
8601180c-2cbe-3623-a0b3-8dc287534dd6, -11.122610, -45.113770,2026-05-06 04:04:00,NOAA-20,FORMOSA DO RIO PRETO,BAHIA,Brasil,2911105,29,33,10,0.0,0.75,Cerrado,1.6
4a1f7843-1c03-32fa-afca-4e315e26895f, -11.615410, -48.055340,2026-05-06 04:04:00,NOAA-20,CHAPADA DA NATIVIDADE,TOCANTINS,Brasil,1705102,17,33,8,0.0,0.45,Cerrado,6.8
74c78224-44eb-377f-ace5-b1de08084f0a, -10.484250, -49.361360,2026-05-06 04:04:00,NOAA-20,CRISTALÂNDIA,TOCANTINS,Brasil,1706100,17,33,7,0.0,0.19,Cerrado,1.4
c20db52d-4a99-3be2-833d-f5a1d504f2b5,  -9.590260, -40.424750,2026-05-06 04:04:00,NOAA-20,JUAZEIRO,BAHIA,Brasil,2918407,29,33,2,0.0,1.0,Caatinga,1.7
15700f54-3718-3fdd-bcd7-bdd1c9bd4321, -12.510370, -46.673070,2026-05-06 04:04:00,NOAA-20,TAGUATINGA,TOCANTINS,Brasil,1720903,17,33,9,0.0,0.61,Cerrado,0.7
12efe174-03c2-3124-b60d-8bf1cfb90edb, -12.392290, -46.325800,2026-05-06 04:04:00,NOAA-20,TAGUATINGA,TOCANTINS,Brasil,1720903,17,33,8,0.0,0.4,Cerrado,0.6
dfb2ccc3-d405-3277-85aa-1b1a69fe53f2, -11.797490, -43.613610,2026-05-06 04:04:00,NOAA-20,BARRA,BAHIA,Brasil,2902708,29,33,18,2.2,0.48,Cerrado,2.9
59760222-9c24-3aa9-bf71-60c8e05a3094, -13.227060, -40.132630,2026-05-06 04:04:00,NOAA-20,IRAJUBA,BAHIA,Brasil,2914208,29,33,10,0.0,0.92,Mata Atlântica,0.6
5496b5a3-54ef-3f64-83f8-c4b70ce31c66,  -9.680170, -47.026020,2026-05-06 04:04:00,NOAA-20,LIZARDA,TOCANTINS,Brasil,1712405,17,33,6,0.0,0.6,Cerrado,1.3
870ced82-c49a-32d7-b844-793685e9ac17, -11.125600, -45.119090,2026-05-06 04:04:00,NOAA-20,FORMOSA DO RIO PRETO,BAHIA,Brasil,2911105,29,33,10,0.0,0.75,Cerrado,1.9
b8a60e5b-a336-311d-8bc5-539f8faed8c0, -11.996520, -45.341500,2026-05-06 04:04:00,NOAA-20,BARREIRAS,BAHIA,Brasil,2903201,29,33,18,0.0,0.71,Cerrado,1.2
771e1871-1223-302e-98bc-b9b3121c5d32, -12.392920, -46.322200,2026-05-06 04:04:00,NOAA-20,TAGUATINGA,TOCANTINS,Brasil,1720903,17,33,8,0.0,0.4,Cerrado,2.2
d350a4d5-6f89-33eb-8918-74fa038333a8,  -9.467720, -47.799370,2026-05-06 04:04:00,NOAA-20,RIO SONO,TOCANTINS,Brasil,1718758,17,33,8,0.0,0.42,Cerrado,2.8
982f4719-b097-3c4e-a7be-84b870afe423, -10.935540, -49.432990,2026-05-06 04:04:00,NOAA-20,SANTA RITA DO TOCANTINS,TOCANTINS,Brasil,1718899,17,33,2,0.0,0.26,Cerrado,1.4
bbe1a424-be3f-3f5b-be26-3a3acd2d635c, -11.416150, -47.078390,2026-05-06 04:04:00,NOAA-20,PORTO ALEGRE DO TOCANTINS,TOCANTINS,Brasil,1718006,17,33,8,0.0,0.34,Cerrado,0.8
2f2bd313-41ca-3aa6-b5ce-19293c1febac, -12.269440, -43.509720,2026-05-06 04:04:00,NOAA-20,MUQUÉM DO SÃO FRANCISCO,BAHIA,Brasil,2922250,29,33,16,4.45,0.41,Cerrado,3.5
f499b04e-f584-37fe-b9a1-d2af1f23de8e, -12.332060, -44.592550,2026-05-06 04:04:00,NOAA-20,BAIANÓPOLIS,BAHIA,Brasil,2902500,29,33,18,0.0,0.66,Cerrado,9.5
a38c7aae-4ea1-32cf-97e1-7f03efecd228,  -5.786040, -45.129090,2026-05-06 04:04:00,NOAA-20,BARRA DO CORDA,MARANHÃO,Brasil,2101608,21,33,2,0.0,0.29,Cerrado,1.7
a983600e-cc24-37cc-9752-ff435f2d1a9e,  -9.680930, -47.021690,2026-05-06 04:04:00,NOAA-20,LIZARDA,TOCANTINS,Brasil,1712405,17,33,7,0.0,0.59,Cerrado,1.3
7191c154-e763-339a-945e-929790c35173,  -5.786650, -45.125330,2026-05-06 04:04:00,NOAA-20,BARRA DO CORDA,MARANHÃO,Brasil,2101608,21,33,2,0.0,0.29,Cerrado,1.7
af1b0297-89d3-3fc1-8310-48ad98f064f0, -11.126050, -45.121330,2026-05-06 04:04:00,NOAA-20,FORMOSA DO RIO PRETO,BAHIA,Brasil,2911105,29,33,10,0.0,0.75,Cerrado,1.0
3991271d-348d-3aa4-8973-e800872fd339,  -8.619580, -49.523680,2026-05-06 04:04:00,NOAA-20,CONCEIÇÃO DO ARAGUAIA,PARÁ,Brasil,1502707,15,33,3,0.0,0.64,Amazônia,2.3
539c60fb-dc7e-3687-936f-0019af97a468, -11.844610, -43.964040,2026-05-06 04:04:00,NOAA-20,WANDERLEY,BAHIA,Brasil,2933455,29,33,8,0.3,0.8,Cerrado,0.9
813505f3-1ec9-3503-8c21-8eae51f67de1,  -9.251660, -40.245600,2026-05-06 04:04:00,NOAA-20,JUAZEIRO,BAHIA,Brasil,2918407,29,33,2,0.0,0.94,Caatinga,0.9
526bb23a-a646-3935-b3ac-89b965a0148a, -13.224250, -40.128480,2026-05-06 04:04:00,NOAA-20,IRAJUBA,BAHIA,Brasil,2914208,29,33,10,0.0,1.0,Mata Atlântica,0.6
1ad8fe88-e8e9-3f3e-88e6-6cd1d469a8cb,  -8.156990, -46.663320,2026-05-06 04:04:00,NOAA-20,CAMPOS LINDOS,TOCANTINS,Brasil,1703842,17,33,4,0.0,0.49,Cerrado,1.5
2ab8af9a-1ef9-3306-ba91-3eaa9bfd5c09, -12.270090, -43.505840,2026-05-06 04:04:00,NOAA-20,MUQUÉM DO SÃO FRANCISCO,BAHIA,Brasil,2922250,29,33,16,4.37,0.42,Cerrado,3.5
ec32c7ef-9349-3281-8104-b18eb15728a6, -11.421120, -40.636370,2026-05-06 04:04:00,NOAA-20,MIGUEL CALMON,BAHIA,Brasil,2921203,29,33,11,0.0,0.91,Caatinga,0.4
a6168ab6-d86f-3f92-ac5b-3a236c4cca4e, -12.273560, -43.506440,2026-05-06 04:04:00,NOAA-20,MUQUÉM DO SÃO FRANCISCO,BAHIA,Brasil,2922250,29,33,16,4.35,0.43,Cerrado,3.5
94deff63-b416-3efc-82ab-7761a3855bcd, -12.828980, -43.779610,2026-05-06 04:04:00,NOAA-20,SERRA DOURADA,BAHIA,Brasil,2930303,29,33,17,0.06,0.97,Cerrado,0.6
e8ff18b1-2923-35fd-af98-498f9f7d9220, -11.123820, -45.111330,2026-05-06 04:04:00,NOAA-20,FORMOSA DO RIO PRETO,BAHIA,Brasil,2911105,29,33,11,0.0,0.75,Cerrado,2.3
d467510e-828a-3f12-8813-d4e5dc399749, -12.152180, -46.661620,2026-05-06 04:04:00,NOAA-20,PONTE ALTA DO BOM JESUS,TOCANTINS,Brasil,1717800,17,33,8,0.0,0.49,Cerrado,0.9
c0a63f4f-1f0e-3f12-ad35-ce58b322f8df,  -9.590810, -40.421260,2026-05-06 04:04:00,NOAA-20,JUAZEIRO,BAHIA,Brasil,2918407,29,33,2,0.0,1.0,Caatinga,1.7
0045ed1d-75fc-3210-9288-3c9e0778e527,  -8.225940, -43.877860,2026-05-06 04:04:00,NOAA-20,MANOEL EMÍDIO,PIAUÍ,Brasil,2205904,22,33,12,0.0,0.69,Caatinga,2.3
8fce4603-799c-3f5c-a453-f5d07ecd0912, -10.931070, -49.428920,2026-05-06 04:04:00,NOAA-20,SANTA RITA DO TOCANTINS,TOCANTINS,Brasil,1718899,17,33,2,0.0,0.26,Cerrado,0.8
61a5ae26-af8a-312c-95f7-8e32d5b4d071,  -8.153360, -46.658230,2026-05-06 04:04:00,NOAA-20,CAMPOS LINDOS,TOCANTINS,Brasil,1703842,17,33,4,0.0,0.56,Cerrado,0.9
ffe0b270-85db-3de3-9338-b7d2e2278738, -10.936100, -49.429970,2026-05-06 04:04:00,NOAA-20,SANTA RITA DO TOCANTINS,TOCANTINS,Brasil,1718899,17,33,2,0.0,0.26,Cerrado,1.4
ac6ab009-2538-311f-b535-7f1efcfb52c5,  -9.464460, -47.802000,2026-05-06 04:04:00,NOAA-20,RIO SONO,TOCANTINS,Brasil,1718758,17,33,8,0.0,0.42,Cerrado,4.0
72a0b14a-a1e2-3af8-93b3-adc6e2ff27fa, -11.681030, -44.870800,2026-05-06 04:04:00,NOAA-20,RIACHÃO DAS NEVES,BAHIA,Brasil,2926202,29,33,17,0.0,0.73,Cerrado,1.7
139f8aab-9af3-37db-ba38-ef6cc4da4327,  -9.462170, -47.803460,2026-05-06 04:04:00,NOAA-20,RIO SONO,TOCANTINS,Brasil,1718758,17,33,8,0.0,0.42,Cerrado,2.8
57686fe0-f213-3bcc-9663-841810fb97f5,  -9.466830, -47.804220,2026-05-06 04:04:00,NOAA-20,RIO SONO,TOCANTINS,Brasil,1718758,17,33,8,0.0,0.42,Cerrado,2.8
b2d13603-b24a-3485-acfc-c78e5a67bb41, -12.194660, -38.141170,2026-05-06 04:04:00,NOAA-20,ARAÇÁS,BAHIA,Brasil,2902054,29,33,0,5.21,0.09,Mata Atlântica,0.5
0dd724df-4e16-3487-b1fe-86dffe6e2be4, -11.997570, -47.774430,2026-05-06 04:04:00,NOAA-20,NATIVIDADE,TOCANTINS,Brasil,1714203,17,33,9,0.0,0.42,Cerrado,1.4
679c5e1a-6036-38f0-893c-d6a5335206e8,  -9.366910, -47.679020,2026-05-06 04:04:00,NOAA-20,RIO SONO,TOCANTINS,Brasil,1718758,17,33,8,0.0,0.45,Cerrado,1.2
31a3c855-8b0c-3c80-b571-054c6555ef66, -12.137500, -40.896100,2026-05-06 04:04:00,NOAA-20,UTINGA,BAHIA,Brasil,2932804,29,33,12,0.52,0.53,Caatinga,1.0
d1036a8d-ac7d-3f04-a3ff-a9f7254ce4ea, -11.800340, -43.618150,2026-05-06 04:04:00,NOAA-20,BARRA,BAHIA,Brasil,2902708,29,33,18,2.2,0.48,Cerrado,10.3
b19cd724-29f8-31ff-af12-b0745a0922e0, -11.133740, -45.139820,2026-05-06 04:04:00,NOAA-20,FORMOSA DO RIO PRETO,BAHIA,Brasil,2911105,29,33,8,0.0,0.74,Cerrado,21.5
7e54d3dc-143c-3582-a857-7d1b4ac93136, -11.129930, -45.139170,2026-05-06 04:04:00,NOAA-20,FORMOSA DO RIO PRETO,BAHIA,Brasil,2911105,29,33,8,0.0,0.74,Cerrado,10.5
a60500ae-79c6-3a9a-831e-b8f4f6aeed11, -11.996760, -47.778870,2026-05-06 04:04:00,NOAA-20,NATIVIDADE,TOCANTINS,Brasil,1714203,17,33,9,0.0,0.42,Cerrado,1.4
e334fb18-ae41-31d8-976f-e0ff102fc1f5, -11.614540, -48.060050,2026-05-06 04:04:00,NOAA-20,CHAPADA DA NATIVIDADE,TOCANTINS,Brasil,1705102,17,33,8,0.0,0.46,Cerrado,3.9
b9203328-ef4a-30bc-b485-e3da4401ca53, -10.587080, -44.332040,2026-05-06 04:04:00,NOAA-20,SANTA RITA DE CÁSSIA,BAHIA,Brasil,2928406,29,33,16,0.0,0.33,Cerrado,2.5
e76d291c-0ac1-34f6-93e0-23eb7f6aee96, -16.767510, -45.816860,2026-05-06 04:06:00,NOAA-20,SANTA FÉ DE MINAS,MINAS GERAIS,Brasil,3157609,31,33,26,0.0,0.63,Cerrado,1.4
17661fe1-a065-35b7-9ae6-fe98d9010c77, -11.295500, -54.029570,2026-05-06 04:06:00,NOAA-20,UNIÃO DO SUL,MATO GROSSO,Brasil,5108303,51,33,7,0.0,0.04,Amazônia,0.9
5852e869-c680-3ae7-8675-ccf43877ae30, -16.418340, -54.913810,2026-05-06 04:06:00,NOAA-20,RONDONÓPOLIS,MATO GROSSO,Brasil,5107602,51,33,7,0.0,0.93,Cerrado,7.1
951524ac-c673-3421-8388-f96c051fe848, -14.071110, -47.756130,2026-05-06 04:06:00,NOAA-20,CAVALCANTE,GOIÁS,Brasil,5205307,52,33,8,0.0,0.38,Cerrado,2.3
01b712e2-66c1-388f-9508-cd59ad5cc03b, -18.076600, -46.365610,2026-05-06 04:06:00,NOAA-20,PRESIDENTE OLEGÁRIO,MINAS GERAIS,Brasil,3153400,31,33,18,0.0,0.57,Cerrado,2.7
22c7a5f0-27ad-39b9-997e-b04f21309bb8, -12.457780, -54.451850,2026-05-06 04:06:00,NOAA-20,NOVA UBIRATÃ,MATO GROSSO,Brasil,5106240,51,33,6,0.0,0.1,Amazônia,1.4
f454eb1c-0227-3ae7-8610-a71b9c1f767d, -13.649590, -45.556240,2026-05-06 04:06:00,NOAA-20,CORRENTINA,BAHIA,Brasil,2909307,29,33,25,0.0,0.89,Cerrado,1.6
35ef4988-83f3-37e3-aa9a-acb02102e0ff, -14.147580, -45.358190,2026-05-06 04:06:00,NOAA-20,JABORANDI,BAHIA,Brasil,2917359,29,33,25,0.0,0.8,Cerrado,0.7
0af2df84-1099-3c37-a7e3-a3aeb40ab911, -16.424700, -54.915450,2026-05-06 04:06:00,NOAA-20,RONDONÓPOLIS,MATO GROSSO,Brasil,5107602,51,33,7,0.0,0.71,Cerrado,7.1
1e8394fb-5cce-3b6a-8735-02b6021a2671, -14.078720, -47.619490,2026-05-06 04:06:00,NOAA-20,ALTO PARAÍSO DE GOIÁS,GOIÁS,Brasil,5200605,52,33,10,0.0,0.44,Cerrado,0.9
f05a7e83-d9df-3116-9da3-6febabe83553, -14.082170, -47.624550,2026-05-06 04:06:00,NOAA-20,ALTO PARAÍSO DE GOIÁS,GOIÁS,Brasil,5200605,52,33,10,0.0,0.43,Cerrado,0.9
2fd0eb23-2d3f-308c-87f1-26f30c0e3d37, -14.136510, -45.356190,2026-05-06 04:06:00,NOAA-20,JABORANDI,BAHIA,Brasil,2917359,29,33,25,0.0,0.8,Cerrado,2.3
858cb042-7317-3adb-a44f-6aff283b3a74, -14.068830, -47.792580,2026-05-06 04:06:00,NOAA-20,CAVALCANTE,GOIÁS,Brasil,5205307,52,33,8,0.0,0.42,Cerrado,1.7
81331d2f-2863-3724-aa3b-f08534a60524, -13.318180, -43.668850,2026-05-06 04:06:00,NOAA-20,SERRA DO RAMALHO,BAHIA,Brasil,2930154,29,33,13,0.0,0.99,Cerrado,0.7
f52d62c8-4a92-38e0-ac05-f813a079cebc, -13.795990, -43.345340,2026-05-06 04:06:00,NOAA-20,RIACHO DE SANTANA,BAHIA,Brasil,2926400,29,33,33,0.0,0.99,Caatinga,3.1
037654ce-a1a9-31f7-b930-b15368fe694c, -16.423340, -54.921580,2026-05-06 04:06:00,NOAA-20,RONDONÓPOLIS,MATO GROSSO,Brasil,5107602,51,33,7,0.0,0.64,Cerrado,3.6
980260aa-2e58-3cb8-ba48-2c49e4be4159, -13.653230, -45.559710,2026-05-06 04:06:00,NOAA-20,CORRENTINA,BAHIA,Brasil,2909307,29,33,25,0.0,0.88,Cerrado,1.7
68e0ced7-c73f-3644-924c-17e0d703a8f8, -13.695870, -55.683590,2026-05-06 04:06:00,NOAA-20,NOVA MUTUM,MATO GROSSO,Brasil,5106224,51,33,7,0.0,0.11,Cerrado,1.1
433f0967-6f7a-3be2-bc90-de82c29bf008, -18.237100, -45.667470,2026-05-06 04:06:00,NOAA-20,SÃO GONÇALO DO ABAETÉ,MINAS GERAIS,Brasil,3161700,31,33,17,0.0,1.0,Cerrado,1.5
b9076dad-8ddf-3d7b-a091-3f02c8d4bd6b, -13.650300, -45.554380,2026-05-06 04:06:00,NOAA-20,CORRENTINA,BAHIA,Brasil,2909307,29,33,25,0.0,0.89,Cerrado,1.7
ac75ce72-75f5-30bb-b4fb-28d21fe11ead, -15.984430, -56.221970,2026-05-06 04:06:00,NOAA-20,NOSSA SENHORA DO LIVRAMENTO,MATO GROSSO,Brasil,5106109,51,33,6,0.0,0.38,Pantanal,1.4
344b63f8-4a5f-347e-91f8-e5010178d221, -14.000500, -47.596550,2026-05-06 04:06:00,NOAA-20,CAVALCANTE,GOIÁS,Brasil,5205307,52,33,9,0.0,0.56,Cerrado,0.4
4910bbbf-4877-3e7a-b4cf-a218e2b565c9, -18.075800, -46.370200,2026-05-06 04:06:00,NOAA-20,PRESIDENTE OLEGÁRIO,MINAS GERAIS,Brasil,3153400,31,33,17,0.0,0.71,Cerrado,2.7
237df752-d232-381a-9b4e-5db57806d7e1, -11.439130, -55.101400,2026-05-06 04:06:00,NOAA-20,CLÁUDIA,MATO GROSSO,Brasil,5103056,51,33,7,0.0,0.11,Amazônia,4.8
03af0092-5a1c-39bd-9b06-fcfb5d8c77b5, -14.074620, -47.761090,2026-05-06 04:06:00,NOAA-20,CAVALCANTE,GOIÁS,Brasil,5205307,52,33,8,0.0,0.48,Cerrado,2.3
ebc2710c-3559-3fe1-8771-15c486b54278, -17.286400, -47.786660,2026-05-06 04:06:00,NOAA-20,CAMPO ALEGRE DE GOIÁS,GOIÁS,Brasil,5204805,52,33,20,0.0,1.0,Cerrado,1.8
8a6c4134-b817-3f1f-a888-27f0a59219b0, -13.438740, -43.844860,2026-05-06 04:06:00,NOAA-20,SERRA DO RAMALHO,BAHIA,Brasil,2930154,29,33,26,0.0,0.89,Cerrado,12.8
3e795d84-c4ac-3f2f-86b5-ea219b1b0df7, -16.106220, -49.234130,2026-05-06 04:06:00,NOAA-20,PETROLINA DE GOIÁS,GOIÁS,Brasil,5216809,52,33,16,0.0,0.29,Cerrado,1.3
32823bb1-27b2-3b4d-bab6-d6ec3607ab30, -13.996310, -47.595530,2026-05-06 04:06:00,NOAA-20,CAVALCANTE,GOIÁS,Brasil,5205307,52,33,9,0.0,0.62,Cerrado,1.2
b1d3df51-626e-3ed8-a8d7-3c642c085c1f, -12.459030, -54.446020,2026-05-06 04:06:00,NOAA-20,NOVA UBIRATÃ,MATO GROSSO,Brasil,5106240,51,33,6,0.0,0.1,Amazônia,1.4
2af151bc-6ea8-3f44-9caf-9ba48153c311, -11.430580, -55.106990,2026-05-06 04:06:00,NOAA-20,CLÁUDIA,MATO GROSSO,Brasil,5103056,51,33,7,0.0,0.12,Amazônia,2.0
b9350d26-858e-3c87-bc4c-053f87d457ea, -14.853870, -48.539280,2026-05-06 04:06:00,NOAA-20,NIQUELÂNDIA,GOIÁS,Brasil,5214606,52,33,24,0.0,0.47,Cerrado,1.3
f364d200-94f7-3de3-9d3b-5d3401e5c5ef, -12.346490, -50.020310,2026-05-06 04:06:00,NOAA-20,SANDOLÂNDIA,TOCANTINS,Brasil,1718840,17,33,7,0.0,0.46,Cerrado,3.0
f635b958-3566-38aa-b5ed-d27c3a216334, -13.652550, -45.561600,2026-05-06 04:06:00,NOAA-20,CORRENTINA,BAHIA,Brasil,2909307,29,33,25,0.0,0.88,Cerrado,1.6
42f609ed-13dc-37a1-8e4c-15dcc5eba93a, -13.694330, -55.690660,2026-05-06 04:06:00,NOAA-20,NOVA MUTUM,MATO GROSSO,Brasil,5106224,51,33,6,0.0,0.18,Cerrado,1.1
25cc9a7d-da92-305b-b1cf-98e52aa88184, -15.979060, -56.213600,2026-05-06 04:06:00,NOAA-20,NOSSA SENHORA DO LIVRAMENTO,MATO GROSSO,Brasil,5106109,51,33,6,0.0,0.6,Pantanal,1.2
5002d199-9d47-3944-926c-5984d7f574c1, -12.343170, -50.009950,2026-05-06 04:06:00,NOAA-20,SANDOLÂNDIA,TOCANTINS,Brasil,1718840,17,33,7,0.0,0.46,Cerrado,4.8
3abdcd2c-f87a-364c-a297-eb7b0722d4a3, -12.349810, -50.030680,2026-05-06 04:06:00,NOAA-20,SANDOLÂNDIA,TOCANTINS,Brasil,1718840,17,33,7,0.0,0.46,Cerrado,2.5
75639abe-46de-343f-b705-de68a8f92f25, -11.634150, -54.166850,2026-05-06 04:06:00,NOAA-20,UNIÃO DO SUL,MATO GROSSO,Brasil,5108303,51,33,8,0.0,0.07,Amazônia,2.1
d0362cd8-52ca-34f5-a351-083bc5094ddc, -14.144680, -45.353020,2026-05-06 04:06:00,NOAA-20,JABORANDI,BAHIA,Brasil,2917359,29,33,25,0.0,0.8,Cerrado,0.7
9b8a65cf-a95c-3239-90db-8bfdb4335911, -17.533990, -47.022120,2026-05-06 04:06:00,NOAA-20,PARACATU,MINAS GERAIS,Brasil,3147006,31,33,26,0.0,0.85,Cerrado,0.9
53e8c55a-1b50-35e1-ab10-3262aa5bd5eb, -14.132810, -45.355520,2026-05-06 04:06:00,NOAA-20,JABORANDI,BAHIA,Brasil,2917359,29,33,25,0.0,0.8,Cerrado,1.4
0f1c9973-4726-3983-9337-43dd0cef0def, -14.854990, -48.541180,2026-05-06 04:06:00,NOAA-20,NIQUELÂNDIA,GOIÁS,Brasil,5214606,52,33,24,0.0,0.47,Cerrado,1.5
c1f80ef6-b8fe-3bc6-8769-a4fe6e039c7a, -13.290130, -44.209300,2026-05-06 04:06:00,NOAA-20,SANTA MARIA DA VITÓRIA,BAHIA,Brasil,2928109,29,33,24,0.0,1.0,Cerrado,1.1
811f111b-a00c-3bb0-b460-20fcf0fd0622, -14.140200, -45.356850,2026-05-06 04:06:00,NOAA-20,JABORANDI,BAHIA,Brasil,2917359,29,33,25,0.0,0.8,Cerrado,2.3
380fd32e-86a4-3e3c-85ab-50d1de5ad80f, -16.416930, -54.920130,2026-05-06 04:06:00,NOAA-20,RONDONÓPOLIS,MATO GROSSO,Brasil,5107602,51,33,7,0.0,0.9,Cerrado,3.6
47e2b218-1906-3af1-8f6f-5269c3043f5f, -14.458210, -46.989070,2026-05-06 04:06:00,NOAA-20,FLORES DE GOIÁS,GOIÁS,Brasil,5207907,52,33,9,0.0,1.0,Cerrado,0.9
c3be4bc2-41ce-3b12-bcfc-485d3e3d53b5, -17.532310, -47.024410,2026-05-06 04:06:00,NOAA-20,PARACATU,MINAS GERAIS,Brasil,3147006,31,33,26,0.0,0.73,Cerrado,1.0
a867efb1-5ba8-3f43-9ca3-7e14bf544206, -14.854770, -48.534590,2026-05-06 04:06:00,NOAA-20,NIQUELÂNDIA,GOIÁS,Brasil,5214606,52,33,24,0.0,0.47,Cerrado,1.3
763aa2b1-0858-3743-b0fe-a82ed9975686, -12.347090, -50.017180,2026-05-06 04:06:00,NOAA-20,SANDOLÂNDIA,TOCANTINS,Brasil,1718840,17,33,7,0.0,0.46,Cerrado,5.5
1096510f-9f83-3582-98e2-fce108cd5e6d, -13.981600, -47.219950,2026-05-06 04:06:00,NOAA-20,ALTO PARAÍSO DE GOIÁS,GOIÁS,Brasil,5200605,52,33,9,0.0,0.68,Cerrado,1.1
65b0ded9-4cf6-334b-8b98-cb641a6ad4d2, -13.438080, -43.848790,2026-05-06 04:06:00,NOAA-20,SERRA DO RAMALHO,BAHIA,Brasil,2930154,29,33,26,0.0,0.89,Cerrado,12.8
d10d7180-82fc-35b3-a13e-8d686b343d31, -12.342570, -50.013060,2026-05-06 04:06:00,NOAA-20,SANDOLÂNDIA,TOCANTINS,Brasil,1718840,17,33,7,0.0,0.46,Cerrado,5.5
a7c0f84c-bdc7-3bf5-a182-a153dffc1eec, -12.337450, -50.012040,2026-05-06 04:06:00,NOAA-20,SANDOLÂNDIA,TOCANTINS,Brasil,1718840,17,33,7,0.0,0.45,Cerrado,0.5
74215975-8553-35e5-9010-44d30fc7434a, -14.135710, -45.360690,2026-05-06 04:06:00,NOAA-20,JABORANDI,BAHIA,Brasil,2917359,29,33,25,0.0,0.8,Cerrado,2.2
826f5d0e-6789-34d3-afc3-e8f4d2e8d16b, -14.085640, -47.629510,2026-05-06 04:06:00,NOAA-20,ALTO PARAÍSO DE GOIÁS,GOIÁS,Brasil,5200605,52,33,10,0.0,0.44,Cerrado,1.3
0a679294-c64e-38ad-812a-b625dbbde9c0, -17.286220, -47.785950,2026-05-06 04:06:00,NOAA-20,CAMPO ALEGRE DE GOIÁS,GOIÁS,Brasil,5204805,52,33,20,0.0,1.0,Cerrado,1.6
4e84fa53-92d1-3196-8aa9-1901cf9fa4d4, -14.074490, -47.618680,2026-05-06 04:06:00,NOAA-20,ALTO PARAÍSO DE GOIÁS,GOIÁS,Brasil,5200605,52,33,10,0.0,0.46,Cerrado,0.8
fa83e667-f33f-36bb-bcd1-9ee81f0af5ab, -14.075470, -47.756440,2026-05-06 04:06:00,NOAA-20,CAVALCANTE,GOIÁS,Brasil,5205307,52,33,8,0.0,0.5,Cerrado,2.3
7db0a2c1-6da9-35fc-bbf4-28a2d7b0abbe, -11.288880, -54.027930,2026-05-06 04:06:00,NOAA-20,UNIÃO DO SUL,MATO GROSSO,Brasil,5108303,51,33,7,0.0,0.06,Amazônia,0.9
02991deb-c9fd-3943-be4b-219cc75acd04, -13.297420, -44.426300,2026-05-06 04:06:00,NOAA-20,SANTA MARIA DA VITÓRIA,BAHIA,Brasil,2928109,29,33,14,0.0,1.0,Cerrado,1.3
a3bc5a36-800c-3ec5-8d4c-1c94b334cbc4, -17.497590, -48.000860,2026-05-06 04:06:00,NOAA-20,IPAMERI,GOIÁS,Brasil,5210109,52,33,22,0.0,0.85,Cerrado,0.8
050e6cb4-6dc7-35fd-99c0-e6cbf3c7dfdd, -11.437670, -55.108360,2026-05-06 04:06:00,NOAA-20,CLÁUDIA,MATO GROSSO,Brasil,5103056,51,33,7,0.0,0.12,Amazônia,6.0
c5271cf1-7a57-3404-8168-9508f2b05eb5, -14.143890, -45.357520,2026-05-06 04:06:00,NOAA-20,JABORANDI,BAHIA,Brasil,2917359,29,33,25,0.0,0.8,Cerrado,0.7
fad65cb8-714c-3e25-bc75-a823c48c4fbe, -14.148370, -45.353690,2026-05-06 04:06:00,NOAA-20,JABORANDI,BAHIA,Brasil,2917359,29,33,25,0.0,0.8,Cerrado,0.7
459b182c-3ea7-3051-b645-903fe4a1a1f2, -17.862130, -42.575810,2026-05-06 04:06:00,NOAA-20,ARICANDUVA,MINAS GERAIS,Brasil,3104452,31,33,21,0.0,0.22,Mata Atlântica,3.0
19139b30-7a69-3021-af15-c92a053d70bc, -12.350410, -50.027550,2026-05-06 04:06:00,NOAA-20,SANDOLÂNDIA,TOCANTINS,Brasil,1718840,17,33,7,0.0,0.47,Cerrado,2.5
944d0a1f-366c-35a4-a9ea-47bdb0dfd1d1, -14.855850, -48.536480,2026-05-06 04:06:00,NOAA-20,NIQUELÂNDIA,GOIÁS,Brasil,5214606,52,33,24,0.0,0.47,Cerrado,1.5
87be049c-c0be-3a7b-b712-7fc2f2e6f366, -12.345890, -50.023430,2026-05-06 04:06:00,NOAA-20,SANDOLÂNDIA,TOCANTINS,Brasil,1718840,17,33,7,0.0,0.46,Cerrado,3.0
05a87bae-8e57-32ff-8b73-c722d1b37c7e, -18.434760, -54.709280,2026-05-06 04:08:00,NOAA-20,COXIM,MATO GROSSO DO SUL,Brasil,5003306,50,33,9,0.0,0.62,Cerrado,5.4
e5b9281a-14cd-3c88-a164-0c55066661b7, -18.496490, -55.514550,2026-05-06 04:08:00,NOAA-20,CORUMBÁ,MATO GROSSO DO SUL,Brasil,5003207,50,33,9,0.0,0.87,Pantanal,2.6
b5ce99d4-99b1-3505-b386-2f405de9db7a, -20.205590, -50.650070,2026-05-06 04:08:00,NOAA-20,URÂNIA,SÃO PAULO,Brasil,3555802,35,33,8,0.0,0.45,Mata Atlântica,6.8
a4ebf450-b3d3-3fe0-97e5-807528292852, -21.278320, -48.973990,2026-05-06 04:08:00,NOAA-20,ITAJOBI,SÃO PAULO,Brasil,3521903,35,33,8,0.0,1.0,Cerrado,1.3
a303913d-d484-3c08-8a4b-532045c2e65c, -19.945710, -54.382440,2026-05-06 04:08:00,NOAA-20,BANDEIRANTES,MATO GROSSO DO SUL,Brasil,5001508,50,33,3,0.0,0.33,Cerrado,4.9
1d1a41e6-eeed-31e1-a578-995d0e8d7bbb, -20.208430, -50.652480,2026-05-06 04:08:00,NOAA-20,URÂNIA,SÃO PAULO,Brasil,3555802,35,33,8,0.0,0.71,Mata Atlântica,7.0
bee01894-b60c-3b54-b249-c68365578b87, -18.778620, -51.944190,2026-05-06 04:08:00,NOAA-20,APORÉ,GOIÁS,Brasil,5201504,52,33,7,0.0,1.0,Cerrado,4.0
966c89e8-09bd-368d-baba-82364e34ab5f, -20.713200, -52.080710,2026-05-06 04:08:00,NOAA-20,TRÊS LAGOAS,MATO GROSSO DO SUL,Brasil,5008305,50,33,4,0.0,1.0,Cerrado,0.8
185b5bfa-0aa6-3f49-91de-00a15e3d2f33, -20.712560, -52.083720,2026-05-06 04:08:00,NOAA-20,TRÊS LAGOAS,MATO GROSSO DO SUL,Brasil,5008305,50,33,5,0.0,1.0,Cerrado,1.1
f0593489-c45b-3013-86ed-8c556086e47f, -22.969750, -52.694710,2026-05-06 04:08:00,NOAA-20,GUAIRAÇÁ,PARANÁ,Brasil,4108908,41,33,3,0.0,0.3,Mata Atlântica,1.6
789aa9bd-4fd0-3287-818a-a94ab7b3d33b, -21.977570, -57.590640,2026-05-06 04:08:00,NOAA-20,PORTO MURTINHO,MATO GROSSO DO SUL,Brasil,5006903,50,33,3,0.0,0.08,Cerrado,7.3
44278f11-b629-3487-941b-d5e547be23b0, -21.277600, -48.977790,2026-05-06 04:08:00,NOAA-20,ITAJOBI,SÃO PAULO,Brasil,3521903,35,33,8,0.0,1.0,Cerrado,1.3
d7a3be12-9286-34a1-8f71-5d682f2076eb, -23.080260, -48.619390,2026-05-06 04:08:00,NOAA-20,ITATINGA,SÃO PAULO,Brasil,3523503,35,33,3,0.0,0.98,Cerrado,0.9
2f01f6ac-b0dc-3ef7-85e6-cfd812e621ae, -18.496040, -55.513220,2026-05-06 04:08:00,NOAA-20,CORUMBÁ,MATO GROSSO DO SUL,Brasil,5003207,50,33,9,0.0,0.87,Pantanal,2.2
cc2cb733-2b26-3dea-a064-2152fc215c4d, -22.605730, -49.563920,2026-05-06 04:08:00,NOAA-20,SANTA CRUZ DO RIO PARDO,SÃO PAULO,Brasil,3546405,35,33,3,0.0,1.0,Cerrado,1.1
2b45df0e-4514-32ac-b1f1-c94bd952fec9, -21.706090, -48.422440,2026-05-06 04:08:00,NOAA-20,MATÃO,SÃO PAULO,Brasil,3529302,35,33,8,0.0,1.0,Cerrado,23.9
19e49b37-ae3a-39a5-8e63-289408562352, -21.969400, -57.594920,2026-05-06 04:08:00,NOAA-20,PORTO MURTINHO,MATO GROSSO DO SUL,Brasil,5006903,50,33,3,0.0,0.42,Cerrado,5.3
5c6b199d-a7a6-3166-a56f-8c9d4399bbb7, -20.357520, -43.562880,2026-05-06 04:08:00,NOAA-20,OURO PRETO,MINAS GERAIS,Brasil,3146107,31,33,17,0.0,0.25,Mata Atlântica,0.7
5cdd0b6d-0f1a-3312-80d4-d1f78df46938, -18.484730, -51.685590,2026-05-06 04:08:00,NOAA-20,ITARUMÃ,GOIÁS,Brasil,5211305,52,33,8,0.0,0.56,Cerrado,1.7
086b05eb-9bd5-382b-82d6-2056e5693457, -21.794130, -50.771900,2026-05-06 04:08:00,NOAA-20,PARAPUÃ,SÃO PAULO,Brasil,3536000,35,33,5,0.0,1.0,Mata Atlântica,2.6
4a11b661-0f9e-3386-a134-c197cd6b48dd, -20.792510, -51.658760,2026-05-06 04:08:00,NOAA-20,TRÊS LAGOAS,MATO GROSSO DO SUL,Brasil,5008305,50,33,6,0.0,-999.0,Mata Atlântica,35.0
5aabdefc-60a7-32be-8bd4-0928032f6933, -23.081250, -48.614140,2026-05-06 04:08:00,NOAA-20,ITATINGA,SÃO PAULO,Brasil,3523503,35,33,3,0.0,0.69,Cerrado,0.9
abd65d54-250f-3742-a3a3-51148a4360e8, -23.720610, -47.456130,2026-05-06 04:08:00,NOAA-20,PIEDADE,SÃO PAULO,Brasil,3537800,35,33,3,0.0,0.88,Mata Atlântica,0.6
20cfec96-429c-3ec3-8d26-88c89e165480, -21.705100, -48.427680,2026-05-06 04:08:00,NOAA-20,MATÃO,SÃO PAULO,Brasil,3529302,35,33,8,0.0,1.0,Cerrado,2.5
ebc2303b-1b42-3b86-ad67-df2d68c3aed9, -22.803020, -49.344580,2026-05-06 04:08:00,NOAA-20,ÁGUAS DE SANTA BÁRBARA,SÃO PAULO,Brasil,3500550,35,33,3,0.0,0.96,Cerrado,2.8
d14f311d-dbea-3a16-be71-d601d65a8b5b, -21.976190, -57.596160,2026-05-06 04:08:00,NOAA-20,PORTO MURTINHO,MATO GROSSO DO SUL,Brasil,5006903,50,33,3,0.0,0.06,Cerrado,5.3
2a56ac38-03ca-3946-ac8e-a77efa56a975, -20.528050, -49.244900,2026-05-06 04:08:00,NOAA-20,NOVA GRANADA,SÃO PAULO,Brasil,3533007,35,33,8,0.0,1.0,Mata Atlântica,1.8
52ba5d39-82dc-315e-b54e-d8440a26b006, -23.557650, -48.573600,2026-05-06 04:08:00,NOAA-20,ANGATUBA,SÃO PAULO,Brasil,3502200,35,33,3,0.0,0.61,Cerrado,1.1
4ff9b091-cb37-3d41-aa91-4aa57db6492c, -23.764470, -49.151080,2026-05-06 04:08:00,NOAA-20,ITABERÁ,SÃO PAULO,Brasil,3521705,35,33,3,0.0,0.31,Cerrado,1.3
0862c216-2aef-320f-a72e-29b4095639ef, -23.548770, -47.448280,2026-05-06 04:08:00,NOAA-20,VOTORANTIM,SÃO PAULO,Brasil,3557006,35,33,2,0.0,-999.0,Mata Atlântica,1.0
53d2d682-42f0-36d2-ac75-418a26e9ea4f, -18.482320, -51.684620,2026-05-06 04:08:00,NOAA-20,ITARUMÃ,GOIÁS,Brasil,5211305,52,33,8,0.0,0.72,Cerrado,1.2
ba96df36-5765-333b-b548-cdb7f3a0a63a, -22.742310, -42.252030,2026-05-06 04:08:00,NOAA-20,ARARUAMA,RIO DE JANEIRO,Brasil,3300209,33,33,3,0.0,1.0,Mata Atlântica,0.4
af7fdac0-a7a1-3e6e-89fb-2b9f2efe8f45, -18.433690, -54.714050,2026-05-06 04:08:00,NOAA-20,COXIM,MATO GROSSO DO SUL,Brasil,5003306,50,33,9,0.0,0.6,Cerrado,5.4
742dcca5-afa3-364d-a2df-c3b58c4cc3bf, -17.941290, -52.968360,2026-05-06 04:08:00,NOAA-20,MINEIROS,GOIÁS,Brasil,5213103,52,33,8,0.0,0.62,Cerrado,3.3
e55f2944-cb66-397a-86f8-8051ade2192d, -18.481670, -51.687820,2026-05-06 04:08:00,NOAA-20,SERRANÓPOLIS,GOIÁS,Brasil,5220504,52,33,7,0.0,0.58,Cerrado,1.2
1242a0ea-ed3f-379a-9442-97be2d6790ac, -20.210190, -50.651080,2026-05-06 04:08:00,NOAA-20,URÂNIA,SÃO PAULO,Brasil,3555802,35,33,8,0.0,0.75,Mata Atlântica,6.8
f8bd5ec7-56f6-3737-a04f-ad0e8b59b7b4, -20.220760, -50.756550,2026-05-06 04:08:00,NOAA-20,ASPÁSIA,SÃO PAULO,Brasil,3503950,35,33,5,0.0,1.0,Mata Atlântica,1.3
7cb9e79a-bc0b-3f05-ad5f-8106afed40ac, -20.273370, -45.548260,2026-05-06 04:08:00,NOAA-20,ARCOS,MINAS GERAIS,Brasil,3104205,31,33,25,0.0,-999.0,Cerrado,0.5
fc818db3-6fbd-340f-8ef8-e2a9f7a679f3, -21.709970, -48.423390,2026-05-06 04:08:00,NOAA-20,MATÃO,SÃO PAULO,Brasil,3529302,35,33,8,0.0,1.0,Cerrado,7.4
2319d73b-5668-3c4a-96d9-12a5b86c6a46, -18.935040, -48.073270,2026-05-06 04:08:00,NOAA-20,UBERLÂNDIA,MINAS GERAIS,Brasil,3170206,31,33,18,0.0,1.0,Cerrado,1.0
264a6547-0bad-3b4a-a351-9eabd16861f3, -22.969840, -52.693240,2026-05-06 04:08:00,NOAA-20,GUAIRAÇÁ,PARANÁ,Brasil,4108908,41,33,3,0.0,0.24,Mata Atlântica,1.9
1a287a13-d8c8-3544-8dee-ff4446135b4e, -22.169580, -42.875520,2026-05-06 04:08:00,NOAA-20,SÃO JOSÉ DO VALE DO RIO PRETO,RIO DE JANEIRO,Brasil,3305158,33,33,3,0.0,0.4,Mata Atlântica,1.1
fa66c65d-2fc5-3460-9a96-424f661b1f5e, -20.209480, -50.647400,2026-05-06 04:08:00,NOAA-20,URÂNIA,SÃO PAULO,Brasil,3555802,35,33,8,0.0,0.75,Mata Atlântica,7.0
413d44fc-1b7e-393f-8f7d-6d7257b975fe, -22.229800, -43.319400,2026-05-06 04:08:00,NOAA-20,PARAÍBA DO SUL,RIO DE JANEIRO,Brasil,3303708,33,33,17,0.0,1.0,Mata Atlântica,0.6
bed73945-2637-33f3-ac54-2b3fa2c82a9a, -22.439240, -44.513340,2026-05-06 04:08:00,NOAA-20,ITATIAIA,RIO DE JANEIRO,Brasil,3302254,33,33,0,0.0,0.49,Mata Atlântica,0.6
93be8ab0-c45e-3c94-8a87-ccb28d599478, -23.558590, -48.568530,2026-05-06 04:08:00,NOAA-20,ANGATUBA,SÃO PAULO,Brasil,3502200,35,33,3,0.0,0.5,Cerrado,1.1
16f66399-ce13-38cd-a613-e96eb5216093, -12.503300, -58.478100,2026-05-06 04:10:00,GOES-19,SAPEZAL,MATO GROSSO,Brasil,5107875,51,33,8,0.0,0.12,Cerrado,61.2
d39d5635-283e-3bd4-8b98-4c84e6949c0a, -12.503300, -58.478100,2026-05-06 04:20:00,GOES-19,SAPEZAL,MATO GROSSO,Brasil,5107875,51,33,8,0.0,0.12,Cerrado,64.4
a8ab8a88-321f-3f9b-a689-6d056eefd674, -12.503300, -58.478100,2026-05-06 04:30:00,GOES-19,SAPEZAL,MATO GROSSO,Brasil,5107875,51,33,8,0.0,0.12,Cerrado,60.4
4a27a09f-e70a-3e16-91fe-e953e7d8a67c, -12.503300, -58.478100,2026-05-06 04:40:00,GOES-19,SAPEZAL,MATO GROSSO,Brasil,5107875,51,33,8,0.0,0.12,Cerrado,65.9
f5e37e57-aa50-3aa2-9b05-aa481e04e85d, -12.503300, -58.478100,2026-05-06 04:50:00,GOES-19,SAPEZAL,MATO GROSSO,Brasil,5107875,51,33,8,0.0,0.12,Cerrado,57.5
1df62646-5bd2-366e-a46f-7c694f2f142a,  -5.786860, -45.119120,2026-05-06 04:51:00,NOAA-21,BARRA DO CORDA,MARANHÃO,Brasil,2101608,21,33,2,0.0,0.3,Cerrado,2.6
5bfce08d-1860-37a3-9a9e-fcc674cbd7e3,  -9.471440, -47.803120,2026-05-06 04:51:00,NOAA-21,RIO SONO,TOCANTINS,Brasil,1718758,17,33,8,0.0,0.41,Cerrado,3.0
990f118e-dede-364b-9361-ff208af3950e,  -8.230630, -43.877990,2026-05-06 04:51:00,NOAA-21,MANOEL EMÍDIO,PIAUÍ,Brasil,2205904,22,33,12,0.0,0.7,Cerrado,0.8
b9d8f97d-0cfd-3cc3-803e-b14407da0c6d,  -9.258550, -49.261070,2026-05-06 04:51:00,NOAA-21,DOIS IRMÃOS DO TOCANTINS,TOCANTINS,Brasil,1707207,17,33,8,0.0,0.19,Cerrado,1.2
cc0cfda8-2e58-309b-b22f-dcaf9feb419a,  -9.679700, -47.022470,2026-05-06 04:51:00,NOAA-21,LIZARDA,TOCANTINS,Brasil,1712405,17,33,7,0.0,0.59,Cerrado,1.4
3b7e4b8d-25b4-34a9-9528-d4b487b554fe,  -5.788590, -45.125350,2026-05-06 04:51:00,NOAA-21,BARRA DO CORDA,MARANHÃO,Brasil,2101608,21,33,2,0.0,0.29,Cerrado,2.2
6bd6ad00-7ea1-3915-9406-ee4a6d92d43c,  -8.157820, -46.661360,2026-05-06 04:51:00,NOAA-21,CAMPOS LINDOS,TOCANTINS,Brasil,1703842,17,33,4,0.0,0.49,Cerrado,2.6
90c78d51-ef3d-3e63-a4ca-86f001c6564b,  -7.904530, -50.372210,2026-05-06 04:51:00,NOAA-21,REDENÇÃO,PARÁ,Brasil,1506138,15,33,2,0.0,0.08,Amazônia,0.8
3d6ebd4f-9e20-3a8f-b625-ea02eabbb923,  -8.727110, -48.331930,2026-05-06 04:51:00,NOAA-21,GUARAÍ,TOCANTINS,Brasil,1709302,17,33,3,0.0,0.08,Cerrado,1.6
1c171735-d4ed-3cef-8b0c-f004b46d7928,  -5.789270, -45.120460,2026-05-06 04:51:00,NOAA-21,BARRA DO CORDA,MARANHÃO,Brasil,2101608,21,33,2,0.0,0.29,Cerrado,3.7
4af7a520-6c4d-3afd-83c2-002fc0334e3f,  -5.786140, -45.124010,2026-05-06 04:51:00,NOAA-21,BARRA DO CORDA,MARANHÃO,Brasil,2101608,21,33,2,0.0,0.29,Cerrado,2.6
815b0bee-16a1-3f31-bd0d-6768811d26ce,  -5.787910, -45.130230,2026-05-06 04:51:00,NOAA-21,BARRA DO CORDA,MARANHÃO,Brasil,2101608,21,33,2,0.0,0.29,Cerrado,2.2
6ebf8b86-b5b8-3c75-b26e-a1a16874e141,  -8.621810, -49.525200,2026-05-06 04:51:00,NOAA-21,CONCEIÇÃO DO ARAGUAIA,PARÁ,Brasil,1502707,15,33,3,0.0,0.65,Amazônia,0.9
b863aad5-5c47-3869-97a2-c2678cfa2ed3,  -8.156440, -46.663330,2026-05-06 04:51:00,NOAA-21,CAMPOS LINDOS,TOCANTINS,Brasil,1703842,17,33,4,0.0,0.49,Cerrado,2.3
7e861b0d-ea56-3fd0-b4a6-98af91418015,  -9.368530, -47.677410,2026-05-06 04:51:00,NOAA-21,RIO SONO,TOCANTINS,Brasil,1718758,17,33,8,0.0,0.45,Cerrado,0.8
8f753bf3-88c8-3451-82ca-8f25b1c12ffd,  -8.367370, -48.077730,2026-05-06 04:51:00,NOAA-21,ITAPIRATINS,TOCANTINS,Brasil,1710904,17,33,8,0.0,0.47,Cerrado,1.4
751e6fc6-1845-3d80-84d6-2215b3e1e1e0,  -5.785430, -45.128880,2026-05-06 04:51:00,NOAA-21,BARRA DO CORDA,MARANHÃO,Brasil,2101608,21,33,2,0.0,0.29,Cerrado,1.4
a389a8a1-51cd-319a-9edc-c50478daff06,  -8.225340, -43.877260,2026-05-06 04:51:00,NOAA-21,MANOEL EMÍDIO,PIAUÍ,Brasil,2205904,22,33,12,0.0,0.69,Caatinga,0.8
3f28361c-5a54-3f68-813d-bfc6bfee9a1d,  -8.153470, -46.660660,2026-05-06 04:51:00,NOAA-21,CAMPOS LINDOS,TOCANTINS,Brasil,1703842,17,33,4,0.0,0.56,Cerrado,0.9
521e3af5-f660-3158-80e6-eb5bcdc9556f,  -8.622430, -49.520850,2026-05-06 04:51:00,NOAA-21,CONCEIÇÃO DO ARAGUAIA,PARÁ,Brasil,1502707,15,33,3,0.0,0.64,Amazônia,0.9
2294e032-41fb-36a7-a044-9a922c34a42d,  -9.467330, -47.802480,2026-05-06 04:51:00,NOAA-21,RIO SONO,TOCANTINS,Brasil,1718758,17,33,8,0.0,0.42,Cerrado,4.4
cadc3416-a6b8-3409-b70e-fe62d4e04561,  -6.224660, -55.643810,2026-05-06 04:51:00,NOAA-21,ITAITUBA,PARÁ,Brasil,1503606,15,33,2,0.1,0.03,Amazônia,5.1
0cdcc866-1b11-3215-9ac4-d0b9ead2a50d,  -5.790110, -45.129560,2026-05-06 04:51:00,NOAA-21,BARRA DO CORDA,MARANHÃO,Brasil,2101608,21,33,2,0.0,0.28,Cerrado,1.4
b5d09fe1-202b-3fd1-a5cc-dde4ea2cad0c, -11.137750, -45.143150,2026-05-06 04:53:00,NOAA-21,FORMOSA DO RIO PRETO,BAHIA,Brasil,2911105,29,33,8,0.0,0.74,Cerrado,5.7
d4ae4bfa-2af1-31ed-9431-6c8fa8ba7321, -12.274270, -43.512770,2026-05-06 04:53:00,NOAA-21,MUQUÉM DO SÃO FRANCISCO,BAHIA,Brasil,2922250,29,33,16,4.47,0.55,Cerrado,3.1
b34d579a-fc4b-3486-86ba-f5866ca6c8e2, -12.506020, -58.482430,2026-05-06 04:53:00,NOAA-21,SAPEZAL,MATO GROSSO,Brasil,5107875,51,33,8,0.0,0.12,Cerrado,5.5
048e07ee-2250-341b-a69c-0305f7595481, -13.441930, -43.849100,2026-05-06 04:53:00,NOAA-21,SERRA DO RAMALHO,BAHIA,Brasil,2930154,29,33,26,0.0,0.89,Cerrado,6.7
0845edd5-546a-3f8c-b80c-6f556ab23f2e, -12.342310, -50.013240,2026-05-06 04:53:00,NOAA-21,SANDOLÂNDIA,TOCANTINS,Brasil,1718840,17,33,7,0.0,0.46,Cerrado,9.8
01c935cb-01db-38b6-a8fc-e3783e288557, -11.437390, -55.106710,2026-05-06 04:53:00,NOAA-21,CLÁUDIA,MATO GROSSO,Brasil,5103056,51,33,7,0.0,0.12,Amazônia,4.1
92bbdd79-7702-3cdd-9f06-1f2018ce60fa, -13.649790, -45.554600,2026-05-06 04:53:00,NOAA-21,CORRENTINA,BAHIA,Brasil,2909307,29,33,25,0.0,0.89,Cerrado,2.1
7bf7f48f-abeb-39ce-a8f6-b54ff49e4375, -12.496060, -58.470480,2026-05-06 04:53:00,NOAA-21,SAPEZAL,MATO GROSSO,Brasil,5107875,51,33,8,0.0,0.12,Cerrado,11.6
06539ac6-3120-3ff5-8866-e3a0edf4a68c, -11.995620, -47.772980,2026-05-06 04:53:00,NOAA-21,NATIVIDADE,TOCANTINS,Brasil,1714203,17,33,9,0.0,0.42,Cerrado,1.5
afa98738-a905-310b-9769-c3261ea59d9a, -13.938620, -47.551270,2026-05-06 04:53:00,NOAA-21,CAVALCANTE,GOIÁS,Brasil,5205307,52,33,9,0.0,0.52,Cerrado,1.0
447f22f8-4a7b-3c2b-bc81-4b186776a90a, -12.122870, -54.668720,2026-05-06 04:53:00,NOAA-21,FELIZ NATAL,MATO GROSSO,Brasil,5103700,51,33,6,0.0,0.08,Amazônia,2.0
1b8e3518-5934-31ac-b162-2b610dadc9e1, -12.155410, -57.754870,2026-05-06 04:53:00,NOAA-21,JUARA,MATO GROSSO,Brasil,5105101,51,33,6,0.0,0.85,Amazônia,0.7
4f02580d-438e-3072-8f98-aeb9bba6b257, -11.440760, -55.107260,2026-05-06 04:53:00,NOAA-21,CLÁUDIA,MATO GROSSO,Brasil,5103056,51,33,7,0.0,0.12,Amazônia,1.7
cb1572b6-852c-3f97-acee-90e4c36737cd, -11.441340, -55.103610,2026-05-06 04:53:00,NOAA-21,CLÁUDIA,MATO GROSSO,Brasil,5103056,51,33,7,0.0,0.11,Amazônia,1.7
4f621d69-4bb5-3d7c-a435-48ba250b9422, -11.450860, -55.108910,2026-05-06 04:53:00,NOAA-21,CLÁUDIA,MATO GROSSO,Brasil,5103056,51,33,7,0.0,0.11,Amazônia,1.1
8e43f883-839a-349a-b07d-5f0f4135ff3b,  -9.420760, -50.693420,2026-05-06 04:53:00,NOAA-21,SANTANA DO ARAGUAIA,PARÁ,Brasil,1506708,15,33,6,0.0,0.45,Amazônia,1.2
74845561-5b71-3f5a-99b4-48be6f569cef, -12.460810, -54.447600,2026-05-06 04:53:00,NOAA-21,NOVA UBIRATÃ,MATO GROSSO,Brasil,5106240,51,33,6,0.0,0.1,Amazônia,4.2
83d7e081-d0ac-3e39-a0e4-bee2dffd3971, -12.394030, -46.325300,2026-05-06 04:53:00,NOAA-21,TAGUATINGA,TOCANTINS,Brasil,1720903,17,33,8,0.0,0.4,Cerrado,2.2
2cbef9d1-45fc-360a-b604-4f1f5191ae40, -11.138150, -45.140080,2026-05-06 04:53:00,NOAA-21,FORMOSA DO RIO PRETO,BAHIA,Brasil,2911105,29,33,8,0.0,0.74,Cerrado,7.5
eb42734c-5042-3e5d-ae6d-a5d611ef8fe8, -12.344780, -50.022910,2026-05-06 04:53:00,NOAA-21,SANDOLÂNDIA,TOCANTINS,Brasil,1718840,17,33,7,0.0,0.46,Cerrado,1.0
0a7dbc24-6b6c-358a-b956-58df6239e4b8, -11.291900, -54.028950,2026-05-06 04:53:00,NOAA-21,UNIÃO DO SUL,MATO GROSSO,Brasil,5108303,51,33,7,0.0,0.05,Amazônia,1.2
38410f65-413d-32aa-a7fe-2c9b9dcddf2a, -13.113900, -51.723220,2026-05-06 04:53:00,NOAA-21,RIBEIRÃO CASCALHEIRA,MATO GROSSO,Brasil,5107180,51,33,7,0.0,0.42,Cerrado,1.4
5e779519-df38-3edf-90e6-b4927df22c52, -11.125760, -45.116390,2026-05-06 04:53:00,NOAA-21,FORMOSA DO RIO PRETO,BAHIA,Brasil,2911105,29,33,10,0.0,0.75,Cerrado,1.1
a2c85504-81df-3b85-a08d-c48cbe190c8b, -11.999350, -47.777790,2026-05-06 04:53:00,NOAA-21,NATIVIDADE,TOCANTINS,Brasil,1714203,17,33,9,0.0,0.42,Cerrado,1.7
f713b795-98db-3f0d-946b-7530c0189900, -13.965560, -47.540930,2026-05-06 04:53:00,NOAA-21,CAVALCANTE,GOIÁS,Brasil,5205307,52,33,10,0.0,0.63,Cerrado,0.8
be656cc5-d32c-32a8-91df-3bcd10cc4a5e, -14.072530, -47.761230,2026-05-06 04:53:00,NOAA-21,CAVALCANTE,GOIÁS,Brasil,5205307,52,33,8,0.0,0.42,Cerrado,1.1
3aeaddac-1a02-39ad-8b13-b962b3aa0e75, -14.134700, -45.355340,2026-05-06 04:53:00,NOAA-21,JABORANDI,BAHIA,Brasil,2917359,29,33,25,0.0,0.8,Cerrado,1.5
b0e173bf-5e68-39ef-86dd-3ec93fe6af03, -11.801830, -43.615250,2026-05-06 04:53:00,NOAA-21,BARRA,BAHIA,Brasil,2902708,29,33,18,2.2,0.48,Cerrado,6.6
b7b56065-8470-364c-a8a8-23e4025f7479, -13.798780, -43.346210,2026-05-06 04:53:00,NOAA-21,RIACHO DE SANTANA,BAHIA,Brasil,2926400,29,33,33,0.0,0.99,Caatinga,2.2
18d2ec86-2e6c-3939-a499-b2a8c55fbd3c, -13.701550, -55.688510,2026-05-06 04:53:00,NOAA-21,NOVA MUTUM,MATO GROSSO,Brasil,5106224,51,33,6,0.0,0.11,Cerrado,1.0
c78c8bc1-6177-3d51-b8b6-7ee9bc9b7b65, -13.698180, -55.687930,2026-05-06 04:53:00,NOAA-21,NOVA MUTUM,MATO GROSSO,Brasil,5106224,51,33,6,0.0,0.11,Cerrado,1.2
a8479ad0-15c6-3640-b2d1-081adceeda57, -12.502130, -58.481730,2026-05-06 04:53:00,NOAA-21,SAPEZAL,MATO GROSSO,Brasil,5107875,51,33,8,0.0,0.12,Cerrado,5.5
aafd1c4c-7bad-3706-b8d7-6defaab9f9e2, -13.469740, -56.855130,2026-05-06 04:53:00,NOAA-21,SÃO JOSÉ DO RIO CLARO,MATO GROSSO,Brasil,5107305,51,33,7,0.0,0.05,Cerrado,1.0
384c0a35-81dd-3bb7-94b9-a1d5197bf2b7, -13.698770, -55.684240,2026-05-06 04:53:00,NOAA-21,NOVA MUTUM,MATO GROSSO,Brasil,5106224,51,33,6,0.0,0.11,Cerrado,1.2
351b1c5a-9c01-3fec-a856-1f17f6c17946, -12.604300, -58.661160,2026-05-06 04:53:00,NOAA-21,SAPEZAL,MATO GROSSO,Brasil,5107875,51,33,8,0.0,0.39,Cerrado,1.1
7a92980b-1327-3d91-bbf9-1754756c726e, -12.342940, -50.008690,2026-05-06 04:53:00,NOAA-21,SANDOLÂNDIA,TOCANTINS,Brasil,1718840,17,33,7,0.0,0.46,Cerrado,3.2
a313e6ca-35c3-34f1-a250-20e8f64f92ab, -14.073030, -47.757360,2026-05-06 04:53:00,NOAA-21,CAVALCANTE,GOIÁS,Brasil,5205307,52,33,8,0.0,0.44,Cerrado,2.3
811547c8-baee-347a-a06b-e34bada10313, -11.465470, -55.115420,2026-05-06 04:53:00,NOAA-21,CLÁUDIA,MATO GROSSO,Brasil,5103056,51,33,8,0.0,0.34,Amazônia,1.4
6eaf8ff3-8d9b-3553-a8ba-12c07b110534, -12.274750, -43.508750,2026-05-06 04:53:00,NOAA-21,MUQUÉM DO SÃO FRANCISCO,BAHIA,Brasil,2922250,29,33,16,4.38,0.42,Cerrado,5.0
dd6cc411-feb5-35a3-9110-66ab16e7cedc,  -9.831110, -56.347510,2026-05-06 04:53:00,NOAA-21,PARANAÍTA,MATO GROSSO,Brasil,5106299,51,33,0,0.0,0.04,Amazônia,0.6
f45dbec8-40c7-3bd2-8db1-d74e5559e484, -11.437970, -55.103060,2026-05-06 04:53:00,NOAA-21,CLÁUDIA,MATO GROSSO,Brasil,5103056,51,33,7,0.0,0.11,Amazônia,4.1
d330a48d-00c5-3243-af11-4fee81782acd, -14.027500, -47.589470,2026-05-06 04:53:00,NOAA-21,CAVALCANTE,GOIÁS,Brasil,5205307,52,33,9,0.0,0.63,Cerrado,1.7
5929af2e-c000-3868-9f2d-f3828e59d592, -11.302430, -54.027710,2026-05-06 04:53:00,NOAA-21,UNIÃO DO SUL,MATO GROSSO,Brasil,5108303,51,33,7,0.0,0.05,Amazônia,0.7
85939591-c3f3-33f3-b2a6-925df98aa098, -10.589740, -44.332000,2026-05-06 04:53:00,NOAA-21,SANTA RITA DE CÁSSIA,BAHIA,Brasil,2928406,29,33,16,0.0,0.41,Cerrado,2.3
30d8399b-da26-3017-98d7-415bf854ab8a, -13.436270, -43.848090,2026-05-06 04:53:00,NOAA-21,SERRA DO RAMALHO,BAHIA,Brasil,2930154,29,33,26,0.0,0.89,Cerrado,2.6
75c0555b-f861-340f-8f42-dea77dab8f01, -13.995470, -56.640420,2026-05-06 04:53:00,NOAA-21,DIAMANTINO,MATO GROSSO,Brasil,5103502,51,33,6,0.0,0.17,Cerrado,1.3
9ee1ec54-a576-38c3-ae11-126e66ca387f, -13.943520, -47.548570,2026-05-06 04:53:00,NOAA-21,CAVALCANTE,GOIÁS,Brasil,5205307,52,33,10,0.0,0.61,Cerrado,0.8
fb85da26-ce52-301b-8738-2cd2ebb1017d, -11.852440, -57.368740,2026-05-06 04:53:00,NOAA-21,NOVA MARINGÁ,MATO GROSSO,Brasil,5108907,51,33,6,0.0,0.09,Amazônia,0.9
76d4c77c-7bac-3abf-ae3f-88715d4ee44e, -14.145080, -45.356810,2026-05-06 04:53:00,NOAA-21,JABORANDI,BAHIA,Brasil,2917359,29,33,25,0.0,0.8,Cerrado,2.3
f8369854-3bec-39ea-af5c-da1718af61ab, -12.507700, -58.472590,2026-05-06 04:53:00,NOAA-21,SAPEZAL,MATO GROSSO,Brasil,5107875,51,33,8,0.0,0.12,Cerrado,11.9
90208abc-9b7e-3e0d-b954-cda79425845d, -13.439960, -43.843730,2026-05-06 04:53:00,NOAA-21,SERRA DO RAMALHO,BAHIA,Brasil,2930154,29,33,26,0.0,0.89,Cerrado,7.7
4492c51c-8f25-32d0-b0ed-76c2f891a7aa, -11.637960, -54.165160,2026-05-06 04:53:00,NOAA-21,UNIÃO DO SUL,MATO GROSSO,Brasil,5108303,51,33,8,0.0,0.17,Amazônia,2.5
4d6c4ca6-72d2-3791-a3e3-cbde020313b4, -11.801360, -43.619210,2026-05-06 04:53:00,NOAA-21,BARRA,BAHIA,Brasil,2902708,29,33,18,2.2,0.48,Cerrado,9.7
ba1dd6c4-7ea0-3641-8701-243f564b6a0f, -12.438410, -44.624900,2026-05-06 04:53:00,NOAA-21,BAIANÓPOLIS,BAHIA,Brasil,2902500,29,33,12,0.0,1.0,Cerrado,1.3
c75a08df-5763-3bec-a6d3-0c1418ee708f, -13.654120, -45.561420,2026-05-06 04:53:00,NOAA-21,CORRENTINA,BAHIA,Brasil,2909307,29,33,25,0.0,0.88,Cerrado,1.1
e70e7344-880f-3429-9be2-d0ff05c70770, -13.442370, -43.845170,2026-05-06 04:53:00,NOAA-21,SERRA DO RAMALHO,BAHIA,Brasil,2930154,29,33,26,0.0,0.89,Cerrado,6.7
f4421f35-75ed-3868-bed8-6463add390da, -12.499940, -58.471190,2026-05-06 04:53:00,NOAA-21,SAPEZAL,MATO GROSSO,Brasil,5107875,51,33,8,0.0,0.12,Cerrado,11.6
9b71c6d2-9ceb-347e-8148-d076c72df54d, -13.962960, -47.538930,2026-05-06 04:53:00,NOAA-21,CAVALCANTE,GOIÁS,Brasil,5205307,52,33,10,0.0,0.63,Cerrado,1.4
3e279201-156f-3a16-a48b-434c109e7ee7, -12.346490, -54.760610,2026-05-06 04:53:00,NOAA-21,FELIZ NATAL,MATO GROSSO,Brasil,5103700,51,33,6,0.0,0.15,Amazônia,0.9
b337834f-0c97-3bee-9d75-a3f949ec8bf7, -13.999530, -47.595540,2026-05-06 04:53:00,NOAA-21,CAVALCANTE,GOIÁS,Brasil,5205307,52,33,9,0.0,0.58,Cerrado,2.5
956739f6-7f3e-3148-a31c-bc4b97dd11ab, -12.600840, -58.658370,2026-05-06 04:53:00,NOAA-21,SAPEZAL,MATO GROSSO,Brasil,5107875,51,33,8,0.0,0.56,Cerrado,1.5
5c02f1b3-219e-3bf5-a4c6-9641ccaa41c0, -12.501290, -58.486680,2026-05-06 04:53:00,NOAA-21,SAPEZAL,MATO GROSSO,Brasil,5107875,51,33,8,0.0,0.12,Cerrado,5.5
14d2515f-825f-32df-b0b0-89c3347520cf, -11.455960, -55.110110,2026-05-06 04:53:00,NOAA-21,CLÁUDIA,MATO GROSSO,Brasil,5103056,51,33,8,0.0,0.16,Amazônia,1.2
d64c58f5-724b-3b7a-878e-55122e57e144, -13.695400, -55.683670,2026-05-06 04:53:00,NOAA-21,NOVA MUTUM,MATO GROSSO,Brasil,5106224,51,33,7,0.0,0.11,Cerrado,1.2
a813e36f-9820-3052-a7cf-0e0b12f672b8, -12.394660, -46.320210,2026-05-06 04:53:00,NOAA-21,TAGUATINGA,TOCANTINS,Brasil,1720903,17,33,8,0.0,0.4,Cerrado,1.7
a516f94d-cd62-3915-b078-970b80164e0e, -10.590160, -44.328720,2026-05-06 04:53:00,NOAA-21,SANTA RITA DE CÁSSIA,BAHIA,Brasil,2928406,29,33,16,0.0,0.47,Cerrado,1.9
1d921f3d-584b-337a-98fe-ce12651c3e38, -14.025660, -56.791170,2026-05-06 04:53:00,NOAA-21,DIAMANTINO,MATO GROSSO,Brasil,5103502,51,33,6,0.0,0.36,Cerrado,1.9
0c1780bf-222a-3938-ab44-bd5ee2386ac6, -14.139520, -45.359270,2026-05-06 04:53:00,NOAA-21,JABORANDI,BAHIA,Brasil,2917359,29,33,25,0.0,0.8,Cerrado,2.0
308d12be-dc61-32aa-9a4f-a483447ec602,  -9.250840, -60.333480,2026-05-06 04:53:00,NOAA-21,COLNIZA,MATO GROSSO,Brasil,5103254,51,33,2,1.06,0.67,Amazônia,6.5
8f585985-a0d9-333c-942b-fb3721d6d295, -14.076860, -47.619670,2026-05-06 04:53:00,NOAA-21,ALTO PARAÍSO DE GOIÁS,GOIÁS,Brasil,5200605,52,33,10,0.0,0.43,Cerrado,1.2
f634a13f-c98d-327a-83a0-a454830947b4,  -9.249960, -60.338290,2026-05-06 04:53:00,NOAA-21,COLNIZA,MATO GROSSO,Brasil,5103254,51,33,2,1.09,0.67,Amazônia,6.5
228c87a6-ac9f-3d5c-8d88-17ce88ccbeef, -13.702150, -55.684810,2026-05-06 04:53:00,NOAA-21,NOVA MUTUM,MATO GROSSO,Brasil,5106224,51,33,6,0.0,0.11,Cerrado,1.0
c077d5cf-0366-3ad0-8da3-1daee6da84fa, -13.697580, -55.691630,2026-05-06 04:53:00,NOAA-21,NOVA MUTUM,MATO GROSSO,Brasil,5106224,51,33,6,0.0,0.2,Cerrado,1.2
c30fc870-56dc-3af8-a7cc-9db441ac265b, -11.381210, -55.176340,2026-05-06 04:53:00,NOAA-21,CLÁUDIA,MATO GROSSO,Brasil,5103056,51,33,7,0.0,0.22,Amazônia,0.6
ea239cc7-97a6-3551-923b-6841a727137c,  -9.832460, -56.348760,2026-05-06 04:53:00,NOAA-21,PARANAÍTA,MATO GROSSO,Brasil,5106299,51,33,0,0.0,0.04,Amazônia,0.5
d9cff854-f833-3f1d-9175-8a8f7cc76025, -11.638520, -54.161640,2026-05-06 04:53:00,NOAA-21,UNIÃO DO SUL,MATO GROSSO,Brasil,5108303,51,33,8,0.0,0.28,Amazônia,2.5
c7c01097-7a1d-36c3-a8ed-1d2a3deba73b, -14.076850, -47.762630,2026-05-06 04:53:00,NOAA-21,CAVALCANTE,GOIÁS,Brasil,5205307,52,33,8,0.0,0.53,Cerrado,0.6
b1a9797b-b8b1-34db-affa-22ab41c4a76d, -11.299120, -54.027180,2026-05-06 04:53:00,NOAA-21,UNIÃO DO SUL,MATO GROSSO,Brasil,5108303,51,33,7,0.0,0.09,Amazônia,0.7
f407e724-ebb8-3eeb-a80f-3dd0dea6f4d2, -11.448080, -55.104710,2026-05-06 04:53:00,NOAA-21,CLÁUDIA,MATO GROSSO,Brasil,5103056,51,33,7,0.0,0.11,Amazônia,1.1
785d6eac-e16e-35fc-9ba9-4a58a37c4421, -10.099370, -53.998080,2026-05-06 04:53:00,NOAA-21,PEIXOTO DE AZEVEDO,MATO GROSSO,Brasil,5106422,51,33,0,0.0,0.18,Amazônia,0.9
0c830f6d-9359-3014-9ea5-535d4b74720f, -11.434600, -55.102510,2026-05-06 04:53:00,NOAA-21,CLÁUDIA,MATO GROSSO,Brasil,5103056,51,33,7,0.0,0.11,Amazônia,4.1
86654748-a713-3651-b671-e53543f2729d, -14.073190, -47.791280,2026-05-06 04:53:00,NOAA-21,CAVALCANTE,GOIÁS,Brasil,5205307,52,33,8,0.0,0.46,Cerrado,2.0
29766a3d-c066-344a-bc6d-edb3c8c4e071, -11.616750, -48.056770,2026-05-06 04:53:00,NOAA-21,CHAPADA DA NATIVIDADE,TOCANTINS,Brasil,1705102,17,33,8,0.0,0.45,Cerrado,7.8
de037677-fe0b-3f67-8538-a05eff324c23, -13.436710, -43.844150,2026-05-06 04:53:00,NOAA-21,SERRA DO RAMALHO,BAHIA,Brasil,2930154,29,33,26,0.0,0.89,Cerrado,2.6
6fa8ea1e-5f45-3117-b606-d3cded753723, -12.345920, -54.764180,2026-05-06 04:53:00,NOAA-21,FELIZ NATAL,MATO GROSSO,Brasil,5103700,51,33,6,0.0,0.11,Amazônia,0.9
3a800dbd-abae-3d74-ba7a-04a32fdcdc18, -12.335370, -44.595460,2026-05-06 04:53:00,NOAA-21,BAIANÓPOLIS,BAHIA,Brasil,2902500,29,33,18,0.0,0.63,Cerrado,2.1
8fbe78e7-4cd7-3542-95a7-6634344010eb, -12.349150, -50.018940,2026-05-06 04:53:00,NOAA-21,SANDOLÂNDIA,TOCANTINS,Brasil,1718840,17,33,7,0.0,0.46,Cerrado,2.2
4adfa2f3-d48d-3b73-a787-dc230a2cb140, -14.084660, -47.629650,2026-05-06 04:53:00,NOAA-21,ALTO PARAÍSO DE GOIÁS,GOIÁS,Brasil,5200605,52,33,10,0.0,0.43,Cerrado,3.1
1704a964-07fa-3ec5-9301-9d16f6b065f2, -14.139890, -45.356090,2026-05-06 04:53:00,NOAA-21,JABORANDI,BAHIA,Brasil,2917359,29,33,25,0.0,0.8,Cerrado,1.5
c61457f1-2d19-3056-a28f-7e2015164471, -12.133420, -54.666780,2026-05-06 04:53:00,NOAA-21,FELIZ NATAL,MATO GROSSO,Brasil,5103700,51,33,6,0.0,0.08,Amazônia,1.0
222797fb-857c-31a6-8217-9d83289a9fb7, -12.351610, -50.028590,2026-05-06 04:53:00,NOAA-21,SANDOLÂNDIA,TOCANTINS,Brasil,1718840,17,33,7,0.0,0.48,Cerrado,6.0
cb6fd125-d452-3d9b-941b-86957416ca01, -14.855210, -48.542350,2026-05-06 04:53:00,NOAA-21,NIQUELÂNDIA,GOIÁS,Brasil,5214606,52,33,24,0.0,0.47,Cerrado,1.0
b7abca40-141c-3bb1-a008-f6570890f121, -14.081320, -47.620260,2026-05-06 04:53:00,NOAA-21,ALTO PARAÍSO DE GOIÁS,GOIÁS,Brasil,5200605,52,33,10,0.0,0.43,Cerrado,1.2
d55bc3f1-ca0d-335d-aa03-27c482022431, -12.509900, -58.483120,2026-05-06 04:53:00,NOAA-21,SAPEZAL,MATO GROSSO,Brasil,5107875,51,33,8,0.0,0.12,Cerrado,3.4
f0741e97-943e-39f0-a8f1-e732c6353af3, -12.506860, -58.477500,2026-05-06 04:53:00,NOAA-21,SAPEZAL,MATO GROSSO,Brasil,5107875,51,33,8,0.0,0.12,Cerrado,11.9
d9ebdf8e-e07c-307b-9910-906eb7bdc6b7, -11.808340, -56.988710,2026-05-06 04:53:00,NOAA-21,PORTO DOS GAÚCHOS,MATO GROSSO,Brasil,5106802,51,33,6,0.0,0.34,Amazônia,0.7
c3f107ce-39ec-3e14-a09e-5d3dd35d01af, -12.503820, -58.471900,2026-05-06 04:53:00,NOAA-21,SAPEZAL,MATO GROSSO,Brasil,5107875,51,33,8,0.0,0.12,Cerrado,11.9
60899cc2-3dd0-3b3a-9e56-984d3899d908, -12.716800, -54.997970,2026-05-06 04:53:00,NOAA-21,FELIZ NATAL,MATO GROSSO,Brasil,5103700,51,33,6,0.0,0.18,Amazônia,1.1
a4c942cc-307e-3977-a4c2-e6bfc6d619fa, -14.072720, -47.794970,2026-05-06 04:53:00,NOAA-21,CAVALCANTE,GOIÁS,Brasil,5205307,52,33,8,0.0,0.36,Cerrado,4.5
bf2371c5-f160-367d-b2d5-de7536fd8d7a, -12.269020, -43.508020,2026-05-06 04:53:00,NOAA-21,MUQUÉM DO SÃO FRANCISCO,BAHIA,Brasil,2922250,29,33,16,4.42,0.42,Cerrado,2.4
32330a56-f4ad-316a-8958-83f149194aa5, -11.553230, -48.272410,2026-05-06 04:53:00,NOAA-21,SÃO VALÉRIO,TOCANTINS,Brasil,1720499,17,33,8,0.0,0.47,Cerrado,4.3
19c71706-aab1-3a3e-be90-6367d0e32125, -12.505170, -58.487370,2026-05-06 04:53:00,NOAA-21,SAPEZAL,MATO GROSSO,Brasil,5107875,51,33,8,0.0,0.12,Cerrado,5.5
28a2468b-fd8b-35c2-a676-ac637dc324a0, -10.485560, -49.362290,2026-05-06 04:53:00,NOAA-21,CRISTALÂNDIA,TOCANTINS,Brasil,1706100,17,33,7,0.0,0.2,Cerrado,3.4
44b6fb37-270b-3c5c-b433-c19d461d28b5, -14.080770, -47.624610,2026-05-06 04:53:00,NOAA-21,ALTO PARAÍSO DE GOIÁS,GOIÁS,Brasil,5200605,52,33,10,0.0,0.43,Cerrado,1.2
3f034121-0b1e-3edb-aeea-9d4b03f2d942, -12.126200, -54.669250,2026-05-06 04:53:00,NOAA-21,FELIZ NATAL,MATO GROSSO,Brasil,5103700,51,33,6,0.0,0.08,Amazônia,2.0
2b87ecf9-6036-39ee-a70a-b3a7e74d4939,  -9.247010, -60.334060,2026-05-06 04:53:00,NOAA-21,COLNIZA,MATO GROSSO,Brasil,5103254,51,33,2,1.09,-999.0,Amazônia,6.5
04c007e8-f4ca-33b7-ad0e-5a164acb3bc2, -12.502980, -58.476810,2026-05-06 04:53:00,NOAA-21,SAPEZAL,MATO GROSSO,Brasil,5107875,51,33,8,0.0,0.12,Cerrado,11.9
85268b51-b155-345e-b3bd-d47bfd61d558, -13.696980, -55.695330,2026-05-06 04:53:00,NOAA-21,NOVA MUTUM,MATO GROSSO,Brasil,5106224,51,33,6,0.0,0.39,Cerrado,0.6
e9fbfc4d-921c-3eb3-ab59-c23fb9c2e2cd, -12.600400, -58.660370,2026-05-06 04:53:00,NOAA-21,SAPEZAL,MATO GROSSO,Brasil,5107875,51,33,8,0.0,0.57,Cerrado,1.1
b7600809-323b-390d-8b4a-add73eb56cea, -12.511580, -58.473280,2026-05-06 04:53:00,NOAA-21,SAPEZAL,MATO GROSSO,Brasil,5107875,51,33,8,0.0,0.12,Cerrado,3.2
796bd227-d934-34f1-9690-c9b6007b54e3, -11.444710, -55.104160,2026-05-06 04:53:00,NOAA-21,CLÁUDIA,MATO GROSSO,Brasil,5103056,51,33,7,0.0,0.11,Amazônia,1.7
72c74229-4267-3805-a363-7e5def16cfea, -11.438550, -55.099410,2026-05-06 04:53:00,NOAA-21,CLÁUDIA,MATO GROSSO,Brasil,5103056,51,33,7,0.0,0.11,Amazônia,2.3
cdb2c42c-1e0b-3b86-b10c-09934b461e7e, -12.330060, -44.594530,2026-05-06 04:53:00,NOAA-21,BAIANÓPOLIS,BAHIA,Brasil,2902500,29,33,18,0.0,0.71,Cerrado,1.8
6705d130-19ee-3aa9-b84c-3f2939b265ee, -12.296220, -57.567330,2026-05-06 04:53:00,NOAA-21,NOVA MARINGÁ,MATO GROSSO,Brasil,5108907,51,33,6,0.0,0.06,Amazônia,2.1
0fc4c4f7-c4e6-392e-b492-9790c0c72e0f, -11.130420, -45.120200,2026-05-06 04:53:00,NOAA-21,FORMOSA DO RIO PRETO,BAHIA,Brasil,2911105,29,33,10,0.0,0.75,Cerrado,1.1
a0f6767c-3da7-343c-8055-ba3202504bfe, -11.459320, -55.110660,2026-05-06 04:53:00,NOAA-21,CLÁUDIA,MATO GROSSO,Brasil,5103056,51,33,8,0.0,0.32,Amazônia,0.6
a14feddb-6be8-37b6-b573-5b94ea90fb11, -11.634650, -54.164620,2026-05-06 04:53:00,NOAA-21,UNIÃO DO SUL,MATO GROSSO,Brasil,5108303,51,33,8,0.0,0.07,Amazônia,1.0
aa6623ae-1b47-3385-b2d8-c26132803d43, -13.966130, -47.536370,2026-05-06 04:53:00,NOAA-21,CAVALCANTE,GOIÁS,Brasil,5205307,52,33,10,0.0,0.63,Cerrado,0.8
f2b02957-1a3f-3019-a925-d89d3f38d4ba, -11.798230, -56.960890,2026-05-06 04:53:00,NOAA-21,PORTO DOS GAÚCHOS,MATO GROSSO,Brasil,5106802,51,33,6,0.0,0.09,Amazônia,1.4
bfc045b2-e554-39a9-b772-9630e8029bca, -12.497400, -58.485990,2026-05-06 04:53:00,NOAA-21,SAPEZAL,MATO GROSSO,Brasil,5107875,51,33,8,0.0,0.12,Cerrado,9.4
9ed7fe20-77e4-3c53-8c98-8664a86ce095, -11.133110, -45.139270,2026-05-06 04:53:00,NOAA-21,FORMOSA DO RIO PRETO,BAHIA,Brasil,2911105,29,33,8,0.0,0.74,Cerrado,7.5
35445284-5d2c-333a-a073-c5a00aa22ac7, -12.389290, -46.324530,2026-05-06 04:53:00,NOAA-21,TAGUATINGA,TOCANTINS,Brasil,1720903,17,33,8,0.0,0.4,Cerrado,1.9
40fcea54-81b7-354c-8256-c0960961d43a, -10.936220, -49.428030,2026-05-06 04:53:00,NOAA-21,SANTA RITA DO TOCANTINS,TOCANTINS,Brasil,1718899,17,33,2,0.0,0.26,Cerrado,1.7
b0282f8e-4f18-3f24-a287-a07d22edd413, -11.607870, -48.059350,2026-05-06 04:53:00,NOAA-21,CHAPADA DA NATIVIDADE,TOCANTINS,Brasil,1705102,17,33,8,0.0,0.44,Cerrado,1.9
b0450a35-8b14-3aef-ac3a-5323bf805b24, -12.393480, -46.322790,2026-05-06 04:53:00,NOAA-21,TAGUATINGA,TOCANTINS,Brasil,1720903,17,33,8,0.0,0.4,Cerrado,4.0
29634e79-a4b5-3c36-a80c-6703bac16aa3, -11.132700, -45.142360,2026-05-06 04:53:00,NOAA-21,FORMOSA DO RIO PRETO,BAHIA,Brasil,2911105,29,33,8,0.0,0.74,Cerrado,5.7
9e451723-49a0-3e7e-a86f-0e1e48fa98bc,  -9.421330, -50.689500,2026-05-06 04:53:00,NOAA-21,SANTANA DO ARAGUAIA,PARÁ,Brasil,1506708,15,33,6,0.0,0.68,Amazônia,1.2
cb6e9687-c77b-32fd-ab53-a9bf009ff157, -12.296980, -57.562840,2026-05-06 04:53:00,NOAA-21,NOVA MARINGÁ,MATO GROSSO,Brasil,5108907,51,33,6,0.0,0.06,Amazônia,2.0
a4244f98-07ea-3fc5-a650-f5d96ba50f9f, -11.125350, -45.119520,2026-05-06 04:53:00,NOAA-21,FORMOSA DO RIO PRETO,BAHIA,Brasil,2911105,29,33,10,0.0,0.75,Cerrado,1.1
3183cdde-dabc-3a13-b0bc-77dfa92152cd, -11.126150, -45.113290,2026-05-06 04:53:00,NOAA-21,FORMOSA DO RIO PRETO,BAHIA,Brasil,2911105,29,33,10,0.0,0.75,Cerrado,1.7
2e6562f7-37ac-325b-b6c1-9af6a874ca10, -12.720710, -54.994940,2026-05-06 04:53:00,NOAA-21,FELIZ NATAL,MATO GROSSO,Brasil,5103700,51,33,6,0.0,0.32,Amazônia,1.1
dfdb4b59-6522-358d-a7a4-feb01cfa7287, -14.326920, -57.736080,2026-05-06 04:53:00,NOAA-21,TANGARÁ DA SERRA,MATO GROSSO,Brasil,5107958,51,33,7,0.0,0.27,Amazônia,1.0
a05de8a8-edf1-3228-b895-6073bdc6f2b6, -11.612040, -48.060010,2026-05-06 04:53:00,NOAA-21,CHAPADA DA NATIVIDADE,TOCANTINS,Brasil,1705102,17,33,8,0.0,0.45,Cerrado,3.3
ee6e0bf1-9c66-3e1d-b6a6-010a3054306c, -14.134340, -45.358510,2026-05-06 04:53:00,NOAA-21,JABORANDI,BAHIA,Brasil,2917359,29,33,25,0.0,0.8,Cerrado,2.0
3106afa6-ffb5-302f-9b50-82fa2f7dec70, -12.510740, -58.478200,2026-05-06 04:53:00,NOAA-21,SAPEZAL,MATO GROSSO,Brasil,5107875,51,33,7,0.0,0.12,Cerrado,3.2
d66fdc27-db7c-3ea8-a422-3d2918ace9de, -11.295760, -54.025960,2026-05-06 04:53:00,NOAA-21,UNIÃO DO SUL,MATO GROSSO,Brasil,5108303,51,33,7,0.0,0.17,Amazônia,1.2
d7708c2a-80bd-3d51-a011-a6fe2924382d, -11.996680, -47.775130,2026-05-06 04:53:00,NOAA-21,NATIVIDADE,TOCANTINS,Brasil,1714203,17,33,9,0.0,0.42,Cerrado,1.8
3ab285e6-049f-37e8-9546-f05fa9ebb445, -12.346050, -50.013810,2026-05-06 04:53:00,NOAA-21,SANDOLÂNDIA,TOCANTINS,Brasil,1718840,17,33,7,0.0,0.46,Cerrado,9.8
6322f713-4b13-39eb-9a18-7e30bbb4418d, -12.129530, -54.669790,2026-05-06 04:53:00,NOAA-21,FELIZ NATAL,MATO GROSSO,Brasil,5103700,51,33,6,0.0,0.08,Amazônia,0.7
8d7325e0-8c9a-3ff8-9f32-55c27b7d451b, -11.441920, -55.099970,2026-05-06 04:53:00,NOAA-21,CLÁUDIA,MATO GROSSO,Brasil,5103056,51,33,7,0.0,0.11,Amazônia,1.8
d1511182-8e2d-330f-b732-71343534bba9, -13.439500, -43.847630,2026-05-06 04:53:00,NOAA-21,SERRA DO RAMALHO,BAHIA,Brasil,2930154,29,33,26,0.0,0.89,Cerrado,17.4
5dce984f-54b5-398d-8c6e-0b3ce575acd3, -12.392810, -46.327900,2026-05-06 04:53:00,NOAA-21,TAGUATINGA,TOCANTINS,Brasil,1720903,17,33,8,0.0,0.4,Cerrado,2.0
3389713d-0709-39a5-a1f6-b1375403ce0f, -12.493520, -58.485310,2026-05-06 04:53:00,NOAA-21,SAPEZAL,MATO GROSSO,Brasil,5107875,51,33,8,0.0,0.12,Cerrado,9.4
e94ef4a7-09d9-3687-a182-91af63c8199f, -12.599500, -58.665450,2026-05-06 04:53:00,NOAA-21,SAPEZAL,MATO GROSSO,Brasil,5107875,51,33,8,0.0,0.61,Cerrado,1.1
0b16a183-4e88-3825-afdf-7fb177d5e481, -12.335780, -44.592090,2026-05-06 04:53:00,NOAA-21,BAIANÓPOLIS,BAHIA,Brasil,2902500,29,33,18,0.0,0.63,Cerrado,2.2
31987a76-6ee5-330f-a3a2-cd46352e364b, -12.508540, -58.467670,2026-05-06 04:53:00,NOAA-21,SAPEZAL,MATO GROSSO,Brasil,5107875,51,33,8,0.0,0.12,Cerrado,3.6
c733a3dd-4823-33a6-b7c6-28495f1c75f8, -14.855710, -48.538500,2026-05-06 04:53:00,NOAA-21,NIQUELÂNDIA,GOIÁS,Brasil,5214606,52,33,24,0.0,0.47,Cerrado,1.5
8beeb5e8-2968-3d44-a975-7b3ef745a619, -11.796180, -43.614460,2026-05-06 04:53:00,NOAA-21,BARRA,BAHIA,Brasil,2902708,29,33,17,2.2,0.48,Cerrado,1.7
ad0ab3ad-4294-3d03-adbf-b7ee89bc62ed, -12.498250, -58.481020,2026-05-06 04:53:00,NOAA-21,SAPEZAL,MATO GROSSO,Brasil,5107875,51,33,8,0.0,0.12,Cerrado,9.4
49f1a5ee-6440-33f6-8c08-9c19a8aaf884, -11.462100, -55.114860,2026-05-06 04:53:00,NOAA-21,CLÁUDIA,MATO GROSSO,Brasil,5103056,51,33,8,0.0,0.3,Amazônia,0.9
5531d465-f432-3dbb-bc07-ba87b812b04c,  -9.251630, -60.334910,2026-05-06 04:53:00,NOAA-21,COLNIZA,MATO GROSSO,Brasil,5103254,51,33,2,1.07,0.67,Amazônia,6.5
c851b61f-0d30-3b3c-9643-b0cc45bd0712, -12.348510, -50.023490,2026-05-06 04:53:00,NOAA-21,SANDOLÂNDIA,TOCANTINS,Brasil,1718840,17,33,7,0.0,0.47,Cerrado,6.0
a86de54f-5254-39de-8060-e11800264979, -18.080400, -46.367200,2026-05-06 04:55:00,NOAA-21,PRESIDENTE OLEGÁRIO,MINAS GERAIS,Brasil,3153400,31,33,18,0.0,0.54,Cerrado,1.1
ed61cae2-9d2c-339b-989e-213329f5a5fd, -21.974080, -57.593010,2026-05-06 04:55:00,NOAA-21,PORTO MURTINHO,MATO GROSSO DO SUL,Brasil,5006903,50,33,3,0.0,0.12,Cerrado,2.4
953884be-3d18-3127-baa7-dc8001140dba, -21.977440, -57.593620,2026-05-06 04:55:00,NOAA-21,PORTO MURTINHO,MATO GROSSO DO SUL,Brasil,5006903,50,33,3,0.0,0.07,Cerrado,8.1
c5bd7013-774e-3124-bc4a-fd5bf215e411, -18.776710, -51.942880,2026-05-06 04:55:00,NOAA-21,APORÉ,GOIÁS,Brasil,5201504,52,33,7,0.0,1.0,Cerrado,3.2
2ff1e307-a908-3be3-b963-c0e07b4c3a81, -20.224630, -50.754510,2026-05-06 04:55:00,NOAA-21,ASPÁSIA,SÃO PAULO,Brasil,3503950,35,33,5,0.0,1.0,Mata Atlântica,1.0
5d7296b4-f26c-3c72-a2a4-f6fb5177b2a5, -16.425090, -54.911390,2026-05-06 04:55:00,NOAA-21,RONDONÓPOLIS,MATO GROSSO,Brasil,5107602,51,33,7,0.0,0.92,Cerrado,2.8
708c7f69-e407-36cf-9bdf-37b1683a4819, -17.809200, -46.715210,2026-05-06 04:55:00,NOAA-21,VAZANTE,MINAS GERAIS,Brasil,3171006,31,33,26,0.0,0.95,Cerrado,1.7
7942d46e-15af-3360-a103-3900c7cb9413, -20.225840, -50.753700,2026-05-06 04:55:00,NOAA-21,ASPÁSIA,SÃO PAULO,Brasil,3503950,35,33,5,0.0,1.0,Mata Atlântica,1.2
15a8f27c-a3f5-3f22-8242-09e6a82da233, -18.483420, -51.684290,2026-05-06 04:55:00,NOAA-21,ITARUMÃ,GOIÁS,Brasil,5211305,52,33,8,0.0,0.7,Cerrado,1.2
bd23d011-f5d3-33f4-b31f-06776fe2d5bf, -20.795980, -51.661210,2026-05-06 04:55:00,NOAA-21,TRÊS LAGOAS,MATO GROSSO DO SUL,Brasil,5008305,50,33,6,0.0,-999.0,Mata Atlântica,32.2
b97f71e1-54d5-351b-b0ff-76ef291f8930, -16.430280, -57.266360,2026-05-06 04:55:00,NOAA-21,CÁCERES,MATO GROSSO,Brasil,5102504,51,33,6,0.0,0.56,Pantanal,2.0
d644b899-df62-32b3-903b-bceeeeb4b233, -18.487210, -51.687500,2026-05-06 04:55:00,NOAA-21,ITARUMÃ,GOIÁS,Brasil,5211305,52,33,8,0.0,0.53,Cerrado,2.3
6ed6d932-2d63-3897-9efc-17a5373f6477, -16.170510, -58.492740,2026-05-06 04:55:00,NOAA-21,CÁCERES,MATO GROSSO,Brasil,5102504,51,33,7,0.0,0.71,Pantanal,1.1
65ea83ec-8523-302d-a14b-7b56fa0c6041, -21.953880, -57.589350,2026-05-06 04:55:00,NOAA-21,PORTO MURTINHO,MATO GROSSO DO SUL,Brasil,5006903,50,33,3,0.0,0.69,Cerrado,1.4
5e616630-0935-3922-8fc0-6c7cb8dd4f3f, -22.973250, -52.694950,2026-05-06 04:55:00,NOAA-21,GUAIRAÇÁ,PARANÁ,Brasil,4108908,41,33,3,0.0,0.47,Mata Atlântica,2.1
3b77849e-7be6-376b-b7eb-050fb298dc3b, -17.846130, -51.466980,2026-05-06 04:55:00,NOAA-21,JATAÍ,GOIÁS,Brasil,5211909,52,33,20,0.0,0.97,Cerrado,1.0
75489617-a65f-3965-8c71-4c88520eac85, -17.944380, -52.965660,2026-05-06 04:55:00,NOAA-21,MINEIROS,GOIÁS,Brasil,5213103,52,33,8,0.0,0.62,Cerrado,1.3
bbea5dd9-9e51-3496-bc5d-e9fc56c685ae, -16.110980, -49.236560,2026-05-06 04:55:00,NOAA-21,PETROLINA DE GOIÁS,GOIÁS,Brasil,5216809,52,33,16,0.0,0.67,Cerrado,1.5
9c2a4432-873f-3afd-926d-7e70feda34a3, -18.238470, -54.591750,2026-05-06 04:55:00,NOAA-21,PEDRO GOMES,MATO GROSSO DO SUL,Brasil,5006408,50,33,8,0.0,1.0,Cerrado,1.4
bd6a9142-e0bc-3171-84e4-34681381baff, -18.938150, -48.074150,2026-05-06 04:55:00,NOAA-21,UBERLÂNDIA,MINAS GERAIS,Brasil,3170206,31,33,18,0.0,1.0,Cerrado,1.1
c402cab9-eb73-3a1b-a288-8764bc7d36c3, -21.953240, -57.593190,2026-05-06 04:55:00,NOAA-21,PORTO MURTINHO,MATO GROSSO DO SUL,Brasil,5006903,50,33,3,0.0,0.7,Cerrado,1.4
57236bf2-1cce-3cb5-976e-092af6a6c51a, -16.159440, -58.490720,2026-05-06 04:55:00,NOAA-21,CÁCERES,MATO GROSSO,Brasil,5102504,51,33,7,0.0,0.64,Pantanal,1.0
249e2e5c-bdbb-3921-8c23-b1873b364c50, -18.483540, -51.686950,2026-05-06 04:55:00,NOAA-21,ITARUMÃ,GOIÁS,Brasil,5211305,52,33,8,0.0,0.52,Cerrado,2.3
77f838c4-7f18-3697-a20b-24c72411abbd, -21.707840, -48.424920,2026-05-06 04:55:00,NOAA-21,MATÃO,SÃO PAULO,Brasil,3529302,35,33,8,0.0,1.0,Cerrado,16.2
e21bdd4b-7d4c-3aff-813f-9d65260df64c, -20.792200, -51.660630,2026-05-06 04:55:00,NOAA-21,TRÊS LAGOAS,MATO GROSSO DO SUL,Brasil,5008305,50,33,6,0.0,-999.0,Mata Atlântica,1.4
e4d1bf39-dfdf-35c7-b3be-49b3735a7f0f, -19.264850, -55.144200,2026-05-06 04:55:00,NOAA-21,RIO VERDE DE MATO GROSSO,MATO GROSSO DO SUL,Brasil,5007406,50,33,7,0.0,0.54,Cerrado,2.6
0673cba4-804a-3ff1-ab82-72c95532953b, -18.169280, -51.111730,2026-05-06 04:55:00,NOAA-21,RIO VERDE,GOIÁS,Brasil,5218805,52,33,8,0.0,1.0,Cerrado,1.1
da8e22ea-a8e9-303e-8042-0d26c9c1f806, -21.794590, -50.772410,2026-05-06 04:55:00,NOAA-21,PARAPUÃ,SÃO PAULO,Brasil,3536000,35,33,5,0.0,1.0,Mata Atlântica,2.9
6d4b5897-9375-30bc-bbb5-5bea3aad5318, -22.308910, -55.700450,2026-05-06 04:55:00,NOAA-21,PONTA PORÃ,MATO GROSSO DO SUL,Brasil,5006606,50,33,3,0.0,0.43,Cerrado,0.8
e386687a-843c-3f11-a215-24a5a8d5af50, -16.429620, -57.270360,2026-05-06 04:55:00,NOAA-21,CÁCERES,MATO GROSSO,Brasil,5102504,51,33,6,0.0,0.45,Pantanal,2.7
a5e05224-6cf4-357f-aba4-98b735dadb8e, -20.528300, -49.245590,2026-05-06 04:55:00,NOAA-21,NOVA GRANADA,SÃO PAULO,Brasil,3533007,35,33,8,0.0,1.0,Mata Atlântica,0.9
6f4efb4e-d0eb-307a-9df8-533750982091, -17.803410, -46.714570,2026-05-06 04:55:00,NOAA-21,VAZANTE,MINAS GERAIS,Brasil,3171006,31,33,26,0.0,1.0,Cerrado,2.7
efbcfe60-f3ec-3b82-8b22-28bad7d540de, -16.421240, -54.914380,2026-05-06 04:55:00,NOAA-21,RONDONÓPOLIS,MATO GROSSO,Brasil,5107602,51,33,7,0.0,0.85,Cerrado,0.4
a1ae4e75-b011-335f-ad74-e7cf533bb35a, -21.279060, -48.975070,2026-05-06 04:55:00,NOAA-21,ITAJOBI,SÃO PAULO,Brasil,3521903,35,33,8,0.0,1.0,Cerrado,1.4
b2357699-7c19-3b32-8dd5-cf63db8827e9, -16.108440, -49.233850,2026-05-06 04:55:00,NOAA-21,PETROLINA DE GOIÁS,GOIÁS,Brasil,5216809,52,33,16,0.0,0.47,Cerrado,2.8
860e2f15-57b6-331c-8e6d-002f3facd19f, -22.802770, -49.347110,2026-05-06 04:55:00,NOAA-21,ÁGUAS DE SANTA BÁRBARA,SÃO PAULO,Brasil,3500550,35,33,3,0.0,0.95,Cerrado,1.9
d186b9a8-3bb3-32ec-92ed-9a1a0c311b51, -18.437780, -54.710210,2026-05-06 04:55:00,NOAA-21,COXIM,MATO GROSSO DO SUL,Brasil,5003306,50,33,9,0.0,0.71,Cerrado,5.7
464742ff-6db8-38c6-bb0d-249937c7c1c6, -18.290700, -54.133390,2026-05-06 04:55:00,NOAA-21,ALCINÓPOLIS,MATO GROSSO DO SUL,Brasil,5000252,50,33,7,0.0,0.79,Cerrado,1.3
189f6969-2de0-337e-be45-5f339fb25cb0, -20.928580, -51.409310,2026-05-06 04:55:00,NOAA-21,ANDRADINA,SÃO PAULO,Brasil,3502101,35,33,6,0.0,1.0,Mata Atlântica,0.8
51d7e496-f4b3-339e-ae66-4c48677cdf64, -16.158660, -58.495230,2026-05-06 04:55:00,NOAA-21,CÁCERES,MATO GROSSO,Brasil,5102504,51,33,7,0.0,0.85,Pantanal,2.6
678cf405-3289-35b4-be67-4e1a01a1e397, -17.943810, -52.969590,2026-05-06 04:55:00,NOAA-21,MINEIROS,GOIÁS,Brasil,5213103,52,33,8,0.0,0.62,Cerrado,1.4
6a9895a6-cbd7-3fe3-bfce-899ae69a8111, -17.804220, -46.714590,2026-05-06 04:55:00,NOAA-21,VAZANTE,MINAS GERAIS,Brasil,3171006,31,33,26,0.0,1.0,Cerrado,1.7
692ff7cb-89cb-3d9c-9bf0-2e11f1129e0e, -21.980810, -57.594250,2026-05-06 04:55:00,NOAA-21,PORTO MURTINHO,MATO GROSSO DO SUL,Brasil,5006903,50,33,3,0.0,0.08,Cerrado,8.1
45e99ee1-eb4d-3868-9106-23b05305d125, -16.424530, -54.914970,2026-05-06 04:55:00,NOAA-21,RONDONÓPOLIS,MATO GROSSO,Brasil,5107602,51,33,7,0.0,0.74,Cerrado,12.7
3cec128e-7f3c-32fc-822f-d9e7c6688f09, -20.206650, -50.651800,2026-05-06 04:55:00,NOAA-21,URÂNIA,SÃO PAULO,Brasil,3555802,35,33,8,0.0,0.6,Mata Atlântica,1.5
c7df14b3-14d6-3ff6-a4c3-b141baac38c7, -18.937420, -48.074830,2026-05-06 04:55:00,NOAA-21,UBERLÂNDIA,MINAS GERAIS,Brasil,3170206,31,33,18,0.0,1.0,Cerrado,1.3
cb965a1f-24c3-3992-bcb0-0a303987206c, -18.437220, -54.713860,2026-05-06 04:55:00,NOAA-21,COXIM,MATO GROSSO DO SUL,Brasil,5003306,50,33,9,0.0,0.69,Cerrado,5.7
2f04e610-8d35-36ff-ae55-c8604bf84e57, -18.780350, -51.943440,2026-05-06 04:55:00,NOAA-21,APORÉ,GOIÁS,Brasil,5201504,52,33,7,0.0,1.0,Cerrado,3.2
176db01a-7b3a-38e5-b65a-61eb3d367bec, -18.075260, -46.366740,2026-05-06 04:55:00,NOAA-21,PRESIDENTE OLEGÁRIO,MINAS GERAIS,Brasil,3153400,31,33,17,0.0,0.62,Cerrado,1.1
d658a07a-db81-3c4f-819c-314eacc9f558, -21.227750, -56.930670,2026-05-06 04:55:00,NOAA-21,PORTO MURTINHO,MATO GROSSO DO SUL,Brasil,5006903,50,33,3,0.0,0.72,Cerrado,2.2
199bb9e1-330b-3fb2-9b60-576e55268fe0, -18.482820, -51.688800,2026-05-06 04:55:00,NOAA-21,SERRANÓPOLIS,GOIÁS,Brasil,5220504,52,33,8,0.0,0.44,Cerrado,1.5
4db9984d-6984-37e0-b18e-1e3b46e7dea3, -16.598100, -58.240840,2026-05-06 04:55:00,NOAA-21,CÁCERES,MATO GROSSO,Brasil,5102504,51,33,8,0.0,0.41,Pantanal,3.6
1358af16-ac52-3600-b7f4-fb9ece1b0c93, -20.211310, -50.646990,2026-05-06 04:55:00,NOAA-21,URÂNIA,SÃO PAULO,Brasil,3555802,35,33,8,0.0,0.84,Mata Atlântica,23.0
083b035e-9f67-3bd3-8693-6c127ae2d100, -21.708410, -48.419550,2026-05-06 04:55:00,NOAA-21,MATÃO,SÃO PAULO,Brasil,3529302,35,33,8,0.0,0.99,Cerrado,8.3
363c165d-3915-3e68-a038-012ae2309ae5, -16.756730, -51.870840,2026-05-06 04:55:00,NOAA-21,CAIAPÔNIA,GOIÁS,Brasil,5204409,52,33,14,0.0,0.91,Cerrado,1.4
85f32fbf-47b1-394f-a1d4-308ca8042d7c, -18.435020, -54.706000,2026-05-06 04:55:00,NOAA-21,COXIM,MATO GROSSO DO SUL,Brasil,5003306,50,33,9,0.0,0.75,Cerrado,6.7
af14640e-fcc3-34a2-aa7c-c2c8a88047cb, -18.785180, -51.935090,2026-05-06 04:55:00,NOAA-21,APORÉ,GOIÁS,Brasil,5201504,52,33,7,0.0,1.0,Cerrado,0.9
137da77a-f916-3c89-aadd-1e09d8f09c46, -21.297630, -56.107180,2026-05-06 04:55:00,NOAA-21,NIOAQUE,MATO GROSSO DO SUL,Brasil,5005806,50,33,3,0.0,1.0,Cerrado,1.6
fb58c4e6-0cd3-361c-9a10-7590aaf0eb6c, -16.638470, -50.138540,2026-05-06 04:55:00,NOAA-21,TURVÂNIA,GOIÁS,Brasil,5221502,52,33,25,0.0,1.0,Cerrado,0.9
47e86918-2d95-3b5d-b9cd-7573c2f2ffd1, -22.609000, -49.564470,2026-05-06 04:55:00,NOAA-21,SANTA CRUZ DO RIO PARDO,SÃO PAULO,Brasil,3546405,35,33,3,0.0,1.0,Cerrado,1.1
3b493078-8398-38ae-a94a-5f014b9024e7, -21.298210, -56.103490,2026-05-06 04:55:00,NOAA-21,NIOAQUE,MATO GROSSO DO SUL,Brasil,5005806,50,33,3,0.0,1.0,Cerrado,0.6
1bf62779-b253-35a9-bd59-6a7118600d38, -22.803300, -49.342300,2026-05-06 04:55:00,NOAA-21,ÁGUAS DE SANTA BÁRBARA,SÃO PAULO,Brasil,3500550,35,33,3,0.0,0.96,Cerrado,1.9
e82e2c04-1c4a-3eb1-9e37-bb454f999878, -16.492460, -52.723440,2026-05-06 04:55:00,NOAA-21,RIBEIRÃOZINHO,MATO GROSSO,Brasil,5107198,51,33,8,0.0,1.0,Cerrado,1.6
bd643555-8405-3712-94cd-a0c14489f13c, -20.207340, -50.646390,2026-05-06 04:55:00,NOAA-21,URÂNIA,SÃO PAULO,Brasil,3555802,35,33,8,0.0,0.7,Mata Atlântica,1.3
d53ff603-a352-3c31-90c8-bb1667c9b5c1, -18.782150, -51.930080,2026-05-06 04:55:00,NOAA-21,APORÉ,GOIÁS,Brasil,5201504,52,33,7,0.0,1.0,Cerrado,1.0
1c6c13d7-a9c7-38ff-9950-b8cea759d421, -20.210620, -50.652410,2026-05-06 04:55:00,NOAA-21,URÂNIA,SÃO PAULO,Brasil,3555802,35,33,8,0.0,0.81,Mata Atlântica,17.1
978de872-3a3a-354d-9e96-bb59e365dcea, -20.796620, -51.656260,2026-05-06 04:55:00,NOAA-21,TRÊS LAGOAS,MATO GROSSO DO SUL,Brasil,5008305,50,33,6,0.0,-999.0,Mata Atlântica,32.2
2e7f7d69-19c6-3017-9e5e-f4434085bce5, -16.597900, -58.237150,2026-05-06 04:55:00,NOAA-21,CÁCERES,MATO GROSSO,Brasil,5102504,51,33,8,0.0,0.42,Pantanal,1.3
7c856351-844b-3c91-8596-ed57db51cfde, -16.111440, -49.232890,2026-05-06 04:55:00,NOAA-21,PETROLINA DE GOIÁS,GOIÁS,Brasil,5216809,52,33,16,0.0,0.71,Cerrado,1.5
37afa101-db89-3343-912b-5b68157c82ac, -16.163130, -58.491400,2026-05-06 04:55:00,NOAA-21,CÁCERES,MATO GROSSO,Brasil,5102504,51,33,7,0.0,0.39,Pantanal,1.0
735ebecb-4d35-34c9-8d92-dba6770726e0, -17.808400, -46.715180,2026-05-06 04:55:00,NOAA-21,VAZANTE,MINAS GERAIS,Brasil,3171006,31,33,26,0.0,0.96,Cerrado,1.1
c4c299ce-3229-345f-bf3f-ebf850078cf6, -19.946680, -54.381280,2026-05-06 04:55:00,NOAA-21,BANDEIRANTES,MATO GROSSO DO SUL,Brasil,5001508,50,33,3,0.0,0.37,Cerrado,4.2
e69123fb-a74b-3c17-a162-b5f0e34fee6e, -18.074930, -46.369870,2026-05-06 04:55:00,NOAA-21,PRESIDENTE OLEGÁRIO,MINAS GERAIS,Brasil,3153400,31,33,17,0.0,0.74,Cerrado,1.1
6b19b142-40bc-3157-84b9-4a93b0b49f57, -16.638370, -50.139760,2026-05-06 04:55:00,NOAA-21,TURVÂNIA,GOIÁS,Brasil,5221502,52,33,25,0.0,1.0,Cerrado,0.8
ef5a6737-9ee0-3ef6-b61a-4e1f15daf4b5, -18.500110, -55.514160,2026-05-06 04:55:00,NOAA-21,CORUMBÁ,MATO GROSSO DO SUL,Brasil,5003207,50,33,9,0.0,0.9,Pantanal,1.8
9aa6832a-2c2b-3fdf-9b88-fe49a29cbce6, -18.500680, -55.510540,2026-05-06 04:55:00,NOAA-21,CORUMBÁ,MATO GROSSO DO SUL,Brasil,5003207,50,33,9,0.0,0.93,Pantanal,1.8
fbc19822-0013-3115-bdae-1674eb633c37, -18.487090, -51.684830,2026-05-06 04:55:00,NOAA-21,ITARUMÃ,GOIÁS,Brasil,5211305,52,33,8,0.0,0.69,Cerrado,1.3
f5a5a4d5-3c89-3722-9755-cc33e9b4eb8a, -21.978070, -57.589860,2026-05-06 04:55:00,NOAA-21,PORTO MURTINHO,MATO GROSSO DO SUL,Brasil,5006903,50,33,3,0.0,0.08,Cerrado,2.9
e7ed3b3d-b1c7-372f-93f0-5264f9fba3c1, -16.427840, -54.915530,2026-05-06 04:55:00,NOAA-21,RONDONÓPOLIS,MATO GROSSO,Brasil,5107602,51,33,7,0.0,0.78,Cerrado,12.7
38361a48-e700-3e67-9f48-adc116ca19f9, -20.532670, -49.246140,2026-05-06 04:55:00,NOAA-21,NOVA GRANADA,SÃO PAULO,Brasil,3533007,35,33,8,0.0,1.0,Mata Atlântica,0.9
07dcf748-1255-326f-828d-7982b4aafd4d, -18.433900, -54.713300,2026-05-06 04:55:00,NOAA-21,COXIM,MATO GROSSO DO SUL,Brasil,5003306,50,33,9,0.0,0.6,Cerrado,5.7
012d6bbb-4717-3efa-b777-b993b17bb351, -18.434460, -54.709650,2026-05-06 04:55:00,NOAA-21,COXIM,MATO GROSSO DO SUL,Brasil,5003306,50,33,9,0.0,0.61,Cerrado,5.7
014e4fcf-f42b-3c65-964d-7f6f30c78763, -18.438340, -54.706550,2026-05-06 04:55:00,NOAA-21,COXIM,MATO GROSSO DO SUL,Brasil,5003306,50,33,9,0.0,0.82,Cerrado,6.7
64d4e97c-5aba-36de-87fa-525c51273d58, -18.503990, -55.511100,2026-05-06 04:55:00,NOAA-21,CORUMBÁ,MATO GROSSO DO SUL,Brasil,5003207,50,33,9,0.0,0.97,Pantanal,1.8
5a4b2a45-7a0b-38ac-8e5b-b143414549d7, -19.950040, -54.381860,2026-05-06 04:55:00,NOAA-21,BANDEIRANTES,MATO GROSSO DO SUL,Brasil,5001508,50,33,3,0.0,0.37,Cerrado,2.8
06ff5484-6ac7-3992-9d0e-e57c752b436a, -16.760300, -51.871350,2026-05-06 04:55:00,NOAA-21,CAIAPÔNIA,GOIÁS,Brasil,5204409,52,33,14,0.0,0.73,Cerrado,2.4
8deaf59a-0c5a-3f2f-adcf-bdc91255b742, -16.428400, -54.911940,2026-05-06 04:55:00,NOAA-21,RONDONÓPOLIS,MATO GROSSO,Brasil,5107602,51,33,7,0.0,0.93,Cerrado,2.8
00711528-f49d-355c-a815-6badd53fd25b, -16.597150, -58.241550,2026-05-06 04:55:00,NOAA-21,CÁCERES,MATO GROSSO,Brasil,5102504,51,33,8,0.0,0.33,Pantanal,2.7
76ef07e4-7385-33ed-acce-e1f1d23502a7, -20.714500, -52.081020,2026-05-06 04:55:00,NOAA-21,TRÊS LAGOAS,MATO GROSSO DO SUL,Brasil,5008305,50,33,4,0.0,1.0,Cerrado,2.0
2c1bd504-43bb-377f-b7a8-afc6f37fda5f, -23.560520, -48.572400,2026-05-06 04:57:00,NOAA-21,ANGATUBA,SÃO PAULO,Brasil,3502200,35,33,3,0.0,0.57,Cerrado,1.4
7637cccb-b3ec-3805-98fb-3aa49bd79323, -26.877460, -52.834730,2026-05-06 04:57:00,NOAA-21,ÁGUAS FRIAS,SANTA CATARINA,Brasil,4200556,42,33,4,0.0,0.07,Mata Atlântica,1.7
74cd046f-b584-3ee5-babd-04d89761fb09, -12.503300, -58.478100,2026-05-06 05:00:00,GOES-19,SAPEZAL,MATO GROSSO,Brasil,5107875,51,33,8,0.0,0.12,Cerrado,57.2
b2dce021-7844-32d5-8c07-0e8276da1542, -12.503300, -58.478100,2026-05-06 05:10:00,GOES-19,SAPEZAL,MATO GROSSO,Brasil,5107875,51,33,8,0.0,0.12,Cerrado,51.3
05af7d6e-54a9-3ecb-907a-a530204fb56b, -12.503300, -58.478100,2026-05-06 05:20:00,GOES-19,SAPEZAL,MATO GROSSO,Brasil,5107875,51,33,8,0.0,0.12,Cerrado,53.3
ae4329dc-0d2e-31c5-9d0c-1f83a2c7d812,  -5.789310, -45.128010,2026-05-06 05:23:00,NPP-375D,BARRA DO CORDA,MARANHÃO,Brasil,2101608,21,33,2,0.0,0.29,Cerrado,1.0
5c982a81-12ec-329f-9cc2-3b4b76901c67,  -5.790240, -45.121060,2026-05-06 05:23:00,NPP-375D,BARRA DO CORDA,MARANHÃO,Brasil,2101608,21,33,2,0.0,0.28,Cerrado,1.0
01b8300d-b0b0-377d-a440-d773cc327f2c,  -5.787950, -45.126160,2026-05-06 05:23:00,NPP-375D,BARRA DO CORDA,MARANHÃO,Brasil,2101608,21,33,2,0.0,0.29,Cerrado,3.1
10b2823b-68ee-3421-8975-de8038fe9e97,  -5.788930, -45.119220,2026-05-06 05:23:00,NPP-375D,BARRA DO CORDA,MARANHÃO,Brasil,2101608,21,33,2,0.0,0.3,Cerrado,1.3
5dc57bee-90a2-36ec-b84c-6295541ae41c, -11.300440, -54.028440,2026-05-06 05:25:00,NPP-375D,UNIÃO DO SUL,MATO GROSSO,Brasil,5108303,51,33,7,0.0,0.05,Amazônia,0.8
24bf9f47-5f58-3335-90d3-b8835a4ca0fc, -11.638390, -54.165970,2026-05-06 05:25:00,NPP-375D,UNIÃO DO SUL,MATO GROSSO,Brasil,5108303,51,33,8,0.0,0.17,Amazônia,1.4
34a46148-2bb2-37de-a442-f54c9cf975be, -10.485720, -49.360290,2026-05-06 05:25:00,NPP-375D,CRISTALÂNDIA,TOCANTINS,Brasil,1706100,17,33,7,0.0,0.19,Cerrado,0.8
02fd49f6-bb35-3784-b4c9-4dc63bd4e595, -12.345950, -54.759370,2026-05-06 05:25:00,NPP-375D,FELIZ NATAL,MATO GROSSO,Brasil,5103700,51,33,6,0.0,0.15,Amazônia,1.3
dcea6723-a539-38ed-a07b-097052e412c8, -11.441290, -55.101720,2026-05-06 05:25:00,NPP-375D,CLÁUDIA,MATO GROSSO,Brasil,5103056,51,33,7,0.0,0.11,Amazônia,3.1
55452f42-f430-39db-b7fe-8ac322e8380b, -11.638970, -54.161780,2026-05-06 05:25:00,NPP-375D,UNIÃO DO SUL,MATO GROSSO,Brasil,5108303,51,33,8,0.0,0.31,Amazônia,1.4
e836005b-60dd-3836-b0ed-7b9a7ac39e5a, -12.122340, -54.669780,2026-05-06 05:25:00,NPP-375D,FELIZ NATAL,MATO GROSSO,Brasil,5103700,51,33,6,0.0,0.08,Amazônia,1.3
0c3b0493-0488-3af0-a853-90dcdf00caed, -12.348440, -50.015560,2026-05-06 05:25:00,NPP-375D,SANDOLÂNDIA,TOCANTINS,Brasil,1718840,17,33,7,0.0,0.46,Cerrado,2.1
db2574ab-213b-3f36-b060-07ed0071952a, -12.345000, -54.761840,2026-05-06 05:25:00,NPP-375D,FELIZ NATAL,MATO GROSSO,Brasil,5103700,51,33,6,0.0,0.09,Amazônia,1.2
f39d1c07-9771-37c7-a555-62e39f1ffe05, -11.468300, -55.116870,2026-05-06 05:25:00,NPP-375D,CLÁUDIA,MATO GROSSO,Brasil,5103056,51,33,8,0.0,0.22,Amazônia,0.6
347b2d9e-81b1-33e3-b615-f669e994bc63, -11.433610, -55.104270,2026-05-06 05:25:00,NPP-375D,CLÁUDIA,MATO GROSSO,Brasil,5103056,51,33,7,0.0,0.11,Amazônia,0.7
2e3c8e95-72fc-37bf-9519-a6948cd8e497, -11.615740, -48.061760,2026-05-06 05:25:00,NPP-375D,CHAPADA DA NATIVIDADE,TOCANTINS,Brasil,1705102,17,33,8,0.0,0.47,Cerrado,1.7
a601922c-997b-301d-b295-372989aeab17, -11.616410, -48.056280,2026-05-06 05:25:00,NPP-375D,CHAPADA DA NATIVIDADE,TOCANTINS,Brasil,1705102,17,33,8,0.0,0.45,Cerrado,1.7
e3c1cbcb-75ba-3fb6-ba5b-3b0bc64456b0, -11.437220, -55.101120,2026-05-06 05:25:00,NPP-375D,CLÁUDIA,MATO GROSSO,Brasil,5103056,51,33,7,0.0,0.11,Amazônia,3.1
e71d3d48-043e-3b7c-a80f-dd91dffbb444,  -9.723020, -60.203700,2026-05-06 05:25:00,NPP-375D,ARIPUANÃ,MATO GROSSO,Brasil,5101407,51,33,0,0.0,0.05,Amazônia,0.5
1d4b9901-f7ae-334a-b873-c44f19cf933a, -11.453010, -55.107200,2026-05-06 05:25:00,NPP-375D,CLÁUDIA,MATO GROSSO,Brasil,5103056,51,33,7,0.0,0.11,Amazônia,0.6
c7827a8d-2b1f-3805-827f-d08343e04ef9, -11.460660, -55.112050,2026-05-06 05:25:00,NPP-375D,CLÁUDIA,MATO GROSSO,Brasil,5103056,51,33,8,0.0,0.35,Amazônia,0.5
a6ea6aea-d9ca-34c6-a02e-7c12be09085b, -10.485170, -49.364550,2026-05-06 05:25:00,NPP-375D,CRISTALÂNDIA,TOCANTINS,Brasil,1706100,17,33,7,0.0,0.2,Cerrado,1.3
170dc1ed-5470-30b4-abbc-4b8c8639cd93, -12.347960, -50.019640,2026-05-06 05:25:00,NPP-375D,SANDOLÂNDIA,TOCANTINS,Brasil,1718840,17,33,7,0.0,0.46,Cerrado,3.0
aa332992-37bc-3d29-ab5c-9897767ee400, -11.437680, -55.104900,2026-05-06 05:25:00,NPP-375D,CLÁUDIA,MATO GROSSO,Brasil,5103056,51,33,7,0.0,0.12,Amazônia,4.7
8c61ecb7-153b-3893-a189-bd45e1261c7d, -11.291700, -54.027230,2026-05-06 05:25:00,NPP-375D,UNIÃO DO SUL,MATO GROSSO,Brasil,5108303,51,33,7,0.0,0.1,Amazônia,0.9
e21d738f-403c-31fc-80bb-1356d7b084be, -10.488480, -49.362300,2026-05-06 05:25:00,NPP-375D,CRISTALÂNDIA,TOCANTINS,Brasil,1706100,17,33,7,0.0,0.25,Cerrado,1.1
994bda2b-e352-351e-9f02-773317cd8aff, -12.387990, -46.324440,2026-05-06 05:25:00,NPP-375D,TAGUATINGA,TOCANTINS,Brasil,1720903,17,33,8,0.0,0.4,Cerrado,1.2
747ba24e-0674-38dd-88fc-9af63e9fdf79, -11.551160, -48.271180,2026-05-06 05:25:00,NPP-375D,SÃO VALÉRIO,TOCANTINS,Brasil,1720499,17,33,8,0.0,0.59,Cerrado,0.7
366835e7-7b1c-3350-954d-a048f626032b, -11.456580, -55.111450,2026-05-06 05:25:00,NPP-375D,CLÁUDIA,MATO GROSSO,Brasil,5103056,51,33,8,0.0,0.18,Amazônia,0.6
24ce6fcc-2976-3b1f-87c4-7c2dee4aa303, -11.438210, -55.101260,2026-05-06 05:25:00,NPP-375D,CLÁUDIA,MATO GROSSO,Brasil,5103056,51,33,7,0.0,0.11,Amazônia,2.8
14e0c49a-2819-338a-82a3-1c07736680a0, -12.461330, -54.448350,2026-05-06 05:25:00,NPP-375D,NOVA UBIRATÃ,MATO GROSSO,Brasil,5106240,51,33,6,0.0,0.1,Amazônia,1.4
b4016967-8451-33fe-8555-20856c8f9f4a, -12.352790, -50.028600,2026-05-06 05:25:00,NPP-375D,SANDOLÂNDIA,TOCANTINS,Brasil,1718840,17,33,7,0.0,0.48,Cerrado,4.6
115d37d9-48f9-3810-8187-02eda0a3b660, -12.343130, -50.010620,2026-05-06 05:25:00,NPP-375D,SANDOLÂNDIA,TOCANTINS,Brasil,1718840,17,33,7,0.0,0.46,Cerrado,4.8
d58e6bae-a01a-3978-a5de-c1ea1d221b09, -11.296070, -54.027820,2026-05-06 05:25:00,NPP-375D,UNIÃO DO SUL,MATO GROSSO,Brasil,5108303,51,33,7,0.0,0.1,Amazônia,0.8
aef71746-6e18-3278-8be0-35f6154af13d,  -9.470510, -47.802910,2026-05-06 05:25:00,NPP-375D,RIO SONO,TOCANTINS,Brasil,1718758,17,33,8,0.0,0.41,Cerrado,2.3
365eac31-0cd7-3c19-a05e-810af7402ef6, -11.448940, -55.106600,2026-05-06 05:25:00,NPP-375D,CLÁUDIA,MATO GROSSO,Brasil,5103056,51,33,7,0.0,0.11,Amazônia,1.9
1e73a5bb-41f3-3ae4-abcd-f0823dd84cc8, -11.615990, -48.057660,2026-05-06 05:25:00,NPP-375D,CHAPADA DA NATIVIDADE,TOCANTINS,Brasil,1705102,17,33,8,0.0,0.46,Cerrado,2.3
bad1fc3a-f335-3c10-bfcc-9a5a0eb310ba, -11.442280, -55.101860,2026-05-06 05:25:00,NPP-375D,CLÁUDIA,MATO GROSSO,Brasil,5103056,51,33,7,0.0,0.11,Amazônia,2.8
c45e2163-736a-316a-8c13-e90edf110af0, -12.342640, -50.014720,2026-05-06 05:25:00,NPP-375D,SANDOLÂNDIA,TOCANTINS,Brasil,1718840,17,33,7,0.0,0.46,Cerrado,4.8
815bd62b-c286-3b85-ae7d-c59f7fb3d588, -11.441750, -55.105510,2026-05-06 05:25:00,NPP-375D,CLÁUDIA,MATO GROSSO,Brasil,5103056,51,33,7,0.0,0.12,Amazônia,4.7
47439424-488a-34bd-bd0a-a96f0df7a772,  -9.831720, -56.347400,2026-05-06 05:25:00,NPP-375D,PARANAÍTA,MATO GROSSO,Brasil,5106299,51,33,0,0.0,0.04,Amazônia,0.4
ffd1dae1-fc96-3e0f-b460-c751cf15e383, -12.395210, -46.325700,2026-05-06 05:25:00,NPP-375D,TAGUATINGA,TOCANTINS,Brasil,1720903,17,33,8,0.0,0.4,Cerrado,1.2
f0f2aea8-70ff-3bbf-8ec3-8c890d6e2ac2, -11.557570, -48.272070,2026-05-06 05:25:00,NPP-375D,SÃO VALÉRIO,TOCANTINS,Brasil,1720499,17,33,9,0.0,0.39,Cerrado,0.7
d6912a78-9549-35e9-8f69-039914458c50, -11.552210, -48.272790,2026-05-06 05:25:00,NPP-375D,SÃO VALÉRIO,TOCANTINS,Brasil,1720499,17,33,8,0.0,0.51,Cerrado,2.4
eca37345-93cf-3c1f-ad93-d6712e5bd2b9, -12.347470, -50.023730,2026-05-06 05:25:00,NPP-375D,SANDOLÂNDIA,TOCANTINS,Brasil,1718840,17,33,7,0.0,0.47,Cerrado,3.0
b0328970-5049-304c-acd3-e693af5541f0, -11.464230, -55.116290,2026-05-06 05:25:00,NPP-375D,CLÁUDIA,MATO GROSSO,Brasil,5103056,51,33,8,0.0,0.29,Amazônia,0.8
ff9b1588-cb5d-3272-a2b1-d38503c46444, -11.445370, -55.102320,2026-05-06 05:25:00,NPP-375D,CLÁUDIA,MATO GROSSO,Brasil,5103056,51,33,7,0.0,0.11,Amazônia,0.8
d96e137b-b781-30e5-9a0b-d5326bb29ff8, -11.609260, -48.060800,2026-05-06 05:25:00,NPP-375D,CHAPADA DA NATIVIDADE,TOCANTINS,Brasil,1705102,17,33,8,0.0,0.45,Cerrado,1.2
40dae31d-ce7b-3688-a7b1-a0e880a0893e, -12.126570, -54.670430,2026-05-06 05:25:00,NPP-375D,FELIZ NATAL,MATO GROSSO,Brasil,5103700,51,33,6,0.0,0.08,Amazônia,2.1
b936f47b-698f-3b1a-91d5-168ef27d2f6a, -11.440790, -55.105380,2026-05-06 05:25:00,NPP-375D,CLÁUDIA,MATO GROSSO,Brasil,5103056,51,33,7,0.0,0.12,Amazônia,4.6
4e170e19-5479-3055-a91e-a32acebcea8d, -12.389810, -46.323360,2026-05-06 05:25:00,NPP-375D,TAGUATINGA,TOCANTINS,Brasil,1720903,17,33,8,0.0,0.4,Cerrado,3.4
bb1ccedf-fd7e-35d3-af97-64e0d1111fc9, -11.608880, -48.062150,2026-05-06 05:25:00,NPP-375D,CHAPADA DA NATIVIDADE,TOCANTINS,Brasil,1705102,17,33,8,0.0,0.45,Cerrado,1.2
84a2f27a-0384-3f04-b814-0ed0799853ab, -11.634030, -54.165430,2026-05-06 05:25:00,NPP-375D,UNIÃO DO SUL,MATO GROSSO,Brasil,5108303,51,33,8,0.0,0.07,Amazônia,1.4
60bf66de-56e9-3140-9958-a61d0d639696, -11.796740, -56.961630,2026-05-06 05:25:00,NPP-375D,PORTO DOS GAÚCHOS,MATO GROSSO,Brasil,5106802,51,33,6,0.0,0.09,Amazônia,1.1
9829ecbd-a245-38e6-be43-be205faf6765, -11.436720, -55.104760,2026-05-06 05:25:00,NPP-375D,CLÁUDIA,MATO GROSSO,Brasil,5103056,51,33,7,0.0,0.11,Amazônia,4.6
30468036-50fb-3300-b205-38e89b4c0763,  -9.469860, -47.808100,2026-05-06 05:25:00,NPP-375D,RIO SONO,TOCANTINS,Brasil,1718758,17,33,8,0.0,0.42,Cerrado,1.6
900d8c00-ee1f-36ca-b8bb-060a941f7370, -10.482580, -49.361390,2026-05-06 05:25:00,NPP-375D,CRISTALÂNDIA,TOCANTINS,Brasil,1706100,17,33,7,0.0,0.19,Cerrado,0.7
e7030de2-f620-302c-bd5e-facea1e28d17,  -9.463430, -47.807180,2026-05-06 05:25:00,NPP-375D,RIO SONO,TOCANTINS,Brasil,1718758,17,33,8,0.0,0.42,Cerrado,1.6
f2437511-38df-3a83-a375-aff967a1fcd5, -14.084660, -47.632970,2026-05-06 05:27:00,NPP-375D,ALTO PARAÍSO DE GOIÁS,GOIÁS,Brasil,5200605,52,33,10,0.0,0.48,Cerrado,3.0
30916baa-4a9e-3743-b6d9-00ffb6e1d2fa, -12.496610, -58.468100,2026-05-06 05:27:00,NPP-375D,SAPEZAL,MATO GROSSO,Brasil,5107875,51,33,8,0.0,0.12,Cerrado,2.4
8770d01c-8a28-3c92-8b1b-903ca7294c78, -12.494300, -58.483470,2026-05-06 05:27:00,NPP-375D,SAPEZAL,MATO GROSSO,Brasil,5107875,51,33,8,0.0,0.12,Cerrado,3.9
7382dd82-9b0d-37aa-8c5e-f41118ae7e7f, -12.600660, -58.659180,2026-05-06 05:27:00,NPP-375D,SAPEZAL,MATO GROSSO,Brasil,5107875,51,33,8,0.0,0.56,Cerrado,0.7
b9b16d57-ed68-3fa3-be9e-385912e11695, -18.779080, -51.945820,2026-05-06 05:27:00,NPP-375D,APORÉ,GOIÁS,Brasil,5201504,52,33,7,0.0,1.0,Cerrado,2.5
32486c6f-2cf1-30fb-85af-422a58f98207, -12.504660, -58.485090,2026-05-06 05:27:00,NPP-375D,SAPEZAL,MATO GROSSO,Brasil,5107875,51,33,8,0.0,0.12,Cerrado,2.6
60d33308-7c88-37e2-9aad-6bee8888098d, -15.984200, -56.213450,2026-05-06 05:27:00,NPP-375D,NOSSA SENHORA DO LIVRAMENTO,MATO GROSSO,Brasil,5106109,51,33,6,0.0,0.47,Pantanal,1.6
9b39dae7-5c65-3940-8b51-c244bfee096a, -12.500630, -58.488380,2026-05-06 05:27:00,NPP-375D,SAPEZAL,MATO GROSSO,Brasil,5107875,51,33,8,0.0,0.12,Cerrado,5.0
0f5c672d-afa8-3be3-9d5e-adb7391832b3, -16.493870, -52.719790,2026-05-06 05:27:00,NPP-375D,RIBEIRÃOZINHO,MATO GROSSO,Brasil,5107198,51,33,8,0.0,1.0,Cerrado,0.7
52fa62f9-c365-3141-b03d-ce1a8644c290, -12.506970, -58.469700,2026-05-06 05:27:00,NPP-375D,SAPEZAL,MATO GROSSO,Brasil,5107875,51,33,8,0.0,0.12,Cerrado,5.6
e74b8b78-c929-3ec8-9b0b-d1672de8bfcd, -12.506390, -58.473560,2026-05-06 05:27:00,NPP-375D,SAPEZAL,MATO GROSSO,Brasil,5107875,51,33,8,0.0,0.12,Cerrado,5.6
39c039e9-26e2-3fcb-beb4-aecb7e4d7993, -20.215400, -50.652940,2026-05-06 05:27:00,NPP-375D,URÂNIA,SÃO PAULO,Brasil,3555802,35,33,8,0.0,0.98,Mata Atlântica,3.5
b0873493-3e05-3336-9bde-ecbb93609b0c, -18.437840, -54.712500,2026-05-06 05:27:00,NPP-375D,COXIM,MATO GROSSO DO SUL,Brasil,5003306,50,33,9,0.0,0.71,Cerrado,6.8
abae599c-0d21-3ec1-9b83-7756a82a0d60, -12.499480, -58.472480,2026-05-06 05:27:00,NPP-375D,SAPEZAL,MATO GROSSO,Brasil,5107875,51,33,8,0.0,0.12,Cerrado,6.6
582bcb11-9d09-3dd6-83f5-addf0fb3c779, -14.085360, -47.626560,2026-05-06 05:27:00,NPP-375D,ALTO PARAÍSO DE GOIÁS,GOIÁS,Brasil,5200605,52,33,10,0.0,0.43,Cerrado,1.8
acdfd3b9-8479-34fe-ab2f-2c67ed4823ef, -12.510430, -58.470240,2026-05-06 05:27:00,NPP-375D,SAPEZAL,MATO GROSSO,Brasil,5107875,51,33,8,0.0,0.12,Cerrado,5.6
35d4463a-c5d1-3dfe-a92d-a088d7034db2, -13.112750, -51.725030,2026-05-06 05:27:00,NPP-375D,RIBEIRÃO CASCALHEIRA,MATO GROSSO,Brasil,5107180,51,33,7,0.0,0.55,Cerrado,0.6
875f3e16-e918-3e6d-8628-b1e998075f8f, -18.433840, -54.706880,2026-05-06 05:27:00,NPP-375D,COXIM,MATO GROSSO DO SUL,Brasil,5003306,50,33,9,0.0,0.7,Cerrado,5.9
4734a874-38f2-3d35-a03a-2ce336ed11cb, -16.171930, -58.491040,2026-05-06 05:27:00,NPP-375D,CÁCERES,MATO GROSSO,Brasil,5102504,51,33,7,0.0,0.76,Pantanal,0.9
4fcb6682-f1c5-324d-b914-fe0af268708d, -12.505820, -58.477400,2026-05-06 05:27:00,NPP-375D,SAPEZAL,MATO GROSSO,Brasil,5107875,51,33,8,0.0,0.12,Cerrado,3.8
9a7358db-db96-33d7-bded-c3f193565097, -13.697530, -55.692950,2026-05-06 05:27:00,NPP-375D,NOVA MUTUM,MATO GROSSO,Brasil,5106224,51,33,6,0.0,0.27,Cerrado,0.9
05e7dd0d-1f4f-3793-9fb6-82e687a75e46, -12.509270, -58.477940,2026-05-06 05:27:00,NPP-375D,SAPEZAL,MATO GROSSO,Brasil,5107875,51,33,8,0.0,0.12,Cerrado,3.8
d6c36f17-d744-36ce-8da0-67d392e3f26d, -12.501200, -58.484560,2026-05-06 05:27:00,NPP-375D,SAPEZAL,MATO GROSSO,Brasil,5107875,51,33,8,0.0,0.12,Cerrado,5.0
987252e8-30b8-3526-9bd6-7a46f5d2623d, -16.597780, -58.237610,2026-05-06 05:27:00,NPP-375D,CÁCERES,MATO GROSSO,Brasil,5102504,51,33,8,0.0,0.41,Pantanal,1.0
92a32cc2-c295-3340-9713-078dbf0ed071, -19.944580, -54.383610,2026-05-06 05:27:00,NPP-375D,BANDEIRANTES,MATO GROSSO DO SUL,Brasil,5001508,50,33,3,0.0,0.29,Cerrado,1.6
37c2e424-2c9b-3440-afb5-abc5029a5b29, -20.215850, -50.648100,2026-05-06 05:27:00,NPP-375D,URÂNIA,SÃO PAULO,Brasil,3555802,35,33,8,0.0,0.96,Mata Atlântica,2.1
3afe1820-b420-3d56-b987-c217bd8f5ff2, -14.067820, -47.794560,2026-05-06 05:27:00,NPP-375D,CAVALCANTE,GOIÁS,Brasil,5205307,52,33,8,0.0,0.37,Cerrado,1.6
fec4f545-5f91-3061-ae01-fb27f7d0d62d, -14.854200, -48.538960,2026-05-06 05:27:00,NPP-375D,NIQUELÂNDIA,GOIÁS,Brasil,5214606,52,33,24,0.0,0.47,Cerrado,0.6
477d8730-ce94-3075-ab8c-3982d43a0f31, -13.694980, -55.681580,2026-05-06 05:27:00,NPP-375D,NOVA MUTUM,MATO GROSSO,Brasil,5106224,51,33,7,0.0,0.11,Cerrado,0.7
8da0c089-06d4-3ff4-95c9-3d2bfb592590, -18.498340, -55.511970,2026-05-06 05:27:00,NPP-375D,CORUMBÁ,MATO GROSSO DO SUL,Brasil,5003207,50,33,9,0.0,0.9,Pantanal,1.0
5ee53e82-4b12-39b8-9d62-673e473f0ab5, -12.505240, -58.481250,2026-05-06 05:27:00,NPP-375D,SAPEZAL,MATO GROSSO,Brasil,5107875,51,33,8,0.0,0.12,Cerrado,3.8
8ef81910-f130-3c7c-b00d-9cd5276d0afe, -18.438460, -54.707470,2026-05-06 05:27:00,NPP-375D,COXIM,MATO GROSSO DO SUL,Brasil,5003306,50,33,9,0.0,0.8,Cerrado,5.9
78839b63-966c-38cf-9e63-6e0f862d68a9, -16.157040, -58.492990,2026-05-06 05:27:00,NPP-375D,CÁCERES,MATO GROSSO,Brasil,5102504,51,33,7,0.0,0.87,Pantanal,1.5
5e16ab28-c2e6-34ae-b56f-d48f3abf9c12, -12.502360, -58.476860,2026-05-06 05:27:00,NPP-375D,SAPEZAL,MATO GROSSO,Brasil,5107875,51,33,8,0.0,0.12,Cerrado,4.1
fcc95546-93ce-337f-827b-571899d61a5f, -13.113150, -51.721820,2026-05-06 05:27:00,NPP-375D,RIBEIRÃO CASCALHEIRA,MATO GROSSO,Brasil,5107180,51,33,7,0.0,0.38,Cerrado,0.6
5d55d214-552a-3a01-a7cf-b45505ac40df, -18.290040, -54.133430,2026-05-06 05:27:00,NPP-375D,ALCINÓPOLIS,MATO GROSSO DO SUL,Brasil,5000252,50,33,7,0.0,0.76,Cerrado,0.8
55b44c6f-7c78-3726-b320-4bf6a834ff88, -20.209730, -50.647310,2026-05-06 05:27:00,NPP-375D,URÂNIA,SÃO PAULO,Brasil,3555802,35,33,8,0.0,0.76,Mata Atlântica,14.5
127b19ec-feba-3630-b394-1c0763bec181, -14.325650, -57.737570,2026-05-06 05:27:00,NPP-375D,TANGARÁ DA SERRA,MATO GROSSO,Brasil,5107958,51,33,7,0.0,0.28,Amazônia,1.0
a983fdae-2292-30fe-b99c-43646aa4e0d6, -13.698030, -55.689360,2026-05-06 05:27:00,NPP-375D,NOVA MUTUM,MATO GROSSO,Brasil,5106224,51,33,6,0.0,0.11,Cerrado,0.9
76f7d022-5892-31e5-ae72-b5a2ebb26f62, -12.296260, -57.563550,2026-05-06 05:27:00,NPP-375D,NOVA MARINGÁ,MATO GROSSO,Brasil,5108907,51,33,6,0.0,0.06,Amazônia,1.3
795146d2-7d5e-3ce2-8e14-609a5597d75d, -12.502940, -58.473010,2026-05-06 05:27:00,NPP-375D,SAPEZAL,MATO GROSSO,Brasil,5107875,51,33,8,0.0,0.12,Cerrado,6.6
f65a0ab4-1cc4-3173-a189-8109107fd206, -19.267250, -55.144560,2026-05-06 05:27:00,NPP-375D,RIO VERDE DE MATO GROSSO,MATO GROSSO DO SUL,Brasil,5007406,50,33,7,0.0,0.48,Cerrado,2.8
004120ce-402b-3a68-9622-37104b03cbc5, -15.987250, -56.221350,2026-05-06 05:27:00,NPP-375D,NOSSA SENHORA DO LIVRAMENTO,MATO GROSSO,Brasil,5106109,51,33,6,0.0,0.44,Pantanal,1.2
a0aae49f-9602-3b89-99e9-81a0be7ac7e8, -12.500060, -58.468630,2026-05-06 05:27:00,NPP-375D,SAPEZAL,MATO GROSSO,Brasil,5107875,51,33,8,0.0,0.12,Cerrado,6.6
e5fa4562-7f60-3378-9417-410b8d70caa8, -16.428850, -57.267780,2026-05-06 05:27:00,NPP-375D,CÁCERES,MATO GROSSO,Brasil,5102504,51,33,6,0.0,0.52,Pantanal,1.5
b4f8dbac-37cc-3411-92cc-37f0927f1185, -13.698530, -55.685760,2026-05-06 05:27:00,NPP-375D,NOVA MUTUM,MATO GROSSO,Brasil,5106224,51,33,6,0.0,0.11,Cerrado,0.7
1abca6d0-739a-30e5-97ac-c8ccad28f8f3, -12.490850, -58.482920,2026-05-06 05:27:00,NPP-375D,SAPEZAL,MATO GROSSO,Brasil,5107875,51,33,8,0.0,0.12,Cerrado,3.9
6791418a-1ed6-3ff5-a033-1be39d3f2755, -13.107910, -51.721060,2026-05-06 05:27:00,NPP-375D,RIBEIRÃO CASCALHEIRA,MATO GROSSO,Brasil,5107180,51,33,7,0.0,0.63,Cerrado,0.6
0dd7bec0-660a-3803-9120-b9d301855083, -18.436940, -54.713410,2026-05-06 05:27:00,NPP-375D,COXIM,MATO GROSSO DO SUL,Brasil,5003306,50,33,9,0.0,0.68,Cerrado,6.5
da69d149-610b-3690-a53b-0f35db991254, -12.497180, -58.487850,2026-05-06 05:27:00,NPP-375D,SAPEZAL,MATO GROSSO,Brasil,5107875,51,33,8,0.0,0.12,Cerrado,5.0
30c673d8-a5bc-35dd-bde5-bbdccbd193c5, -12.295660, -57.567650,2026-05-06 05:27:00,NPP-375D,NOVA MARINGÁ,MATO GROSSO,Brasil,5108907,51,33,6,0.0,0.06,Amazônia,1.3
0535df6a-c7b6-3244-9d47-a36c5a6d59bc, -12.497750, -58.484020,2026-05-06 05:27:00,NPP-375D,SAPEZAL,MATO GROSSO,Brasil,5107875,51,33,8,0.0,0.12,Cerrado,5.0
343c7d98-5f2f-3f3e-bc35-a71e967f5129, -14.079000, -47.618900,2026-05-06 05:27:00,NPP-375D,ALTO PARAÍSO DE GOIÁS,GOIÁS,Brasil,5200605,52,33,10,0.0,0.45,Cerrado,1.6
0c516a5b-a49c-3efb-889a-e40cdf590ebf, -12.156230, -57.756160,2026-05-06 05:27:00,NPP-375D,JUARA,MATO GROSSO,Brasil,5105101,51,33,6,0.0,0.78,Amazônia,0.7
2aeb280d-bd05-3542-bfc1-f5f97dfe0791, -18.502720, -55.512570,2026-05-06 05:27:00,NPP-375D,CORUMBÁ,MATO GROSSO DO SUL,Brasil,5003207,50,33,9,0.0,0.94,Pantanal,1.8
cf9f61af-22db-38d8-91fc-c4f134d2c7de, -18.437520, -54.708370,2026-05-06 05:27:00,NPP-375D,COXIM,MATO GROSSO DO SUL,Brasil,5003306,50,33,9,0.0,0.74,Cerrado,6.5
cc5ee563-87cd-3fc3-9f8b-121500e3cfd0, -14.085280, -47.625440,2026-05-06 05:27:00,NPP-375D,ALTO PARAÍSO DE GOIÁS,GOIÁS,Brasil,5200605,52,33,10,0.0,0.43,Cerrado,1.7
42293a21-8ef1-3031-aa81-77afca90cf22, -14.079120, -47.620050,2026-05-06 05:27:00,NPP-375D,ALTO PARAÍSO DE GOIÁS,GOIÁS,Brasil,5200605,52,33,10,0.0,0.43,Cerrado,1.8
a21ad62a-56ea-3f19-b57e-802098e5eed8, -16.247720, -60.023230,2026-05-06 05:27:00,NPP-375D,VILA BELA DA SANTÍSSIMA TRINDADE,MATO GROSSO,Brasil,5105507,51,33,3,0.0,1.0,Amazônia,1.0
acfb213b-c357-314f-a203-f43e7fc3159f, -13.993720, -56.641870,2026-05-06 05:27:00,NPP-375D,DIAMANTINO,MATO GROSSO,Brasil,5103502,51,33,6,0.0,0.19,Cerrado,1.5
914b5d97-ca49-3669-92f6-5885bd3e78fb, -11.856730, -63.720620,2026-05-06 05:27:00,NPP-375D,SÃO FRANCISCO DO GUAPORÉ,RONDÔNIA,Brasil,1101492,11,33,2,2.01,0.55,Amazônia,0.5
161ad96c-5443-3d48-8bc8-3614807e015b, -14.074950, -47.792160,2026-05-06 05:27:00,NPP-375D,CAVALCANTE,GOIÁS,Brasil,5205307,52,33,8,0.0,0.43,Cerrado,1.6
b27d3640-6a28-346d-b62b-9065706d9459, -14.068300, -47.789960,2026-05-06 05:27:00,NPP-375D,CAVALCANTE,GOIÁS,Brasil,5205307,52,33,8,0.0,0.5,Cerrado,1.6
8462eb7d-6bfd-3cdf-af54-54467868e3d2, -14.860870, -48.538670,2026-05-06 05:27:00,NPP-375D,NIQUELÂNDIA,GOIÁS,Brasil,5214606,52,33,24,0.0,0.48,Cerrado,0.6
617d73a4-0766-3cec-8454-c3f01d08dbe8, -13.699030, -55.682160,2026-05-06 05:27:00,NPP-375D,NOVA MUTUM,MATO GROSSO,Brasil,5106224,51,33,7,0.0,0.11,Cerrado,0.7
67fd0e8e-d38e-3c93-a11a-567999cf118e, -18.433220, -54.711910,2026-05-06 05:27:00,NPP-375D,COXIM,MATO GROSSO DO SUL,Brasil,5003306,50,33,9,0.0,0.6,Cerrado,6.8
75b15704-2a5b-32c7-949b-acf6fca05bf8, -14.025520, -56.790090,2026-05-06 05:27:00,NPP-375D,DIAMANTINO,MATO GROSSO,Brasil,5103502,51,33,6,0.0,0.4,Cerrado,1.0
209311a6-463c-37dc-9965-a1a6dabf3271, -14.024850, -56.794840,2026-05-06 05:27:00,NPP-375D,DIAMANTINO,MATO GROSSO,Brasil,5103502,51,33,6,0.0,0.25,Cerrado,1.2
a104b865-ae45-35d9-8261-0a6eb811f902, -12.493720, -58.487300,2026-05-06 05:27:00,NPP-375D,SAPEZAL,MATO GROSSO,Brasil,5107875,51,33,8,0.0,0.12,Cerrado,3.9
a56048ca-574c-3730-9811-51c3ac6590be, -12.503520, -58.469170,2026-05-06 05:27:00,NPP-375D,SAPEZAL,MATO GROSSO,Brasil,5107875,51,33,8,0.0,0.12,Cerrado,6.6
e22729ee-a110-3756-8983-7a128677b3f2, -12.604100, -58.659690,2026-05-06 05:27:00,NPP-375D,SAPEZAL,MATO GROSSO,Brasil,5107875,51,33,8,0.0,0.4,Cerrado,0.7
7321d16d-9df7-3a66-82fe-a35066087481, -12.496030, -58.471950,2026-05-06 05:27:00,NPP-375D,SAPEZAL,MATO GROSSO,Brasil,5107875,51,33,8,0.0,0.12,Cerrado,2.4
1a1d20b1-3681-338c-927c-ad918204ecf5, -12.509850, -58.474100,2026-05-06 05:27:00,NPP-375D,SAPEZAL,MATO GROSSO,Brasil,5107875,51,33,8,0.0,0.12,Cerrado,5.6
131c2bff-1a7f-30bd-bcb1-e1b7a9aaa669, -14.074490, -47.796540,2026-05-06 05:27:00,NPP-375D,CAVALCANTE,GOIÁS,Brasil,5205307,52,33,8,0.0,0.31,Cerrado,1.6
b6dd024b-1c25-3ec0-a862-98a38ee6bcc0, -16.757290, -51.873030,2026-05-06 05:27:00,NPP-375D,CAIAPÔNIA,GOIÁS,Brasil,5204409,52,33,14,0.0,0.88,Cerrado,1.4
0d5c7b57-b586-3add-9568-cfe50de1b7a1, -12.508690, -58.481790,2026-05-06 05:27:00,NPP-375D,SAPEZAL,MATO GROSSO,Brasil,5107875,51,33,8,0.0,0.12,Cerrado,3.8
25529e07-117d-36ac-b543-caa24e1e61a4, -19.949390, -54.384290,2026-05-06 05:27:00,NPP-375D,BANDEIRANTES,MATO GROSSO DO SUL,Brasil,5001508,50,33,3,0.0,0.32,Cerrado,1.6
e275f1aa-93f4-30f6-963b-ecf145f27c15, -16.160610, -58.493560,2026-05-06 05:27:00,NPP-375D,CÁCERES,MATO GROSSO,Brasil,5102504,51,33,7,0.0,0.68,Pantanal,1.5
797cf503-74f2-3919-a980-089a6f564cc6, -16.432660, -57.268360,2026-05-06 05:27:00,NPP-375D,CÁCERES,MATO GROSSO,Brasil,5102504,51,33,6,0.0,0.47,Pantanal,1.5
14d7d7fa-17ed-3e27-b5ac-c6cd96528936, -16.597180, -58.241920,2026-05-06 05:27:00,NPP-375D,CÁCERES,MATO GROSSO,Brasil,5102504,51,33,8,0.0,0.32,Pantanal,2.8
1d124ca5-b474-348a-8608-c162e2b08021, -14.084630, -47.631760,2026-05-06 05:27:00,NPP-375D,ALTO PARAÍSO DE GOIÁS,GOIÁS,Brasil,5200605,52,33,10,0.0,0.46,Cerrado,1.7
250afe7f-374b-36d6-be96-cf0f75be2d72, -20.209290, -50.652140,2026-05-06 05:27:00,NPP-375D,URÂNIA,SÃO PAULO,Brasil,3555802,35,33,8,0.0,0.74,Mata Atlântica,28.6
25be3304-3c2a-3481-b7c1-df77f411a409, -12.501780, -58.480720,2026-05-06 05:27:00,NPP-375D,SAPEZAL,MATO GROSSO,Brasil,5107875,51,33,8,0.0,0.12,Cerrado,4.1
c6e9673d-58de-3196-84ac-7c026a717d85, -12.508110, -58.485630,2026-05-06 05:27:00,NPP-375D,SAPEZAL,MATO GROSSO,Brasil,5107875,51,33,8,0.0,0.12,Cerrado,2.6
541c8dc9-2da9-3168-8efe-f1b21e49d255, -16.757670, -51.869460,2026-05-06 05:27:00,NPP-375D,CAIAPÔNIA,GOIÁS,Brasil,5204409,52,33,14,0.0,0.87,Cerrado,1.4
c0f055cf-d671-316b-ac23-edd808e6a72c, -21.702290, -48.424470,2026-05-06 05:29:00,NPP-375D,MATÃO,SÃO PAULO,Brasil,3529302,35,33,8,0.0,1.0,Cerrado,2.7
b1d44fb7-5408-3d74-aa8a-9228e9eeeadf, -20.797200, -51.657290,2026-05-06 05:29:00,NPP-375D,TRÊS LAGOAS,MATO GROSSO DO SUL,Brasil,5008305,50,33,6,0.0,-999.0,Mata Atlântica,12.3
06aedd3e-50ca-3afc-9a77-2ae16940c254, -20.790990, -51.661080,2026-05-06 05:29:00,NPP-375D,TRÊS LAGOAS,MATO GROSSO DO SUL,Brasil,5008305,50,33,6,0.0,-999.0,Mata Atlântica,7.1
9ca99031-ffa9-355d-9870-5d024dac2c50, -20.796800, -51.661720,2026-05-06 05:29:00,NPP-375D,TRÊS LAGOAS,MATO GROSSO DO SUL,Brasil,5008305,50,33,6,0.0,-999.0,Mata Atlântica,26.6
3d987a04-aad5-3ed2-ad6c-30d65c6889b3, -20.797360, -51.662960,2026-05-06 05:29:00,NPP-375D,TRÊS LAGOAS,MATO GROSSO DO SUL,Brasil,5008305,50,33,6,0.0,-999.0,Mata Atlântica,13.6
86ba5657-f4dd-3530-9be0-2f129b19c6c8, -20.791560, -51.662350,2026-05-06 05:29:00,NPP-375D,TRÊS LAGOAS,MATO GROSSO DO SUL,Brasil,5008305,50,33,6,0.0,-999.0,Mata Atlântica,16.1
7d3dce6e-a2d2-305e-8c26-fa6b374704c0, -20.797800, -51.658540,2026-05-06 05:29:00,NPP-375D,TRÊS LAGOAS,MATO GROSSO DO SUL,Brasil,5008305,50,33,6,0.0,-999.0,Mata Atlântica,8.9
06ac8e22-cee9-3daa-8334-89c6cb8f666e, -21.296510, -56.104470,2026-05-06 05:29:00,NPP-375D,NIOAQUE,MATO GROSSO DO SUL,Brasil,5005806,50,33,3,0.0,1.0,Cerrado,0.9
9664e1e4-8db9-3fef-a902-01dcb23885ef, -21.705550, -48.429450,2026-05-06 05:29:00,NPP-375D,MATÃO,SÃO PAULO,Brasil,3529302,35,33,8,0.0,1.0,Cerrado,6.2
c1d81207-39fc-3ee1-a6d7-9b68e4350d57, -21.975320, -57.595330,2026-05-06 05:29:00,NPP-375D,PORTO MURTINHO,MATO GROSSO DO SUL,Brasil,5006903,50,33,3,0.0,0.06,Cerrado,7.3
12b68388-d415-3b4d-a01b-4282f5ae4005, -21.706080, -48.421990,2026-05-06 05:29:00,NPP-375D,MATÃO,SÃO PAULO,Brasil,3529302,35,33,8,0.0,1.0,Cerrado,5.5
274389cd-ef84-3baa-9a81-d988bc7da4c6, -21.955270, -57.591740,2026-05-06 05:29:00,NPP-375D,PORTO MURTINHO,MATO GROSSO DO SUL,Brasil,5006903,50,33,3,0.0,0.71,Cerrado,2.3
59ac2ff4-a18c-3db9-ab9a-77a949dc13e0, -21.295990, -56.108910,2026-05-06 05:29:00,NPP-375D,NIOAQUE,MATO GROSSO DO SUL,Brasil,5005806,50,33,3,0.0,1.0,Cerrado,0.9
774dd5a3-d10f-35dc-8de2-3f4bd2b3be05, -20.791400, -51.656640,2026-05-06 05:29:00,NPP-375D,TRÊS LAGOAS,MATO GROSSO DO SUL,Brasil,5008305,50,33,6,0.0,-999.0,Mata Atlântica,4.1
b06c2099-3b07-334b-80cb-62267b7720b4, -20.791990, -51.657930,2026-05-06 05:29:00,NPP-375D,TRÊS LAGOAS,MATO GROSSO DO SUL,Brasil,5008305,50,33,6,0.0,-999.0,Mata Atlântica,8.7
b9e4c12b-ed23-3d35-9d07-70d8ff5122e7, -21.979340, -57.595990,2026-05-06 05:29:00,NPP-375D,PORTO MURTINHO,MATO GROSSO DO SUL,Brasil,5006903,50,33,3,0.0,0.07,Cerrado,8.1
a8520cc5-c48c-3ca3-8e05-693a93681fa4, -21.709410, -48.424520,2026-05-06 05:29:00,NPP-375D,MATÃO,SÃO PAULO,Brasil,3529302,35,33,8,0.0,1.0,Cerrado,7.0
8d597e99-b017-3804-94c2-ff233707e047, -12.503300, -58.478100,2026-05-06 05:30:00,GOES-19,SAPEZAL,MATO GROSSO,Brasil,5107875,51,33,8,0.0,0.12,Cerrado,56.0
c5918d6e-2ddc-326b-8298-e89d33a27777, -12.503300, -58.478100,2026-05-06 05:40:00,GOES-19,SAPEZAL,MATO GROSSO,Brasil,5107875,51,33,8,0.0,0.12,Cerrado,50.7
2f1f3ff7-b02e-375d-8e1b-deb0b593871c, -13.698060, -55.683180,2026-05-06 05:46:00,NOAA-20,NOVA MUTUM,MATO GROSSO,Brasil,5106224,51,33,7,0.0,0.11,Cerrado,1.0
3fadd658-1d90-31ee-9fd6-67220cdfacd2, -12.495300, -58.470720,2026-05-06 05:46:00,NOAA-20,SAPEZAL,MATO GROSSO,Brasil,5107875,51,33,8,0.0,0.12,Cerrado,5.4
6effc3db-b46a-3751-9e26-1535a9d046cd, -16.155600, -58.491570,2026-05-06 05:46:00,NOAA-20,CÁCERES,MATO GROSSO,Brasil,5102504,51,33,7,0.0,0.96,Pantanal,0.8
5b5b5170-ec91-31a1-b2fe-240520391d99, -16.428490, -57.269930,2026-05-06 05:46:00,NOAA-20,CÁCERES,MATO GROSSO,Brasil,5102504,51,33,6,0.0,0.43,Pantanal,0.9
f2e93166-bc73-33bc-94c4-e4e585b524f0, -12.505230, -58.471970,2026-05-06 05:46:00,NOAA-20,SAPEZAL,MATO GROSSO,Brasil,5107875,51,33,8,0.0,0.12,Cerrado,8.4
49eb109b-2b1d-3a69-9aea-41978e17b5d5, -12.493070, -58.488060,2026-05-06 05:46:00,NOAA-20,SAPEZAL,MATO GROSSO,Brasil,5107875,51,33,8,0.0,0.12,Cerrado,6.1
38f51785-644e-3b8e-9e3f-f8189a847b7c, -11.636120, -54.163090,2026-05-06 05:46:00,NOAA-20,UNIÃO DO SUL,MATO GROSSO,Brasil,5108303,51,33,8,0.0,0.13,Amazônia,2.5
f1727a85-f627-3ffc-80e4-829d3ec16655, -11.857030, -63.718230,2026-05-06 05:46:00,NOAA-20,SÃO FRANCISCO DO GUAPORÉ,RONDÔNIA,Brasil,1101492,11,33,2,1.97,0.5,Amazônia,0.7
b71ac6fd-38ff-3920-87d8-cf50a10c633f, -12.499510, -58.477220,2026-05-06 05:46:00,NOAA-20,SAPEZAL,MATO GROSSO,Brasil,5107875,51,33,8,0.0,0.12,Cerrado,5.4
ec379ddb-1d8c-31f0-808f-44f7c9a3010b, -12.503720, -58.483650,2026-05-06 05:46:00,NOAA-20,SAPEZAL,MATO GROSSO,Brasil,5107875,51,33,8,0.0,0.12,Cerrado,5.5
bc74fb9e-e59d-3215-a5ad-76dd0a0c223d, -11.443600, -55.104730,2026-05-06 05:46:00,NOAA-20,CLÁUDIA,MATO GROSSO,Brasil,5103056,51,33,7,0.0,0.11,Amazônia,2.3
ae735642-6db4-3763-b574-a23ec55406ef, -11.448950, -55.108330,2026-05-06 05:46:00,NOAA-20,CLÁUDIA,MATO GROSSO,Brasil,5103056,51,33,7,0.0,0.12,Amazônia,1.1
058f2c1a-0a05-349a-941f-36c30434aa5a, -13.697530, -55.687760,2026-05-06 05:46:00,NOAA-20,NOVA MUTUM,MATO GROSSO,Brasil,5106224,51,33,6,0.0,0.11,Cerrado,1.0
5bd7ec0c-94ba-3871-a9de-65f893b49e74, -12.510200, -58.472620,2026-05-06 05:46:00,NOAA-20,SAPEZAL,MATO GROSSO,Brasil,5107875,51,33,8,0.0,0.12,Cerrado,8.4
f8c86b35-5bd0-316a-9d15-fc8360269f51, -11.436760, -55.106690,2026-05-06 05:46:00,NOAA-20,CLÁUDIA,MATO GROSSO,Brasil,5103056,51,33,7,0.0,0.12,Amazônia,6.9
d5d9c6d4-f45d-3ebe-bd84-5f191bad03ad, -12.498020, -58.488750,2026-05-06 05:46:00,NOAA-20,SAPEZAL,MATO GROSSO,Brasil,5107875,51,33,8,0.0,0.12,Cerrado,6.1
27bbc2e1-29a1-3ab8-9d46-21a86d05092a, -13.697010, -55.692300,2026-05-06 05:46:00,NOAA-20,NOVA MUTUM,MATO GROSSO,Brasil,5106224,51,33,6,0.0,0.23,Cerrado,1.4
8529878e-7dcc-3545-a3f3-97d0977de9fb, -11.437340, -55.101990,2026-05-06 05:46:00,NOAA-20,CLÁUDIA,MATO GROSSO,Brasil,5103056,51,33,7,0.0,0.11,Amazônia,3.5
3b6974ad-fa77-396b-b4d5-14520aa3b64d, -16.428900, -57.266020,2026-05-06 05:46:00,NOAA-20,CÁCERES,MATO GROSSO,Brasil,5102504,51,33,6,0.0,0.59,Pantanal,0.9
085d115c-d30c-376c-856e-c773e56567e1, -12.295150, -57.566220,2026-05-06 05:46:00,NOAA-20,NOVA MARINGÁ,MATO GROSSO,Brasil,5108907,51,33,6,0.0,0.06,Amazônia,1.8
600edc13-03e2-32f6-bda3-f7d9607ad988, -16.160130, -58.491980,2026-05-06 05:46:00,NOAA-20,CÁCERES,MATO GROSSO,Brasil,5102504,51,33,7,0.0,0.64,Pantanal,1.4
9acb27b0-1bed-3010-add8-75dc34061910, -11.443440, -55.102790,2026-05-06 05:46:00,NOAA-20,CLÁUDIA,MATO GROSSO,Brasil,5103056,51,33,7,0.0,0.11,Amazônia,3.5
5a4971d9-8c30-3ef5-888d-91fef576b0c1, -12.508680, -58.484300,2026-05-06 05:46:00,NOAA-20,SAPEZAL,MATO GROSSO,Brasil,5107875,51,33,8,0.0,0.12,Cerrado,5.5
1d43c2cd-bdb9-3055-be98-289977962581, -12.509440, -58.478470,2026-05-06 05:46:00,NOAA-20,SAPEZAL,MATO GROSSO,Brasil,5107875,51,33,8,0.0,0.12,Cerrado,8.4
833444f8-e8b2-3a8d-8afe-7b5239409721, -12.295550, -57.562980,2026-05-06 05:46:00,NOAA-20,NOVA MARINGÁ,MATO GROSSO,Brasil,5108907,51,33,6,0.0,0.06,Amazônia,1.5
a310df87-01a0-3ce0-ab4f-f59d3237d8ab, -12.493810, -58.482350,2026-05-06 05:46:00,NOAA-20,SAPEZAL,MATO GROSSO,Brasil,5107875,51,33,8,0.0,0.12,Cerrado,6.1
e0b92a61-7931-363b-880a-f0aee5466ce8, -12.504480, -58.477810,2026-05-06 05:46:00,NOAA-20,SAPEZAL,MATO GROSSO,Brasil,5107875,51,33,8,0.0,0.12,Cerrado,8.4
c6658a22-d344-3812-bfef-0dcb653db8ef, -16.160810, -58.492250,2026-05-06 05:46:00,NOAA-20,CÁCERES,MATO GROSSO,Brasil,5102504,51,33,7,0.0,0.61,Pantanal,0.8
0e8c6cc5-1d73-3f02-9c8b-f8f5c8eeb8e3, -12.500270, -58.471360,2026-05-06 05:46:00,NOAA-20,SAPEZAL,MATO GROSSO,Brasil,5107875,51,33,8,0.0,0.12,Cerrado,5.4
ee968a46-16c7-3ca9-b84c-b6f96a51faaf,  -9.421010, -65.612950,2026-05-06 05:46:00,NOAA-20,LÁBREA,AMAZONAS,Brasil,1302405,13,33,0,1.39,0.2,Amazônia,0.5
8a65d13d-f869-33a1-b2a8-96ddd9eb4b53, -16.159730, -58.495250,2026-05-06 05:46:00,NOAA-20,CÁCERES,MATO GROSSO,Brasil,5102504,51,33,7,0.0,0.81,Pantanal,1.4
211c9538-f2aa-34ec-b6d4-9f823903944a, -12.498760, -58.483020,2026-05-06 05:46:00,NOAA-20,SAPEZAL,MATO GROSSO,Brasil,5107875,51,33,8,0.0,0.12,Cerrado,6.1
bedafdd6-09fa-30ae-bd5a-9595da7c7780, -18.500050, -55.510380,2026-05-06 05:48:00,NOAA-20,CORUMBÁ,MATO GROSSO DO SUL,Brasil,5003207,50,33,9,0.0,0.93,Pantanal,1.0
9180b37c-244e-3d30-9d0b-1b67fba49b18, -21.981760, -57.594120,2026-05-06 05:48:00,NOAA-20,PORTO MURTINHO,MATO GROSSO DO SUL,Brasil,5006903,50,33,3,0.0,0.09,Cerrado,3.9
c7c65222-4f2f-31cf-a81f-a9c437ff57f1, -21.973870, -57.590320,2026-05-06 05:48:00,NOAA-20,PORTO MURTINHO,MATO GROSSO DO SUL,Brasil,5006903,50,33,3,0.0,0.13,Cerrado,2.9
81cf10e5-51dd-35da-b137-c432b138fd0c, -21.973440, -57.595340,2026-05-06 05:48:00,NOAA-20,PORTO MURTINHO,MATO GROSSO DO SUL,Brasil,5006903,50,33,3,0.0,0.15,Cerrado,2.7
4bc67aaa-619d-34bc-a389-eca0e8233b07, -18.499510, -55.515930,2026-05-06 05:48:00,NOAA-20,CORUMBÁ,MATO GROSSO DO SUL,Brasil,5003207,50,33,9,0.0,0.88,Pantanal,1.0
5a676ad4-9c6f-3dfc-963b-1c0fa3ffd065, -21.979330, -57.596300,2026-05-06 05:48:00,NOAA-20,PORTO MURTINHO,MATO GROSSO DO SUL,Brasil,5006903,50,33,3,0.0,0.07,Cerrado,2.7
3d0f9a74-612a-366e-b3c8-6e0b8846ac20, -19.948170, -54.379230,2026-05-06 05:48:00,NOAA-20,BANDEIRANTES,MATO GROSSO DO SUL,Brasil,5001508,50,33,3,0.0,0.42,Cerrado,2.6
804cee2c-c811-3b19-9add-42a2464ee5f0, -21.979780, -57.591080,2026-05-06 05:48:00,NOAA-20,PORTO MURTINHO,MATO GROSSO DO SUL,Brasil,5006903,50,33,3,0.0,0.09,Cerrado,2.9
d9a0352b-9460-31dc-83dd-fa138c3094e6, -21.975850, -57.593490,2026-05-06 05:48:00,NOAA-20,PORTO MURTINHO,MATO GROSSO DO SUL,Brasil,5006903,50,33,3,0.0,0.06,Cerrado,3.9
4c94fb23-0ca6-3775-8ba0-afabc0f25e2b, -12.503300, -58.478100,2026-05-06 06:00:00,GOES-19,SAPEZAL,MATO GROSSO,Brasil,5107875,51,33,8,0.0,0.12,Cerrado,49.8
85af97a2-1b19-3664-a992-e1ea5ac9797f, -20.787000, -51.663500,2026-05-06 06:10:00,GOES-19,TRÊS LAGOAS,MATO GROSSO DO SUL,Brasil,5008305,50,33,6,0.0,-999.0,Mata Atlântica,64.1
e64a4a7b-ec07-3e72-b9a2-6ef4ea85028f, -20.787000, -51.663500,2026-05-06 06:20:00,GOES-19,TRÊS LAGOAS,MATO GROSSO DO SUL,Brasil,5008305,50,33,6,0.0,-999.0,Mata Atlântica,79.3
4cd37b84-edfa-3cc7-ab9c-caeb33c00770, -12.388590, -46.321090,2026-05-06 06:22:00,AQUA_M-M,TAGUATINGA,TOCANTINS,Brasil,1720903,17,33,8,0.0,0.4,Cerrado,6.3
cc8ce32a-a959-324c-8d42-625a10daa6bb, -11.130790, -45.140610,2026-05-06 06:22:00,AQUA_M-M,FORMOSA DO RIO PRETO,BAHIA,Brasil,2911105,29,33,8,0.0,0.74,Cerrado,14.4
a990de85-8345-3e9b-8093-0f1ab7091d47, -11.132190, -45.131080,2026-05-06 06:22:00,AQUA_M-M,FORMOSA DO RIO PRETO,BAHIA,Brasil,2911105,29,33,9,0.0,0.75,Cerrado,5.8
6ae76172-0cef-3b70-8606-6e46f2967b1a, -13.438270, -43.844010,2026-05-06 06:22:00,AQUA_M-M,SERRA DO RAMALHO,BAHIA,Brasil,2930154,29,33,26,0.0,0.89,Cerrado,21.7
16d725fd-2dde-3bb1-90cf-9d18edbc9fb6, -12.346960, -50.023860,2026-05-06 06:22:00,AQUA_M-M,SANDOLÂNDIA,TOCANTINS,Brasil,1718840,17,33,7,0.0,0.47,Cerrado,11.4
e3b0b0be-f107-3fc5-915d-e039cb282078, -13.438340, -43.849640,2026-05-06 06:22:00,AQUA_M-M,SERRA DO RAMALHO,BAHIA,Brasil,2930154,29,33,26,0.0,0.89,Cerrado,13.2
5adbc8e2-5277-3b01-99bb-fac979ce7a29, -13.439920, -43.837870,2026-05-06 06:22:00,AQUA_M-M,SERRA DO RAMALHO,BAHIA,Brasil,2930154,29,33,26,0.0,0.9,Cerrado,10.3
1b6fd08c-a106-3cd9-b7db-01ace6806155, -12.339040, -50.011020,2026-05-06 06:22:00,AQUA_M-M,SANDOLÂNDIA,TOCANTINS,Brasil,1718840,17,33,7,0.0,0.45,Cerrado,20.9
d1bb899c-d082-3ec1-ae4a-f614856e96d9, -12.348810, -50.012610,2026-05-06 06:22:00,AQUA_M-M,SANDOLÂNDIA,TOCANTINS,Brasil,1718840,17,33,7,0.0,0.46,Cerrado,7.6
10d81b72-4850-32de-af1f-60b9c8877a86, -14.070910, -47.794930,2026-05-06 06:25:00,AQUA_M-M,CAVALCANTE,GOIÁS,Brasil,5205307,52,33,8,0.0,0.36,Cerrado,7.6
c3f3dc79-6ca9-3dab-ae1f-cd8257018526, -20.208250, -50.657800,2026-05-06 06:25:00,AQUA_M-M,URÂNIA,SÃO PAULO,Brasil,3555802,35,33,8,0.0,0.92,Mata Atlântica,5.9
f86a137c-e108-3232-b079-bb46bbac6037, -20.209900, -50.647680,2026-05-06 06:25:00,AQUA_M-M,URÂNIA,SÃO PAULO,Brasil,3555802,35,33,8,0.0,0.76,Mata Atlântica,64.7
fec90aaf-cf57-3c7b-b2c5-4a58b3baa172, -20.792220, -51.665490,2026-05-06 06:25:00,AQUA_M-M,TRÊS LAGOAS,MATO GROSSO DO SUL,Brasil,5008305,50,33,6,0.0,-999.0,Mata Atlântica,29.2
e430ad9e-0b7a-3c7d-8cca-a194d944ebcd, -21.709480, -48.422200,2026-05-06 06:25:00,AQUA_M-M,MATÃO,SÃO PAULO,Brasil,3529302,35,33,8,0.0,1.0,Cerrado,11.3
4725e78f-1b9f-3897-b1d9-4ef0d48a9787, -20.794080, -51.654480,2026-05-06 06:25:00,AQUA_M-M,TRÊS LAGOAS,MATO GROSSO DO SUL,Brasil,5008305,50,33,6,0.0,1.0,Mata Atlântica,112.5
e4c59798-0439-3f6e-bae1-fe791539fa0d, -20.787000, -51.663500,2026-05-06 06:30:00,GOES-19,TRÊS LAGOAS,MATO GROSSO DO SUL,Brasil,5008305,50,33,6,0.0,-999.0,Mata Atlântica,71.0
05cd4465-8f87-3a59-b1da-002fa28fb9b5, -20.807400, -51.659500,2026-05-06 06:40:00,GOES-19,TRÊS LAGOAS,MATO GROSSO DO SUL,Brasil,5008305,50,33,6,0.0,1.0,Mata Atlântica,62.0
fcbf4257-fb22-3fb0-b008-c7ef95c1a53e, -20.787000, -51.663500,2026-05-06 06:40:00,GOES-19,TRÊS LAGOAS,MATO GROSSO DO SUL,Brasil,5008305,50,33,6,0.0,-999.0,Mata Atlântica,79.6
eee1f4e8-2e68-32f8-be3b-fc66bfdd4d80, -20.787000, -51.663500,2026-05-06 06:50:00,GOES-19,TRÊS LAGOAS,MATO GROSSO DO SUL,Brasil,5008305,50,33,6,0.0,-999.0,Mata Atlântica,82.6
e4d2493b-b52a-319a-a501-6905245c44ce, -12.503300, -58.478100,2026-05-06 07:00:00,GOES-19,SAPEZAL,MATO GROSSO,Brasil,5107875,51,33,8,0.0,0.12,Cerrado,50.2
0b837f03-bf08-3b4d-b228-5614a667794f, -20.807400, -51.659500,2026-05-06 07:00:00,GOES-19,TRÊS LAGOAS,MATO GROSSO DO SUL,Brasil,5008305,50,33,6,0.0,1.0,Mata Atlântica,63.3
eeee2148-f785-3c17-a250-8e6e0af5b9bc, -20.223700, -50.637100,2026-05-06 07:10:00,GOES-19,URÂNIA,SÃO PAULO,Brasil,3555802,35,33,8,0.0,1.0,Mata Atlântica,64.7
40b7f007-5f2e-343c-bdc8-1c362f86022f, -20.223700, -50.637100,2026-05-06 07:20:00,GOES-19,URÂNIA,SÃO PAULO,Brasil,3555802,35,33,8,0.0,1.0,Mata Atlântica,61.6
841be4d8-adcc-3a53-8f22-778015fae62b,  -8.786770, -44.838860,2026-05-06 11:19:00,TERRA_M-M,CURRAIS,PIAUÍ,Brasil,2203230,22,33,12,0.0,0.75,Cerrado,22.1
7777c96f-9c65-3717-8f05-91e65fec193c, -11.837790, -39.174000,2026-05-06 11:21:00,TERRA_M-M,CANDEAL,BAHIA,Brasil,2906402,29,33,0,8.0,0.59,Caatinga,8.8
5200da46-d519-3d86-9f0e-c08f981a086b, -13.440490, -43.845330,2026-05-06 11:21:00,TERRA_M-M,SERRA DO RAMALHO,BAHIA,Brasil,2930154,29,33,26,0.0,0.89,Cerrado,21.5
a6897fd2-665e-3d31-9b06-fe6793d3f750, -12.769900, -42.748880,2026-05-06 11:21:00,TERRA_M-M,BOQUIRA,BAHIA,Brasil,2904100,29,33,17,0.0,1.0,Caatinga,7.2
5b08141d-35a0-3deb-b654-a15d1c9b257e, -11.949800, -43.378100,2026-05-06 11:50:00,GOES-19,MUQUÉM DO SÃO FRANCISCO,BAHIA,Brasil,2922250,29,33,14,2.37,0.6,Cerrado,100.4
aa72352e-8579-3bd5-a247-7a50ae1fa968, -11.949800, -43.378100,2026-05-06 12:00:00,GOES-19,MUQUÉM DO SÃO FRANCISCO,BAHIA,Brasil,2922250,29,33,14,2.37,0.6,Cerrado,112.6
4bf12ca0-0478-3035-9d71-b1e23fe5cf76, -11.949800, -43.378100,2026-05-06 12:10:00,GOES-19,MUQUÉM DO SÃO FRANCISCO,BAHIA,Brasil,2922250,29,33,14,2.37,0.6,Cerrado,121.4
558ec62a-97f0-38dc-b42f-33f8973dc67b, -18.784400, -51.946700,2026-05-06 12:10:00,GOES-19,APORÉ,GOIÁS,Brasil,5201504,52,33,7,0.0,1.0,Cerrado,125.0
235379eb-03f4-3aef-9e48-ebda88eb5ab5, -18.784900, -51.924700,2026-05-06 12:10:00,GOES-19,APORÉ,GOIÁS,Brasil,5201504,52,33,7,0.0,1.0,Cerrado,84.2
4f4b2b42-d687-33d8-aa5a-8bc951a1e248, -18.784900, -51.924700,2026-05-06 12:20:00,GOES-19,APORÉ,GOIÁS,Brasil,5201504,52,33,7,0.0,1.0,Cerrado,114.3
81ca69cc-2d17-3220-83e9-0f1a885fb305, -18.784400, -51.946700,2026-05-06 12:20:00,GOES-19,APORÉ,GOIÁS,Brasil,5201504,52,33,7,0.0,1.0,Cerrado,154.9
4024e0f0-c74c-30c9-a493-0127a5cb5295, -11.949800, -43.378100,2026-05-06 12:20:00,GOES-19,MUQUÉM DO SÃO FRANCISCO,BAHIA,Brasil,2922250,29,33,14,2.37,0.6,Cerrado,89.7
567b672f-11d0-3e0d-9e49-fa46e131499d, -12.503300, -58.478100,2026-05-06 12:20:00,GOES-19,SAPEZAL,MATO GROSSO,Brasil,5107875,51,33,8,0.0,0.12,Cerrado,74.8
86a8325e-5a63-3da8-b48f-baf2ad6f0201, -18.784900, -51.924700,2026-05-06 12:30:00,GOES-19,APORÉ,GOIÁS,Brasil,5201504,52,33,7,0.0,1.0,Cerrado,96.5
d8de8399-3587-3987-a0d4-e940e27bea05, -18.784400, -51.946700,2026-05-06 12:30:00,GOES-19,APORÉ,GOIÁS,Brasil,5201504,52,33,7,0.0,1.0,Cerrado,133.5
e33b5d00-bf9c-35b3-97e9-9ecff0991867, -12.503300, -58.478100,2026-05-06 12:30:00,GOES-19,SAPEZAL,MATO GROSSO,Brasil,5107875,51,33,8,0.0,0.12,Cerrado,115.9
4bd6f262-e4f6-33c8-b7b4-7d30a67b1c23, -12.503100, -58.497900,2026-05-06 12:30:00,GOES-19,SAPEZAL,MATO GROSSO,Brasil,5107875,51,33,8,0.0,0.13,Cerrado,67.3
b860e76b-2518-3a22-b17d-50024dbc51da, -12.503300, -58.478100,2026-05-06 12:40:00,GOES-19,SAPEZAL,MATO GROSSO,Brasil,5107875,51,33,8,0.0,0.12,Cerrado,161.6
500da154-57b5-3c2f-86c0-85ebb978e1db, -12.503100, -58.497900,2026-05-06 12:40:00,GOES-19,SAPEZAL,MATO GROSSO,Brasil,5107875,51,33,8,0.0,0.13,Cerrado,68.3
03b76c63-ab1e-3925-9ab7-32510fb79939, -18.784900, -51.924700,2026-05-06 12:40:00,GOES-19,APORÉ,GOIÁS,Brasil,5201504,52,33,7,0.0,1.0,Cerrado,81.2
bf426efe-e8a0-3ae1-b979-c24533e4daed, -11.949800, -43.378100,2026-05-06 12:40:00,GOES-19,MUQUÉM DO SÃO FRANCISCO,BAHIA,Brasil,2922250,29,33,14,2.37,0.6,Cerrado,85.3
171d2e87-4dd3-3ecb-be49-adf3bb44c77a, -18.784400, -51.946700,2026-05-06 12:40:00,GOES-19,APORÉ,GOIÁS,Brasil,5201504,52,33,7,0.0,1.0,Cerrado,142.5
125ab48e-cab4-3f68-ab44-4ab9cdff3cf6,  -9.425900, -50.683000,2026-05-06 12:40:00,GOES-19,SANTANA DO ARAGUAIA,PARÁ,Brasil,1506708,15,33,6,0.0,1.0,Amazônia,72.1
2540f2db-0282-3bcc-afc0-a7bcb00605ad, -12.484300, -58.479500,2026-05-06 12:40:00,GOES-19,SAPEZAL,MATO GROSSO,Brasil,5107875,51,33,8,0.0,-999.0,Cerrado,83.9
91753bd9-5d18-37a1-8925-1470356eaff0, -12.503300, -58.478100,2026-05-06 12:50:00,GOES-19,SAPEZAL,MATO GROSSO,Brasil,5107875,51,33,8,0.0,0.12,Cerrado,243.0
fe980a08-bc6f-3a97-9c5d-446acbcce251, -12.484300, -58.479500,2026-05-06 12:50:00,GOES-19,SAPEZAL,MATO GROSSO,Brasil,5107875,51,33,8,0.0,-999.0,Cerrado,93.5
ae76a7b3-ae79-3cf8-8e8f-c40051e40183, -18.784900, -51.924700,2026-05-06 12:50:00,GOES-19,APORÉ,GOIÁS,Brasil,5201504,52,33,7,0.0,1.0,Cerrado,91.2
61f8109b-a2f6-3051-b0c4-0b178f37e920, -12.503100, -58.497900,2026-05-06 12:50:00,GOES-19,SAPEZAL,MATO GROSSO,Brasil,5107875,51,33,8,0.0,0.13,Cerrado,121.5
89f2f0b3-3db5-3c1b-b857-c786248c37a0,  -9.425900, -50.683000,2026-05-06 12:50:00,GOES-19,SANTANA DO ARAGUAIA,PARÁ,Brasil,1506708,15,33,6,0.0,1.0,Amazônia,81.0
25155e5b-155c-3118-9fff-95fdb8f1d59d, -18.784400, -51.946700,2026-05-06 12:50:00,GOES-19,APORÉ,GOIÁS,Brasil,5201504,52,33,7,0.0,1.0,Cerrado,179.6
6a5e4e6c-791c-3428-b4b9-9ae9bbc99013, -12.508170, -58.469460,2026-05-06 12:59:00,TERRA_M-T,SAPEZAL,MATO GROSSO,Brasil,5107875,51,33,8,0.0,0.12,Cerrado,45.6
e9f37a9c-763a-311f-a1e9-fabc608abf4d,  -9.250910, -60.333750,2026-05-06 12:59:00,TERRA_M-T,COLNIZA,MATO GROSSO,Brasil,5103254,51,33,2,1.06,0.67,Amazônia,13.9
ad21b6e3-d4d5-3992-863e-032eb4a0180d, -12.498370, -58.461830,2026-05-06 12:59:00,TERRA_M-T,SAPEZAL,MATO GROSSO,Brasil,5107875,51,33,8,0.0,0.12,Cerrado,12.6
3931a3f7-2014-300e-9d7d-71e2de805c55, -11.801230, -56.955440,2026-05-06 12:59:00,TERRA_M-T,PORTO DOS GAÚCHOS,MATO GROSSO,Brasil,5106802,51,33,6,0.0,0.09,Amazônia,17.2
435100ad-583a-33be-b14a-4b13a47ba348, -12.494940, -58.483630,2026-05-06 12:59:00,TERRA_M-T,SAPEZAL,MATO GROSSO,Brasil,5107875,51,33,8,0.0,0.12,Cerrado,301.3
fdea45e0-2ec7-3f99-a7b3-8e353bdd7822, -13.981560, -56.659400,2026-05-06 12:59:00,TERRA_M-T,DIAMANTINO,MATO GROSSO,Brasil,5103502,51,33,6,0.0,0.27,Cerrado,50.0
c8907ee6-3791-3b2a-853b-b0e63f4de095, -12.506280, -58.485030,2026-05-06 12:59:00,TERRA_M-T,SAPEZAL,MATO GROSSO,Brasil,5107875,51,33,8,0.0,0.12,Cerrado,199.7
93ebcc67-859b-3aad-8ece-ca078afdecaa, -12.464090, -58.550510,2026-05-06 12:59:00,TERRA_M-T,SAPEZAL,MATO GROSSO,Brasil,5107875,51,33,8,0.0,0.12,Cerrado,13.6
5a8783dd-c72e-30ba-959d-c3428b5ec4d7, -12.496370, -58.477420,2026-05-06 12:59:00,TERRA_M-T,SAPEZAL,MATO GROSSO,Brasil,5107875,51,33,8,0.0,0.12,Cerrado,269.5
3adc572d-2044-3041-8620-899b6335f8e5, -12.494420, -58.492690,2026-05-06 12:59:00,TERRA_M-T,SAPEZAL,MATO GROSSO,Brasil,5107875,51,33,8,0.0,0.12,Cerrado,159.0
a4b83b99-ffe1-3c20-a575-11785a60fa2d, -13.986760, -56.653340,2026-05-06 12:59:00,TERRA_M-T,DIAMANTINO,MATO GROSSO,Brasil,5103502,51,33,6,0.0,0.16,Cerrado,63.4
2266b127-2735-3725-9f61-620134164c3f, -12.496810, -58.468090,2026-05-06 12:59:00,TERRA_M-T,SAPEZAL,MATO GROSSO,Brasil,5107875,51,33,8,0.0,0.12,Cerrado,43.2
7eb9dc44-b708-3f31-b871-da85cc9ec8e6, -12.503300, -58.478100,2026-05-06 13:00:00,GOES-19,SAPEZAL,MATO GROSSO,Brasil,5107875,51,33,8,0.0,0.12,Cerrado,256.6
d943c27c-ecbd-356e-afa9-507e437f6e5e, -12.484300, -58.479500,2026-05-06 13:00:00,GOES-19,SAPEZAL,MATO GROSSO,Brasil,5107875,51,33,8,0.0,-999.0,Cerrado,178.9
6a027472-82fd-3f6e-bbdf-2115573c203d, -18.784900, -51.924700,2026-05-06 13:00:00,GOES-19,APORÉ,GOIÁS,Brasil,5201504,52,33,7,0.0,1.0,Cerrado,89.3
80d3e83a-8383-3744-afd4-dc80aeaef6ec, -12.503100, -58.497900,2026-05-06 13:00:00,GOES-19,SAPEZAL,MATO GROSSO,Brasil,5107875,51,33,8,0.0,0.13,Cerrado,143.1
b8e72e39-2dfe-3727-900c-5eea9e21d8cc, -18.784400, -51.946700,2026-05-06 13:00:00,GOES-19,APORÉ,GOIÁS,Brasil,5201504,52,33,7,0.0,1.0,Cerrado,132.1
32eb528c-eba4-3693-b403-47aeaeff19e0, -21.666170, -56.315690,2026-05-06 13:01:00,TERRA_M-T,BELA VISTA,MATO GROSSO DO SUL,Brasil,5002100,50,33,3,0.0,1.0,Cerrado,26.7
9790e408-59c4-3406-b950-edd047cf6520, -12.503500, -58.458200,2026-05-06 13:10:00,GOES-19,SAPEZAL,MATO GROSSO,Brasil,5107875,51,33,8,0.0,0.12,Cerrado,65.9
ff1a63cd-c0aa-3411-b1bd-ef3051b78bba, -12.484300, -58.479500,2026-05-06 13:10:00,GOES-19,SAPEZAL,MATO GROSSO,Brasil,5107875,51,33,8,0.0,-999.0,Cerrado,251.9
15202ce1-9e01-3992-9e36-5eeef7c8b9b9, -18.784400, -51.946700,2026-05-06 13:10:00,GOES-19,APORÉ,GOIÁS,Brasil,5201504,52,33,7,0.0,1.0,Cerrado,142.6
366b8f9a-dfe6-3d7e-bd6f-fddc91970703, -12.503300, -58.478100,2026-05-06 13:10:00,GOES-19,SAPEZAL,MATO GROSSO,Brasil,5107875,51,33,8,0.0,0.12,Cerrado,392.1
f72c7e97-ef2b-38c2-a375-e7c233cd1849, -18.784900, -51.924700,2026-05-06 13:10:00,GOES-19,APORÉ,GOIÁS,Brasil,5201504,52,33,7,0.0,1.0,Cerrado,99.3
97386067-418a-3397-a938-49bcc36bfab2, -12.503100, -58.497900,2026-05-06 13:10:00,GOES-19,SAPEZAL,MATO GROSSO,Brasil,5107875,51,33,8,0.0,0.13,Cerrado,178.6
6aee5b89-727c-34df-9f5e-aa7d090fe639, -10.927300, -49.848800,2026-05-06 13:10:00,GOES-19,LAGOA DA CONFUSÃO,TOCANTINS,Brasil,1711902,17,33,5,0.0,0.83,Cerrado,108.6
41447498-63d1-345d-8d50-bee58aa7b62e, -10.908300, -49.850900,2026-05-06 13:10:00,GOES-19,LAGOA DA CONFUSÃO,TOCANTINS,Brasil,1711902,17,33,4,0.0,0.91,Cerrado,67.1
4a856229-d8ff-30d8-b147-8d4a188792ff, -18.784900, -51.924700,2026-05-06 13:20:00,GOES-19,APORÉ,GOIÁS,Brasil,5201504,52,33,7,0.0,1.0,Cerrado,92.1
969e7b88-7d3b-389e-b85c-d27880a738e3, -12.503300, -58.478100,2026-05-06 13:20:00,GOES-19,SAPEZAL,MATO GROSSO,Brasil,5107875,51,33,8,0.0,0.12,Cerrado,569.7
1b10cd2b-8b28-3765-9704-94136d147a77, -12.503100, -58.497900,2026-05-06 13:20:00,GOES-19,SAPEZAL,MATO GROSSO,Brasil,5107875,51,33,8,0.0,0.13,Cerrado,231.9
a778e93f-fa0a-31b2-a584-dc35a8ab4753, -12.484300, -58.479500,2026-05-06 13:20:00,GOES-19,SAPEZAL,MATO GROSSO,Brasil,5107875,51,33,8,0.0,-999.0,Cerrado,328.0
f01b50a0-117e-34de-af0d-008ca7cacc8f, -18.784400, -51.946700,2026-05-06 13:20:00,GOES-19,APORÉ,GOIÁS,Brasil,5201504,52,33,7,0.0,1.0,Cerrado,150.7
72e28b4c-0f5d-37f0-aceb-d0b9dbe0425b, -10.927300, -49.848800,2026-05-06 13:20:00,GOES-19,LAGOA DA CONFUSÃO,TOCANTINS,Brasil,1711902,17,33,5,0.0,0.83,Cerrado,76.0
fa01067d-63e2-3910-9bf8-41f27e777069, -18.784400, -51.946700,2026-05-06 13:30:00,GOES-19,APORÉ,GOIÁS,Brasil,5201504,52,33,7,0.0,1.0,Cerrado,147.7
8205ff5b-5854-3382-863a-dc31bcf5b7f3, -18.784900, -51.924700,2026-05-06 13:30:00,GOES-19,APORÉ,GOIÁS,Brasil,5201504,52,33,7,0.0,1.0,Cerrado,97.6
247f9054-ec8a-3d77-ac63-c50167e35474, -23.775900, -49.164000,2026-05-06 13:30:00,GOES-19,ITABERÁ,SÃO PAULO,Brasil,3521705,35,33,3,0.0,0.43,Cerrado,107.0
74c89c32-d131-3cbb-83fc-988f14bfb022, -12.503100, -58.497900,2026-05-06 13:30:00,GOES-19,SAPEZAL,MATO GROSSO,Brasil,5107875,51,33,8,0.0,0.13,Cerrado,219.3
4950b1b6-7f3d-3815-980b-fe5d88fb9ac8, -10.908300, -49.850900,2026-05-06 13:30:00,GOES-19,LAGOA DA CONFUSÃO,TOCANTINS,Brasil,1711902,17,33,4,0.0,0.91,Cerrado,68.7
94a8b700-27b4-353c-9b2d-2431bb8eb5a0, -12.484300, -58.479500,2026-05-06 13:30:00,GOES-19,SAPEZAL,MATO GROSSO,Brasil,5107875,51,33,8,0.0,-999.0,Cerrado,361.6
ba49a2bd-7a2a-329b-abe4-542390d97d7e, -12.503500, -58.458200,2026-05-06 13:30:00,GOES-19,SAPEZAL,MATO GROSSO,Brasil,5107875,51,33,8,0.0,0.12,Cerrado,93.2
e8b49deb-4719-34fc-bef4-e3934f3dc919, -12.503300, -58.478100,2026-05-06 13:30:00,GOES-19,SAPEZAL,MATO GROSSO,Brasil,5107875,51,33,8,0.0,0.12,Cerrado,570.6
45fa0956-5357-39fd-9b16-06bf9b2a9703, -10.927300, -49.848800,2026-05-06 13:30:00,GOES-19,LAGOA DA CONFUSÃO,TOCANTINS,Brasil,1711902,17,33,5,0.0,0.83,Cerrado,88.6
c6b6e009-cbd4-386c-92b9-b1eec599d18d, -18.784900, -51.924700,2026-05-06 13:40:00,GOES-19,APORÉ,GOIÁS,Brasil,5201504,52,33,7,0.0,1.0,Cerrado,106.8
6549843e-235c-3aeb-b7db-cc128e6fe391, -18.784400, -51.946700,2026-05-06 13:40:00,GOES-19,APORÉ,GOIÁS,Brasil,5201504,52,33,7,0.0,1.0,Cerrado,127.0
699273e6-9c10-394a-b9f3-9a232401d694, -11.821400, -49.745700,2026-05-06 13:40:00,GOES-19,FORMOSO DO ARAGUAIA,TOCANTINS,Brasil,1708205,17,33,7,0.0,0.86,Cerrado,107.7
f11b3186-a1ae-3414-b5fc-6a448d99c1e1, -14.150200, -45.354300,2026-05-06 13:40:00,GOES-19,JABORANDI,BAHIA,Brasil,2917359,29,33,25,0.0,0.8,Cerrado,85.4
c8024bd7-9d74-3a7f-a9c7-976a7ed57b3d, -11.201600, -46.784900,2026-05-06 13:40:00,GOES-19,ALMAS,TOCANTINS,Brasil,1700400,17,33,8,0.0,0.37,Cerrado,67.1
eb3f7828-7e1e-35c2-92b0-00a6a4a75503, -10.474200, -49.768800,2026-05-06 13:40:00,GOES-19,PIUM,TOCANTINS,Brasil,1717503,17,33,7,0.0,0.28,Cerrado,76.2
8863b43a-58fe-30ff-89c1-5bccd27bcc71, -12.484300, -58.479500,2026-05-06 13:40:00,GOES-19,SAPEZAL,MATO GROSSO,Brasil,5107875,51,33,8,0.0,-999.0,Cerrado,440.8
db972435-2860-31df-97fc-0b378384044c, -12.503500, -58.458200,2026-05-06 13:40:00,GOES-19,SAPEZAL,MATO GROSSO,Brasil,5107875,51,33,8,0.0,0.12,Cerrado,114.8
9c57f364-a7b7-3602-bc2c-f6f6202dc6bb, -12.503100, -58.497900,2026-05-06 13:40:00,GOES-19,SAPEZAL,MATO GROSSO,Brasil,5107875,51,33,8,0.0,0.13,Cerrado,300.1
0a421817-56a7-39f1-8e89-73c819166388, -12.503300, -58.478100,2026-05-06 13:40:00,GOES-19,SAPEZAL,MATO GROSSO,Brasil,5107875,51,33,8,0.0,0.12,Cerrado,643.6
8271d39c-f9be-3a2b-bfd2-c4ce948a1723, -12.484300, -58.479500,2026-05-06 13:50:00,GOES-19,SAPEZAL,MATO GROSSO,Brasil,5107875,51,33,8,0.0,-999.0,Cerrado,596.1
6023c002-340c-396c-920a-e82a753ee6bb, -12.522200, -58.476500,2026-05-06 13:50:00,GOES-19,SAPEZAL,MATO GROSSO,Brasil,5107875,51,33,8,0.0,0.13,Cerrado,115.4
cd8b8961-0350-3244-9a53-ec1435f6d3c7, -18.784900, -51.924700,2026-05-06 13:50:00,GOES-19,APORÉ,GOIÁS,Brasil,5201504,52,33,7,0.0,1.0,Cerrado,95.8
5501b980-6ed6-3a96-ab68-89136e7b0650,  -9.425900, -50.683000,2026-05-06 13:50:00,GOES-19,SANTANA DO ARAGUAIA,PARÁ,Brasil,1506708,15,33,6,0.0,1.0,Amazônia,75.6
80ed98e1-175c-30b1-a9c2-86157430562d, -18.784400, -51.946700,2026-05-06 13:50:00,GOES-19,APORÉ,GOIÁS,Brasil,5201504,52,33,7,0.0,1.0,Cerrado,158.2
3f81d929-eb75-3345-9320-683916d53822, -12.503500, -58.458200,2026-05-06 13:50:00,GOES-19,SAPEZAL,MATO GROSSO,Brasil,5107875,51,33,8,0.0,0.12,Cerrado,132.7
8e09bde9-3800-3834-b33a-aa5f4a9970ff, -14.150200, -45.354300,2026-05-06 14:00:00,GOES-19,JABORANDI,BAHIA,Brasil,2917359,29,33,25,0.0,0.8,Cerrado,71.0
3254eba8-743f-32d6-8d91-fc266f00dcd7, -18.784900, -51.924700,2026-05-06 14:00:00,GOES-19,APORÉ,GOIÁS,Brasil,5201504,52,33,7,0.0,1.0,Cerrado,95.3
757a8ff6-cb2f-3a51-a8e5-5a62d64bb4b8, -18.784400, -51.946700,2026-05-06 14:00:00,GOES-19,APORÉ,GOIÁS,Brasil,5201504,52,33,7,0.0,1.0,Cerrado,159.1
00d8fb36-c7e2-3fa9-b44e-df9066bf02be, -12.503500, -58.458200,2026-05-06 14:00:00,GOES-19,SAPEZAL,MATO GROSSO,Brasil,5107875,51,33,8,0.0,0.12,Cerrado,111.0
7f2593ef-2dc1-30b1-9b01-42f9a6f11ba5,  -9.425900, -50.683000,2026-05-06 14:00:00,GOES-19,SANTANA DO ARAGUAIA,PARÁ,Brasil,1506708,15,33,6,0.0,1.0,Amazônia,90.3
71cc22ef-91cc-3f20-b5f7-d1cbe9597fbb, -14.130700, -45.357700,2026-05-06 14:00:00,GOES-19,JABORANDI,BAHIA,Brasil,2917359,29,33,25,0.0,0.8,Cerrado,72.1
6811325a-e6b2-3af7-8dc0-84337b534c33, -12.503300, -58.478100,2026-05-06 14:00:00,GOES-19,SAPEZAL,MATO GROSSO,Brasil,5107875,51,33,8,0.0,0.12,Cerrado,876.4
b27a4a9e-1469-3458-8f59-b67fd103bb34, -12.522200, -58.476500,2026-05-06 14:00:00,GOES-19,SAPEZAL,MATO GROSSO,Brasil,5107875,51,33,8,0.0,0.13,Cerrado,124.9
eb846d5e-83b9-3318-99bc-91306b7f19f4, -12.484300, -58.479500,2026-05-06 14:00:00,GOES-19,SAPEZAL,MATO GROSSO,Brasil,5107875,51,33,8,0.0,-999.0,Cerrado,753.2
69ee54b4-c9ec-331f-bbbf-14afb53ff237, -10.474200, -49.768800,2026-05-06 14:00:00,GOES-19,PIUM,TOCANTINS,Brasil,1717503,17,33,7,0.0,0.28,Cerrado,81.7
ff5d6512-f492-3591-9cc3-04f0cb7a6c53, -18.784400, -51.946700,2026-05-06 14:10:00,GOES-19,APORÉ,GOIÁS,Brasil,5201504,52,33,7,0.0,1.0,Cerrado,161.6
f7d09b86-f09b-380f-9d9c-2532906265ff, -18.784900, -51.924700,2026-05-06 14:10:00,GOES-19,APORÉ,GOIÁS,Brasil,5201504,52,33,7,0.0,1.0,Cerrado,111.0
93917874-a24f-3d0f-b0b3-4d08b23b0108, -14.150200, -45.354300,2026-05-06 14:10:00,GOES-19,JABORANDI,BAHIA,Brasil,2917359,29,33,25,0.0,0.8,Cerrado,74.4
856dbfb0-6839-3175-9647-c57b90057988,  -9.425900, -50.683000,2026-05-06 14:10:00,GOES-19,SANTANA DO ARAGUAIA,PARÁ,Brasil,1506708,15,33,6,0.0,1.0,Amazônia,117.9
f9d9e783-33d8-338e-ba6f-3cd7943b01fe, -12.484300, -58.479500,2026-05-06 14:10:00,GOES-19,SAPEZAL,MATO GROSSO,Brasil,5107875,51,33,8,0.0,-999.0,Cerrado,595.1
432d4efb-695f-38ef-80d1-5027959b2457,  -9.425600, -50.704200,2026-05-06 14:10:00,GOES-19,SANTANA DO ARAGUAIA,PARÁ,Brasil,1506708,15,33,6,0.0,0.54,Amazônia,83.2
32acc1b0-68f1-3efe-940f-a55a33efb5f9, -14.130700, -45.357700,2026-05-06 14:10:00,GOES-19,JABORANDI,BAHIA,Brasil,2917359,29,33,25,0.0,0.8,Cerrado,81.4
f3bf5364-a4e7-3a50-9e75-0ba2052cf26c, -12.503500, -58.458200,2026-05-06 14:10:00,GOES-19,SAPEZAL,MATO GROSSO,Brasil,5107875,51,33,8,0.0,0.12,Cerrado,146.5
4f93d25b-9962-3d5f-be98-1891a5a57a44, -12.522200, -58.476500,2026-05-06 14:10:00,GOES-19,SAPEZAL,MATO GROSSO,Brasil,5107875,51,33,8,0.0,0.13,Cerrado,81.8
1f5d07f7-892b-3e8e-baa9-8379fb1c540f, -10.892700, -49.615700,2026-05-06 14:10:00,GOES-19,LAGOA DA CONFUSÃO,TOCANTINS,Brasil,1711902,17,33,2,0.0,0.76,Cerrado,60.9
fbcbbc1a-6d57-3f68-9da8-e4836f16bec0, -10.927300, -49.848800,2026-05-06 14:10:00,GOES-19,LAGOA DA CONFUSÃO,TOCANTINS,Brasil,1711902,17,33,5,0.0,0.83,Cerrado,107.2
ce6deaf6-1354-3116-a1a4-bad04801318a, -10.908300, -49.850900,2026-05-06 14:10:00,GOES-19,LAGOA DA CONFUSÃO,TOCANTINS,Brasil,1711902,17,33,4,0.0,0.91,Cerrado,111.4
cf44273b-7bf7-3797-9bba-fcf7a797ee36,  -9.448500, -47.393200,2026-05-06 14:10:00,GOES-19,RIO SONO,TOCANTINS,Brasil,1718758,17,33,8,0.0,0.35,Cerrado,71.7
2e9060b5-3a36-3138-b810-8ec3d14363c7, -10.892700, -49.615700,2026-05-06 14:20:00,GOES-19,LAGOA DA CONFUSÃO,TOCANTINS,Brasil,1711902,17,33,2,0.0,0.76,Cerrado,61.5
45dcc7a6-5e97-38aa-86eb-0e8dd055fd83, -14.130700, -45.357700,2026-05-06 14:20:00,GOES-19,JABORANDI,BAHIA,Brasil,2917359,29,33,25,0.0,0.8,Cerrado,76.9
05aaae02-4169-3951-9ec9-b6f3d4eb415a,  -9.425900, -50.683000,2026-05-06 14:20:00,GOES-19,SANTANA DO ARAGUAIA,PARÁ,Brasil,1506708,15,33,6,0.0,1.0,Amazônia,104.1
e1e6c802-b3dd-311a-ba9c-172528fb4f3e, -18.447800, -54.709900,2026-05-06 14:20:00,GOES-19,COXIM,MATO GROSSO DO SUL,Brasil,5003306,50,33,8,0.0,1.0,Cerrado,77.4
2942ab5d-51ac-3037-95b7-578f7fcb8193, -12.484300, -58.479500,2026-05-06 14:20:00,GOES-19,SAPEZAL,MATO GROSSO,Brasil,5107875,51,33,8,0.0,-999.0,Cerrado,838.6
94ee6efa-a7d6-3ad6-aa35-f5b391239fdc,  -9.425600, -50.704200,2026-05-06 14:20:00,GOES-19,SANTANA DO ARAGUAIA,PARÁ,Brasil,1506708,15,33,6,0.0,0.54,Amazônia,75.6
581e11e2-758b-3e86-93ba-662bbf6bfeef, -18.784400, -51.946700,2026-05-06 14:20:00,GOES-19,APORÉ,GOIÁS,Brasil,5201504,52,33,7,0.0,1.0,Cerrado,159.0
c0019a20-04de-3b11-bd0e-ff839e5a6038, -12.522200, -58.476500,2026-05-06 14:20:00,GOES-19,SAPEZAL,MATO GROSSO,Brasil,5107875,51,33,8,0.0,0.13,Cerrado,152.6
d6e4f660-c064-3db7-92fb-78b7855cf92c, -12.503500, -58.458200,2026-05-06 14:20:00,GOES-19,SAPEZAL,MATO GROSSO,Brasil,5107875,51,33,8,0.0,0.12,Cerrado,155.5
1057c996-d7a1-3674-b24c-56126b1dde9e, -18.784900, -51.924700,2026-05-06 14:20:00,GOES-19,APORÉ,GOIÁS,Brasil,5201504,52,33,7,0.0,1.0,Cerrado,98.3
dd4dcc83-7bfc-3652-9f25-d3f0f2c844e5, -14.150200, -45.354300,2026-05-06 14:20:00,GOES-19,JABORANDI,BAHIA,Brasil,2917359,29,33,25,0.0,0.8,Cerrado,78.1
d020f7f5-8de0-3b7f-a316-ba6b6afdb6fb, -10.684200, -47.029400,2026-05-06 14:20:00,GOES-19,PONTE ALTA DO TOCANTINS,TOCANTINS,Brasil,1717909,17,33,8,0.0,0.47,Cerrado,75.4
688f34ef-755e-34fe-b6a2-dc9931971dea, -10.683900, -47.051800,2026-05-06 14:20:00,GOES-19,PONTE ALTA DO TOCANTINS,TOCANTINS,Brasil,1717909,17,33,8,0.0,0.47,Cerrado,113.5
3995ce27-87bb-3722-a1f1-cdffef7d74de, -10.927300, -49.848800,2026-05-06 14:20:00,GOES-19,LAGOA DA CONFUSÃO,TOCANTINS,Brasil,1711902,17,33,5,0.0,0.83,Cerrado,79.0
3e1c317f-aa6a-3229-a3df-1f53bf61d97d, -11.201600, -46.784900,2026-05-06 14:20:00,GOES-19,ALMAS,TOCANTINS,Brasil,1700400,17,33,8,0.0,0.37,Cerrado,91.8
91831263-1f97-31a2-ae01-069b587519e0, -14.130700, -45.357700,2026-05-06 14:30:00,GOES-19,JABORANDI,BAHIA,Brasil,2917359,29,33,25,0.0,0.8,Cerrado,83.8
72cc173d-43de-3b5f-94f5-3027f43ee676,  -9.425900, -50.683000,2026-05-06 14:30:00,GOES-19,SANTANA DO ARAGUAIA,PARÁ,Brasil,1506708,15,33,6,0.0,1.0,Amazônia,70.7
2205c2e9-7ad0-382d-baac-34b775e843b3, -18.784900, -51.924700,2026-05-06 14:30:00,GOES-19,APORÉ,GOIÁS,Brasil,5201504,52,33,7,0.0,1.0,Cerrado,106.1
ad936ba9-4633-3788-a635-cccb1bb9536b, -12.503500, -58.458200,2026-05-06 14:30:00,GOES-19,SAPEZAL,MATO GROSSO,Brasil,5107875,51,33,8,0.0,0.12,Cerrado,147.5
b30c0009-4095-38bf-8c1d-588a967a040a, -14.150200, -45.354300,2026-05-06 14:30:00,GOES-19,JABORANDI,BAHIA,Brasil,2917359,29,33,25,0.0,0.8,Cerrado,76.4
67d1dba4-19df-3e8a-b11d-6c77bc5c2a98, -18.784400, -51.946700,2026-05-06 14:30:00,GOES-19,APORÉ,GOIÁS,Brasil,5201504,52,33,7,0.0,1.0,Cerrado,163.8
cc759d09-8cbd-3fe7-8627-5e87e0e1b814, -18.447800, -54.709900,2026-05-06 14:30:00,GOES-19,COXIM,MATO GROSSO DO SUL,Brasil,5003306,50,33,8,0.0,1.0,Cerrado,74.7
1a1c03da-ee78-3781-996f-bc1b642d62d7, -10.927300, -49.848800,2026-05-06 14:30:00,GOES-19,LAGOA DA CONFUSÃO,TOCANTINS,Brasil,1711902,17,33,5,0.0,0.83,Cerrado,61.1
c9eba3f8-3fdd-3cfd-8e0d-e1cbe2b440ad, -10.684200, -47.029400,2026-05-06 14:30:00,GOES-19,PONTE ALTA DO TOCANTINS,TOCANTINS,Brasil,1717909,17,33,8,0.0,0.47,Cerrado,84.1
6a1d6591-7e7a-340f-879d-5c0be9f82404, -10.683900, -47.051800,2026-05-06 14:30:00,GOES-19,PONTE ALTA DO TOCANTINS,TOCANTINS,Brasil,1717909,17,33,8,0.0,0.47,Cerrado,192.5
d9ed0de2-5df8-3664-bab8-94303e6fadff, -14.130700, -45.357700,2026-05-06 14:40:00,GOES-19,JABORANDI,BAHIA,Brasil,2917359,29,33,25,0.0,0.8,Cerrado,79.6
e57bccec-091c-3373-b2a6-a3d24dddf02f, -18.784400, -51.946700,2026-05-06 14:40:00,GOES-19,APORÉ,GOIÁS,Brasil,5201504,52,33,7,0.0,1.0,Cerrado,201.3
d2aa5b6f-f931-37f7-ab19-fe8cd6df199c, -10.874000, -49.596200,2026-05-06 14:40:00,GOES-19,LAGOA DA CONFUSÃO,TOCANTINS,Brasil,1711902,17,33,2,0.0,0.7,Cerrado,94.8
d3d9075a-63c8-3b8d-a9ca-e88c795f337c, -12.503500, -58.458200,2026-05-06 14:40:00,GOES-19,SAPEZAL,MATO GROSSO,Brasil,5107875,51,33,8,0.0,0.12,Cerrado,197.1
4a1c5860-ce0b-334c-b11d-76da45cfea19,  -9.425900, -50.683000,2026-05-06 14:40:00,GOES-19,SANTANA DO ARAGUAIA,PARÁ,Brasil,1506708,15,33,6,0.0,1.0,Amazônia,70.4
3232552c-77a4-315b-bed6-11167a9358f2, -18.447800, -54.709900,2026-05-06 14:40:00,GOES-19,COXIM,MATO GROSSO DO SUL,Brasil,5003306,50,33,8,0.0,1.0,Cerrado,72.1
7c394dba-ec58-30b0-9a01-fa5274fbedca, -10.684200, -47.029400,2026-05-06 14:40:00,GOES-19,PONTE ALTA DO TOCANTINS,TOCANTINS,Brasil,1717909,17,33,8,0.0,0.47,Cerrado,104.8
68cd2abe-a895-38a6-9507-a9d485ae1fbc, -21.679500, -56.314200,2026-05-06 14:40:00,GOES-19,BELA VISTA,MATO GROSSO DO SUL,Brasil,5002100,50,33,3,0.0,1.0,Cerrado,63.6
500ea36f-d2e7-3c2d-9350-58f46bcbbc31, -10.927300, -49.848800,2026-05-06 14:40:00,GOES-19,LAGOA DA CONFUSÃO,TOCANTINS,Brasil,1711902,17,33,5,0.0,0.83,Cerrado,79.0
28adebf6-a925-3376-b0e9-233a42ae41d0, -14.130700, -45.357700,2026-05-06 14:50:00,GOES-19,JABORANDI,BAHIA,Brasil,2917359,29,33,25,0.0,0.8,Cerrado,88.9
7f1e95f2-d49b-3ca2-8134-4ff301331e86, -10.645800, -47.056400,2026-05-06 14:50:00,GOES-19,PONTE ALTA DO TOCANTINS,TOCANTINS,Brasil,1717909,17,33,8,0.0,0.47,Cerrado,77.3
3d79dc74-15e4-37f6-a127-dab0520dac0e, -10.645500, -47.078800,2026-05-06 14:50:00,GOES-19,PONTE ALTA DO TOCANTINS,TOCANTINS,Brasil,1717909,17,33,8,0.0,0.42,Cerrado,72.9
d8eeb261-9820-30ae-97cc-f08d467db246, -12.419100, -54.477000,2026-05-06 14:50:00,GOES-19,NOVA UBIRATÃ,MATO GROSSO,Brasil,5106240,51,33,6,0.0,0.19,Amazônia,81.1
727b54ab-58d9-356a-943f-796adeb44eb7, -18.447800, -54.709900,2026-05-06 14:50:00,GOES-19,COXIM,MATO GROSSO DO SUL,Brasil,5003306,50,33,8,0.0,1.0,Cerrado,75.4
9dbe9491-3e66-3f2a-8954-ac4c9f96a95d, -12.503500, -58.458200,2026-05-06 14:50:00,GOES-19,SAPEZAL,MATO GROSSO,Brasil,5107875,51,33,8,0.0,0.12,Cerrado,186.7
401036ad-2948-3296-ae85-1bf329ca77d8, -12.438100, -54.475100,2026-05-06 14:50:00,GOES-19,NOVA UBIRATÃ,MATO GROSSO,Brasil,5106240,51,33,6,0.0,0.55,Amazônia,69.8
20526c52-bda2-371c-89ca-795661010cda, -10.416200, -49.860900,2026-05-06 14:50:00,GOES-19,PIUM,TOCANTINS,Brasil,1717503,17,33,7,0.0,0.4,Cerrado,95.5
920638b1-5703-3504-99e2-3120fcf37338, -10.927300, -49.848800,2026-05-06 14:50:00,GOES-19,LAGOA DA CONFUSÃO,TOCANTINS,Brasil,1711902,17,33,5,0.0,0.83,Cerrado,81.9
31f27a23-9277-390d-8fd0-5f1ed0545423, -21.679500, -56.314200,2026-05-06 14:50:00,GOES-19,BELA VISTA,MATO GROSSO DO SUL,Brasil,5002100,50,33,3,0.0,1.0,Cerrado,62.3
f3c5fac6-797e-3ecb-b45f-eba98b402012, -10.684200, -47.029400,2026-05-06 14:50:00,GOES-19,PONTE ALTA DO TOCANTINS,TOCANTINS,Brasil,1717909,17,33,8,0.0,0.47,Cerrado,84.5
266a5df7-70eb-3d0b-b095-e8399a1428db, -10.415900, -49.882400,2026-05-06 14:50:00,GOES-19,PIUM,TOCANTINS,Brasil,1717503,17,33,7,0.0,0.48,Cerrado,70.8
37d5db10-a534-3b35-9ba3-e4106f3a3541, -10.605900, -49.819300,2026-05-06 14:50:00,GOES-19,LAGOA DA CONFUSÃO,TOCANTINS,Brasil,1711902,17,33,6,0.0,0.6,Cerrado,52.3
33ead0fa-643e-3975-97b0-1407d37a378d, -10.684600, -47.007000,2026-05-06 14:50:00,GOES-19,PONTE ALTA DO TOCANTINS,TOCANTINS,Brasil,1717909,17,33,8,0.0,0.47,Cerrado,166.1
f2be7906-971d-3498-98f9-889259135f29, -10.684900, -46.984600,2026-05-06 14:50:00,GOES-19,PONTE ALTA DO TOCANTINS,TOCANTINS,Brasil,1717909,17,33,8,0.0,0.47,Cerrado,67.2
893110a2-78f8-32d2-bc29-83bb700fe18b, -18.447800, -54.709900,2026-05-06 15:00:00,GOES-19,COXIM,MATO GROSSO DO SUL,Brasil,5003306,50,33,8,0.0,1.0,Cerrado,79.5
98a6c8cc-9670-354f-aab1-c4037db816a4, -18.784400, -51.946700,2026-05-06 15:00:00,GOES-19,APORÉ,GOIÁS,Brasil,5201504,52,33,7,0.0,1.0,Cerrado,100.1
b473cac5-c2b5-30f8-a039-4153ca34b028, -12.419100, -54.477000,2026-05-06 15:00:00,GOES-19,NOVA UBIRATÃ,MATO GROSSO,Brasil,5106240,51,33,6,0.0,0.19,Amazônia,81.1
7e55501b-b992-3c53-a10e-891b7c791813,  -9.425900, -50.683000,2026-05-06 15:00:00,GOES-19,SANTANA DO ARAGUAIA,PARÁ,Brasil,1506708,15,33,6,0.0,1.0,Amazônia,55.0
e33ce126-1fbf-3ad5-89d7-c8a48795d875, -10.416200, -49.860900,2026-05-06 15:00:00,GOES-19,PIUM,TOCANTINS,Brasil,1717503,17,33,7,0.0,0.4,Cerrado,107.4
4b7a9e70-4967-363f-a497-945767289055, -13.992400, -56.643700,2026-05-06 15:00:00,GOES-19,DIAMANTINO,MATO GROSSO,Brasil,5103502,51,33,6,0.0,0.19,Cerrado,71.4
a478bee3-acd1-3140-81e3-f58b16a2ac46, -14.130700, -45.357700,2026-05-06 15:00:00,GOES-19,JABORANDI,BAHIA,Brasil,2917359,29,33,25,0.0,0.8,Cerrado,80.6
6bb65ee1-86e6-325a-8459-6bad56142378, -12.503500, -58.458200,2026-05-06 15:00:00,GOES-19,SAPEZAL,MATO GROSSO,Brasil,5107875,51,33,8,0.0,0.12,Cerrado,152.4
ff50bca8-4765-3b82-ba69-0b24bfb0ba99, -10.415900, -49.882400,2026-05-06 15:00:00,GOES-19,PIUM,TOCANTINS,Brasil,1717503,17,33,7,0.0,0.48,Cerrado,71.7
a16c2dbd-67e2-3138-b978-4c460d1a8456, -10.927300, -49.848800,2026-05-06 15:00:00,GOES-19,LAGOA DA CONFUSÃO,TOCANTINS,Brasil,1711902,17,33,5,0.0,0.83,Cerrado,94.2
4febefdf-9307-3a27-a48a-fde40f8a3432, -10.683900, -47.051800,2026-05-06 15:00:00,GOES-19,PONTE ALTA DO TOCANTINS,TOCANTINS,Brasil,1717909,17,33,8,0.0,0.47,Cerrado,120.7
7d5ce166-19de-396d-9070-42aef88d6313, -10.211700, -46.907600,2026-05-06 15:00:00,GOES-19,MATEIROS,TOCANTINS,Brasil,1712702,17,33,12,0.0,0.4,Cerrado,63.8
df001322-868c-3b7a-812d-25439f7d095d, -10.192800, -46.909800,2026-05-06 15:00:00,GOES-19,MATEIROS,TOCANTINS,Brasil,1712702,17,33,12,0.0,0.47,Cerrado,73.2
8ae627f3-45f0-3f88-a60d-bf5dd0a55241, -10.908300, -49.850900,2026-05-06 15:00:00,GOES-19,LAGOA DA CONFUSÃO,TOCANTINS,Brasil,1711902,17,33,4,0.0,0.91,Cerrado,151.1
fb64fed1-5f56-345f-8fc8-a16673d05745,  -8.529600, -47.044200,2026-05-06 15:10:00,GOES-19,RECURSOLÂNDIA,TOCANTINS,Brasil,1718501,17,33,10,0.0,0.47,Cerrado,79.1
03cee7e7-d234-353c-8bb5-33450af46ee1, -12.438100, -54.475100,2026-05-06 15:10:00,GOES-19,NOVA UBIRATÃ,MATO GROSSO,Brasil,5106240,51,33,6,0.0,0.55,Amazônia,93.6
e2956e94-6228-300b-977d-77a2b19c0551, -10.626800, -47.058700,2026-05-06 15:10:00,GOES-19,PONTE ALTA DO TOCANTINS,TOCANTINS,Brasil,1717909,17,33,8,0.0,0.46,Cerrado,83.3
9c9ef79b-00ee-3752-bba1-82fd9b3f81b1, -12.419100, -54.477000,2026-05-06 15:10:00,GOES-19,NOVA UBIRATÃ,MATO GROSSO,Brasil,5106240,51,33,6,0.0,0.19,Amazônia,90.6
10d40b6e-875d-330a-b980-c307d00da762, -13.992400, -56.643700,2026-05-06 15:10:00,GOES-19,DIAMANTINO,MATO GROSSO,Brasil,5103502,51,33,6,0.0,0.19,Cerrado,64.8
76d0bbdd-38c1-3972-8306-9a1d61f33b56,  -8.510800, -47.046100,2026-05-06 15:10:00,GOES-19,RECURSOLÂNDIA,TOCANTINS,Brasil,1718501,17,33,8,0.0,0.38,Cerrado,91.8
d9d11d12-d1a2-31f3-8bd3-eae0d34bd618, -12.503500, -58.458200,2026-05-06 15:10:00,GOES-19,SAPEZAL,MATO GROSSO,Brasil,5107875,51,33,8,0.0,0.12,Cerrado,160.2
ddc2d7e7-303f-3ca2-a0c1-585131661daa, -10.665500, -47.009400,2026-05-06 15:10:00,GOES-19,PONTE ALTA DO TOCANTINS,TOCANTINS,Brasil,1717909,17,33,8,0.0,0.47,Cerrado,93.3
8304b830-1d8a-35cd-8347-34ffe9bcdc15, -10.605600, -49.840800,2026-05-06 15:10:00,GOES-19,LAGOA DA CONFUSÃO,TOCANTINS,Brasil,1711902,17,33,6,0.0,0.61,Cerrado,61.9
dc156ce2-435a-3f3b-982b-93d4d892265b, -10.684200, -47.029400,2026-05-06 15:10:00,GOES-19,PONTE ALTA DO TOCANTINS,TOCANTINS,Brasil,1717909,17,33,8,0.0,0.47,Cerrado,105.8
9b01191a-5356-3676-8031-4aac3ceb85c6, -10.624800, -49.817200,2026-05-06 15:10:00,GOES-19,LAGOA DA CONFUSÃO,TOCANTINS,Brasil,1711902,17,33,6,0.0,0.65,Cerrado,60.1
98e03300-9d09-36e8-8713-c48bc0cf980a, -21.679500, -56.314200,2026-05-06 15:10:00,GOES-19,BELA VISTA,MATO GROSSO DO SUL,Brasil,5002100,50,33,3,0.0,1.0,Cerrado,70.8
dd26e29f-d0ef-3dba-88ef-7a12fbeef794, -10.605900, -49.819300,2026-05-06 15:10:00,GOES-19,LAGOA DA CONFUSÃO,TOCANTINS,Brasil,1711902,17,33,6,0.0,0.6,Cerrado,62.7
cde72b53-457d-3f53-9497-61e436e32363, -10.927300, -49.848800,2026-05-06 15:10:00,GOES-19,LAGOA DA CONFUSÃO,TOCANTINS,Brasil,1711902,17,33,5,0.0,0.83,Cerrado,56.5
c5a64749-0810-36bd-b785-bcaad77d20e6,  -8.510800, -47.046100,2026-05-06 15:20:00,GOES-19,RECURSOLÂNDIA,TOCANTINS,Brasil,1718501,17,33,8,0.0,0.38,Cerrado,69.7
248b6411-c811-352f-a728-e9e39097fe49, -12.419100, -54.477000,2026-05-06 15:20:00,GOES-19,NOVA UBIRATÃ,MATO GROSSO,Brasil,5106240,51,33,6,0.0,0.19,Amazônia,60.2
906204b4-0bac-358f-8d41-53432fe8590c, -12.522200, -58.476500,2026-05-06 15:20:00,GOES-19,SAPEZAL,MATO GROSSO,Brasil,5107875,51,33,8,0.0,0.13,Cerrado,77.1
637ad4a0-1a22-3102-a5eb-f0b26d2c6a3a, -12.503500, -58.458200,2026-05-06 15:20:00,GOES-19,SAPEZAL,MATO GROSSO,Brasil,5107875,51,33,8,0.0,0.12,Cerrado,152.7
3d7a6a8b-e151-382c-8108-0db176ac9319, -10.627100, -47.036400,2026-05-06 15:20:00,GOES-19,PONTE ALTA DO TOCANTINS,TOCANTINS,Brasil,1717909,17,33,8,0.0,0.48,Cerrado,88.6
a27a3edf-1ae2-350a-bbdb-53a91ebae9d8, -12.438100, -54.475100,2026-05-06 15:20:00,GOES-19,NOVA UBIRATÃ,MATO GROSSO,Brasil,5106240,51,33,6,0.0,0.55,Amazônia,86.3
9adf35da-ff79-3cd6-98df-0c21f8d85783,  -8.529600, -47.044200,2026-05-06 15:20:00,GOES-19,RECURSOLÂNDIA,TOCANTINS,Brasil,1718501,17,33,10,0.0,0.47,Cerrado,55.9
0a648b4b-73c2-3074-96f0-1b64d0b48f33, -10.665500, -47.009400,2026-05-06 15:20:00,GOES-19,PONTE ALTA DO TOCANTINS,TOCANTINS,Brasil,1717909,17,33,8,0.0,0.47,Cerrado,102.5
afc720a5-45e4-3009-894c-3aded7178f61, -10.684900, -46.984600,2026-05-06 15:20:00,GOES-19,PONTE ALTA DO TOCANTINS,TOCANTINS,Brasil,1717909,17,33,8,0.0,0.47,Cerrado,80.9
c32df142-3e97-359e-96da-b697ce1d332c, -10.684600, -47.007000,2026-05-06 15:20:00,GOES-19,PONTE ALTA DO TOCANTINS,TOCANTINS,Brasil,1717909,17,33,8,0.0,0.47,Cerrado,211.8
2f89a734-388a-354d-8e6d-8772fa4a17e9, -10.627100, -47.036400,2026-05-06 15:30:00,GOES-19,PONTE ALTA DO TOCANTINS,TOCANTINS,Brasil,1717909,17,33,8,0.0,0.48,Cerrado,86.4
4447722e-dfe7-3ba1-aea2-0c35a25858f6, -12.438100, -54.475100,2026-05-06 15:30:00,GOES-19,NOVA UBIRATÃ,MATO GROSSO,Brasil,5106240,51,33,6,0.0,0.55,Amazônia,66.8
69fd379b-f3ac-335f-8628-be1d81c2907f, -12.419100, -54.477000,2026-05-06 15:30:00,GOES-19,NOVA UBIRATÃ,MATO GROSSO,Brasil,5106240,51,33,6,0.0,0.19,Amazônia,59.3
52985264-94ce-3878-b81f-df49c11072ef, -10.933100, -49.438300,2026-05-06 15:30:00,GOES-19,SANTA RITA DO TOCANTINS,TOCANTINS,Brasil,1718899,17,33,2,0.0,0.26,Cerrado,52.0
639be0ae-2dfe-3cd0-bcc0-6ed343a529d6, -10.684200, -47.029400,2026-05-06 15:30:00,GOES-19,PONTE ALTA DO TOCANTINS,TOCANTINS,Brasil,1717909,17,33,8,0.0,0.47,Cerrado,60.7
ba01ab6b-7315-3e8b-bac8-8737c7cf61e1, -10.473900, -49.790400,2026-05-06 15:30:00,GOES-19,PIUM,TOCANTINS,Brasil,1717503,17,33,7,0.0,0.28,Cerrado,65.0
d3a7841c-a2e2-3aa9-8e75-4403fbad1040, -10.927300, -49.848800,2026-05-06 15:30:00,GOES-19,LAGOA DA CONFUSÃO,TOCANTINS,Brasil,1711902,17,33,5,0.0,0.83,Cerrado,52.5
b9638df2-69af-38a0-83fa-c7b0b2178f12, -10.397300, -49.862900,2026-05-06 15:40:00,GOES-19,PIUM,TOCANTINS,Brasil,1717503,17,33,7,0.0,0.28,Cerrado,60.5
8952f075-2405-36e8-8165-8473165e3ccf, -10.627500, -47.014000,2026-05-06 15:40:00,GOES-19,PONTE ALTA DO TOCANTINS,TOCANTINS,Brasil,1717909,17,33,8,0.0,0.48,Cerrado,87.8
54ea6a3f-b37a-3e3f-b076-f372b1a050d7, -10.933100, -49.438300,2026-05-06 15:40:00,GOES-19,SANTA RITA DO TOCANTINS,TOCANTINS,Brasil,1718899,17,33,2,0.0,0.26,Cerrado,52.1
08c08b32-5594-3299-acc4-23a3a3a6334c, -10.927300, -49.848800,2026-05-06 15:40:00,GOES-19,LAGOA DA CONFUSÃO,TOCANTINS,Brasil,1711902,17,33,5,0.0,0.83,Cerrado,100.1
9be1e2af-46ce-3c44-ab62-65b8d6193721, -10.473900, -49.790400,2026-05-06 15:40:00,GOES-19,PIUM,TOCANTINS,Brasil,1717503,17,33,7,0.0,0.28,Cerrado,59.8
f51c13f4-34c1-3fd1-929c-8981d7f87f4d, -10.908300, -49.850900,2026-05-06 15:40:00,GOES-19,LAGOA DA CONFUSÃO,TOCANTINS,Brasil,1711902,17,33,4,0.0,0.91,Cerrado,83.5
ffa5504e-5dbc-3ec6-a472-bc3fa950ba50, -10.684600, -47.007000,2026-05-06 15:40:00,GOES-19,PONTE ALTA DO TOCANTINS,TOCANTINS,Brasil,1717909,17,33,8,0.0,0.47,Cerrado,91.6
726e62ac-378f-3429-8569-e5ecfa387698, -10.665500, -47.009400,2026-05-06 15:40:00,GOES-19,PONTE ALTA DO TOCANTINS,TOCANTINS,Brasil,1717909,17,33,8,0.0,0.47,Cerrado,81.2
6ed3f098-8ffa-3f5c-ab00-eeb6edd24328, -20.681350, -45.535060,2026-05-06 15:44:00,NOAA-21,FORMIGA,MINAS GERAIS,Brasil,3126109,31,33,19,0.0,1.0,Cerrado,7.2
2f497c47-c9c1-3edd-adb9-c7c67e05d898, -20.997870, -41.386570,2026-05-06 15:44:00,NOAA-21,MUQUI,ESPÍRITO SANTO,Brasil,3203809,32,33,8,0.19,1.0,Mata Atlântica,0.8
114ab7e9-7df7-36b0-b5d8-96437916d484, -22.623020, -42.198650,2026-05-06 15:44:00,NOAA-21,ARARUAMA,RIO DE JANEIRO,Brasil,3300209,33,33,3,0.0,1.0,Mata Atlântica,23.9
955ee188-295c-37bb-9f7a-e67399e39647, -15.657640, -44.058320,2026-05-06 15:46:00,NOAA-21,VARZELÂNDIA,MINAS GERAIS,Brasil,3170909,31,33,26,0.0,1.0,Cerrado,3.9
a317efa8-6cee-3223-910c-3557c0baf37c, -14.130900, -45.351820,2026-05-06 15:46:00,NOAA-21,JABORANDI,BAHIA,Brasil,2917359,29,33,25,0.0,0.8,Cerrado,11.2
7105a13e-345a-3e48-b716-635323ddca63, -13.241960, -44.298260,2026-05-06 15:46:00,NOAA-21,SANTA MARIA DA VITÓRIA,BAHIA,Brasil,2928109,29,33,25,0.0,1.0,Cerrado,9.1
333d8aa4-e006-3d0e-8c6e-a0f23b79cead, -14.123460, -45.349920,2026-05-06 15:46:00,NOAA-21,JABORANDI,BAHIA,Brasil,2917359,29,33,25,0.0,0.81,Cerrado,11.8
c324c723-93bb-3410-8550-d27166ae050d, -15.480130, -41.353550,2026-05-06 15:46:00,NOAA-21,CÂNDIDO SALES,BAHIA,Brasil,2906709,29,33,24,0.0,0.89,Mata Atlântica,0.6
ccb90f8b-7066-33d1-ac1a-88fd4abfeaae, -14.129990, -45.349060,2026-05-06 15:46:00,NOAA-21,JABORANDI,BAHIA,Brasil,2917359,29,33,26,0.0,0.81,Cerrado,11.8
8d5998c4-434c-32ee-a5e5-5eb5428c8efb, -14.137440, -45.351090,2026-05-06 15:46:00,NOAA-21,JABORANDI,BAHIA,Brasil,2917359,29,33,25,0.0,0.8,Cerrado,14.1
7a0af271-10ef-3cb4-8abc-cd8ef8f5e7cc, -14.124370, -45.352650,2026-05-06 15:46:00,NOAA-21,JABORANDI,BAHIA,Brasil,2917359,29,33,25,0.0,0.81,Cerrado,11.2
72241efb-5350-3b5d-aa9e-5619a2b6b0da, -13.248070, -44.297840,2026-05-06 15:46:00,NOAA-21,SANTA MARIA DA VITÓRIA,BAHIA,Brasil,2928109,29,33,25,0.0,1.0,Cerrado,9.1
ef306736-ad02-345a-bec5-49868f725ac8, -14.136530, -45.348330,2026-05-06 15:46:00,NOAA-21,JABORANDI,BAHIA,Brasil,2917359,29,33,26,0.0,0.8,Cerrado,8.6
6cae5732-e82b-3ad7-86ab-2754f2b09cb2, -14.137110, -45.354030,2026-05-06 15:46:00,NOAA-21,JABORANDI,BAHIA,Brasil,2917359,29,33,25,0.0,0.8,Cerrado,8.6
7c965afd-a457-3e5f-b60f-325e2586d431, -15.545170, -39.893530,2026-05-06 15:46:00,NOAA-21,POTIRAGUÁ,BAHIA,Brasil,2925402,29,33,3,0.1,0.54,Mata Atlântica,6.6
a5e7f507-0163-3d24-8db6-bb4313a768af,  -8.518290, -47.055100,2026-05-06 15:48:00,NOAA-21,RECURSOLÂNDIA,TOCANTINS,Brasil,1718501,17,33,9,0.0,0.41,Cerrado,12.5
0a254b8a-1e95-3e21-b06a-7856b0d8b4cb, -10.204580, -46.913910,2026-05-06 15:48:00,NOAA-21,MATEIROS,TOCANTINS,Brasil,1712702,17,33,12,0.0,0.42,Cerrado,10.4
e012df82-ff38-3ce8-b8ff-40142161dfba, -10.202620, -46.907660,2026-05-06 15:48:00,NOAA-21,MATEIROS,TOCANTINS,Brasil,1712702,17,33,12,0.0,0.48,Cerrado,22.8
aaf38e3a-a23f-3711-b2b4-ebe27f679015, -10.134020, -37.704270,2026-05-06 15:48:00,NOAA-21,NOSSA SENHORA DA GLÓRIA,SERGIPE,Brasil,2804508,28,33,0,1.09,0.77,Caatinga,4.3
769c4960-6137-37e3-975b-674c2d96d29a, -10.657850, -47.071250,2026-05-06 15:48:00,NOAA-21,PONTE ALTA DO TOCANTINS,TOCANTINS,Brasil,1717909,17,33,8,0.0,0.44,Cerrado,12.3
89c97cae-0fb9-3e00-9597-d78a15aa75f1,  -9.064780, -36.798770,2026-05-06 15:48:00,NOAA-21,IATI,PERNAMBUCO,Brasil,2606507,26,33,2,0.0,0.76,Caatinga,26.1
cee48225-ea2d-36de-ab5a-4c033d785d2a,  -8.926550, -36.967890,2026-05-06 15:48:00,NOAA-21,ÁGUAS BELAS,PERNAMBUCO,Brasil,2600500,26,33,2,0.0,0.89,Caatinga,9.9
9bfcea5d-417b-31c5-85e8-d07848a47d37, -10.684310, -46.998210,2026-05-06 15:48:00,NOAA-21,PONTE ALTA DO TOCANTINS,TOCANTINS,Brasil,1717909,17,33,8,0.0,0.47,Cerrado,13.9
9b3bdd03-5277-3742-8049-846a97593b14,  -7.028660, -41.356720,2026-05-06 15:48:00,NOAA-21,SUSSUAPARA,PIAUÍ,Brasil,2210938,22,33,10,0.0,0.69,Caatinga,6.6
b31b260a-47f4-377f-a76c-9352e7d48d30, -11.185390, -46.778820,2026-05-06 15:48:00,NOAA-21,ALMAS,TOCANTINS,Brasil,1700400,17,33,8,0.0,0.38,Cerrado,10.8
685efe72-d6fa-3d98-a81d-dd1dce18f168, -12.333810, -44.591550,2026-05-06 15:48:00,NOAA-21,BAIANÓPOLIS,BAHIA,Brasil,2902500,29,33,18,0.0,0.64,Cerrado,8.8
5c0b0d60-698d-343a-8f9d-f99e232d2bbe,  -6.788570, -39.162830,2026-05-06 15:48:00,NOAA-21,VÁRZEA ALEGRE,CEARÁ,Brasil,2314003,23,33,3,0.0,0.02,Caatinga,11.2
65fc5fdd-19b8-3679-9e29-6ddad10eda4c, -10.634630, -47.056410,2026-05-06 15:48:00,NOAA-21,PONTE ALTA DO TOCANTINS,TOCANTINS,Brasil,1717909,17,33,8,0.0,0.47,Cerrado,22.2
d9b99be5-7d73-33dc-a74a-fe2c9b614640, -10.239840, -47.412920,2026-05-06 15:48:00,NOAA-21,LAGOA DO TOCANTINS,TOCANTINS,Brasil,1711951,17,33,8,0.0,0.34,Cerrado,8.6
56b56c40-6f52-370c-adc3-17a5ea0bc596, -10.624480, -47.027530,2026-05-06 15:48:00,NOAA-21,PONTE ALTA DO TOCANTINS,TOCANTINS,Brasil,1717909,17,33,8,0.0,0.48,Cerrado,23.5
b8834f62-a2a7-356e-9c21-1ea5c346c7ff, -10.989060, -44.506900,2026-05-06 15:48:00,NOAA-21,SANTA RITA DE CÁSSIA,BAHIA,Brasil,2928406,29,33,10,0.0,0.8,Cerrado,7.6
ab0f29a0-7c8a-3ad8-b218-ac05436232fc, -10.642300, -47.059120,2026-05-06 15:48:00,NOAA-21,PONTE ALTA DO TOCANTINS,TOCANTINS,Brasil,1717909,17,33,8,0.0,0.46,Cerrado,7.3
bbae73fa-1769-39e3-b26e-6c914b5b0386,  -9.748650, -43.977990,2026-05-06 15:48:00,NOAA-21,MORRO CABEÇA NO TEMPO,PIAUÍ,Brasil,2206654,22,33,12,0.0,0.5,Cerrado,4.0
53043031-03dd-32a1-ba46-743fb0b41385,  -7.575320, -45.900900,2026-05-06 15:48:00,NOAA-21,BALSAS,MARANHÃO,Brasil,2101400,21,33,12,0.0,0.48,Cerrado,6.5
f7f4ed08-3404-3cfd-986f-d5d25ae4a0fb, -10.623970, -47.023980,2026-05-06 15:48:00,NOAA-21,PONTE ALTA DO TOCANTINS,TOCANTINS,Brasil,1717909,17,33,8,0.0,0.48,Cerrado,17.7
88e91a7b-40b7-3a02-b9ba-6d9840a591b7, -10.630170, -47.016540,2026-05-06 15:48:00,NOAA-21,PONTE ALTA DO TOCANTINS,TOCANTINS,Brasil,1717909,17,33,8,0.0,0.48,Cerrado,26.9
c7631120-9803-3c6e-a744-2774311e1afc,  -9.379220, -37.809570,2026-05-06 15:48:00,NOAA-21,OLHO D'ÁGUA DO CASADO,ALAGOAS,Brasil,2705804,27,33,2,0.2,1.0,Caatinga,7.4
d13b8d1d-4445-3a7a-8e4d-5c0f7a086325, -11.948370, -43.382580,2026-05-06 15:48:00,NOAA-21,MUQUÉM DO SÃO FRANCISCO,BAHIA,Brasil,2922250,29,33,15,2.46,0.58,Cerrado,4.1
ce90067d-017d-3486-8d20-08c33e6ab9c6, -12.503000, -45.427040,2026-05-06 15:48:00,NOAA-21,SÃO DESIDÉRIO,BAHIA,Brasil,2928901,29,33,17,0.0,0.63,Cerrado,16.2
518086e5-bd85-3f21-8044-9faa96a366b2, -10.629840, -47.013430,2026-05-06 15:48:00,NOAA-21,PONTE ALTA DO TOCANTINS,TOCANTINS,Brasil,1717909,17,33,8,0.0,0.48,Cerrado,15.9
4d7f946e-7360-31fd-9128-adc3c419d29f,  -7.028050, -41.355550,2026-05-06 15:48:00,NOAA-21,SUSSUAPARA,PIAUÍ,Brasil,2210938,22,33,10,0.0,0.69,Caatinga,8.5
03a37965-948c-3bd7-adfa-151b1317ffdc, -10.497750, -39.240350,2026-05-06 15:48:00,NOAA-21,MONTE SANTO,BAHIA,Brasil,2921500,29,33,2,0.33,1.0,Caatinga,5.5
2ee2b986-d0de-3c7b-9af8-9188124a377c,  -9.510860, -37.056830,2026-05-06 15:48:00,NOAA-21,MAJOR ISIDORO,ALAGOAS,Brasil,2704401,27,33,3,0.0,1.0,Caatinga,5.8
d6dae3ac-d8ed-3cd5-b365-3d79494b350b,  -9.510870, -47.051910,2026-05-06 15:48:00,NOAA-21,LIZARDA,TOCANTINS,Brasil,1712405,17,33,13,0.0,0.46,Cerrado,12.5
9f2b9038-3a17-3e39-bd90-18da64192df1,  -9.393640, -36.945440,2026-05-06 15:48:00,NOAA-21,CACIMBINHAS,ALAGOAS,Brasil,2701209,27,33,2,0.0,1.0,Caatinga,2.9
9645e716-19af-38b2-a482-896dd5e912c7, -10.626030, -47.040700,2026-05-06 15:48:00,NOAA-21,PONTE ALTA DO TOCANTINS,TOCANTINS,Brasil,1717909,17,33,8,0.0,0.48,Cerrado,42.9
5ad7d111-f5fd-3997-93ce-ee23418e3dd3, -11.947880, -43.378520,2026-05-06 15:48:00,NOAA-21,MUQUÉM DO SÃO FRANCISCO,BAHIA,Brasil,2922250,29,33,14,2.37,0.59,Cerrado,4.1
6bd09fc3-d627-38e6-baf2-24951a056089, -10.624720, -47.030680,2026-05-06 15:48:00,NOAA-21,PONTE ALTA DO TOCANTINS,TOCANTINS,Brasil,1717909,17,33,8,0.0,0.48,Cerrado,17.7
38ae24c4-02b0-3e07-ab08-82e7e6372041, -10.625450, -47.037240,2026-05-06 15:48:00,NOAA-21,PONTE ALTA DO TOCANTINS,TOCANTINS,Brasil,1717909,17,33,8,0.0,0.48,Cerrado,50.1
e19e8173-17e2-313e-877e-2eb09a4e6070,  -9.507260, -37.057340,2026-05-06 15:48:00,NOAA-21,MAJOR ISIDORO,ALAGOAS,Brasil,2704401,27,33,3,0.0,1.0,Caatinga,5.8
d29a2e84-ba9a-37d6-88e9-1355eda41b93, -10.678100, -47.005270,2026-05-06 15:48:00,NOAA-21,PONTE ALTA DO TOCANTINS,TOCANTINS,Brasil,1717909,17,33,8,0.0,0.47,Cerrado,31.2
a6d03762-7b44-3ca2-8e4a-a871f63fa1d2,  -8.927140, -36.971970,2026-05-06 15:48:00,NOAA-21,ÁGUAS BELAS,PERNAMBUCO,Brasil,2600500,26,33,2,0.02,0.87,Caatinga,9.0
15fb879a-960f-3b19-85f0-e17ba271fe3c, -12.503600, -45.432480,2026-05-06 15:48:00,NOAA-21,SÃO DESIDÉRIO,BAHIA,Brasil,2928901,29,33,17,0.0,0.63,Cerrado,15.1
35e8e113-1631-3ea5-b555-3c99bb946dc1, -10.650060, -47.065110,2026-05-06 15:48:00,NOAA-21,PONTE ALTA DO TOCANTINS,TOCANTINS,Brasil,1717909,17,33,8,0.0,0.45,Cerrado,7.3
9bb240d9-62b3-395d-b8e1-fb50ecfcac7b, -11.449950, -39.286320,2026-05-06 15:48:00,NOAA-21,CONCEIÇÃO DO COITÉ,BAHIA,Brasil,2908408,29,33,10,3.03,0.84,Caatinga,5.6
1042bccb-7a6e-39e7-a0f2-659cfdfc61fa, -10.635330, -47.059790,2026-05-06 15:48:00,NOAA-21,PONTE ALTA DO TOCANTINS,TOCANTINS,Brasil,1717909,17,33,8,0.0,0.46,Cerrado,15.9
9d072ebd-e117-308a-80c7-220ca6f7b446,  -9.189340, -40.239520,2026-05-06 15:48:00,NOAA-21,JUAZEIRO,BAHIA,Brasil,2918407,29,33,3,0.0,0.82,Caatinga,11.8
61f1b523-7bce-31fd-af6a-d7f3f4e4f7d8, -11.449410, -39.282310,2026-05-06 15:48:00,NOAA-21,CONCEIÇÃO DO COITÉ,BAHIA,Brasil,2908408,29,33,10,3.0,0.82,Caatinga,5.6
85b151a4-504c-3dfd-afb6-058ccde313dc,  -9.042200, -47.302270,2026-05-06 15:48:00,NOAA-21,CENTENÁRIO,TOCANTINS,Brasil,1704105,17,33,8,0.0,0.29,Cerrado,13.0
08ca5661-6533-3f45-89be-2e6337f0c637,  -8.789210, -44.825200,2026-05-06 15:48:00,NOAA-21,CURRAIS,PIAUÍ,Brasil,2203230,22,33,12,0.0,0.76,Cerrado,10.4
b3477a64-b7ca-38b3-90fd-7c04f8c6bd46, -10.626810, -47.047310,2026-05-06 15:48:00,NOAA-21,PONTE ALTA DO TOCANTINS,TOCANTINS,Brasil,1717909,17,33,8,0.0,0.48,Cerrado,25.8
a7b27b89-e23e-3322-9aec-b8feefb214a4, -11.200780, -46.791400,2026-05-06 15:48:00,NOAA-21,ALMAS,TOCANTINS,Brasil,1700400,17,33,8,0.0,0.4,Cerrado,24.2
62061d01-5193-3330-aad7-9be104f2549a,  -8.930110, -36.967350,2026-05-06 15:48:00,NOAA-21,ÁGUAS BELAS,PERNAMBUCO,Brasil,2600500,26,33,2,0.0,0.94,Caatinga,20.5
d8374631-737e-3f49-bacb-fc34c928a544, -10.630920, -47.023180,2026-05-06 15:48:00,NOAA-21,PONTE ALTA DO TOCANTINS,TOCANTINS,Brasil,1717909,17,33,8,0.0,0.48,Cerrado,11.7
4cfaf09c-fdfa-3f04-a12b-0acafcf32536,  -8.520270, -47.051460,2026-05-06 15:48:00,NOAA-21,RECURSOLÂNDIA,TOCANTINS,Brasil,1718501,17,33,9,0.0,0.42,Cerrado,20.6
252777ef-ec3c-35e3-8678-19062a7d8b4d, -12.504200, -45.437900,2026-05-06 15:48:00,NOAA-21,SÃO DESIDÉRIO,BAHIA,Brasil,2928901,29,33,17,0.0,0.63,Cerrado,15.1
8138fb22-4021-3011-91ba-545fcef5aa75,  -8.852120, -36.902800,2026-05-06 15:48:00,NOAA-21,PEDRA,PERNAMBUCO,Brasil,2610806,26,33,1,0.0,0.89,Caatinga,2.8
7d4cc179-df0d-3d57-8227-85e59ee3e86c, -10.622500, -47.010780,2026-05-06 15:48:00,NOAA-21,PONTE ALTA DO TOCANTINS,TOCANTINS,Brasil,1717909,17,33,8,0.0,0.48,Cerrado,32.7
f25f7b05-9499-3a63-93f6-19f4ad2290b3,  -8.466290, -36.687380,2026-05-06 15:48:00,NOAA-21,PESQUEIRA,PERNAMBUCO,Brasil,2610905,26,33,1,0.3,0.85,Caatinga,5.9
50b22753-a204-3902-a6d7-b706867652a9, -10.657800, -47.074380,2026-05-06 15:48:00,NOAA-21,PONTE ALTA DO TOCANTINS,TOCANTINS,Brasil,1717909,17,33,8,0.0,0.43,Cerrado,10.5
76d9036b-a235-36e8-b115-512427fa33dc, -11.789270, -43.638600,2026-05-06 15:48:00,NOAA-21,BARRA,BAHIA,Brasil,2902708,29,33,18,2.14,0.5,Cerrado,16.3
b6adf193-c9fc-34f3-ba60-0f583a9f148d, -10.625250, -47.034120,2026-05-06 15:48:00,NOAA-21,PONTE ALTA DO TOCANTINS,TOCANTINS,Brasil,1717909,17,33,8,0.0,0.48,Cerrado,42.9
56a67b48-f112-3f9e-b0fc-c6a120a09904, -12.680220, -45.475930,2026-05-06 15:48:00,NOAA-21,SÃO DESIDÉRIO,BAHIA,Brasil,2928901,29,33,15,0.0,0.64,Cerrado,37.4
d762d59f-029a-3be7-a0bd-d62fb6b1f85f, -11.193760, -46.791060,2026-05-06 15:48:00,NOAA-21,ALMAS,TOCANTINS,Brasil,1700400,17,33,8,0.0,0.41,Cerrado,7.3
9fdc29da-b82c-397e-a0c0-466d17a2ac7a, -11.963500, -46.963650,2026-05-06 15:48:00,NOAA-21,TAIPAS DO TOCANTINS,TOCANTINS,Brasil,1720937,17,33,9,0.0,0.95,Cerrado,8.2
5fcd8234-aadd-381f-8c48-eb623dbdd85d,  -9.639290, -47.068390,2026-05-06 15:48:00,NOAA-21,RIO SONO,TOCANTINS,Brasil,1718758,17,33,4,0.0,0.6,Cerrado,16.0
2272c28c-39b7-33e6-8f3d-e5d4a1004d88, -10.678830, -47.011690,2026-05-06 15:48:00,NOAA-21,PONTE ALTA DO TOCANTINS,TOCANTINS,Brasil,1717909,17,33,8,0.0,0.47,Cerrado,31.2
3cc96fb5-249e-3778-b833-e1e0f71fe846, -10.686560, -47.017750,2026-05-06 15:48:00,NOAA-21,PONTE ALTA DO TOCANTINS,TOCANTINS,Brasil,1717909,17,33,8,0.0,0.47,Cerrado,15.1
4f9333c8-4db4-30ca-bca3-e06fa47f3b46, -10.241900, -47.412480,2026-05-06 15:48:00,NOAA-21,LAGOA DO TOCANTINS,TOCANTINS,Brasil,1711951,17,33,8,0.0,0.35,Cerrado,13.7
fc06e0fd-c285-3e85-be88-e9ca9ef10ced, -10.622130, -47.007710,2026-05-06 15:48:00,NOAA-21,PONTE ALTA DO TOCANTINS,TOCANTINS,Brasil,1717909,17,33,8,0.0,0.48,Cerrado,15.9
d56ef911-615d-319c-956c-0ff135addefe, -10.687310, -47.024260,2026-05-06 15:48:00,NOAA-21,PONTE ALTA DO TOCANTINS,TOCANTINS,Brasil,1717909,17,33,8,0.0,0.47,Cerrado,15.1
cfbd49a0-2050-3509-84aa-e234311cf99e, -10.203780, -46.906940,2026-05-06 15:48:00,NOAA-21,MATEIROS,TOCANTINS,Brasil,1712702,17,33,12,0.0,0.48,Cerrado,10.4
3a032acd-6868-326d-a577-1911f03be117,  -8.785460, -44.825900,2026-05-06 15:48:00,NOAA-21,CURRAIS,PIAUÍ,Brasil,2203230,22,33,12,0.0,0.76,Cerrado,10.2
32166909-a98d-3e92-9dd0-7b9b6e9f3d31,  -9.672430, -37.083110,2026-05-06 15:48:00,NOAA-21,BATALHA,ALAGOAS,Brasil,2700706,27,33,2,0.3,0.86,Caatinga,9.0
fad98d92-9a2b-397f-a155-a567e11a8f67, -10.626190, -47.043850,2026-05-06 15:48:00,NOAA-21,PONTE ALTA DO TOCANTINS,TOCANTINS,Brasil,1717909,17,33,8,0.0,0.48,Cerrado,50.1
6cf9c3d4-ba8b-3a6f-93c7-66d1e46ceff0,  -9.379860, -37.814120,2026-05-06 15:48:00,NOAA-21,OLHO D'ÁGUA DO CASADO,ALAGOAS,Brasil,2705804,27,33,2,0.2,0.96,Caatinga,7.4
bc80e794-3766-33b6-b476-b1b15fc07461, -10.622910, -47.014270,2026-05-06 15:48:00,NOAA-21,PONTE ALTA DO TOCANTINS,TOCANTINS,Brasil,1717909,17,33,8,0.0,0.48,Cerrado,15.9
2fe18837-9ae9-3fc9-8f5e-c76fe8c3368d, -11.783550, -43.639210,2026-05-06 15:48:00,NOAA-21,BARRA,BAHIA,Brasil,2902708,29,33,17,2.1,0.47,Cerrado,16.3
0f729ca4-186b-38bd-8189-89c5cf21e97c, -12.679840, -45.476100,2026-05-06 15:48:00,NOAA-21,SÃO DESIDÉRIO,BAHIA,Brasil,2928901,29,33,15,0.0,0.64,Cerrado,26.7
459e3977-95b3-39c0-ae34-ae655f69822b, -10.642340, -47.062310,2026-05-06 15:48:00,NOAA-21,PONTE ALTA DO TOCANTINS,TOCANTINS,Brasil,1717909,17,33,8,0.0,0.45,Cerrado,18.8
f62236d1-c42b-3ee0-8e46-0cdb1ab23ac7, -10.688070, -47.030830,2026-05-06 15:48:00,NOAA-21,PONTE ALTA DO TOCANTINS,TOCANTINS,Brasil,1717909,17,33,8,0.0,0.47,Cerrado,16.2
460a191c-cc61-3a22-a675-95e114328299, -10.671880, -47.012310,2026-05-06 15:48:00,NOAA-21,PONTE ALTA DO TOCANTINS,TOCANTINS,Brasil,1717909,17,33,8,0.0,0.47,Cerrado,31.2
3b50f8ae-ec6c-33a7-8ae7-7c2038a0cfad, -10.630630, -47.020090,2026-05-06 15:48:00,NOAA-21,PONTE ALTA DO TOCANTINS,TOCANTINS,Brasil,1717909,17,33,8,0.0,0.48,Cerrado,23.5
e4117147-d9ec-3a19-a5c0-caac90caa149, -10.634560, -47.053290,2026-05-06 15:48:00,NOAA-21,PONTE ALTA DO TOCANTINS,TOCANTINS,Brasil,1717909,17,33,8,0.0,0.47,Cerrado,25.8
0563942b-a10b-341c-a12f-b01cbac0d675, -10.397300, -49.862900,2026-05-06 15:50:00,GOES-19,PIUM,TOCANTINS,Brasil,1717503,17,33,7,0.0,0.28,Cerrado,57.5
19eb3a2a-8c37-3852-aace-c88c33bb334a, -12.522200, -58.476500,2026-05-06 15:50:00,GOES-19,SAPEZAL,MATO GROSSO,Brasil,5107875,51,33,8,0.0,0.13,Cerrado,68.4
dabcc219-252d-378b-84e6-02b4dd824ed6, -10.397000, -49.884400,2026-05-06 15:50:00,GOES-19,PIUM,TOCANTINS,Brasil,1717503,17,33,7,0.0,0.32,Cerrado,60.1
b8114b11-1121-3243-aa45-8a1b69755ea0, -12.503500, -58.458200,2026-05-06 15:50:00,GOES-19,SAPEZAL,MATO GROSSO,Brasil,5107875,51,33,8,0.0,0.12,Cerrado,91.4
87da057a-befe-3c2d-a4ac-f9cc98f4305a,  -5.184600, -35.763930,2026-05-06 15:50:00,NOAA-21,SÃO MIGUEL DO GOSTOSO,RIO GRANDE DO NORTE,Brasil,2412559,24,33,2,0.85,0.07,Caatinga,3.5
c174c20d-7221-3d1e-918f-5c94b2d6baac,  -5.882050, -45.227330,2026-05-06 15:50:00,NOAA-21,BARRA DO CORDA,MARANHÃO,Brasil,2101608,21,33,2,0.0,0.4,Cerrado,4.7
720ca1dd-57b2-356b-ad9a-ffbb6cfb072a,  -6.047420, -45.391110,2026-05-06 15:50:00,NOAA-21,FERNANDO FALCÃO,MARANHÃO,Brasil,2104081,21,33,3,0.0,0.5,Cerrado,10.7
4a2c0731-84b8-3287-9538-fbc8dfa39447,  -6.638250, -43.918430,2026-05-06 15:50:00,NOAA-21,NOVA IORQUE,MARANHÃO,Brasil,2107308,21,33,5,0.0,0.4,Cerrado,8.4
096f59f8-4660-3645-8327-6730f4afb8ac,  -6.653180, -47.555510,2026-05-06 15:50:00,NOAA-21,PALMEIRAS DO TOCANTINS,TOCANTINS,Brasil,1713809,17,33,3,0.0,0.3,Cerrado,19.7
fb580889-00db-3b99-9fb1-ed588c72008c,  -6.636090, -43.918930,2026-05-06 15:50:00,NOAA-21,NOVA IORQUE,MARANHÃO,Brasil,2107308,21,33,5,0.0,0.4,Cerrado,3.6
59a68187-2be7-349a-9a02-6239f14d21f4,  -6.330940, -46.399090,2026-05-06 15:50:00,NOAA-21,FORMOSA DA SERRA NEGRA,MARANHÃO,Brasil,2104099,21,33,3,0.0,0.37,Cerrado,6.0
0e7ae0a6-6a30-3161-b182-af8d346466cb, -10.665500, -47.009400,2026-05-06 15:50:00,GOES-19,PONTE ALTA DO TOCANTINS,TOCANTINS,Brasil,1717909,17,33,8,0.0,0.47,Cerrado,150.6
eb7ff1af-dc66-39f9-90a1-b658c529fa01, -10.473900, -49.790400,2026-05-06 15:50:00,GOES-19,PIUM,TOCANTINS,Brasil,1717503,17,33,7,0.0,0.28,Cerrado,48.8
a9612e7e-0915-31ba-965f-a4780aab73bb, -10.684200, -47.029400,2026-05-06 15:50:00,GOES-19,PONTE ALTA DO TOCANTINS,TOCANTINS,Brasil,1717909,17,33,8,0.0,0.47,Cerrado,106.4
f934597d-56f4-37d3-b087-aadab65821a4, -10.927300, -49.848800,2026-05-06 15:50:00,GOES-19,LAGOA DA CONFUSÃO,TOCANTINS,Brasil,1711902,17,33,5,0.0,0.83,Cerrado,127.7
89e405cf-d0e4-379b-9870-3ce019814b6a, -10.684600, -47.007000,2026-05-06 15:50:00,GOES-19,PONTE ALTA DO TOCANTINS,TOCANTINS,Brasil,1717909,17,33,8,0.0,0.47,Cerrado,173.9
0eaf3375-3ad9-3c8b-b26b-3593581a7a7d, -12.503500, -58.458200,2026-05-06 16:00:00,GOES-19,SAPEZAL,MATO GROSSO,Brasil,5107875,51,33,8,0.0,0.12,Cerrado,87.0
1d14132e-b306-35f7-8aa7-c1c3a39df0ac, -10.475400, -49.682700,2026-05-06 16:00:00,GOES-19,PIUM,TOCANTINS,Brasil,1717503,17,33,7,0.0,0.86,Cerrado,91.2
96fa7338-035b-3c96-8103-c5b00e884fa5, -10.475700, -49.661100,2026-05-06 16:00:00,GOES-19,PIUM,TOCANTINS,Brasil,1717503,17,33,7,0.0,0.2,Cerrado,108.7
5f02546f-4b63-354f-b26c-d7383ba288b2, -10.456400, -49.684700,2026-05-06 16:00:00,GOES-19,PIUM,TOCANTINS,Brasil,1717503,17,33,7,0.0,0.29,Cerrado,97.1
fb946705-0a2d-3d5c-995a-ba596305b9d3, -10.455000, -49.792400,2026-05-06 16:00:00,GOES-19,PIUM,TOCANTINS,Brasil,1717503,17,33,7,0.0,0.27,Cerrado,79.3
6224c482-281d-35f8-a1f4-a93dd33e4e05, -10.927300, -49.848800,2026-05-06 16:00:00,GOES-19,LAGOA DA CONFUSÃO,TOCANTINS,Brasil,1711902,17,33,5,0.0,0.83,Cerrado,59.7
8f450262-874b-335c-b6e5-60aab47849b6, -10.455200, -49.770900,2026-05-06 16:00:00,GOES-19,PIUM,TOCANTINS,Brasil,1717503,17,33,7,0.0,0.27,Cerrado,94.0
36403c9b-820f-3a6e-9c7a-fa33d34a9ff0, -10.456700, -49.663200,2026-05-06 16:00:00,GOES-19,PIUM,TOCANTINS,Brasil,1717503,17,33,7,0.0,0.18,Cerrado,116.7
b5804b5d-2fbc-3ddc-a4de-3e86bd523f61, -10.474200, -49.768800,2026-05-06 16:00:00,GOES-19,PIUM,TOCANTINS,Brasil,1717503,17,33,7,0.0,0.28,Cerrado,85.7
5722a57e-8854-3384-87f3-d93bff200198, -10.397000, -49.884400,2026-05-06 16:10:00,GOES-19,PIUM,TOCANTINS,Brasil,1717503,17,33,7,0.0,0.32,Cerrado,70.9
47ef60d7-3088-3ede-9bcc-63e2c2c28e0d, -10.397300, -49.862900,2026-05-06 16:10:00,GOES-19,PIUM,TOCANTINS,Brasil,1717503,17,33,7,0.0,0.28,Cerrado,72.5
c503055d-6766-36b4-a95d-38c2843ae4dd, -13.169000, -52.694400,2026-05-06 16:10:00,GOES-19,CANARANA,MATO GROSSO,Brasil,5102702,51,33,7,0.0,0.44,Amazônia,82.8
354bd677-06eb-31a2-aac2-0233bc57e407, -10.455000, -49.792400,2026-05-06 16:10:00,GOES-19,PIUM,TOCANTINS,Brasil,1717503,17,33,7,0.0,0.27,Cerrado,54.2
646837cf-12ef-3fa0-a2fa-1b9aff119ad5, -10.665900, -46.987000,2026-05-06 16:10:00,GOES-19,PONTE ALTA DO TOCANTINS,TOCANTINS,Brasil,1717909,17,33,8,0.0,0.48,Cerrado,71.6
f5db0667-9dce-3823-892e-28ce7142e961, -10.474200, -49.768800,2026-05-06 16:10:00,GOES-19,PIUM,TOCANTINS,Brasil,1717503,17,33,7,0.0,0.28,Cerrado,54.4
41b8e671-ff6d-330c-a488-5960ec694a8a, -10.455200, -49.770900,2026-05-06 16:10:00,GOES-19,PIUM,TOCANTINS,Brasil,1717503,17,33,7,0.0,0.27,Cerrado,52.7
b9033cbf-b541-34fb-8075-883936f83353, -25.243830, -49.162340,2026-05-06 16:16:00,NPP-375,COLOMBO,PARANÁ,Brasil,4105805,41,33,2,0.0,0.01,Mata Atlântica,4.6
5d1bff06-3a49-3907-b8b8-fff22582ca5b, -24.946450, -50.831990,2026-05-06 16:16:00,NPP-375,IVAÍ,PARANÁ,Brasil,4111407,41,33,2,0.0,0.02,Mata Atlântica,15.0
915d4e0d-7579-3acc-adf4-91e3e6348d36, -24.945410, -50.821550,2026-05-06 16:16:00,NPP-375,IVAÍ,PARANÁ,Brasil,4111407,41,33,2,0.0,0.08,Mata Atlântica,13.2
56b6a6e6-5fcd-37a4-b4cb-144b5cace5b2, -24.938610, -50.823330,2026-05-06 16:16:00,NPP-375,IVAÍ,PARANÁ,Brasil,4111407,41,33,2,0.0,0.06,Mata Atlântica,25.9
6b948ccc-1d4f-39f6-ae9a-d24a912b04b7, -24.939100, -50.825350,2026-05-06 16:16:00,NPP-375,IVAÍ,PARANÁ,Brasil,4111407,41,33,2,0.0,0.05,Mata Atlântica,15.0
3f275ba7-f6a8-37bf-a9cb-c3ff034c1e44, -24.939110, -50.831720,2026-05-06 16:16:00,NPP-375,IVAÍ,PARANÁ,Brasil,4111407,41,33,2,0.0,0.01,Mata Atlântica,29.7
07dc04a9-610c-3f34-aacb-12449b97c445, -26.824860, -50.745160,2026-05-06 16:16:00,NPP-375,LEBON RÉGIS,SANTA CATARINA,Brasil,4209706,42,33,2,0.0,0.01,Mata Atlântica,4.0
faeae5bb-aaec-3e65-bf1e-6a565ab5931b, -24.939640, -50.833470,2026-05-06 16:16:00,NPP-375,IVAÍ,PARANÁ,Brasil,4111407,41,33,2,0.0,0.01,Mata Atlântica,15.0
8e3c3c72-2840-3bc8-9e0d-5982be3f9e24, -24.945920, -50.830110,2026-05-06 16:16:00,NPP-375,IVAÍ,PARANÁ,Brasil,4111407,41,33,2,0.0,0.02,Mata Atlântica,11.3
9fa290a9-6ba4-3063-81c4-9435e3c1bc4d, -24.945880, -50.823500,2026-05-06 16:16:00,NPP-375,IVAÍ,PARANÁ,Brasil,4111407,41,33,2,0.0,0.06,Mata Atlântica,15.0
7a92fce7-aee8-3d5e-bba0-492a05bd117d, -20.712290, -52.079870,2026-05-06 16:18:00,NPP-375,TRÊS LAGOAS,MATO GROSSO DO SUL,Brasil,5008305,50,33,4,0.0,1.0,Cerrado,12.3
a85a97e6-f8e3-330b-b803-87340f872cbc, -22.281700, -50.068680,2026-05-06 16:18:00,NPP-375,MARÍLIA,SÃO PAULO,Brasil,3529005,35,33,5,0.0,0.78,Mata Atlântica,11.0
23425bca-19b9-3298-a01f-a37810ed77bb, -21.267300, -44.974310,2026-05-06 16:18:00,NPP-375,LAVRAS,MINAS GERAIS,Brasil,3138203,31,33,17,0.0,1.0,Mata Atlântica,3.9
34a08c9b-c0bb-305d-a605-19ca69f575dd, -18.073220, -46.375110,2026-05-06 16:18:00,NPP-375,PRESIDENTE OLEGÁRIO,MINAS GERAIS,Brasil,3153400,31,33,17,0.0,0.74,Cerrado,9.7
018358c3-e092-3cdf-83e3-24b9e1f918f4, -18.717440, -46.893310,2026-05-06 16:18:00,NPP-375,COROMANDEL,MINAS GERAIS,Brasil,3119302,31,33,14,0.0,0.97,Cerrado,9.1
b0954690-6975-3219-b7ee-2ba6f3d0a1a1, -18.783270, -51.941670,2026-05-06 16:18:00,NPP-375,APORÉ,GOIÁS,Brasil,5201504,52,33,7,0.0,1.0,Cerrado,37.0
b431bba3-1cc7-3278-acfd-5ca1fab67a3f, -23.766140, -49.157340,2026-05-06 16:18:00,NPP-375,ITABERÁ,SÃO PAULO,Brasil,3521705,35,33,3,0.0,0.5,Cerrado,6.6
457ab2fc-7e07-3a3d-844b-7d3dd3e9b6d7, -18.783960, -51.936820,2026-05-06 16:18:00,NPP-375,APORÉ,GOIÁS,Brasil,5201504,52,33,7,0.0,1.0,Cerrado,15.3
cce6b363-ea94-39e7-b408-6820c2f6931c, -20.425850, -46.573980,2026-05-06 16:18:00,NPP-375,DELFINÓPOLIS,MINAS GERAIS,Brasil,3121209,31,33,20,0.0,0.98,Cerrado,5.3
bdbf825b-61ae-3b7a-acb0-304f22b485d5, -19.824970, -44.610880,2026-05-06 16:18:00,NPP-375,PARÁ DE MINAS,MINAS GERAIS,Brasil,3147105,31,33,17,0.0,-999.0,Mata Atlântica,2.4
5aed3c51-b349-301d-9a8c-2c21280054a3, -20.719390, -52.079350,2026-05-06 16:18:00,NPP-375,TRÊS LAGOAS,MATO GROSSO DO SUL,Brasil,5008305,50,33,4,0.0,1.0,Cerrado,4.3
21717620-05bc-3e6c-99d6-3a56d6262876, -20.680440, -45.535930,2026-05-06 16:18:00,NPP-375,FORMIGA,MINAS GERAIS,Brasil,3126109,31,33,19,0.0,1.0,Cerrado,12.0
3addc313-c6df-3299-b07f-e1b2f235c706, -22.287070, -50.070240,2026-05-06 16:18:00,NPP-375,MARÍLIA,SÃO PAULO,Brasil,3529005,35,33,4,0.0,1.0,Mata Atlântica,5.4
77116dbf-6911-353f-b17d-10f045a3beca, -18.072580, -46.369510,2026-05-06 16:18:00,NPP-375,PRESIDENTE OLEGÁRIO,MINAS GERAIS,Brasil,3153400,31,33,17,0.0,0.73,Cerrado,9.7
ae12aa10-aec8-3e32-b3a2-08c8619a4db5, -19.841150, -49.786460,2026-05-06 16:18:00,NPP-375,SÃO FRANCISCO DE SALES,MINAS GERAIS,Brasil,3161304,31,33,7,0.0,1.0,Mata Atlântica,8.6
8473274c-a6a6-3df2-9c7e-3bde39518a37, -21.542230, -47.662370,2026-05-06 16:18:00,NPP-375,LUÍS ANTÔNIO,SÃO PAULO,Brasil,3527603,35,33,8,0.0,1.0,Cerrado,2.0
abf01976-6100-3a4e-8b7a-412c42a3e7a5, -20.099310, -45.569770,2026-05-06 16:18:00,NPP-375,JAPARAÍBA,MINAS GERAIS,Brasil,3135308,31,33,17,0.0,1.0,Cerrado,3.9
e138032e-bc75-35ac-ab13-488062c3cce2, -22.051240, -41.252740,2026-05-06 16:18:00,NPP-375,CAMPOS DOS GOYTACAZES,RIO DE JANEIRO,Brasil,3301009,33,33,-999,0.43,0.93,Mata Atlântica,12.1
e7cb2c0e-c945-3c45-beb2-2ba4d3cc2cd2, -20.697240, -43.047200,2026-05-06 16:18:00,NPP-375,PORTO FIRME,MINAS GERAIS,Brasil,3152303,31,33,17,0.0,0.38,Mata Atlântica,3.5
cbfd2d45-455e-38bd-8bdc-03ff3c849ff1, -20.395270, -44.393030,2026-05-06 16:18:00,NPP-375,CRUCILÂNDIA,MINAS GERAIS,Brasil,3120607,31,33,17,0.0,1.0,Mata Atlântica,3.1
1c212cae-c83e-3724-bd9b-01a53d084df1, -22.916000, -48.683020,2026-05-06 16:18:00,NPP-375,BOTUCATU,SÃO PAULO,Brasil,3507506,35,33,3,0.0,0.18,Cerrado,4.0
97babb68-6f52-3dc1-beb4-cf7a0cbe4b47, -17.599630, -44.598390,2026-05-06 16:18:00,NPP-375,VÁRZEA DA PALMA,MINAS GERAIS,Brasil,3170800,31,33,15,0.0,0.59,Cerrado,7.6
02bbadc8-d428-34bc-a382-363aa345e907, -23.767940, -49.157790,2026-05-06 16:18:00,NPP-375,ITABERÁ,SÃO PAULO,Brasil,3521705,35,33,3,0.0,0.52,Cerrado,10.2
1ecd6dfe-9057-338e-8327-b58c624572ac, -20.680300, -45.533200,2026-05-06 16:18:00,NPP-375,FORMIGA,MINAS GERAIS,Brasil,3126109,31,33,19,0.0,1.0,Cerrado,23.9
38703813-79ca-38bd-918a-d6fd60d1dd98, -19.149440, -45.113430,2026-05-06 16:18:00,NPP-375,ABAETÉ,MINAS GERAIS,Brasil,3100203,31,33,27,0.0,0.75,Cerrado,9.9
1f6411ff-2dc4-3ed0-8fb0-baa774d0b461, -18.628340, -45.132810,2026-05-06 16:18:00,NPP-375,FELIXLÂNDIA,MINAS GERAIS,Brasil,3125705,31,33,24,0.0,0.66,Cerrado,5.7
0d075cec-90fc-3f71-9b9e-235e785b2d31, -20.283550, -47.848370,2026-05-06 16:18:00,NPP-375,ITUVERAVA,SÃO PAULO,Brasil,3524105,35,33,11,0.0,1.0,Cerrado,2.8
bb4091b5-610c-339d-9da1-0d7d0491110b, -19.425130, -52.955270,2026-05-06 16:18:00,NPP-375,PARAÍSO DAS ÁGUAS,MATO GROSSO DO SUL,Brasil,5006275,50,33,7,0.0,1.0,Cerrado,6.7
82f8b2ab-3211-36da-8b6c-f571d71852b6, -22.942040, -45.379630,2026-05-06 16:18:00,NPP-375,PINDAMONHANGABA,SÃO PAULO,Brasil,3538006,35,33,0,0.0,1.0,Mata Atlântica,8.0
b77500cd-b1f0-35b5-aa40-dc91010dee63, -17.556410, -46.546040,2026-05-06 16:18:00,NPP-375,LAGOA GRANDE,MINAS GERAIS,Brasil,3137536,31,33,26,0.0,0.42,Cerrado,5.2
28b975f0-e1de-370e-af70-4a369e8b7cad, -19.860070, -46.380690,2026-05-06 16:18:00,NPP-375,PRATINHA,MINAS GERAIS,Brasil,3153004,31,33,19,0.0,0.59,Cerrado,9.3
41b71828-ab42-396d-a2c3-2b4f68e14c43, -23.228650, -47.820220,2026-05-06 16:18:00,NPP-375,CESÁRIO LANGE,SÃO PAULO,Brasil,3511607,35,33,3,0.0,0.99,Mata Atlântica,4.7
4c817497-35d5-3ffa-bb68-742b36f9e24f, -23.772310, -49.156530,2026-05-06 16:18:00,NPP-375,ITABERÁ,SÃO PAULO,Brasil,3521705,35,33,3,0.0,0.54,Cerrado,6.6
5db9d70a-a4d3-34ad-a700-dac675d42a42, -18.777600, -51.943900,2026-05-06 16:18:00,NPP-375,APORÉ,GOIÁS,Brasil,5201504,52,33,7,0.0,1.0,Cerrado,15.3
21fe79d7-124b-327c-9244-0cd3f2fbd4ae, -22.932250, -46.555740,2026-05-06 16:18:00,NPP-375,BRAGANÇA PAULISTA,SÃO PAULO,Brasil,3507605,35,33,5,0.0,-999.0,Mata Atlântica,3.7
e5648fae-f252-3894-bff8-62bde3e186fe, -18.719490, -46.894780,2026-05-06 16:18:00,NPP-375,COROMANDEL,MINAS GERAIS,Brasil,3119302,31,33,14,0.0,0.97,Cerrado,5.9
75e90db4-c8d6-3d65-9659-b518db8b9f6f, -18.657620, -47.527330,2026-05-06 16:18:00,NPP-375,MONTE CARMELO,MINAS GERAIS,Brasil,3143104,31,33,25,0.0,1.0,Cerrado,1.3
b9f20ef0-dc9c-3c5e-8f2e-45268b38e99d, -22.931930, -46.552420,2026-05-06 16:18:00,NPP-375,BRAGANÇA PAULISTA,SÃO PAULO,Brasil,3507605,35,33,5,0.0,-999.0,Mata Atlântica,3.7
a6cd8f17-8131-3505-a8d9-625c523576ad, -22.280650, -50.070930,2026-05-06 16:18:00,NPP-375,MARÍLIA,SÃO PAULO,Brasil,3529005,35,33,5,0.0,0.71,Mata Atlântica,5.4
16cf49d6-1980-327f-99c2-32cccb1272dc, -19.888220, -44.048850,2026-05-06 16:18:00,NPP-375,CONTAGEM,MINAS GERAIS,Brasil,3118601,31,33,16,0.0,-999.0,Mata Atlântica,1.9
34914e7c-c6d6-377b-88e3-142543fe0da4, -23.317370, -47.176360,2026-05-06 16:18:00,NPP-375,ITU,SÃO PAULO,Brasil,3523909,35,33,0,0.42,0.26,Mata Atlântica,3.0
f4cb9b17-9c78-3b69-8c2c-57981d6601ec, -20.679810, -45.530420,2026-05-06 16:18:00,NPP-375,FORMIGA,MINAS GERAIS,Brasil,3126109,31,33,19,0.0,1.0,Cerrado,15.9
d02d3e7d-410c-3a39-ae89-8cdaaaefb702, -19.904270, -44.038230,2026-05-06 16:18:00,NPP-375,CONTAGEM,MINAS GERAIS,Brasil,3118601,31,33,17,0.0,-999.0,Mata Atlântica,3.4
c9f2e7fd-dedc-3fea-a494-d1c6a90ff76f, -19.855120, -46.381420,2026-05-06 16:18:00,NPP-375,PRATINHA,MINAS GERAIS,Brasil,3153004,31,33,19,0.0,0.18,Cerrado,23.4
4d6d1084-3842-30ed-8d9f-66a68db61575, -21.307750, -42.859940,2026-05-06 16:18:00,NPP-375,ASTOLFO DUTRA,MINAS GERAIS,Brasil,3104601,31,33,2,0.0,1.0,Mata Atlântica,3.9
3862eb35-4d36-381b-b71e-d6e5807ed66b, -18.484290, -51.684270,2026-05-06 16:18:00,NPP-375,ITARUMÃ,GOIÁS,Brasil,5211305,52,33,8,0.0,0.67,Cerrado,6.9
e776a863-a1d9-3dbc-bfdc-5f097bb59109, -18.784540, -51.943450,2026-05-06 16:18:00,NPP-375,APORÉ,GOIÁS,Brasil,5201504,52,33,7,0.0,1.0,Cerrado,15.3
f4190247-7fcc-3953-81e7-97f7c573fb01, -18.657000, -47.526600,2026-05-06 16:18:00,NPP-375,MONTE CARMELO,MINAS GERAIS,Brasil,3143104,31,33,25,0.0,1.0,Cerrado,1.7
dbe342e8-2631-36c8-b8d7-7b1a2d26c91a, -18.777020, -51.937260,2026-05-06 16:18:00,NPP-375,APORÉ,GOIÁS,Brasil,5201504,52,33,7,0.0,1.0,Cerrado,15.3
837471f5-213d-30e1-adfa-7c806d2e5956, -19.842840, -49.789240,2026-05-06 16:18:00,NPP-375,SÃO FRANCISCO DE SALES,MINAS GERAIS,Brasil,3161304,31,33,6,0.0,1.0,Mata Atlântica,16.5
560bdb39-dd06-36b6-ad7a-96fcbc0055dc, -18.259700, -51.274070,2026-05-06 16:18:00,NPP-375,APARECIDA DO RIO DOCE,GOIÁS,Brasil,5201454,52,33,7,0.0,0.54,Cerrado,5.0
f1884cd3-d378-313c-a7d9-7c60a5272385, -23.228990, -47.824170,2026-05-06 16:18:00,NPP-375,CESÁRIO LANGE,SÃO PAULO,Brasil,3511607,35,33,3,0.0,0.87,Mata Atlântica,4.3
da330190-6c0f-3fa7-818f-94f94d6db9f1, -18.259180, -51.268390,2026-05-06 16:18:00,NPP-375,APARECIDA DO RIO DOCE,GOIÁS,Brasil,5201454,52,33,7,0.0,0.83,Cerrado,8.8
784cdfd5-1cbf-3f0b-99b2-86c251e9f3de, -22.921970, -48.682580,2026-05-06 16:18:00,NPP-375,BOTUCATU,SÃO PAULO,Brasil,3507506,35,33,3,0.0,0.56,Cerrado,4.0
7d4e077c-15e9-34ba-b90c-fca0943fa4b2, -18.776340, -51.942170,2026-05-06 16:18:00,NPP-375,APORÉ,GOIÁS,Brasil,5201504,52,33,7,0.0,1.0,Cerrado,15.3
5f839331-1ebc-3968-b7be-2f545572eda1, -19.148390, -45.110910,2026-05-06 16:18:00,NPP-375,ABAETÉ,MINAS GERAIS,Brasil,3100203,31,33,27,0.0,0.59,Cerrado,11.0
889c227b-2701-3d04-a009-8ca45545d71a, -19.841570, -49.791280,2026-05-06 16:18:00,NPP-375,SÃO FRANCISCO DE SALES,MINAS GERAIS,Brasil,3161304,31,33,6,0.0,1.0,Mata Atlântica,8.6
aab39a60-20b9-30bb-a989-e3be60b533fc, -19.825380, -44.609330,2026-05-06 16:18:00,NPP-375,PARÁ DE MINAS,MINAS GERAIS,Brasil,3147105,31,33,18,0.0,-999.0,Mata Atlântica,2.8
a2e35054-3f7e-35d8-aad8-11d6eb61f5fa, -20.227520, -46.852470,2026-05-06 16:18:00,NPP-375,DELFINÓPOLIS,MINAS GERAIS,Brasil,3121209,31,33,21,0.0,0.51,Cerrado,4.4
8f335f36-ca88-3fd9-a49e-b604d0371ecb, -12.343120, -50.012410,2026-05-06 16:20:00,NPP-375,SANDOLÂNDIA,TOCANTINS,Brasil,1718840,17,33,7,0.0,0.46,Cerrado,9.5
4bdd2eb0-175c-3090-a8d4-11e8fb12831c, -14.864630, -48.541630,2026-05-06 16:20:00,NPP-375,NIQUELÂNDIA,GOIÁS,Brasil,5214606,52,33,24,0.0,0.48,Cerrado,6.2
fcd9ec4d-a601-34ef-be6b-90654ab78fa2, -10.628050, -47.033560,2026-05-06 16:20:00,NPP-375,PONTE ALTA DO TOCANTINS,TOCANTINS,Brasil,1717909,17,33,8,0.0,0.48,Cerrado,1.8
c909f6fe-9a09-3dd3-be0a-cd4bcf467df6, -11.447730, -48.809290,2026-05-06 16:20:00,NPP-375,ALIANÇA DO TOCANTINS,TOCANTINS,Brasil,1700350,17,33,12,0.0,0.54,Cerrado,2.6
52758381-ce8e-34d7-838c-8474fee2c820, -13.242870, -44.296700,2026-05-06 16:20:00,NPP-375,SANTA MARIA DA VITÓRIA,BAHIA,Brasil,2928109,29,33,25,0.0,1.0,Cerrado,7.7
29cdb536-02fd-3845-9d7b-6509042b4612, -13.181270, -52.692710,2026-05-06 16:20:00,NPP-375,CANARANA,MATO GROSSO,Brasil,5102702,51,33,7,0.0,0.2,Amazônia,32.1
a46a25ad-8776-3892-9e08-fd82a97d3620, -13.855260, -48.207680,2026-05-06 16:20:00,NPP-375,COLINAS DO SUL,GOIÁS,Brasil,5205521,52,33,9,0.0,0.4,Cerrado,5.1
c987eeab-0679-3f4b-8ed2-7ee36c71bf9e, -10.468760, -49.782320,2026-05-06 16:20:00,NPP-375,PIUM,TOCANTINS,Brasil,1717503,17,33,7,0.0,0.28,Cerrado,22.7
ac218d36-7c17-36f7-8a6b-b16bbb240dcb, -14.123040, -45.351530,2026-05-06 16:20:00,NPP-375,JABORANDI,BAHIA,Brasil,2917359,29,33,25,0.0,0.81,Cerrado,6.6
f8a9d92a-f3de-3726-bbd8-04ab74e2bca0, -10.782040, -49.790790,2026-05-06 16:20:00,NPP-375,LAGOA DA CONFUSÃO,TOCANTINS,Brasil,1711902,17,33,4,0.0,0.77,Cerrado,5.3
21f235ff-2384-33d4-bc4b-89d267e33efe, -12.840170, -42.515980,2026-05-06 16:20:00,NPP-375,BOQUIRA,BAHIA,Brasil,2904100,29,33,17,0.0,1.0,Caatinga,5.8
2e782431-56b4-36f8-8feb-141a7b7fa495, -13.246830, -44.296200,2026-05-06 16:20:00,NPP-375,SANTA MARIA DA VITÓRIA,BAHIA,Brasil,2928109,29,33,25,0.0,1.0,Cerrado,7.1
75025632-af4b-32d3-9e3c-b9aa0073d3cc, -10.672690, -46.986760,2026-05-06 16:20:00,NPP-375,PONTE ALTA DO TOCANTINS,TOCANTINS,Brasil,1717909,17,33,8,0.0,0.47,Cerrado,3.0
04af4fd1-d9b7-3c9c-b83c-0c94def33878, -10.659010, -45.154190,2026-05-06 16:20:00,NPP-375,CRISTALÂNDIA DO PIAUÍ,PIAUÍ,Brasil,2203008,22,33,16,0.0,0.7,Cerrado,2.4
75252e68-1b66-3178-8aa6-4d36059c9dfa, -16.112570, -49.236850,2026-05-06 16:20:00,NPP-375,PETROLINA DE GOIÁS,GOIÁS,Brasil,5216809,52,33,16,0.0,0.8,Cerrado,6.4
a440be7b-0ff0-3e8e-a007-ff8eabcaef7c, -10.545640, -49.729250,2026-05-06 16:20:00,NPP-375,LAGOA DA CONFUSÃO,TOCANTINS,Brasil,1711902,17,33,6,0.0,0.56,Cerrado,12.5
4b3f2ccf-13fe-3f0e-ba45-978c665b632e, -13.698630, -47.758340,2026-05-06 16:20:00,NPP-375,CAVALCANTE,GOIÁS,Brasil,5205307,52,33,13,0.0,0.47,Cerrado,5.7
70beb721-d441-3310-9510-6cfba1b1c3f1, -11.435950, -44.675510,2026-05-06 16:20:00,NPP-375,COTEGIPE,BAHIA,Brasil,2909406,29,33,16,0.0,0.73,Cerrado,5.8
092d67e0-07f1-30d1-ae59-899b5a8c7fe7, -10.630160, -47.015920,2026-05-06 16:20:00,NPP-375,PONTE ALTA DO TOCANTINS,TOCANTINS,Brasil,1717909,17,33,8,0.0,0.48,Cerrado,3.2
16c0303b-b1f3-322a-b19d-cbc79e686ef3, -16.108440, -49.232620,2026-05-06 16:20:00,NPP-375,PETROLINA DE GOIÁS,GOIÁS,Brasil,5216809,52,33,16,0.0,0.47,Cerrado,19.2
86cf091e-b763-3ecc-93ff-ab052441eae0, -11.448800, -39.283990,2026-05-06 16:20:00,NPP-375,CONCEIÇÃO DO COITÉ,BAHIA,Brasil,2908408,29,33,10,3.0,0.8,Caatinga,12.0
9b2791d9-18aa-31fe-8f97-ce4020327ff3, -11.610900, -48.057410,2026-05-06 16:20:00,NPP-375,CHAPADA DA NATIVIDADE,TOCANTINS,Brasil,1705102,17,33,8,0.0,0.44,Cerrado,14.9
b263f660-162d-3270-9c03-a9206e00d57c, -10.653240, -46.979810,2026-05-06 16:20:00,NPP-375,PONTE ALTA DO TOCANTINS,TOCANTINS,Brasil,1717909,17,33,8,0.0,0.48,Cerrado,12.8
bfbddb7b-277c-3c4a-8988-c8b6a8bdf7ae, -10.816610, -49.337940,2026-05-06 16:20:00,NPP-375,SANTA RITA DO TOCANTINS,TOCANTINS,Brasil,1718899,17,33,3,0.0,0.2,Cerrado,8.9
714a1e2a-d905-36d1-8836-3b446a813dea, -12.342640, -50.008420,2026-05-06 16:20:00,NPP-375,SANDOLÂNDIA,TOCANTINS,Brasil,1718840,17,33,7,0.0,0.46,Cerrado,9.5
48e78265-4d21-337b-a918-118d5f196f8c, -10.473810, -49.778060,2026-05-06 16:20:00,NPP-375,PIUM,TOCANTINS,Brasil,1717503,17,33,7,0.0,0.28,Cerrado,22.7
7443ad16-382d-3b40-a16b-d4ca9d458aef, -16.106320, -49.232690,2026-05-06 16:20:00,NPP-375,PETROLINA DE GOIÁS,GOIÁS,Brasil,5216809,52,33,16,0.0,0.3,Cerrado,9.3
c184af8d-e7e5-361f-9eeb-de25d9612d77, -10.818950, -49.338670,2026-05-06 16:20:00,NPP-375,SANTA RITA DO TOCANTINS,TOCANTINS,Brasil,1718899,17,33,3,0.0,0.2,Cerrado,4.7
c9e74da3-bbc8-3940-9e8c-f267a4722810, -10.681550, -47.018450,2026-05-06 16:20:00,NPP-375,PONTE ALTA DO TOCANTINS,TOCANTINS,Brasil,1717909,17,33,8,0.0,0.47,Cerrado,12.6
71673efa-0765-3512-91c6-65bebf6ce6cc, -13.697640, -47.756230,2026-05-06 16:20:00,NPP-375,CAVALCANTE,GOIÁS,Brasil,5205307,52,33,13,0.0,0.47,Cerrado,13.8
766099cc-56a2-3c52-8797-330f0c9723cc, -10.715560, -49.790680,2026-05-06 16:20:00,NPP-375,LAGOA DA CONFUSÃO,TOCANTINS,Brasil,1711902,17,33,5,0.0,0.72,Cerrado,3.1
a59c0bb0-2192-3b7e-b172-1fae25074112, -14.072630, -47.752260,2026-05-06 16:20:00,NPP-375,CAVALCANTE,GOIÁS,Brasil,5205307,52,33,8,0.0,0.42,Cerrado,4.1
9e1004c8-7752-38a0-bae7-17f318402458, -11.450500, -39.283160,2026-05-06 16:20:00,NPP-375,CONCEIÇÃO DO COITÉ,BAHIA,Brasil,2908408,29,33,10,3.03,0.85,Caatinga,8.1
5d3887a3-2b37-36df-91e0-e1eff5485e40, -13.851080, -48.173760,2026-05-06 16:20:00,NPP-375,COLINAS DO SUL,GOIÁS,Brasil,5205521,52,33,9,0.0,0.4,Cerrado,7.3
5e3d79b1-d3a7-32eb-87f2-311330a2d2d2, -10.401860, -49.875440,2026-05-06 16:20:00,NPP-375,PIUM,TOCANTINS,Brasil,1717503,17,33,7,0.0,0.43,Cerrado,15.1
b2f30955-6ded-36a4-8d87-8f188e44f2c3, -13.837050, -48.230820,2026-05-06 16:20:00,NPP-375,MINAÇU,GOIÁS,Brasil,5213087,52,33,9,0.0,0.17,Cerrado,3.2
4596ccaf-6b87-3a14-9a28-39c1d7bd9fac, -10.667450, -49.855660,2026-05-06 16:20:00,NPP-375,LAGOA DA CONFUSÃO,TOCANTINS,Brasil,1711902,17,33,6,0.0,0.69,Cerrado,3.5
c72a60b8-10ea-3736-ac21-fe8bcc3655d2, -10.570630, -46.491780,2026-05-06 16:20:00,NPP-375,MATEIROS,TOCANTINS,Brasil,1712702,17,33,15,0.0,0.59,Cerrado,8.1
3a87b94f-508a-3adb-bfe8-d7831c62a87f, -13.853280, -48.177340,2026-05-06 16:20:00,NPP-375,COLINAS DO SUL,GOIÁS,Brasil,5205521,52,33,9,0.0,0.4,Cerrado,5.7
15d3e52c-6801-3822-a967-d5cecbf4a3cc, -16.108900, -49.237030,2026-05-06 16:20:00,NPP-375,PETROLINA DE GOIÁS,GOIÁS,Brasil,5216809,52,33,16,0.0,0.51,Cerrado,10.2
c9781f3d-2e3e-33b7-8b50-cd1ef07c51cb, -13.818970, -48.168160,2026-05-06 16:20:00,NPP-375,COLINAS DO SUL,GOIÁS,Brasil,5205521,52,33,9,0.0,0.39,Cerrado,2.4
6447f5c7-9e79-3906-a207-ea7f1937aaf2, -10.691960, -47.026850,2026-05-06 16:20:00,NPP-375,PONTE ALTA DO TOCANTINS,TOCANTINS,Brasil,1717909,17,33,8,0.0,0.47,Cerrado,19.6
439b9b95-d3e6-334a-bcaa-d8ab2de1b706, -11.832600, -49.760230,2026-05-06 16:20:00,NPP-375,FORMOSO DO ARAGUAIA,TOCANTINS,Brasil,1708205,17,33,7,0.0,0.87,Cerrado,12.1
f78c47c3-8087-3517-bf58-7ef22f753ea8, -11.300130, -48.248580,2026-05-06 16:20:00,NPP-375,SANTA ROSA DO TOCANTINS,TOCANTINS,Brasil,1718907,17,33,6,0.0,0.3,Cerrado,7.8
f9669c8f-68b4-38b6-a2f5-35d073f67b34, -10.608380, -49.830160,2026-05-06 16:20:00,NPP-375,LAGOA DA CONFUSÃO,TOCANTINS,Brasil,1711902,17,33,6,0.0,0.62,Cerrado,7.2
e8551041-a6c1-3001-9868-105dbdf93d1d, -10.904930, -49.607750,2026-05-06 16:20:00,NPP-375,LAGOA DA CONFUSÃO,TOCANTINS,Brasil,1711902,17,33,2,0.0,0.7,Cerrado,2.2
c2d465ba-a296-305c-ac30-50fc2ea97794, -10.678890, -49.854640,2026-05-06 16:20:00,NPP-375,LAGOA DA CONFUSÃO,TOCANTINS,Brasil,1711902,17,33,5,0.0,0.7,Cerrado,4.6
483ad4bf-3a48-3a39-9f08-044aafd32d83, -10.676370, -47.014450,2026-05-06 16:20:00,NPP-375,PONTE ALTA DO TOCANTINS,TOCANTINS,Brasil,1717909,17,33,8,0.0,0.47,Cerrado,8.6
c54745b2-f645-36cd-97eb-2e77e54c6d87, -10.675760, -47.009870,2026-05-06 16:20:00,NPP-375,PONTE ALTA DO TOCANTINS,TOCANTINS,Brasil,1717909,17,33,8,0.0,0.47,Cerrado,8.6
287e7311-8d2c-3a90-afd5-6847cc0f7407, -10.623480, -47.034150,2026-05-06 16:20:00,NPP-375,PONTE ALTA DO TOCANTINS,TOCANTINS,Brasil,1717909,17,33,8,0.0,0.48,Cerrado,7.7
eedf69d0-2661-3033-80c4-417481bbf5a5, -13.018840, -49.552270,2026-05-06 16:20:00,NPP-375,ARAGUAÇU,TOCANTINS,Brasil,1702000,17,33,18,0.0,1.0,Cerrado,5.0
bd6b9163-b8bc-3c95-9d82-2eb38c5df530,  -9.729390, -37.269760,2026-05-06 16:20:00,NPP-375,PÃO DE AÇÚCAR,ALAGOAS,Brasil,2706406,27,33,2,0.7,0.75,Caatinga,11.6
b1ab0233-fb43-3ddb-9f75-3a0f6094b6f8, -10.649290, -46.984970,2026-05-06 16:20:00,NPP-375,PONTE ALTA DO TOCANTINS,TOCANTINS,Brasil,1717909,17,33,8,0.0,0.48,Cerrado,13.2
e883b265-846a-3219-aca2-82c77818f750, -10.673350, -49.855330,2026-05-06 16:20:00,NPP-375,LAGOA DA CONFUSÃO,TOCANTINS,Brasil,1711902,17,33,5,0.0,0.69,Cerrado,4.6
4d3a3261-1f85-3424-956a-91f780abe6ae, -10.686130, -47.018020,2026-05-06 16:20:00,NPP-375,PONTE ALTA DO TOCANTINS,TOCANTINS,Brasil,1717909,17,33,8,0.0,0.47,Cerrado,12.1
e82e60ca-db61-3f65-b1ba-ebe870ff0fec, -11.913040, -49.685810,2026-05-06 16:20:00,NPP-375,FORMOSO DO ARAGUAIA,TOCANTINS,Brasil,1708205,17,33,7,0.0,0.82,Cerrado,8.5
e7a9e66b-6ce0-36ae-8934-d6f9801c5d87, -16.106800, -49.236990,2026-05-06 16:20:00,NPP-375,PETROLINA DE GOIÁS,GOIÁS,Brasil,5216809,52,33,16,0.0,0.34,Cerrado,6.4
da00a6db-7cc5-3b04-b116-103e878208f0, -11.067670, -49.126610,2026-05-06 16:20:00,NPP-375,SANTA RITA DO TOCANTINS,TOCANTINS,Brasil,1718899,17,33,6,0.0,0.6,Cerrado,4.0
a5330914-c2f7-3517-9c9b-1862dee73767, -10.539220, -49.722250,2026-05-06 16:20:00,NPP-375,LAGOA DA CONFUSÃO,TOCANTINS,Brasil,1711902,17,33,7,0.0,0.56,Cerrado,3.1
e985b5b5-70f1-3cb9-8c4a-9768d0bb7dc4, -10.869830, -49.688580,2026-05-06 16:20:00,NPP-375,LAGOA DA CONFUSÃO,TOCANTINS,Brasil,1711902,17,33,2,0.0,0.78,Cerrado,11.2
f673edaa-e1f4-3c45-ab62-6c7526c1d0a8, -10.076720, -37.689590,2026-05-06 16:20:00,NPP-375,MONTE ALEGRE DE SERGIPE,SERGIPE,Brasil,2804201,28,33,0,1.0,1.0,Caatinga,3.4
98a76dc3-7812-39e3-8731-d160321008b9, -10.608830, -49.833780,2026-05-06 16:20:00,NPP-375,LAGOA DA CONFUSÃO,TOCANTINS,Brasil,1711902,17,33,6,0.0,0.62,Cerrado,4.5
cb6e7afe-9185-39c6-860e-c2a9d5492dfb, -10.680940, -47.013900,2026-05-06 16:20:00,NPP-375,PONTE ALTA DO TOCANTINS,TOCANTINS,Brasil,1717909,17,33,8,0.0,0.47,Cerrado,8.6
2b75d4bb-00a9-3bd8-b652-c80c92542974, -14.028940, -47.599680,2026-05-06 16:20:00,NPP-375,CAVALCANTE,GOIÁS,Brasil,5205307,52,33,9,0.0,0.44,Cerrado,7.4
144f1b2b-a857-32a9-9ac1-7f5eb0d9eacb, -10.550660, -49.725020,2026-05-06 16:20:00,NPP-375,LAGOA DA CONFUSÃO,TOCANTINS,Brasil,1711902,17,33,6,0.0,0.57,Cerrado,48.5
a7aaf510-740a-3387-94c9-a9d0166a51fd, -10.614080, -46.999160,2026-05-06 16:20:00,NPP-375,PONTE ALTA DO TOCANTINS,TOCANTINS,Brasil,1717909,17,33,8,0.0,0.48,Cerrado,7.6
0c31d147-2b7a-3f27-8f11-3dbd56aa323d,  -9.762940, -43.867870,2026-05-06 16:20:00,NPP-375,MORRO CABEÇA NO TEMPO,PIAUÍ,Brasil,2206654,22,33,14,0.0,0.56,Cerrado,2.2
5090748b-071e-341d-95b9-8a79452b5b37, -10.468310, -49.778750,2026-05-06 16:20:00,NPP-375,PIUM,TOCANTINS,Brasil,1717503,17,33,7,0.0,0.28,Cerrado,22.7
abd5c62f-e1ec-3ab6-975b-8bf79b5d6e7c, -10.245430, -47.418270,2026-05-06 16:20:00,NPP-375,LAGOA DO TOCANTINS,TOCANTINS,Brasil,1711951,17,33,8,0.0,0.59,Cerrado,7.9
1fca3e79-a858-3463-bf76-f7460347ebd8, -10.380670, -49.885450,2026-05-06 16:20:00,NPP-375,PIUM,TOCANTINS,Brasil,1717503,17,33,7,0.0,0.2,Cerrado,2.6
5a66f5d5-30dc-3551-af42-d84ea5c3b932,  -8.464700, -36.686180,2026-05-06 16:20:00,NPP-375,PESQUEIRA,PERNAMBUCO,Brasil,2610905,26,33,1,0.3,0.93,Caatinga,2.7
674f9b99-3d4b-36a0-95f1-253db2dd0f74, -10.721070, -49.789990,2026-05-06 16:20:00,NPP-375,LAGOA DA CONFUSÃO,TOCANTINS,Brasil,1711902,17,33,5,0.0,0.75,Cerrado,3.1
99190641-f626-31d7-9c4d-6ff1c3b4dd62, -13.849020, -48.286080,2026-05-06 16:20:00,NPP-375,COLINAS DO SUL,GOIÁS,Brasil,5205521,52,33,9,0.0,0.35,Cerrado,4.4
4664133f-eb5c-3a9f-bf22-9748d79daf9d, -10.938810, -49.440250,2026-05-06 16:20:00,NPP-375,SANTA RITA DO TOCANTINS,TOCANTINS,Brasil,1718899,17,33,2,0.0,0.26,Cerrado,9.8
decf0792-0ab9-3f2d-87b6-95505bda832b, -13.893710, -48.209030,2026-05-06 16:20:00,NPP-375,COLINAS DO SUL,GOIÁS,Brasil,5205521,52,33,9,0.0,0.43,Cerrado,5.9
9391ee64-f598-3448-ae59-2f255101f063, -10.527940, -46.340830,2026-05-06 16:20:00,NPP-375,MATEIROS,TOCANTINS,Brasil,1712702,17,33,15,0.0,0.77,Cerrado,22.4
2d7df28d-9780-3110-9213-565531dc1f4b, -10.940570, -49.442730,2026-05-06 16:20:00,NPP-375,SANTA RITA DO TOCANTINS,TOCANTINS,Brasil,1718899,17,33,2,0.0,0.27,Cerrado,7.9
b3b1f15d-22e1-3fa1-9312-d8ad3eac0dae, -11.914160, -49.686040,2026-05-06 16:20:00,NPP-375,FORMOSO DO ARAGUAIA,TOCANTINS,Brasil,1708205,17,33,7,0.0,0.82,Cerrado,10.0
18032eb7-77dd-32d0-b663-5fab7f3fc4ab, -10.635820, -47.056320,2026-05-06 16:20:00,NPP-375,PONTE ALTA DO TOCANTINS,TOCANTINS,Brasil,1717909,17,33,8,0.0,0.47,Cerrado,5.1
c0b7298e-4018-30b0-85d0-2d7ac1af386c, -11.417420, -49.692240,2026-05-06 16:20:00,NPP-375,FORMOSO DO ARAGUAIA,TOCANTINS,Brasil,1708205,17,33,7,0.0,0.36,Cerrado,6.3
371b3a24-3c50-3cd3-89dd-c07fe9445750, -16.112060, -49.232360,2026-05-06 16:20:00,NPP-375,PETROLINA DE GOIÁS,GOIÁS,Brasil,5216809,52,33,16,0.0,0.76,Cerrado,9.3
0c4f20e3-c437-31ad-8d9d-2cd87bf2bffc, -14.968760, -41.645110,2026-05-06 16:20:00,NPP-375,PIRIPÁ,BAHIA,Brasil,2924702,29,33,7,0.2,0.87,Caatinga,1.3
52500920-1c16-3723-9faa-5a1027ebf87b,  -9.693630, -37.373950,2026-05-06 16:20:00,NPP-375,PÃO DE AÇÚCAR,ALAGOAS,Brasil,2706406,27,33,1,0.83,1.0,Caatinga,2.8
e3a266e6-0617-3fef-9cfe-68d2070fa710, -10.624760, -47.043460,2026-05-06 16:20:00,NPP-375,PONTE ALTA DO TOCANTINS,TOCANTINS,Brasil,1717909,17,33,8,0.0,0.48,Cerrado,2.4
cb0cf0e6-ff9c-3ac2-a51f-a3a94c3f6770, -12.914660, -43.567610,2026-05-06 16:20:00,NPP-375,SÍTIO DO MATO,BAHIA,Brasil,2930758,29,33,17,0.0,0.99,Cerrado,12.2
de7ac3b5-c943-3b68-9dcf-11d93a11d46e, -14.862560, -48.543220,2026-05-06 16:20:00,NPP-375,NIQUELÂNDIA,GOIÁS,Brasil,5214606,52,33,24,0.0,0.48,Cerrado,10.4
cd9c92ad-f18d-3fde-b4fc-c547be535dbb, -10.913270, -49.855530,2026-05-06 16:20:00,NPP-375,LAGOA DA CONFUSÃO,TOCANTINS,Brasil,1711902,17,33,4,0.0,0.8,Cerrado,17.1
8ce3eb2e-66ba-3c45-b6c2-efb3591d1b6b, -11.949310, -43.380810,2026-05-06 16:20:00,NPP-375,MUQUÉM DO SÃO FRANCISCO,BAHIA,Brasil,2922250,29,33,15,2.42,0.59,Cerrado,2.7
233046b3-d7b9-3ad1-8d4e-50032341a373, -12.332770, -44.592250,2026-05-06 16:20:00,NPP-375,BAIANÓPOLIS,BAHIA,Brasil,2902500,29,33,18,0.0,0.65,Cerrado,15.8
d2cf8af8-0d4d-36a0-8ef7-9829e419d905, -10.551040, -49.727970,2026-05-06 16:20:00,NPP-375,LAGOA DA CONFUSÃO,TOCANTINS,Brasil,1711902,17,33,6,0.0,0.57,Cerrado,33.5
e236ddbc-b91f-3062-b761-cb3e38f0dd3d, -10.624950, -49.828090,2026-05-06 16:20:00,NPP-375,LAGOA DA CONFUSÃO,TOCANTINS,Brasil,1711902,17,33,6,0.0,0.65,Cerrado,4.1
e131981c-0dc7-3d18-b70b-6c65174dd972, -15.777080, -47.790310,2026-05-06 16:20:00,NPP-375,BRASÍLIA,DISTRITO FEDERAL,Brasil,5300108,53,33,14,0.0,-999.0,Cerrado,4.7
77f9670c-bec6-37bc-9b65-568e5b9500cb, -10.627410, -47.028900,2026-05-06 16:20:00,NPP-375,PONTE ALTA DO TOCANTINS,TOCANTINS,Brasil,1717909,17,33,8,0.0,0.48,Cerrado,10.2
b826cb2a-c81e-3039-9ee9-819aefa66246, -13.180620, -52.686710,2026-05-06 16:20:00,NPP-375,CANARANA,MATO GROSSO,Brasil,5102702,51,33,7,0.0,0.2,Amazônia,64.8
fd309f62-d4b5-33a8-bdef-dbcc7741b5b7, -10.668130, -46.987340,2026-05-06 16:20:00,NPP-375,PONTE ALTA DO TOCANTINS,TOCANTINS,Brasil,1717909,17,33,8,0.0,0.48,Cerrado,10.8
7d31a1aa-63b0-300e-b7e4-ff231acac128, -10.630470, -49.827410,2026-05-06 16:20:00,NPP-375,LAGOA DA CONFUSÃO,TOCANTINS,Brasil,1711902,17,33,6,0.0,0.66,Cerrado,4.1
2f6dad6d-b4de-3755-9689-27912b895611, -10.551120, -49.728570,2026-05-06 16:20:00,NPP-375,LAGOA DA CONFUSÃO,TOCANTINS,Brasil,1711902,17,33,6,0.0,0.57,Cerrado,48.5
f7f1ece6-0227-3085-aeca-762d1cc0b366,  -9.672560, -37.082620,2026-05-06 16:20:00,NPP-375,BATALHA,ALAGOAS,Brasil,2700706,27,33,2,0.3,0.88,Caatinga,8.3
47eb23d3-c80c-399a-91f4-693eb32a16b0, -10.406930, -49.871130,2026-05-06 16:20:00,NPP-375,PIUM,TOCANTINS,Brasil,1717503,17,33,7,0.0,0.43,Cerrado,15.4
5fda28e5-03d9-3b7f-940e-2171d366d901, -10.818510, -49.335280,2026-05-06 16:20:00,NPP-375,SANTA RITA DO TOCANTINS,TOCANTINS,Brasil,1718899,17,33,3,0.0,0.2,Cerrado,11.6
0f7288ce-4d88-3d75-aa5a-a1557e26a5ba, -10.923920, -49.850450,2026-05-06 16:20:00,NPP-375,LAGOA DA CONFUSÃO,TOCANTINS,Brasil,1711902,17,33,5,0.0,0.78,Cerrado,6.1
42ad6df8-9b58-324f-9fba-8cd25d23c468, -12.505410, -45.432300,2026-05-06 16:20:00,NPP-375,SÃO DESIDÉRIO,BAHIA,Brasil,2928901,29,33,17,0.0,0.64,Cerrado,12.5
9b367ef6-7002-352c-be83-2a48f28e14d3, -12.500680, -45.428940,2026-05-06 16:20:00,NPP-375,SÃO DESIDÉRIO,BAHIA,Brasil,2928901,29,33,17,0.0,0.63,Cerrado,12.5
468ac417-d11b-3413-bcc3-e50634008d57, -11.417860, -49.695880,2026-05-06 16:20:00,NPP-375,FORMOSO DO ARAGUAIA,TOCANTINS,Brasil,1708205,17,33,7,0.0,0.44,Cerrado,3.6
46176e8e-94ab-3973-ab83-39049eb4be26, -10.663580, -46.987920,2026-05-06 16:20:00,NPP-375,PONTE ALTA DO TOCANTINS,TOCANTINS,Brasil,1717909,17,33,8,0.0,0.48,Cerrado,10.8
cb5ef346-0f2b-3940-88d7-0420da650eb5, -11.833480, -49.767710,2026-05-06 16:20:00,NPP-375,FORMOSO DO ARAGUAIA,TOCANTINS,Brasil,1708205,17,33,7,0.0,0.96,Cerrado,11.8
7161dcd9-5683-3c4a-b42b-91feffcb9870, -13.899270, -48.211590,2026-05-06 16:20:00,NPP-375,COLINAS DO SUL,GOIÁS,Brasil,5205521,52,33,9,0.0,0.41,Cerrado,4.6
80784659-b868-33a2-b03c-09fd8916f3f2, -15.676880, -43.806950,2026-05-06 16:20:00,NPP-375,VERDELÂNDIA,MINAS GERAIS,Brasil,3171030,31,33,26,0.0,0.79,Caatinga,4.5
cd33fbb8-d3ff-3f3a-85f4-db27757f058b, -10.671200, -47.010440,2026-05-06 16:20:00,NPP-375,PONTE ALTA DO TOCANTINS,TOCANTINS,Brasil,1717909,17,33,8,0.0,0.47,Cerrado,4.8
648b174a-eb1a-3380-b0a7-8e273228cec7, -10.619840, -47.007900,2026-05-06 16:20:00,NPP-375,PONTE ALTA DO TOCANTINS,TOCANTINS,Brasil,1717909,17,33,8,0.0,0.48,Cerrado,17.0
8423ed3c-796d-3cc0-902e-8ebff22e01d8, -13.272640, -43.322410,2026-05-06 16:20:00,NPP-375,BOM JESUS DA LAPA,BAHIA,Brasil,2903904,29,33,17,0.0,0.99,Caatinga,4.0
76541029-37be-3cb2-889c-0eb62f4e3335, -13.853750, -48.181400,2026-05-06 16:20:00,NPP-375,COLINAS DO SUL,GOIÁS,Brasil,5205521,52,33,9,0.0,0.4,Cerrado,5.7
769f676e-3c4c-3a62-bd28-25f0e0145004, -10.655150, -47.065030,2026-05-06 16:20:00,NPP-375,PONTE ALTA DO TOCANTINS,TOCANTINS,Brasil,1717909,17,33,8,0.0,0.45,Cerrado,5.4
fd5a446d-a0b7-315a-a093-9070fa2ebcef, -10.928560, -49.842410,2026-05-06 16:20:00,NPP-375,LAGOA DA CONFUSÃO,TOCANTINS,Brasil,1711902,17,33,5,0.0,0.86,Cerrado,15.8
d713d0a8-7df1-36b7-8749-c2d73c2d6163, -10.604100, -46.994070,2026-05-06 16:20:00,NPP-375,PONTE ALTA DO TOCANTINS,TOCANTINS,Brasil,1717909,17,33,8,0.0,0.47,Cerrado,12.1
5ea91aeb-039d-364d-b5d9-bdfe4a903888, -11.290410, -48.252250,2026-05-06 16:20:00,NPP-375,SANTA ROSA DO TOCANTINS,TOCANTINS,Brasil,1718907,17,33,7,0.0,0.2,Cerrado,6.6
9310eaa2-aedd-391d-9c7a-19ce87d959ca, -10.465590, -49.667400,2026-05-06 16:20:00,NPP-375,PIUM,TOCANTINS,Brasil,1717503,17,33,7,0.0,0.19,Cerrado,3.9
bb8cad60-5854-34e7-b484-4beaf72b086d, -10.551580, -49.732130,2026-05-06 16:20:00,NPP-375,LAGOA DA CONFUSÃO,TOCANTINS,Brasil,1711902,17,33,6,0.0,0.57,Cerrado,35.1
9236dbe4-c75d-330d-a34a-05fe02f7a74c, -10.684900, -47.008810,2026-05-06 16:20:00,NPP-375,PONTE ALTA DO TOCANTINS,TOCANTINS,Brasil,1717909,17,33,8,0.0,0.47,Cerrado,4.3
7739a905-453a-3322-beee-28bdc6ff3c67, -10.466030, -49.670950,2026-05-06 16:20:00,NPP-375,PIUM,TOCANTINS,Brasil,1717503,17,33,7,0.0,0.23,Cerrado,5.7
ece08e9d-c7ec-34be-85cc-b860085d5291, -10.826820, -49.701150,2026-05-06 16:20:00,NPP-375,LAGOA DA CONFUSÃO,TOCANTINS,Brasil,1711902,17,33,3,0.0,0.82,Cerrado,3.9
eb087483-4f59-3bd5-9402-6daafdae7b47, -11.605340, -48.054900,2026-05-06 16:20:00,NPP-375,CHAPADA DA NATIVIDADE,TOCANTINS,Brasil,1705102,17,33,8,0.0,0.43,Cerrado,37.9
cc3e9362-0132-3aab-ba9b-69df1e2c1691, -10.873640, -49.669340,2026-05-06 16:20:00,NPP-375,LAGOA DA CONFUSÃO,TOCANTINS,Brasil,1711902,17,33,2,0.0,0.69,Cerrado,22.4
ea9d5708-263a-3f91-9579-cae95ad3c637, -13.888570, -48.210040,2026-05-06 16:20:00,NPP-375,COLINAS DO SUL,GOIÁS,Brasil,5205521,52,33,9,0.0,0.42,Cerrado,5.9
57310c0b-a286-3821-9846-53be69bf0d59, -11.799870, -43.618520,2026-05-06 16:20:00,NPP-375,BARRA,BAHIA,Brasil,2902708,29,33,18,2.2,0.48,Cerrado,5.2
0106a625-75a4-3d9e-b668-3917f94d27ec, -11.620820, -48.055980,2026-05-06 16:20:00,NPP-375,CHAPADA DA NATIVIDADE,TOCANTINS,Brasil,1705102,17,33,7,0.0,0.46,Cerrado,6.3
644a81f7-0aa9-3404-9c8b-c645914e4462, -12.351220, -50.031620,2026-05-06 16:20:00,NPP-375,SANDOLÂNDIA,TOCANTINS,Brasil,1718840,17,33,7,0.0,0.45,Cerrado,6.1
fec1db7a-d296-3a41-b679-6fdea958d1a2, -13.844920, -48.166210,2026-05-06 16:20:00,NPP-375,COLINAS DO SUL,GOIÁS,Brasil,5205521,52,33,9,0.0,0.39,Cerrado,10.1
a0e52d1f-7200-3114-971e-17c166fd34ed, -10.566230, -46.492340,2026-05-06 16:20:00,NPP-375,MATEIROS,TOCANTINS,Brasil,1712702,17,33,15,0.0,0.66,Cerrado,9.1
f376d5ac-2bcd-336d-9204-b937dc2a436d, -10.661910, -49.856350,2026-05-06 16:20:00,NPP-375,LAGOA DA CONFUSÃO,TOCANTINS,Brasil,1711902,17,33,6,0.0,0.68,Cerrado,5.8
cb3c14da-4d8d-3068-baaa-120c65429a40, -10.619660, -47.006230,2026-05-06 16:20:00,NPP-375,PONTE ALTA DO TOCANTINS,TOCANTINS,Brasil,1717909,17,33,8,0.0,0.48,Cerrado,7.8
6e228001-b597-3921-a6e5-c51b06a3839d, -10.609530, -46.999760,2026-05-06 16:20:00,NPP-375,PONTE ALTA DO TOCANTINS,TOCANTINS,Brasil,1717909,17,33,8,0.0,0.47,Cerrado,7.6
3773d54d-a373-323d-b563-931c0fba5dc4, -13.781770, -48.163630,2026-05-06 16:20:00,NPP-375,COLINAS DO SUL,GOIÁS,Brasil,5205521,52,33,9,0.0,0.31,Cerrado,2.8
5f0c244d-be71-3fee-84f2-a4e542c883b8, -10.680330, -47.009320,2026-05-06 16:20:00,NPP-375,PONTE ALTA DO TOCANTINS,TOCANTINS,Brasil,1717909,17,33,8,0.0,0.47,Cerrado,8.6
7e7a2e05-1e76-31fa-bb70-936e15d149b1, -10.401410, -49.871820,2026-05-06 16:20:00,NPP-375,PIUM,TOCANTINS,Brasil,1717503,17,33,7,0.0,0.43,Cerrado,16.5
bc030254-37c1-3fb7-8fc4-909bc05c323b, -10.474250, -49.781630,2026-05-06 16:20:00,NPP-375,PIUM,TOCANTINS,Brasil,1717503,17,33,7,0.0,0.28,Cerrado,22.7
fa9a00bd-8fe3-3413-937d-24b7948b9804, -10.682420, -46.990220,2026-05-06 16:20:00,NPP-375,PONTE ALTA DO TOCANTINS,TOCANTINS,Brasil,1717909,17,33,8,0.0,0.47,Cerrado,9.9
46d120d8-9715-31e7-b546-dfb6f87c93e9, -10.607930, -49.826530,2026-05-06 16:20:00,NPP-375,LAGOA DA CONFUSÃO,TOCANTINS,Brasil,1711902,17,33,6,0.0,0.62,Cerrado,7.2
1f5f8974-0c01-3b67-85ae-45715d69398d, -13.852880, -48.173830,2026-05-06 16:20:00,NPP-375,COLINAS DO SUL,GOIÁS,Brasil,5205521,52,33,9,0.0,0.4,Cerrado,5.7
5b106191-575f-30f8-a633-865e51705f3b, -10.879130, -49.668650,2026-05-06 16:20:00,NPP-375,LAGOA DA CONFUSÃO,TOCANTINS,Brasil,1711902,17,33,2,0.0,0.77,Cerrado,13.9
07a2bc84-58cf-34f6-b8b2-713708843d4b, -14.028210, -47.593590,2026-05-06 16:20:00,NPP-375,CAVALCANTE,GOIÁS,Brasil,5205307,52,33,9,0.0,0.56,Cerrado,14.7
7ce7b734-c9ff-31fb-b88f-040c5cc5f01d,  -9.469100, -36.960140,2026-05-06 16:20:00,NPP-375,CACIMBINHAS,ALAGOAS,Brasil,2701209,27,33,2,0.0,1.0,Caatinga,8.5
60ac569c-5503-3ae2-a7e1-15c5560b23ae, -13.823710, -48.164050,2026-05-06 16:20:00,NPP-375,COLINAS DO SUL,GOIÁS,Brasil,5205521,52,33,9,0.0,0.39,Cerrado,2.4
b9200121-3958-3525-aa40-a2fbbe0ef009, -16.347470, -48.903710,2026-05-06 16:20:00,NPP-375,ANÁPOLIS,GOIÁS,Brasil,5201108,52,33,18,0.0,-999.0,Cerrado,3.2
873eb728-34f7-3662-bb62-3b800b647811,  -9.033040, -36.896690,2026-05-06 16:20:00,NPP-375,IATI,PERNAMBUCO,Brasil,2606507,26,33,3,0.0,1.0,Caatinga,6.4
29bd7c75-a743-36a3-9f1a-93a4f8990dfd, -14.859250, -48.542170,2026-05-06 16:20:00,NPP-375,NIQUELÂNDIA,GOIÁS,Brasil,5214606,52,33,24,0.0,0.48,Cerrado,6.2
c1b3e3cb-3a96-356a-8164-e28d83dfc830, -10.683030, -46.994830,2026-05-06 16:20:00,NPP-375,PONTE ALTA DO TOCANTINS,TOCANTINS,Brasil,1717909,17,33,8,0.0,0.47,Cerrado,9.9
59a29d03-7705-32b0-a8ea-212c061e6074,  -8.928770, -36.967620,2026-05-06 16:20:00,NPP-375,ÁGUAS BELAS,PERNAMBUCO,Brasil,2600500,26,33,2,0.0,0.92,Caatinga,37.0
c7e9be30-d3d3-3154-ba47-f2269e77bf1e, -10.588360, -44.329140,2026-05-06 16:20:00,NPP-375,SANTA RITA DE CÁSSIA,BAHIA,Brasil,2928406,29,33,16,0.0,0.41,Cerrado,4.1
19d9d3e7-1599-3fd9-a90d-46ac8b6d717b, -14.232320, -43.650710,2026-05-06 16:20:00,NPP-375,MALHADA,BAHIA,Brasil,2920205,29,33,32,0.0,1.0,Cerrado,9.9
bde1f5f0-b442-37af-92c4-3eaac100be08, -11.195380, -46.787440,2026-05-06 16:20:00,NPP-375,ALMAS,TOCANTINS,Brasil,1700400,17,33,8,0.0,0.37,Cerrado,9.0
42f8f7fc-6c49-348c-8db9-9b086a88225a, -10.533770, -49.723500,2026-05-06 16:20:00,NPP-375,LAGOA DA CONFUSÃO,TOCANTINS,Brasil,1711902,17,33,7,0.0,0.53,Cerrado,4.2
a2322bdc-5e26-3c8a-827b-3baebf304d44, -13.693950, -52.585770,2026-05-06 16:20:00,NPP-375,ÁGUA BOA,MATO GROSSO,Brasil,5100201,51,33,7,0.0,0.69,Cerrado,20.0
cf1c4bac-f3d8-34c5-8bd5-e9e7165ecdd6, -10.813140, -49.335870,2026-05-06 16:20:00,NPP-375,SANTA RITA DO TOCANTINS,TOCANTINS,Brasil,1718899,17,33,3,0.0,0.2,Cerrado,6.4
e2fcbdc4-02d8-3abd-a0ba-32e099ac5007, -10.939720, -49.435720,2026-05-06 16:20:00,NPP-375,SANTA RITA DO TOCANTINS,TOCANTINS,Brasil,1718899,17,33,2,0.0,0.26,Cerrado,11.5
b52cfdba-07b9-385a-b8f5-7ed62fbd5d7c, -10.619250, -47.003250,2026-05-06 16:20:00,NPP-375,PONTE ALTA DO TOCANTINS,TOCANTINS,Brasil,1717909,17,33,8,0.0,0.48,Cerrado,8.3
5895ebc1-4fdf-34bb-973d-47de3373034d, -10.869360, -49.684990,2026-05-06 16:20:00,NPP-375,LAGOA DA CONFUSÃO,TOCANTINS,Brasil,1711902,17,33,2,0.0,0.69,Cerrado,11.2
7996ea55-1444-376d-93fb-cb9dafa31442, -10.627420, -47.030630,2026-05-06 16:20:00,NPP-375,PONTE ALTA DO TOCANTINS,TOCANTINS,Brasil,1717909,17,33,8,0.0,0.48,Cerrado,7.7
f98a4b5c-d4a9-3c20-a525-6e9cde5109fc,  -9.674040, -40.604390,2026-05-06 16:20:00,NPP-375,JUAZEIRO,BAHIA,Brasil,2918407,29,33,3,0.0,1.0,Caatinga,2.8
c836b8da-3b4c-3399-a58d-561b7b7a2cf2,  -9.750130, -43.975760,2026-05-06 16:20:00,NPP-375,MORRO CABEÇA NO TEMPO,PIAUÍ,Brasil,2206654,22,33,12,0.0,0.5,Cerrado,5.9
7b082fd1-ee39-3284-a7c0-1ae7d34f07c0, -10.546000, -49.732230,2026-05-06 16:20:00,NPP-375,LAGOA DA CONFUSÃO,TOCANTINS,Brasil,1711902,17,33,6,0.0,0.56,Cerrado,52.9
53bf5b25-a536-3c2d-8195-ec561f4631ef, -10.826370, -49.697570,2026-05-06 16:20:00,NPP-375,LAGOA DA CONFUSÃO,TOCANTINS,Brasil,1711902,17,33,3,0.0,0.82,Cerrado,3.9
f723c828-1ace-382a-962c-336da084db2b, -14.862130, -48.539620,2026-05-06 16:20:00,NPP-375,NIQUELÂNDIA,GOIÁS,Brasil,5214606,52,33,24,0.0,0.48,Cerrado,11.8
9e7e46c4-3724-3ef2-84ce-246305ecbb73, -10.934310, -49.436390,2026-05-06 16:20:00,NPP-375,SANTA RITA DO TOCANTINS,TOCANTINS,Brasil,1718899,17,33,2,0.0,0.26,Cerrado,11.5
7b1fb361-105d-3aa6-b9b4-be1a3974539a, -10.685520, -47.013430,2026-05-06 16:20:00,NPP-375,PONTE ALTA DO TOCANTINS,TOCANTINS,Brasil,1717909,17,33,8,0.0,0.47,Cerrado,4.3
a92ce893-97dd-388e-a43f-e5754b9fa790, -12.504890, -45.428400,2026-05-06 16:20:00,NPP-375,SÃO DESIDÉRIO,BAHIA,Brasil,2928901,29,33,17,0.0,0.63,Cerrado,12.5
5ac24b42-6013-3fa7-9927-b0319529a30b, -13.829730, -49.390730,2026-05-06 16:20:00,NPP-375,AMARALINA,GOIÁS,Brasil,5200829,52,33,18,0.0,0.75,Cerrado,6.8
a71d2e60-6e75-32bc-aed7-994b2809b50c, -13.762140, -48.174660,2026-05-06 16:20:00,NPP-375,MINAÇU,GOIÁS,Brasil,5213087,52,33,9,0.0,0.19,Cerrado,1.2
d56fc73e-ff0f-3101-91ea-79f49214625c, -10.677860, -46.990790,2026-05-06 16:20:00,NPP-375,PONTE ALTA DO TOCANTINS,TOCANTINS,Brasil,1717909,17,33,8,0.0,0.47,Cerrado,10.1
3edf3d25-72cd-3366-ac8c-1280a5107f4c, -12.998930, -42.463700,2026-05-06 16:20:00,NPP-375,MACAÚBAS,BAHIA,Brasil,2919801,29,33,17,0.0,0.99,Caatinga,2.2
8421b9db-48ee-356a-a918-dff33f8b1357, -13.700710, -52.599010,2026-05-06 16:20:00,NPP-375,ÁGUA BOA,MATO GROSSO,Brasil,5100201,51,33,7,0.0,0.45,Cerrado,3.3
dce46727-a3ff-3085-af30-bd702898d6ab, -10.619020, -47.001560,2026-05-06 16:20:00,NPP-375,PONTE ALTA DO TOCANTINS,TOCANTINS,Brasil,1717909,17,33,8,0.0,0.48,Cerrado,6.1
28fda23c-7a06-382c-b5ce-144ff5759a75, -10.626820, -47.025950,2026-05-06 16:20:00,NPP-375,PONTE ALTA DO TOCANTINS,TOCANTINS,Brasil,1717909,17,33,8,0.0,0.48,Cerrado,7.7
40894dc3-1550-3260-ab76-64f1bbe2ec34, -12.682610, -45.477080,2026-05-06 16:20:00,NPP-375,SÃO DESIDÉRIO,BAHIA,Brasil,2928901,29,33,15,0.0,0.64,Cerrado,9.5
404f7a67-d8b8-330a-8f3c-ac4c9299a3c3, -11.605940, -48.058150,2026-05-06 16:20:00,NPP-375,CHAPADA DA NATIVIDADE,TOCANTINS,Brasil,1705102,17,33,8,0.0,0.44,Cerrado,14.9
a9ba5171-8dca-3f09-93df-4a1969d240e0, -10.912810, -49.851820,2026-05-06 16:20:00,NPP-375,LAGOA DA CONFUSÃO,TOCANTINS,Brasil,1711902,17,33,5,0.0,0.82,Cerrado,13.1
73922e76-ad98-3a75-9b1c-3910a4d03ada,  -9.103410, -40.520000,2026-05-06 16:20:00,NPP-375,PETROLINA,PERNAMBUCO,Brasil,2611101,26,33,3,0.0,1.0,Caatinga,4.7
92f21ca7-6d4b-31a3-a254-80218d6f8d1a, -10.407390, -49.874750,2026-05-06 16:20:00,NPP-375,PIUM,TOCANTINS,Brasil,1717503,17,33,7,0.0,0.44,Cerrado,15.0
33298c49-3139-38e2-a065-672b03fe783c, -13.851510, -48.177240,2026-05-06 16:20:00,NPP-375,COLINAS DO SUL,GOIÁS,Brasil,5205521,52,33,9,0.0,0.4,Cerrado,7.9
1ba923c8-0946-3c42-8c14-461bb5dd0791, -13.181120, -52.685160,2026-05-06 16:20:00,NPP-375,CANARANA,MATO GROSSO,Brasil,5102702,51,33,7,0.0,0.2,Amazônia,33.8
c671cae3-5bf6-3a95-b237-65e6ba6a4ee1, -13.848670, -48.283160,2026-05-06 16:20:00,NPP-375,COLINAS DO SUL,GOIÁS,Brasil,5205521,52,33,9,0.0,0.31,Cerrado,6.9
d2368a0c-2e0c-3a3c-8276-f402532d729c, -11.471200, -47.328640,2026-05-06 16:20:00,NPP-375,ALMAS,TOCANTINS,Brasil,1700400,17,33,8,0.0,0.66,Cerrado,6.9
35aded15-e5fe-309e-82fb-2e701f39be6c,  -9.063170, -36.800500,2026-05-06 16:20:00,NPP-375,IATI,PERNAMBUCO,Brasil,2606507,26,33,2,0.01,0.69,Caatinga,9.7
0d4ff352-2c38-3757-bab6-e3ac94c87dc5, -11.616000, -48.059110,2026-05-06 16:20:00,NPP-375,CHAPADA DA NATIVIDADE,TOCANTINS,Brasil,1705102,17,33,8,0.0,0.46,Cerrado,33.0
735e0d48-0648-3f0d-b3f2-01609f3e3d56, -11.610200, -48.051750,2026-05-06 16:20:00,NPP-375,CHAPADA DA NATIVIDADE,TOCANTINS,Brasil,1705102,17,33,8,0.0,0.43,Cerrado,43.5
50114a06-234e-3dc3-803d-76103eec4d79, -10.668730, -46.991890,2026-05-06 16:20:00,NPP-375,PONTE ALTA DO TOCANTINS,TOCANTINS,Brasil,1717909,17,33,8,0.0,0.48,Cerrado,9.5
035d5559-e292-34a2-b8b4-8b97797ccc5e, -10.624850, -47.010220,2026-05-06 16:20:00,NPP-375,PONTE ALTA DO TOCANTINS,TOCANTINS,Brasil,1717909,17,33,8,0.0,0.48,Cerrado,16.1
46f94de6-6326-3aae-a2f3-d4d8571624fe, -10.934740, -49.439880,2026-05-06 16:20:00,NPP-375,SANTA RITA DO TOCANTINS,TOCANTINS,Brasil,1718899,17,33,2,0.0,0.26,Cerrado,7.9
2e9cf1a5-8668-3b42-bac8-8639b6a6a534, -13.181720, -52.691140,2026-05-06 16:20:00,NPP-375,CANARANA,MATO GROSSO,Brasil,5102702,51,33,7,0.0,0.2,Amazônia,33.8
14fc1cbc-6a27-337f-8393-790c8e56abc9, -10.673010, -47.024070,2026-05-06 16:20:00,NPP-375,PONTE ALTA DO TOCANTINS,TOCANTINS,Brasil,1717909,17,33,8,0.0,0.47,Cerrado,16.5
a7f485ce-0cf0-3211-a41d-93987f8bce1f, -11.835320, -49.764480,2026-05-06 16:20:00,NPP-375,FORMOSO DO ARAGUAIA,TOCANTINS,Brasil,1708205,17,33,7,0.0,0.93,Cerrado,31.7
cb100232-e521-3d17-bc23-c340a72eab88, -10.788010, -49.793740,2026-05-06 16:20:00,NPP-375,LAGOA DA CONFUSÃO,TOCANTINS,Brasil,1711902,17,33,3,0.0,0.59,Cerrado,15.5
ae985673-a0fc-335c-bdec-5c8daf01c4e3, -10.652630, -46.975150,2026-05-06 16:20:00,NPP-375,PONTE ALTA DO TOCANTINS,TOCANTINS,Brasil,1717909,17,33,8,0.0,0.48,Cerrado,12.8
1f600240-7c43-377c-8002-0ff1f04adc21, -11.610300, -48.054180,2026-05-06 16:20:00,NPP-375,CHAPADA DA NATIVIDADE,TOCANTINS,Brasil,1705102,17,33,8,0.0,0.43,Cerrado,33.0
575ad157-8cbc-3518-b228-ae9baa4d7948, -10.686550, -47.056020,2026-05-06 16:20:00,NPP-375,PONTE ALTA DO TOCANTINS,TOCANTINS,Brasil,1717909,17,33,8,0.0,0.46,Cerrado,5.6
acde9a37-548d-366f-a0e8-d3f1c56b82db, -13.846840, -48.181880,2026-05-06 16:20:00,NPP-375,COLINAS DO SUL,GOIÁS,Brasil,5205521,52,33,9,0.0,0.39,Cerrado,5.0
597aef95-650f-368a-8aed-72ecb8d07561, -14.203590, -51.019430,2026-05-06 16:20:00,NPP-375,COCALINHO,MATO GROSSO,Brasil,5103106,51,33,14,0.0,1.0,Cerrado,5.2
4b8b871f-3b8e-349f-8541-36a432c5208e, -11.208790, -49.405570,2026-05-06 16:20:00,NPP-375,DUERÉ,TOCANTINS,Brasil,1707306,17,33,8,0.0,0.45,Cerrado,4.3
3499eed1-2dfd-314e-915e-e4312082bf77, -10.825920, -49.694000,2026-05-06 16:20:00,NPP-375,LAGOA DA CONFUSÃO,TOCANTINS,Brasil,1711902,17,33,3,0.0,0.81,Cerrado,6.3
17e7e154-aa09-3bed-a6a7-c6d5844c4fda, -12.328810, -44.592880,2026-05-06 16:20:00,NPP-375,BAIANÓPOLIS,BAHIA,Brasil,2902500,29,33,18,0.0,0.7,Cerrado,15.8
a23d442d-1cfc-32ee-a1e9-a16c9749aa2e,  -9.958850, -37.563190,2026-05-06 16:20:00,NPP-375,PORTO DA FOLHA,SERGIPE,Brasil,2805604,28,33,0,1.95,0.78,Caatinga,5.5
fa2a2068-700e-37b4-ac14-7d0ed9bc25ff,  -8.971470, -38.703610,2026-05-06 16:20:00,NPP-375,RODELAS,BAHIA,Brasil,2927101,29,33,5,0.0,1.0,Caatinga,3.4
6b69cdcd-b631-3d4e-8cf9-b9fbd98e892c, -10.869900, -49.684320,2026-05-06 16:20:00,NPP-375,LAGOA DA CONFUSÃO,TOCANTINS,Brasil,1711902,17,33,2,0.0,0.68,Cerrado,10.5
3770b8d1-9620-32fe-9048-2ee0b2fa2896, -13.893340, -48.205920,2026-05-06 16:20:00,NPP-375,COLINAS DO SUL,GOIÁS,Brasil,5205521,52,33,9,0.0,0.43,Cerrado,9.3
d4b96981-cf0e-349c-9e83-286379a8a48f, -10.787120, -49.786460,2026-05-06 16:20:00,NPP-375,LAGOA DA CONFUSÃO,TOCANTINS,Brasil,1711902,17,33,3,0.0,0.71,Cerrado,12.2
5f3e9f19-592d-3fd5-80aa-f064e8ec580e, -15.798890, -39.348260,2026-05-06 16:20:00,NPP-375,MASCOTE,BAHIA,Brasil,2920908,29,33,2,0.07,1.0,Mata Atlântica,5.3
435f96aa-9e26-3c42-9e3a-2a57db9ad882, -10.614470, -47.002160,2026-05-06 16:20:00,NPP-375,PONTE ALTA DO TOCANTINS,TOCANTINS,Brasil,1717909,17,33,8,0.0,0.48,Cerrado,6.1
7c4ad979-59e4-3ad7-b229-7edf844c6114, -14.688720, -46.162460,2026-05-06 16:20:00,NPP-375,SÍTIO D'ABADIA,GOIÁS,Brasil,5220702,52,33,12,0.0,0.86,Cerrado,5.4
dc225e9d-e297-3de8-9bd8-fc06a1b8e24a, -14.687890, -46.160390,2026-05-06 16:20:00,NPP-375,SÍTIO D'ABADIA,GOIÁS,Brasil,5220702,52,33,12,0.0,0.82,Cerrado,9.8
77f39211-6fb1-3a5b-b87a-2ecbaaeb1537, -10.486900, -49.361170,2026-05-06 16:20:00,NPP-375,CRISTALÂNDIA,TOCANTINS,Brasil,1706100,17,33,7,0.0,0.21,Cerrado,4.6
8c7b586a-66d4-3927-a544-caaa8ed61ea2, -10.679720, -47.004710,2026-05-06 16:20:00,NPP-375,PONTE ALTA DO TOCANTINS,TOCANTINS,Brasil,1717909,17,33,8,0.0,0.47,Cerrado,9.1
be98c60b-4a35-3728-99eb-608f3598fbeb, -12.501200, -45.432850,2026-05-06 16:20:00,NPP-375,SÃO DESIDÉRIO,BAHIA,Brasil,2928901,29,33,17,0.0,0.63,Cerrado,12.5
f23cd7a5-0e14-36a5-9547-b8815a2ffec3, -11.833040, -49.763970,2026-05-06 16:20:00,NPP-375,FORMOSO DO ARAGUAIA,TOCANTINS,Brasil,1708205,17,33,7,0.0,0.91,Cerrado,11.8
ffb2fc6b-d33e-3668-b452-87dd34de0929, -10.528520, -46.345010,2026-05-06 16:20:00,NPP-375,MATEIROS,TOCANTINS,Brasil,1712702,17,33,15,0.0,0.77,Cerrado,11.8
5eeced49-1b23-3852-af88-81fd645e6ef7, -13.824030, -48.166750,2026-05-06 16:20:00,NPP-375,COLINAS DO SUL,GOIÁS,Brasil,5205521,52,33,9,0.0,0.39,Cerrado,2.4
2b301d4c-e24b-39ce-a782-39714ae9e369, -10.923460, -49.846730,2026-05-06 16:20:00,NPP-375,LAGOA DA CONFUSÃO,TOCANTINS,Brasil,1711902,17,33,5,0.0,0.79,Cerrado,6.1
4d6581d1-7832-38f3-a7de-e5e274423015, -12.505930, -45.436210,2026-05-06 16:20:00,NPP-375,SÃO DESIDÉRIO,BAHIA,Brasil,2928901,29,33,17,0.0,0.64,Cerrado,6.9
23e1ea7c-0389-344f-9cfc-3d9e89949641, -13.846330, -48.177720,2026-05-06 16:20:00,NPP-375,COLINAS DO SUL,GOIÁS,Brasil,5205521,52,33,9,0.0,0.39,Cerrado,5.0
ed46c4b4-7836-3a71-b3b3-58c605b0fc95, -17.427390, -47.851700,2026-05-06 16:20:00,NPP-375,CAMPO ALEGRE DE GOIÁS,GOIÁS,Brasil,5204805,52,33,25,0.0,1.0,Cerrado,2.8
a7395f3c-82bc-3031-b72d-8d26411bdb92, -12.921400, -49.484380,2026-05-06 16:20:00,NPP-375,ARAGUAÇU,TOCANTINS,Brasil,1702000,17,33,11,0.0,0.64,Cerrado,4.4
a1be0f6c-721a-3ed8-8114-ec66dccd73e0, -10.672410, -47.019570,2026-05-06 16:20:00,NPP-375,PONTE ALTA DO TOCANTINS,TOCANTINS,Brasil,1717909,17,33,8,0.0,0.47,Cerrado,16.5
b70b1f32-e803-3d14-8fa0-19d3ea8720c0, -12.915840, -49.485110,2026-05-06 16:20:00,NPP-375,ARAGUAÇU,TOCANTINS,Brasil,1702000,17,33,11,0.0,0.52,Cerrado,4.4
1070a311-235d-3b42-b42a-47dd1e18170e, -10.608930, -46.995110,2026-05-06 16:20:00,NPP-375,PONTE ALTA DO TOCANTINS,TOCANTINS,Brasil,1717909,17,33,8,0.0,0.47,Cerrado,9.8
45f3ff8e-b987-3122-9a40-213e4cb9b52f, -10.790150, -49.720230,2026-05-06 16:20:00,NPP-375,LAGOA DA CONFUSÃO,TOCANTINS,Brasil,1711902,17,33,4,0.0,0.6,Cerrado,7.4
e0c09bfc-bd9b-3dc7-83aa-f8430aa36956, -14.127320, -45.350890,2026-05-06 16:20:00,NPP-375,JABORANDI,BAHIA,Brasil,2917359,29,33,25,0.0,0.81,Cerrado,6.6
fabff210-777b-3774-8740-757bd62faded, -13.812460, -48.157630,2026-05-06 16:20:00,NPP-375,COLINAS DO SUL,GOIÁS,Brasil,5205521,52,33,8,0.0,0.39,Cerrado,3.4
c0d3c446-bd97-3d81-b4f1-c70b23361551, -12.350740, -50.027610,2026-05-06 16:20:00,NPP-375,SANDOLÂNDIA,TOCANTINS,Brasil,1718840,17,33,7,0.0,0.47,Cerrado,13.1
9a485e3c-5e4b-3300-8c49-2ccb0a34be3d, -10.938360, -49.436750,2026-05-06 16:20:00,NPP-375,SANTA RITA DO TOCANTINS,TOCANTINS,Brasil,1718899,17,33,2,0.0,0.26,Cerrado,24.4
43902064-d431-3b1b-a903-c2bec0bcb7bb, -14.149050, -52.891170,2026-05-06 16:20:00,NPP-375,ÁGUA BOA,MATO GROSSO,Brasil,5100201,51,33,16,0.0,0.77,Cerrado,4.4
ccf2c250-615a-3d55-9e48-9d0f31f0367f, -12.414100, -49.670440,2026-05-06 16:20:00,NPP-375,SANDOLÂNDIA,TOCANTINS,Brasil,1718840,17,33,10,0.0,0.46,Cerrado,5.2
e1f5c445-2c63-314b-b2a4-5d9ff738db78, -10.625000, -47.011910,2026-05-06 16:20:00,NPP-375,PONTE ALTA DO TOCANTINS,TOCANTINS,Brasil,1717909,17,33,8,0.0,0.48,Cerrado,17.0
f5316cad-0598-364b-98db-2f7e69977552,  -9.043720, -36.822290,2026-05-06 16:20:00,NPP-375,IATI,PERNAMBUCO,Brasil,2606507,26,33,1,0.0,0.23,Caatinga,6.4
41eca2be-0b0c-3e86-9e85-15b614d9cda7, -11.834850, -49.760750,2026-05-06 16:20:00,NPP-375,FORMOSO DO ARAGUAIA,TOCANTINS,Brasil,1708205,17,33,7,0.0,0.87,Cerrado,12.4
9da38220-4f18-3bd8-9cbc-6a507c18d04c, -10.939270, -49.443760,2026-05-06 16:20:00,NPP-375,SANTA RITA DO TOCANTINS,TOCANTINS,Brasil,1718899,17,33,2,0.0,0.27,Cerrado,9.8
37f956c0-1535-3156-8d1c-95b0afc14036, -10.929010, -49.846050,2026-05-06 16:20:00,NPP-375,LAGOA DA CONFUSÃO,TOCANTINS,Brasil,1711902,17,33,5,0.0,0.87,Cerrado,6.1
fbfece17-ffcc-38ed-bf37-cf20157b684c, -10.545560, -49.728660,2026-05-06 16:20:00,NPP-375,LAGOA DA CONFUSÃO,TOCANTINS,Brasil,1711902,17,33,6,0.0,0.56,Cerrado,33.5
63ce5a3d-07ce-3141-b26a-3f2068b3fcf4, -10.940150, -49.439210,2026-05-06 16:20:00,NPP-375,SANTA RITA DO TOCANTINS,TOCANTINS,Brasil,1718899,17,33,2,0.0,0.26,Cerrado,7.9
dbd91e84-0830-3c25-b5d2-cd78453db442, -10.671810, -47.015050,2026-05-06 16:20:00,NPP-375,PONTE ALTA DO TOCANTINS,TOCANTINS,Brasil,1717909,17,33,8,0.0,0.47,Cerrado,4.8
fbcc33f4-7ac1-3d6e-8212-a1ec8da5637e, -13.018390, -49.548460,2026-05-06 16:20:00,NPP-375,ARAGUAÇU,TOCANTINS,Brasil,1702000,17,33,18,0.0,1.0,Cerrado,4.9
c0bcafed-c44d-3ea6-a19b-f78f268c5481, -13.070000, -39.457400,2026-05-06 16:20:00,NPP-375,SÃO MIGUEL DAS MATAS,BAHIA,Brasil,2929404,29,33,0,2.22,0.81,Mata Atlântica,4.5
3a49cce2-206c-3af1-9102-e6d369b6b2f4,  -9.036760, -36.896080,2026-05-06 16:20:00,NPP-375,IATI,PERNAMBUCO,Brasil,2606507,26,33,3,0.0,1.0,Caatinga,12.8
f6b5880b-1933-3980-b89a-8c3800059548, -10.473360, -49.774490,2026-05-06 16:20:00,NPP-375,PIUM,TOCANTINS,Brasil,1717503,17,33,7,0.0,0.28,Cerrado,58.4
8be00508-0ec6-329f-8065-9844eddcfb6e, -10.471050, -49.666740,2026-05-06 16:20:00,NPP-375,PIUM,TOCANTINS,Brasil,1717503,17,33,7,0.0,0.2,Cerrado,3.9
d8df4b09-81ef-3245-94a2-e2174f1703b8, -11.937210, -40.582210,2026-05-06 16:20:00,NPP-375,MUNDO NOVO,BAHIA,Brasil,2922102,29,33,12,0.1,0.91,Caatinga,3.6
17da925a-e53d-3885-b790-838f6cfa84dc, -10.678520, -49.854260,2026-05-06 16:20:00,NPP-375,LAGOA DA CONFUSÃO,TOCANTINS,Brasil,1711902,17,33,5,0.0,0.7,Cerrado,5.5
9ebd80b9-7988-38f2-89e0-928a2ccc6b6a,  -9.733000, -37.269140,2026-05-06 16:20:00,NPP-375,PÃO DE AÇÚCAR,ALAGOAS,Brasil,2706406,27,33,2,0.7,0.57,Caatinga,3.9
86bbd88f-11bc-3d02-98d6-0e1531335d27, -10.653850, -46.984470,2026-05-06 16:20:00,NPP-375,PONTE ALTA DO TOCANTINS,TOCANTINS,Brasil,1717909,17,33,8,0.0,0.48,Cerrado,7.9
47bcea55-9984-3261-8f7a-f0641cdc14ea, -10.870340, -49.687920,2026-05-06 16:20:00,NPP-375,LAGOA DA CONFUSÃO,TOCANTINS,Brasil,1711902,17,33,2,0.0,0.77,Cerrado,10.5
ab4293f4-e43a-3a1b-bd71-7fa8c4e1dc2f, -10.534600, -49.730050,2026-05-06 16:20:00,NPP-375,LAGOA DA CONFUSÃO,TOCANTINS,Brasil,1711902,17,33,7,0.0,0.54,Cerrado,5.5
9b2d3b4e-add6-3706-ad6d-0e3aa2e8ad23, -10.242970, -47.416420,2026-05-06 16:20:00,NPP-375,LAGOA DO TOCANTINS,TOCANTINS,Brasil,1711951,17,33,8,0.0,0.48,Cerrado,15.6
e2f1ed6b-258d-39ae-b969-2877097e8756, -13.855690, -48.211190,2026-05-06 16:20:00,NPP-375,COLINAS DO SUL,GOIÁS,Brasil,5205521,52,33,9,0.0,0.4,Cerrado,5.1
1f899394-2e62-3fd5-b6ef-368d2d0db405, -11.615860, -48.056700,2026-05-06 16:20:00,NPP-375,CHAPADA DA NATIVIDADE,TOCANTINS,Brasil,1705102,17,33,8,0.0,0.45,Cerrado,6.3
1e422c86-a87e-3fe9-9a51-780bde5d4a0c, -11.933870, -40.582730,2026-05-06 16:20:00,NPP-375,MUNDO NOVO,BAHIA,Brasil,2922102,29,33,12,0.1,0.9,Caatinga,3.6
2e38c557-04d6-339f-abb5-8206d2d2f8b9, -10.240780, -47.418930,2026-05-06 16:20:00,NPP-375,LAGOA DO TOCANTINS,TOCANTINS,Brasil,1711951,17,33,8,0.0,0.48,Cerrado,4.5
f5b3733a-45df-3fa9-9338-40ec4241a4e7, -12.330860, -44.590080,2026-05-06 16:20:00,NPP-375,BAIANÓPOLIS,BAHIA,Brasil,2902500,29,33,18,0.0,0.63,Cerrado,33.3
230ddb54-0f85-3d04-809a-7556536b09c9, -10.878690, -49.665090,2026-05-06 16:20:00,NPP-375,LAGOA DA CONFUSÃO,TOCANTINS,Brasil,1711902,17,33,2,0.0,0.66,Cerrado,13.8
ac76022f-c7ba-3838-9478-e779dbc1a1ad, -11.947800, -43.377670,2026-05-06 16:20:00,NPP-375,MUQUÉM DO SÃO FRANCISCO,BAHIA,Brasil,2922250,29,33,14,2.36,0.6,Cerrado,3.8
c06788d5-186b-3f70-97bb-d648cbe5cb08, -13.849690, -48.205140,2026-05-06 16:20:00,NPP-375,COLINAS DO SUL,GOIÁS,Brasil,5205521,52,33,9,0.0,0.39,Cerrado,10.3
2741641b-1b7e-3c5c-abc2-89e867c7cb5a, -10.463260, -49.783020,2026-05-06 16:20:00,NPP-375,PIUM,TOCANTINS,Brasil,1717503,17,33,7,0.0,0.28,Cerrado,10.9
de933c88-1418-3e5b-b9a6-ec4d0787a68a, -10.080250, -37.689000,2026-05-06 16:20:00,NPP-375,MONTE ALEGRE DE SERGIPE,SERGIPE,Brasil,2804201,28,33,0,1.01,1.0,Caatinga,3.4
f4cd3822-b2b1-31e0-ae62-0b604b2449ef, -11.466480, -47.329250,2026-05-06 16:20:00,NPP-375,ALMAS,TOCANTINS,Brasil,1700400,17,33,8,0.0,0.37,Cerrado,6.9
ac44d965-9b62-32cf-8330-3a44624b63c5, -14.127860, -45.355010,2026-05-06 16:20:00,NPP-375,JABORANDI,BAHIA,Brasil,2917359,29,33,25,0.0,0.8,Cerrado,7.4
9824ce03-b061-3bf2-84d5-5568962011a8, -10.603460, -46.989410,2026-05-06 16:20:00,NPP-375,PONTE ALTA DO TOCANTINS,TOCANTINS,Brasil,1717909,17,33,8,0.0,0.47,Cerrado,12.1
f0f9de86-6b5c-3175-ae35-0a6b155792f9, -11.605240, -48.052490,2026-05-06 16:20:00,NPP-375,CHAPADA DA NATIVIDADE,TOCANTINS,Brasil,1705102,17,33,8,0.0,0.42,Cerrado,43.5
170fec27-6e04-3fe2-b6a2-dc97f4072099, -13.439730, -43.845550,2026-05-06 16:20:00,NPP-375,SERRA DO RAMALHO,BAHIA,Brasil,2930154,29,33,26,0.0,0.89,Cerrado,6.1
b5330396-7a73-392d-bb94-15915f228778, -11.838630, -49.763280,2026-05-06 16:20:00,NPP-375,FORMOSO DO ARAGUAIA,TOCANTINS,Brasil,1708205,17,33,7,0.0,0.91,Cerrado,11.8
71187a3c-91df-3a6e-abd2-69a7f46036aa, -10.688000, -47.031960,2026-05-06 16:20:00,NPP-375,PONTE ALTA DO TOCANTINS,TOCANTINS,Brasil,1717909,17,33,8,0.0,0.47,Cerrado,19.6
b8b775a7-5b9b-3d75-bd51-dd4bf5a2f146, -13.850140, -48.208750,2026-05-06 16:20:00,NPP-375,COLINAS DO SUL,GOIÁS,Brasil,5205521,52,33,9,0.0,0.4,Cerrado,3.5
51e782f7-493e-33a6-856f-a7007d9727b3, -10.239530, -47.409260,2026-05-06 16:20:00,NPP-375,LAGOA DO TOCANTINS,TOCANTINS,Brasil,1711951,17,33,8,0.0,0.28,Cerrado,10.7
df0a6cff-5543-36ac-a8da-d086c90f1efb, -11.838180, -49.759540,2026-05-06 16:20:00,NPP-375,FORMOSO DO ARAGUAIA,TOCANTINS,Brasil,1708205,17,33,7,0.0,0.86,Cerrado,12.1
b78cdd9e-375e-3b6a-83b3-89d95f76e154, -10.816200, -49.334530,2026-05-06 16:20:00,NPP-375,SANTA RITA DO TOCANTINS,TOCANTINS,Brasil,1718899,17,33,3,0.0,0.2,Cerrado,15.0
05c6cd74-e6c5-3ad8-9cf7-4a9025d23785, -14.118760, -45.352130,2026-05-06 16:20:00,NPP-375,JABORANDI,BAHIA,Brasil,2917359,29,33,25,0.0,0.81,Cerrado,5.2
017a179b-f681-3352-94c3-6bdc6ef2d056, -10.202180, -46.908570,2026-05-06 16:20:00,NPP-375,MATEIROS,TOCANTINS,Brasil,1712702,17,33,12,0.0,0.48,Cerrado,3.8
fc90ca18-faaf-3fd6-921d-5bd12557074a, -10.623460, -47.035890,2026-05-06 16:20:00,NPP-375,PONTE ALTA DO TOCANTINS,TOCANTINS,Brasil,1717909,17,33,8,0.0,0.48,Cerrado,6.7
c9146cf9-858f-359d-a0e1-a2f185629e34, -13.894090, -48.212250,2026-05-06 16:20:00,NPP-375,COLINAS DO SUL,GOIÁS,Brasil,5205521,52,33,9,0.0,0.37,Cerrado,5.9
c3f09739-62e4-3c8e-9d06-2718335cfa01, -10.533740, -49.722940,2026-05-06 16:20:00,NPP-375,LAGOA DA CONFUSÃO,TOCANTINS,Brasil,1711902,17,33,7,0.0,0.54,Cerrado,3.1
fef75ba7-ed27-3694-8fca-da3e5d967f2f, -12.682090, -45.473120,2026-05-06 16:20:00,NPP-375,SÃO DESIDÉRIO,BAHIA,Brasil,2928901,29,33,15,0.0,0.64,Cerrado,16.0
031a0c02-67bf-3c91-856a-bfe4ca70ad89, -10.662280, -49.856690,2026-05-06 16:20:00,NPP-375,LAGOA DA CONFUSÃO,TOCANTINS,Brasil,1711902,17,33,6,0.0,0.68,Cerrado,7.8
71e94837-e755-395f-add3-ea325f2f10f3, -10.635020, -47.053410,2026-05-06 16:20:00,NPP-375,PONTE ALTA DO TOCANTINS,TOCANTINS,Brasil,1717909,17,33,8,0.0,0.47,Cerrado,6.5
01e50017-04a2-375a-88f9-7120aa3015d0, -13.892990, -48.202910,2026-05-06 16:20:00,NPP-375,COLINAS DO SUL,GOIÁS,Brasil,5205521,52,33,9,0.0,0.43,Cerrado,9.3
3dc8b88c-55dc-3f0a-b430-760090aaf000, -10.990810, -44.509620,2026-05-06 16:20:00,NPP-375,SANTA RITA DE CÁSSIA,BAHIA,Brasil,2928406,29,33,10,0.0,0.88,Cerrado,4.4
90cf920f-e334-322b-87b1-68dac9432343, -10.609280, -46.998090,2026-05-06 16:20:00,NPP-375,PONTE ALTA DO TOCANTINS,TOCANTINS,Brasil,1717909,17,33,8,0.0,0.47,Cerrado,17.7
2de78dbe-021c-3fbc-84cd-9ce5e0f52d15, -10.664170, -46.992440,2026-05-06 16:20:00,NPP-375,PONTE ALTA DO TOCANTINS,TOCANTINS,Brasil,1717909,17,33,8,0.0,0.48,Cerrado,9.5
3e3b368d-556e-3cdb-bd0f-e0458b78db26, -10.462820, -49.779460,2026-05-06 16:20:00,NPP-375,PIUM,TOCANTINS,Brasil,1717503,17,33,7,0.0,0.28,Cerrado,10.9
194ffe5d-fbcf-34d9-8323-69491ea11f4c, -12.331820, -49.918040,2026-05-06 16:20:00,NPP-375,SANDOLÂNDIA,TOCANTINS,Brasil,1718840,17,33,7,0.0,0.44,Cerrado,2.1
8f7db73c-ba5a-3c0c-812a-e42f1853521b, -10.625490, -47.014880,2026-05-06 16:20:00,NPP-375,PONTE ALTA DO TOCANTINS,TOCANTINS,Brasil,1717909,17,33,8,0.0,0.48,Cerrado,26.1
1cb73714-07fe-34a2-8411-0c1f8d616323, -10.625600, -47.016580,2026-05-06 16:20:00,NPP-375,PONTE ALTA DO TOCANTINS,TOCANTINS,Brasil,1717909,17,33,8,0.0,0.48,Cerrado,13.2
8ae5ab0a-6a60-36a4-91d0-09f70f1990eb, -10.620290, -47.010850,2026-05-06 16:20:00,NPP-375,PONTE ALTA DO TOCANTINS,TOCANTINS,Brasil,1717909,17,33,8,0.0,0.48,Cerrado,7.8
b090ed56-3af2-33d3-93db-555405253d2c, -13.856760, -48.207670,2026-05-06 16:20:00,NPP-375,COLINAS DO SUL,GOIÁS,Brasil,5205521,52,33,9,0.0,0.4,Cerrado,6.5
36704a81-6df1-33e7-806c-6120f95b8477, -12.678380, -45.477660,2026-05-06 16:20:00,NPP-375,SÃO DESIDÉRIO,BAHIA,Brasil,2928901,29,33,15,0.0,0.64,Cerrado,9.5
5c47a29e-4667-3c33-8802-44d2d2423cdc, -10.787560, -49.790100,2026-05-06 16:20:00,NPP-375,LAGOA DA CONFUSÃO,TOCANTINS,Brasil,1711902,17,33,3,0.0,0.68,Cerrado,15.5
3c3ddaf3-79ad-3e54-8938-69a4bf18f004, -11.829260, -49.761430,2026-05-06 16:20:00,NPP-375,FORMOSO DO ARAGUAIA,TOCANTINS,Brasil,1708205,17,33,7,0.0,0.88,Cerrado,12.4
823545ac-342e-37d1-8658-786e7b35b947, -13.852010, -48.181260,2026-05-06 16:20:00,NPP-375,COLINAS DO SUL,GOIÁS,Brasil,5205521,52,33,9,0.0,0.4,Cerrado,7.9
134204ed-48fb-391e-88a3-90adcf2adb1b, -13.845900, -48.174260,2026-05-06 16:20:00,NPP-375,COLINAS DO SUL,GOIÁS,Brasil,5205521,52,33,9,0.0,0.39,Cerrado,16.9
166ad355-03ce-3915-ae46-dec5e6c7f0fa, -13.692580, -52.587260,2026-05-06 16:20:00,NPP-375,ÁGUA BOA,MATO GROSSO,Brasil,5100201,51,33,7,0.0,0.67,Cerrado,17.2
a979874d-7410-3215-8efb-9ae5cc0a9b54, -10.550610, -49.724410,2026-05-06 16:20:00,NPP-375,LAGOA DA CONFUSÃO,TOCANTINS,Brasil,1711902,17,33,6,0.0,0.57,Cerrado,33.5
dcb2c8ea-76e0-329f-b098-3623fde7a357, -11.787440, -43.638600,2026-05-06 16:20:00,NPP-375,BARRA,BAHIA,Brasil,2902708,29,33,18,2.12,0.49,Cerrado,7.1
6330c948-50b8-33c5-a292-bb7106f3b658, -10.528600, -46.341530,2026-05-06 16:20:00,NPP-375,MATEIROS,TOCANTINS,Brasil,1712702,17,33,15,0.0,0.77,Cerrado,26.8
24738f5a-9b7d-376c-8935-a7637381c549, -14.131590, -45.350270,2026-05-06 16:20:00,NPP-375,JABORANDI,BAHIA,Brasil,2917359,29,33,25,0.0,0.8,Cerrado,7.9
ae772cfb-d237-3a2d-b7f0-71a9237449a8, -10.672990, -49.854970,2026-05-06 16:20:00,NPP-375,LAGOA DA CONFUSÃO,TOCANTINS,Brasil,1711902,17,33,5,0.0,0.69,Cerrado,3.5
71e7b1eb-5f43-33cb-ad45-6253ba1b162d, -10.242310, -47.411600,2026-05-06 16:20:00,NPP-375,LAGOA DO TOCANTINS,TOCANTINS,Brasil,1711951,17,33,8,0.0,0.33,Cerrado,11.5
fdc4677b-27dd-3c6b-8dd2-190e9fba5aec, -10.474200, -49.768800,2026-05-06 16:20:00,GOES-19,PIUM,TOCANTINS,Brasil,1717503,17,33,7,0.0,0.28,Cerrado,136.2
b93a0c71-446f-3455-9e0b-95ad67c2a6f8, -10.455000, -49.792400,2026-05-06 16:20:00,GOES-19,PIUM,TOCANTINS,Brasil,1717503,17,33,7,0.0,0.27,Cerrado,74.4
a15351a4-76cf-3c8c-8fc8-9d59c4b43515, -10.455200, -49.770900,2026-05-06 16:20:00,GOES-19,PIUM,TOCANTINS,Brasil,1717503,17,33,7,0.0,0.27,Cerrado,99.5
ec79b337-1ef2-3b43-9c43-39ccc5b712f5,  -5.861590, -46.253370,2026-05-06 16:22:00,NPP-375,GRAJAÚ,MARANHÃO,Brasil,2104800,21,33,3,0.0,0.8,Cerrado,5.7
715696e1-e96d-37c1-9ca0-ef424546730c,  -5.286800, -46.367510,2026-05-06 16:22:00,NPP-375,AMARANTE DO MARANHÃO,MARANHÃO,Brasil,2100600,21,33,2,0.0,0.09,Amazônia,3.1
34dd7858-be0e-373f-ae4f-0c5a59215368,  -8.522190, -47.052550,2026-05-06 16:22:00,NPP-375,RECURSOLÂNDIA,TOCANTINS,Brasil,1718501,17,33,9,0.0,0.42,Cerrado,7.7
783d8f91-bf45-3924-b5ba-6bfe03948c47,  -7.297630, -43.554730,2026-05-06 16:22:00,NPP-375,CANAVIEIRA,PIAUÍ,Brasil,2202251,22,33,12,0.0,0.67,Caatinga,5.5
b8da8f44-aa95-3aa5-8e20-870a4cde08ec,  -9.366840, -48.804040,2026-05-06 16:22:00,NPP-375,DOIS IRMÃOS DO TOCANTINS,TOCANTINS,Brasil,1707207,17,33,5,0.0,0.78,Cerrado,4.5
2a306946-ed97-381f-97b9-f8642208ae42,  -5.777080, -45.126240,2026-05-06 16:22:00,NPP-375,BARRA DO CORDA,MARANHÃO,Brasil,2101608,21,33,2,0.0,0.3,Cerrado,145.3
c63d4efb-acb0-34a8-bbc1-a44320234053,  -9.045580, -47.302450,2026-05-06 16:22:00,NPP-375,CENTENÁRIO,TOCANTINS,Brasil,1704105,17,33,8,0.0,0.29,Cerrado,3.0
6fc7b0a3-ec4e-392f-bfe1-827152157320,  -6.998020, -48.629810,2026-05-06 16:22:00,NPP-375,MURICILÂNDIA,TOCANTINS,Brasil,1713957,17,33,3,0.0,0.5,Cerrado,3.1
9272bf6a-7f14-3d1b-9004-6c261cd37f7d,  -9.254710, -49.259990,2026-05-06 16:22:00,NPP-375,DOIS IRMÃOS DO TOCANTINS,TOCANTINS,Brasil,1707207,17,33,8,0.0,0.19,Cerrado,10.0
ef95f061-0a8e-3681-a0be-e727cc26d1e3,  -6.974500, -42.300560,2026-05-06 16:22:00,NPP-375,OEIRAS,PIAUÍ,Brasil,2207009,22,33,3,0.0,0.67,Caatinga,15.0
ebbb9571-d5a9-35ff-9a03-8095485f83f8,  -9.254300, -49.256880,2026-05-06 16:22:00,NPP-375,DOIS IRMÃOS DO TOCANTINS,TOCANTINS,Brasil,1707207,17,33,8,0.0,0.19,Cerrado,7.0
3e7a5027-4974-3376-86d1-dcfc8d22a50a,  -8.395540, -46.227860,2026-05-06 16:22:00,NPP-375,BALSAS,MARANHÃO,Brasil,2101400,21,33,11,0.0,0.48,Cerrado,5.4
1fcfc02d-563a-3897-a6e8-4bb7e352a76c,  -8.840020, -46.958530,2026-05-06 16:22:00,NPP-375,RECURSOLÂNDIA,TOCANTINS,Brasil,1718501,17,33,9,0.0,0.4,Cerrado,4.2
8c2147af-9c62-3336-a186-c8f1f6171714,  -9.426900, -50.690070,2026-05-06 16:22:00,NPP-375,SANTANA DO ARAGUAIA,PARÁ,Brasil,1506708,15,33,6,0.0,0.98,Amazônia,7.9
d893a103-d1a3-371a-931e-df4697600dee,  -9.421640, -50.694710,2026-05-06 16:22:00,NPP-375,SANTANA DO ARAGUAIA,PARÁ,Brasil,1506708,15,33,6,0.0,0.42,Amazônia,4.2
b9e5ac2d-02fa-3c58-ac67-4a0dac824ca9,  -6.289390, -45.550750,2026-05-06 16:22:00,NPP-375,FERNANDO FALCÃO,MARANHÃO,Brasil,2104081,21,33,4,0.0,0.72,Cerrado,14.9
9337844d-bc80-3568-918a-6e3d48eba485,  -9.259500, -49.256150,2026-05-06 16:22:00,NPP-375,DOIS IRMÃOS DO TOCANTINS,TOCANTINS,Brasil,1707207,17,33,8,0.0,0.19,Cerrado,7.0
4bb3cb7c-1670-398c-8c8a-e39ef4f2cbba,  -8.757700, -48.291570,2026-05-06 16:22:00,NPP-375,GUARAÍ,TOCANTINS,Brasil,1709302,17,33,3,0.0,0.17,Cerrado,10.5
764cc96b-88ba-32bf-8ec6-ad7e8be7f294,  -6.901270, -47.958360,2026-05-06 16:22:00,NPP-375,WANDERLÂNDIA,TOCANTINS,Brasil,1722081,17,33,2,0.0,0.29,Cerrado,9.0
dcc1464d-f9cf-3c1d-93f7-693fbf5732de,  -9.469840, -47.803940,2026-05-06 16:22:00,NPP-375,RIO SONO,TOCANTINS,Brasil,1718758,17,33,8,0.0,0.42,Cerrado,6.8
05276ebe-091a-37ef-b03d-da2e529fdf45,  -6.638290, -43.918950,2026-05-06 16:22:00,NPP-375,NOVA IORQUE,MARANHÃO,Brasil,2107308,21,33,5,0.0,0.4,Cerrado,12.6
d86a5ab9-f383-32a6-9a62-fd43fa2fe740,  -7.888450, -46.407590,2026-05-06 16:22:00,NPP-375,BALSAS,MARANHÃO,Brasil,2101400,21,33,10,0.0,0.49,Cerrado,7.8
77a4bcd1-b316-3ee1-af53-d987ca93671f,  -8.394080, -46.706410,2026-05-06 16:22:00,NPP-375,RIACHÃO,MARANHÃO,Brasil,2109502,21,33,8,0.0,0.53,Cerrado,3.5
11b8b70e-3911-3fe9-b375-b63a08ecbd85,  -9.007510, -46.120330,2026-05-06 16:22:00,NPP-375,ALTO PARNAÍBA,MARANHÃO,Brasil,2100501,21,33,13,0.0,0.89,Cerrado,3.3
c172fd26-a0a8-3ac3-a7ca-0bf66e6f6934,  -8.788350, -44.826480,2026-05-06 16:22:00,NPP-375,CURRAIS,PIAUÍ,Brasil,2203230,22,33,12,0.0,0.76,Cerrado,8.3
e08fe21a-8114-37a8-8f20-c942380460ee,  -9.368940, -48.805960,2026-05-06 16:22:00,NPP-375,DOIS IRMÃOS DO TOCANTINS,TOCANTINS,Brasil,1707207,17,33,5,0.0,0.68,Cerrado,5.7
37c51d4c-7651-30fd-b67a-5e4ef3cc6a8a,  -9.455570, -46.103070,2026-05-06 16:22:00,NPP-375,ALTO PARNAÍBA,MARANHÃO,Brasil,2100501,21,33,15,0.0,0.61,Cerrado,1.9
00a51554-86fb-3ca3-8dea-7651d06b494a,  -5.577980, -42.728710,2026-05-06 16:22:00,NPP-375,MONSENHOR GIL,PIAUÍ,Brasil,2206407,22,33,3,0.11,0.1,Caatinga,7.6
6593305d-23b5-3722-91cb-b53d5d5abcc6,  -9.040530, -47.305870,2026-05-06 16:22:00,NPP-375,CENTENÁRIO,TOCANTINS,Brasil,1704105,17,33,8,0.0,0.29,Cerrado,5.1
1e7dc097-8cc0-3b59-96d0-931b4bdea10b,  -8.389770, -46.707040,2026-05-06 16:22:00,NPP-375,RIACHÃO,MARANHÃO,Brasil,2109502,21,33,8,0.0,0.53,Cerrado,3.8
aa41132c-1a91-3180-ace1-b5bac72a97cb,  -8.512160, -47.045190,2026-05-06 16:22:00,NPP-375,RECURSOLÂNDIA,TOCANTINS,Brasil,1718501,17,33,8,0.0,0.39,Cerrado,16.4
f8a7424d-09a4-3aea-b2c0-5e36aabdc40f,  -5.994380, -41.336290,2026-05-06 16:22:00,NPP-375,SÃO MIGUEL DO TAPUIO,PIAUÍ,Brasil,2210409,22,33,3,0.2,0.37,Caatinga,1.8
0f285914-6314-3fbc-88ea-df93823cc1bc,  -7.572470, -45.897510,2026-05-06 16:22:00,NPP-375,BALSAS,MARANHÃO,Brasil,2101400,21,33,12,0.0,0.48,Cerrado,4.6
8f500d26-8d84-3af9-b685-abc403e94add,  -9.249500, -49.260700,2026-05-06 16:22:00,NPP-375,DOIS IRMÃOS DO TOCANTINS,TOCANTINS,Brasil,1707207,17,33,8,0.0,0.19,Cerrado,3.9
095b26a6-104d-33eb-8d8d-b224f97aea11,  -6.652870, -47.552300,2026-05-06 16:22:00,NPP-375,PALMEIRAS DO TOCANTINS,TOCANTINS,Brasil,1713809,17,33,3,0.0,0.29,Cerrado,7.6
4d6df251-bf8b-3659-a952-87ea426374fb,  -6.661780, -47.551010,2026-05-06 16:22:00,NPP-375,PALMEIRAS DO TOCANTINS,TOCANTINS,Brasil,1713809,17,33,3,0.0,0.59,Cerrado,22.4
6f55f3f9-1418-374e-863e-7eec407c80b6,  -9.045080, -47.305290,2026-05-06 16:22:00,NPP-375,CENTENÁRIO,TOCANTINS,Brasil,1704105,17,33,8,0.0,0.29,Cerrado,5.1
e633b052-19f5-375f-891d-e2036436fcfc,  -9.518710, -47.054880,2026-05-06 16:22:00,NPP-375,LIZARDA,TOCANTINS,Brasil,1712405,17,33,12,0.0,0.54,Cerrado,11.0
8fc15d7f-5a1e-3b02-86a3-8bb8b60e37d7,  -7.572980, -45.896860,2026-05-06 16:22:00,NPP-375,BALSAS,MARANHÃO,Brasil,2101400,21,33,12,0.0,0.48,Cerrado,4.9
a6d56c48-9f5d-3d31-b1df-941054984260,  -8.759250, -48.293830,2026-05-06 16:22:00,NPP-375,GUARAÍ,TOCANTINS,Brasil,1709302,17,33,3,0.0,0.17,Cerrado,9.4
5316dfbd-db8a-3594-a475-9890d0da0a00,  -5.974760, -45.189420,2026-05-06 16:22:00,NPP-375,FERNANDO FALCÃO,MARANHÃO,Brasil,2104081,21,33,2,0.0,0.34,Cerrado,4.8
39b155dc-745f-3a24-b0be-c6baea0ba988,  -7.899450, -46.394410,2026-05-06 16:22:00,NPP-375,BALSAS,MARANHÃO,Brasil,2101400,21,33,10,0.0,0.5,Cerrado,12.2
b7bcbef7-b1c8-36ba-a3ca-291582a3618d,  -6.333540, -46.396020,2026-05-06 16:22:00,NPP-375,FORMOSA DA SERRA NEGRA,MARANHÃO,Brasil,2104099,21,33,4,0.0,0.37,Cerrado,12.2
9c5b2292-ded4-3369-a93d-1d630e771def,  -8.521600, -47.048240,2026-05-06 16:22:00,NPP-375,RECURSOLÂNDIA,TOCANTINS,Brasil,1718501,17,33,9,0.0,0.42,Cerrado,12.6
0f991346-2797-3739-96fc-3fce22d21a51,  -9.367220, -48.807000,2026-05-06 16:22:00,NPP-375,DOIS IRMÃOS DO TOCANTINS,TOCANTINS,Brasil,1707207,17,33,5,0.0,0.73,Cerrado,3.2
cd2602c9-a3b5-39cd-90d6-4335382f7c82,  -6.657320, -47.551630,2026-05-06 16:22:00,NPP-375,PALMEIRAS DO TOCANTINS,TOCANTINS,Brasil,1713809,17,33,3,0.0,0.27,Cerrado,7.6
04831c9f-855f-3047-abdc-a4a026b9152e,  -7.339040, -49.789080,2026-05-06 16:22:00,NPP-375,FLORESTA DO ARAGUAIA,PARÁ,Brasil,1503044,15,33,3,0.0,0.15,Amazônia,10.4
13baeb89-afef-314f-9fad-548ea79cdc14,  -6.977880, -42.300060,2026-05-06 16:22:00,NPP-375,OEIRAS,PIAUÍ,Brasil,2207009,22,33,3,0.0,0.67,Caatinga,2.0
b0819e65-c3e4-329d-b1c4-a9bff7d28b94,  -6.263120, -43.784500,2026-05-06 16:22:00,NPP-375,PASSAGEM FRANCA,MARANHÃO,Brasil,2107902,21,33,4,0.0,0.38,Cerrado,4.0
751db173-9a20-3523-87c9-9789cf558564,  -7.317840, -46.201480,2026-05-06 16:22:00,NPP-375,RIACHÃO,MARANHÃO,Brasil,2109502,21,33,12,0.0,0.58,Cerrado,18.7
79dda58b-9bda-3f96-82a1-dfb5267d0409,  -8.517760, -47.053190,2026-05-06 16:22:00,NPP-375,RECURSOLÂNDIA,TOCANTINS,Brasil,1718501,17,33,9,0.0,0.42,Cerrado,42.4
3186d0b7-64df-3c5b-b8b4-bb106b6a86ae,  -9.007000, -46.116560,2026-05-06 16:22:00,NPP-375,ALTO PARNAÍBA,MARANHÃO,Brasil,2100501,21,33,13,0.0,0.79,Cerrado,3.3
8ecefce9-d095-3a63-ab46-54104ab1f2b8,  -6.559670, -48.904320,2026-05-06 16:22:00,NPP-375,PIÇARRA,PARÁ,Brasil,1505635,15,33,3,0.0,0.35,Amazônia,6.3
ecfd1ee0-e5d8-3966-aa69-c2734c62eb01,  -9.421130, -50.690700,2026-05-06 16:22:00,NPP-375,SANTANA DO ARAGUAIA,PARÁ,Brasil,1506708,15,33,6,0.0,0.62,Amazônia,4.2
f662687b-c690-30b9-a5dc-a81c5b82ebd6,  -7.329930, -38.943130,2026-05-06 16:22:00,NPP-375,MILAGRES,CEARÁ,Brasil,2308302,23,33,3,0.0,0.21,Caatinga,3.2
797bd09b-32cc-373b-86e3-21b56a2d1fc6,  -5.577440, -42.725120,2026-05-06 16:22:00,NPP-375,MONSENHOR GIL,PIAUÍ,Brasil,2206407,22,33,3,0.14,0.1,Caatinga,7.6
487e3e0a-9e54-3343-9025-42f7e4fd396e,  -5.776420, -45.121730,2026-05-06 16:22:00,NPP-375,BARRA DO CORDA,MARANHÃO,Brasil,2101608,21,33,2,0.0,0.3,Cerrado,72.6
b5b0dd01-c245-3141-ac3f-57abaf7ec5a6,  -6.639290, -43.917460,2026-05-06 16:22:00,NPP-375,NOVA IORQUE,MARANHÃO,Brasil,2107308,21,33,5,0.0,0.4,Cerrado,13.2
f786299b-d543-37ba-a9f5-c02c5fbf8c65,  -6.666250, -47.550490,2026-05-06 16:22:00,NPP-375,PALMEIRAS DO TOCANTINS,TOCANTINS,Brasil,1713809,17,33,3,0.0,0.78,Cerrado,22.4
a6e79d12-d052-3fc1-8ab1-3c9bdebc679e,  -2.330820, -56.059380,2026-05-06 16:24:00,NPP-375,JURUTI,PARÁ,Brasil,1503903,15,33,0,6.52,0.0,Amazônia,0.8
f0ca4fef-8a88-3f12-a681-5e32389ccc32, -12.522200, -58.476500,2026-05-06 16:30:00,GOES-19,SAPEZAL,MATO GROSSO,Brasil,5107875,51,33,8,0.0,0.13,Cerrado,53.1
d00c4944-90c3-31c1-a8b8-3f25141c1c0a, -10.475700, -49.661100,2026-05-06 16:30:00,GOES-19,PIUM,TOCANTINS,Brasil,1717503,17,33,7,0.0,0.2,Cerrado,55.5
c24339c4-8e11-3b41-bd11-7401eec2a5f8, -10.455200, -49.770900,2026-05-06 16:30:00,GOES-19,PIUM,TOCANTINS,Brasil,1717503,17,33,7,0.0,0.27,Cerrado,57.1
ea99b9ec-7ff3-39c7-a525-3bdb6330e1af, -23.228360, -47.823300,2026-05-06 16:35:00,NOAA-20,CESÁRIO LANGE,SÃO PAULO,Brasil,3511607,35,33,3,0.0,0.91,Mata Atlântica,5.1
9fc33c8d-85be-38dd-a397-a7d4a45d4c06, -23.525370, -46.318210,2026-05-06 16:35:00,NOAA-20,SUZANO,SÃO PAULO,Brasil,3552502,35,33,3,0.0,-999.0,Mata Atlântica,2.1
4060b886-1b5e-3e72-8ace-494167838b38, -22.750780, -41.960270,2026-05-06 16:35:00,NOAA-20,ARMAÇÃO DOS BÚZIOS,RIO DE JANEIRO,Brasil,3300233,33,33,-999,0.0,-999.0,Mata Atlântica,2.5
a1e45aa3-5a88-30d2-bf13-e2ea5fc63981, -22.548030, -45.802070,2026-05-06 16:35:00,NOAA-20,PARAISÓPOLIS,MINAS GERAIS,Brasil,3147303,31,33,3,0.0,1.0,Mata Atlântica,3.5
a68b0c78-7b63-3cfa-b5ec-07f0e4979030, -22.274160, -44.254490,2026-05-06 16:35:00,NOAA-20,QUATIS,RIO DE JANEIRO,Brasil,3304128,33,33,0,0.0,0.93,Mata Atlântica,2.5
9cd09d2a-5798-3bf5-bf81-294aafd06cf7, -23.771460, -49.156760,2026-05-06 16:35:00,NOAA-20,ITABERÁ,SÃO PAULO,Brasil,3521705,35,33,2,0.0,0.53,Cerrado,9.6
0f6973a6-9c8c-3899-9b1c-8e8e3dfe6312, -31.386130, -53.694750,2026-05-06 16:35:00,NOAA-20,CANDIOTA,RIO GRANDE DO SUL,Brasil,4304358,43,33,3,19.58,0.0,Pampa,16.6
d2ac2097-f284-3676-ab44-cad3f6255738, -22.920260, -48.682650,2026-05-06 16:35:00,NOAA-20,BOTUCATU,SÃO PAULO,Brasil,3507506,35,33,3,0.0,0.45,Cerrado,4.6
7dbbfb08-2302-3781-9af8-7359fd0793d0, -21.306780, -42.858130,2026-05-06 16:35:00,NOAA-20,ASTOLFO DUTRA,MINAS GERAIS,Brasil,3104601,31,33,2,0.0,1.0,Mata Atlântica,5.4
1348996c-1aa6-36e4-a5c7-4438bfc2634c, -23.896520, -46.773100,2026-05-06 16:35:00,NOAA-20,SÃO PAULO,SÃO PAULO,Brasil,3550308,35,33,3,0.0,0.42,Mata Atlântica,4.0
3951767b-5500-3f0e-adf0-564423f1dda8, -24.942290, -50.831280,2026-05-06 16:35:00,NOAA-20,IVAÍ,PARANÁ,Brasil,4111407,41,33,2,0.0,0.01,Mata Atlântica,24.7
45668a82-93d9-334a-9a27-e98b7b9a57db, -23.930440, -53.908340,2026-05-06 16:35:00,NOAA-20,ALTÔNIA,PARANÁ,Brasil,4100509,41,33,3,0.0,1.0,Mata Atlântica,3.2
3c3ff2ef-503e-39fc-80c4-4bb2760987f2, -29.778510, -50.833200,2026-05-06 16:35:00,NOAA-20,GRAVATAÍ,RIO GRANDE DO SUL,Brasil,4309209,43,33,2,1.1,0.03,Mata Atlântica,17.0
620ebacc-c28b-397c-9141-fcaec35a8289, -23.054130, -47.726410,2026-05-06 16:35:00,NOAA-20,TIETÊ,SÃO PAULO,Brasil,3554508,35,33,3,0.0,1.0,Mata Atlântica,3.3
ee84748e-ca69-3d8e-8618-35d989a187a8, -22.266170, -46.187260,2026-05-06 16:35:00,NOAA-20,BORDA DA MATA,MINAS GERAIS,Brasil,3108305,31,33,7,0.0,1.0,Mata Atlântica,2.1
da8a9ffc-8752-3cb6-862e-1253bd212253, -23.285500, -50.085240,2026-05-06 16:35:00,NOAA-20,SANTO ANTÔNIO DA PLATINA,PARANÁ,Brasil,4124103,41,33,3,0.0,0.22,Mata Atlântica,1.9
a609282c-5410-34ad-8b6e-25ae34b098c2, -21.978730, -57.592050,2026-05-06 16:35:00,NOAA-20,PORTO MURTINHO,MATO GROSSO DO SUL,Brasil,5006903,50,33,3,0.0,0.08,Cerrado,5.6
32b1f2d6-e2a3-3287-acee-9d4afbeb6016, -21.382700, -44.617490,2026-05-06 16:35:00,NOAA-20,CARRANCAS,MINAS GERAIS,Brasil,3114600,31,33,19,0.0,0.6,Mata Atlântica,3.0
21b35230-ff7e-3c14-ad90-dfe833986fac, -22.008910, -43.505580,2026-05-06 16:35:00,NOAA-20,BELMIRO BRAGA,MINAS GERAIS,Brasil,3106101,31,33,18,0.0,1.0,Mata Atlântica,2.5
d79d857d-7561-3ef2-9c65-22412550dcd9, -29.777750, -50.830670,2026-05-06 16:35:00,NOAA-20,GRAVATAÍ,RIO GRANDE DO SUL,Brasil,4309209,43,33,2,1.1,0.03,Mata Atlântica,13.1
53e6bdb9-8a3b-3f6b-a48d-fade2b71dd22, -30.424510, -52.594170,2026-05-06 16:35:00,NOAA-20,ENCRUZILHADA DO SUL,RIO GRANDE DO SUL,Brasil,4306908,43,33,3,0.7,0.01,Pampa,7.0
754e82d3-eb95-3a31-b75e-11f75bf40e10, -22.039740, -48.224970,2026-05-06 16:35:00,NOAA-20,RIBEIRÃO BONITO,SÃO PAULO,Brasil,3542909,35,33,14,0.0,0.7,Cerrado,12.3
4a136bb1-1247-3659-9c24-8d3ad77fff2e, -31.386420, -53.699930,2026-05-06 16:35:00,NOAA-20,CANDIOTA,RIO GRANDE DO SUL,Brasil,4304358,43,33,3,19.5,0.0,Pampa,16.6
572c83f6-796c-3425-bf22-12eef774af2d, -21.438260, -51.571770,2026-05-06 16:35:00,NOAA-20,TUPI PAULISTA,SÃO PAULO,Brasil,3555109,35,33,3,0.0,1.0,Mata Atlântica,5.2
e897683e-ad41-3169-b4d7-1c8af7d20b95, -24.946380, -50.824290,2026-05-06 16:35:00,NOAA-20,IVAÍ,PARANÁ,Brasil,4111407,41,33,2,0.0,0.06,Mata Atlântica,24.7
917b0c10-a620-3151-a232-cc6bc76bced7, -22.956850, -53.210560,2026-05-06 16:35:00,NOAA-20,LOANDA,PARANÁ,Brasil,4113502,41,33,4,0.0,1.0,Mata Atlântica,7.2
95bcdbbe-e641-30b4-a3bf-ada99ca2a087, -27.439840, -49.172990,2026-05-06 16:35:00,NOAA-20,MAJOR GERCINO,SANTA CATARINA,Brasil,4210209,42,33,0,0.0,0.0,Mata Atlântica,3.1
74534d8d-22f2-3390-ac22-0e209f0dd574, -21.957610, -57.588360,2026-05-06 16:35:00,NOAA-20,PORTO MURTINHO,MATO GROSSO DO SUL,Brasil,5006903,50,33,3,0.0,0.62,Cerrado,5.8
de659f60-990d-3509-9721-80ab802253d0, -22.976730, -52.691370,2026-05-06 16:35:00,NOAA-20,GUAIRAÇÁ,PARANÁ,Brasil,4108908,41,33,3,0.0,0.36,Mata Atlântica,2.5
0c80f243-f2ae-3852-b419-3e21be022e50, -21.709120, -45.276780,2026-05-06 16:35:00,NOAA-20,TRÊS CORAÇÕES,MINAS GERAIS,Brasil,3169307,31,33,18,0.0,1.0,Mata Atlântica,5.6
8d0202bc-0e1f-31cc-b323-bb0debea00dd, -21.125280, -40.922680,2026-05-06 16:35:00,NOAA-20,MARATAÍZES,ESPÍRITO SANTO,Brasil,3203320,32,33,-999,0.0,1.0,Mata Atlântica,4.0
7d6ba8d1-14de-34ee-a2a3-fbe499d21c0e, -20.747360, -42.886830,2026-05-06 16:35:00,NOAA-20,VIÇOSA,MINAS GERAIS,Brasil,3171303,31,33,14,0.0,-999.0,Mata Atlântica,2.4
98a6e24e-2d47-3eb9-bfc9-3e5059b00add, -21.289790, -45.690980,2026-05-06 16:35:00,NOAA-20,CAMPOS GERAIS,MINAS GERAIS,Brasil,3111606,31,33,3,0.0,1.0,Mata Atlântica,4.1
6c3b3c0a-5b36-32cf-bcd0-9ccd80a2915d, -20.679870, -45.529630,2026-05-06 16:35:00,NOAA-20,FORMIGA,MINAS GERAIS,Brasil,3126109,31,33,19,0.0,1.0,Cerrado,14.1
adf8cda0-cb9e-38ec-b3c1-8481026b9863, -22.662140, -50.665020,2026-05-06 16:35:00,NOAA-20,MARACAÍ,SÃO PAULO,Brasil,3528809,35,33,3,0.0,0.97,Mata Atlântica,6.9
f8651c95-c144-3f38-b254-e57129ece765, -23.771930, -49.160970,2026-05-06 16:35:00,NOAA-20,ITABERÁ,SÃO PAULO,Brasil,3521705,35,33,3,0.0,0.53,Cerrado,9.6
eed003d2-ac40-3c76-be89-812ce32ae266, -22.051750, -41.250700,2026-05-06 16:35:00,NOAA-20,CAMPOS DOS GOYTACAZES,RIO DE JANEIRO,Brasil,3301009,33,33,-999,0.41,0.98,Mata Atlântica,5.9
72147a3c-305d-33d6-80db-82906d54ee46, -23.232200, -47.822760,2026-05-06 16:35:00,NOAA-20,CESÁRIO LANGE,SÃO PAULO,Brasil,3511607,35,33,3,0.0,0.84,Mata Atlântica,5.1
d4ccae77-e196-3188-99ad-c88ea41c007f, -22.500680, -41.994840,2026-05-06 16:35:00,NOAA-20,CASIMIRO DE ABREU,RIO DE JANEIRO,Brasil,3301306,33,33,-999,0.0,1.0,Mata Atlântica,2.2
18af2ea6-b181-330f-86f5-821e03094896, -20.680430, -45.533510,2026-05-06 16:35:00,NOAA-20,FORMIGA,MINAS GERAIS,Brasil,3126109,31,33,19,0.0,1.0,Cerrado,14.1
fb746402-2bee-3b69-be7d-12b578f79d5c, -22.285150, -50.070390,2026-05-06 16:35:00,NOAA-20,MARÍLIA,SÃO PAULO,Brasil,3529005,35,33,4,0.0,1.0,Mata Atlântica,11.3
9167a8a4-871b-36d2-8987-3a3340f51231, -21.978750, -57.590370,2026-05-06 16:35:00,NOAA-20,PORTO MURTINHO,MATO GROSSO DO SUL,Brasil,5006903,50,33,3,0.0,0.09,Cerrado,5.7
6d67ff4e-3bdb-3c4b-a5aa-50fc913d465b, -20.491800, -42.435360,2026-05-06 16:35:00,NOAA-20,SERICITA,MINAS GERAIS,Brasil,3166303,31,33,9,0.0,0.79,Mata Atlântica,3.7
0de9f6ab-fbe3-318f-9286-3bcc55d320e0, -22.971510, -52.691820,2026-05-06 16:35:00,NOAA-20,GUAIRAÇÁ,PARANÁ,Brasil,4108908,41,33,3,0.0,0.21,Mata Atlântica,5.6
1b12b999-ff1b-31d6-9666-fb1924a28060, -23.767280, -49.157420,2026-05-06 16:35:00,NOAA-20,ITABERÁ,SÃO PAULO,Brasil,3521705,35,33,3,0.0,0.51,Cerrado,9.6
cc9663d5-490e-3dad-a4e7-6372fc073287, -30.319630, -51.759230,2026-05-06 16:35:00,NOAA-20,ARROIO DOS RATOS,RIO GRANDE DO SUL,Brasil,4301107,43,33,2,1.74,0.03,Pampa,8.1
9799cf0d-3848-368b-a8d8-dcd780ff27ae, -21.487820, -45.805700,2026-05-06 16:35:00,NOAA-20,FAMA,MINAS GERAIS,Brasil,3125200,31,33,18,0.0,1.0,Mata Atlântica,3.5
e472faa2-409a-3fc1-8975-58b0daaf2f4c, -22.956510, -53.206870,2026-05-06 16:35:00,NOAA-20,LOANDA,PARANÁ,Brasil,4113502,41,33,4,0.0,1.0,Mata Atlântica,12.6
6031c7de-d321-3aef-8929-c2f90d76705c, -30.424780, -52.597990,2026-05-06 16:35:00,NOAA-20,ENCRUZILHADA DO SUL,RIO GRANDE DO SUL,Brasil,4306908,43,33,3,0.7,0.01,Pampa,7.0
47f7b09d-de3a-33bc-8425-a248a762e70d, -20.865680, -45.460030,2026-05-06 16:35:00,NOAA-20,CRISTAIS,MINAS GERAIS,Brasil,3120201,31,33,17,0.0,1.0,Cerrado,3.1
74ed8016-f0a7-3900-8164-7ee8adb824f1, -28.801660, -49.385880,2026-05-06 16:35:00,NOAA-20,CRICIÚMA,SANTA CATARINA,Brasil,4204608,42,33,0,0.0,0.03,Mata Atlântica,3.1
0a31378f-4915-3580-b20b-77e2e050f5b1, -19.975100, -40.964990,2026-05-06 16:35:00,NOAA-20,LARANJA DA TERRA,ESPÍRITO SANTO,Brasil,3203163,32,33,15,7.05,0.03,Mata Atlântica,2.8
4811dfc8-8713-3707-bec5-b0b663965940, -23.050700, -50.018610,2026-05-06 16:35:00,NOAA-20,CAMBARÁ,PARANÁ,Brasil,4103602,41,33,3,0.0,0.42,Mata Atlântica,3.6
2bc3393b-5e07-3249-a9a4-bf2c897885dd, -22.451660, -47.011010,2026-05-06 16:35:00,NOAA-20,MOGI MIRIM,SÃO PAULO,Brasil,3530805,35,33,8,0.0,1.0,Cerrado,2.5
3f733d15-297e-362c-868a-b0d021555dca, -24.946990, -50.830380,2026-05-06 16:35:00,NOAA-20,IVAÍ,PARANÁ,Brasil,4111407,41,33,2,0.0,0.02,Mata Atlântica,24.7
a5abafdd-f2d4-38ba-82ce-0db4615ed9b4, -24.007170, -49.311240,2026-05-06 16:35:00,NOAA-20,ITARARÉ,SÃO PAULO,Brasil,3523206,35,33,3,0.0,0.12,Cerrado,3.6
0b438f4f-15a8-336a-98d1-2599beb7b288, -21.702930, -42.658340,2026-05-06 16:35:00,NOAA-20,ALÉM PARAÍBA,MINAS GERAIS,Brasil,3101508,31,33,3,0.0,0.3,Mata Atlântica,1.9
b79d0531-2012-39e5-989f-04a2850f8589, -23.141740, -47.349440,2026-05-06 16:35:00,NOAA-20,SALTO,SÃO PAULO,Brasil,3545209,35,33,3,0.0,1.0,Mata Atlântica,4.0
793f10f2-e608-322b-9773-eee5db9b068d, -24.941690, -50.825260,2026-05-06 16:35:00,NOAA-20,IVAÍ,PARANÁ,Brasil,4111407,41,33,2,0.0,0.05,Mata Atlântica,24.7
f72e0097-76a1-39e0-b9fa-8276309fb896, -26.730140, -51.105860,2026-05-06 16:37:00,NOAA-20,CAÇADOR,SANTA CATARINA,Brasil,4203006,42,33,1,0.0,0.01,Mata Atlântica,6.7
b1e60da8-62c6-393c-9ed4-ab18b29655d7, -16.014030, -49.049760,2026-05-06 16:37:00,NOAA-20,PIRENÓPOLIS,GOIÁS,Brasil,5217302,52,33,11,0.0,0.92,Cerrado,4.4
289315b6-9d34-34fd-ab19-bd7c14479ab2, -20.534230, -49.246250,2026-05-06 16:37:00,NOAA-20,NOVA GRANADA,SÃO PAULO,Brasil,3533007,35,33,8,0.0,1.0,Mata Atlântica,5.4
a6c66b82-962e-3a06-98b7-9a8c2d03282f, -18.265630, -51.271530,2026-05-06 16:37:00,NOAA-20,APARECIDA DO RIO DOCE,GOIÁS,Brasil,5201454,52,33,7,0.0,0.5,Cerrado,8.4
84cb7489-4cab-33f1-b259-082edfd32da6, -18.785760, -51.941830,2026-05-06 16:37:00,NOAA-20,APORÉ,GOIÁS,Brasil,5201504,52,33,7,0.0,0.99,Cerrado,46.6
caa11033-e341-35d5-86f7-c0ecd0c1cdb8, -14.557680, -58.936930,2026-05-06 16:37:00,NOAA-20,TANGARÁ DA SERRA,MATO GROSSO,Brasil,5107958,51,33,6,0.0,0.22,Cerrado,5.5
690fce65-2422-3ba3-a36a-0423e11559f7, -21.677550, -56.321420,2026-05-06 16:37:00,NOAA-20,BELA VISTA,MATO GROSSO DO SUL,Brasil,5002100,50,33,3,0.0,1.0,Cerrado,10.5
272dce44-2134-3f87-bcbc-a32e25ad9c4b, -14.536990, -58.938000,2026-05-06 16:37:00,NOAA-20,TANGARÁ DA SERRA,MATO GROSSO,Brasil,5107958,51,33,6,0.0,0.23,Cerrado,8.3
a81100f6-4a15-3c0e-a563-81ceb15d07e6, -13.247060, -44.297560,2026-05-06 16:37:00,NOAA-20,SANTA MARIA DA VITÓRIA,BAHIA,Brasil,2928109,29,33,25,0.0,1.0,Cerrado,7.5
c1aea0fa-6b53-3071-82c0-1f78a762c6e3, -20.722910, -47.871230,2026-05-06 16:37:00,NOAA-20,ORLÂNDIA,SÃO PAULO,Brasil,3534302,35,33,4,0.0,-999.0,Cerrado,3.4
b146e1a9-5285-3a7e-8ab0-d3cb4f753703, -13.844950, -48.172170,2026-05-06 16:37:00,NOAA-20,COLINAS DO SUL,GOIÁS,Brasil,5205521,52,33,9,0.0,0.39,Cerrado,9.2
b2f7585e-9c17-3992-89e8-017d39424766, -25.987670, -49.056450,2026-05-06 16:37:00,NOAA-20,TIJUCAS DO SUL,PARANÁ,Brasil,4127601,41,33,2,0.0,0.01,Mata Atlântica,41.0
22cdd2a3-dee8-3f53-8123-a6f84276877d, -13.862010, -48.191530,2026-05-06 16:37:00,NOAA-20,COLINAS DO SUL,GOIÁS,Brasil,5205521,52,33,9,0.0,0.41,Cerrado,5.4
d215da92-ea6b-3037-8eff-e1e9747a81be, -18.789870, -51.936160,2026-05-06 16:37:00,NOAA-20,APORÉ,GOIÁS,Brasil,5201504,52,33,7,0.0,1.0,Cerrado,27.5
a4b8446d-464c-38ff-90d7-8a287316ac93, -19.134350, -54.565800,2026-05-06 16:37:00,NOAA-20,SÃO GABRIEL DO OESTE,MATO GROSSO DO SUL,Brasil,5007695,50,33,9,0.0,0.16,Cerrado,14.1
893f90bc-c1ff-34a8-99cd-dbf6f9c346de, -13.857290, -48.208940,2026-05-06 16:37:00,NOAA-20,COLINAS DO SUL,GOIÁS,Brasil,5205521,52,33,9,0.0,0.4,Cerrado,5.4
1f734a90-1186-3df7-a05f-19f47e1729ce, -18.441040, -54.705410,2026-05-06 16:37:00,NOAA-20,COXIM,MATO GROSSO DO SUL,Brasil,5003306,50,33,9,0.0,0.91,Cerrado,9.5
03490ef2-c9d0-34ca-bac2-02d7d93bd5b7, -18.629510, -45.132200,2026-05-06 16:37:00,NOAA-20,FELIXLÂNDIA,MINAS GERAIS,Brasil,3125705,31,33,24,0.0,0.69,Cerrado,2.9
292d3054-876f-35de-9956-6c0d4974649a, -25.802990, -49.319180,2026-05-06 16:37:00,NOAA-20,MANDIRITUBA,PARANÁ,Brasil,4114302,41,33,2,0.0,0.03,Mata Atlântica,3.3
19e4ba98-4333-3f18-83f3-63ec6d5a1ca7, -25.991950, -49.055880,2026-05-06 16:37:00,NOAA-20,TIJUCAS DO SUL,PARANÁ,Brasil,4127601,41,33,2,0.0,0.01,Mata Atlântica,78.7
f037a989-6444-3208-ab1c-f25a9a05bc78, -18.260630, -51.267480,2026-05-06 16:37:00,NOAA-20,APARECIDA DO RIO DOCE,GOIÁS,Brasil,5201454,52,33,8,0.0,0.79,Cerrado,8.4
98232036-7e25-3e5f-a01e-c5c80ba406d1, -19.402960, -44.728540,2026-05-06 16:37:00,NOAA-20,PAPAGAIOS,MINAS GERAIS,Brasil,3146909,31,33,15,0.0,0.45,Cerrado,2.9
3f767652-989a-3336-9390-1f29fa32e966, -17.426800, -47.850970,2026-05-06 16:37:00,NOAA-20,CAMPO ALEGRE DE GOIÁS,GOIÁS,Brasil,5204805,52,33,25,0.0,1.0,Cerrado,5.0
25d3091b-1e72-34ef-a5fd-33cdf305c3b4, -14.206590, -51.020530,2026-05-06 16:37:00,NOAA-20,COCALINHO,MATO GROSSO,Brasil,5103106,51,33,14,0.0,1.0,Cerrado,2.6
959229af-f6bc-3f32-b858-d0ad0fb65ebd, -13.841460, -48.172780,2026-05-06 16:37:00,NOAA-20,COLINAS DO SUL,GOIÁS,Brasil,5205521,52,33,9,0.0,0.39,Cerrado,9.2
b6f644a9-3b52-3b2d-b210-8ed52068aa1d, -15.423100, -47.600620,2026-05-06 16:37:00,NOAA-20,PLANALTINA,GOIÁS,Brasil,5217609,52,33,23,0.0,0.7,Cerrado,4.2
ff4a5901-4e1b-307f-9972-6a28b3289191, -14.543910, -58.937100,2026-05-06 16:37:00,NOAA-20,TANGARÁ DA SERRA,MATO GROSSO,Brasil,5107958,51,33,6,0.0,0.22,Cerrado,8.3
597e6acb-6267-35f8-a04d-6028f1d9f486, -18.073140, -46.373520,2026-05-06 16:37:00,NOAA-20,PRESIDENTE OLEGÁRIO,MINAS GERAIS,Brasil,3153400,31,33,17,0.0,0.74,Cerrado,9.9
f1b81c59-c775-30cd-8900-2b96fedc4811, -18.486300, -51.685070,2026-05-06 16:37:00,NOAA-20,ITARUMÃ,GOIÁS,Brasil,5211305,52,33,8,0.0,0.64,Cerrado,13.5
a787e9cc-0e64-316b-a137-284e129ece22, -14.931190, -50.536430,2026-05-06 16:37:00,NOAA-20,MOZARLÂNDIA,GOIÁS,Brasil,5214002,52,33,8,0.0,1.0,Cerrado,3.8
9ab0585e-1d25-3f8f-9946-f87b4e3a2090, -16.111160, -49.228370,2026-05-06 16:37:00,NOAA-20,PETROLINA DE GOIÁS,GOIÁS,Brasil,5216809,52,33,16,0.0,0.73,Cerrado,15.7
01e8fbaf-adaa-325e-9194-1224293708ed, -13.847410, -48.164190,2026-05-06 16:37:00,NOAA-20,COLINAS DO SUL,GOIÁS,Brasil,5205521,52,33,9,0.0,0.47,Cerrado,5.3
f41b66d8-d5e8-35b5-b82b-4993a1364fae, -14.027670, -47.588210,2026-05-06 16:37:00,NOAA-20,CAVALCANTE,GOIÁS,Brasil,5205307,52,33,9,0.0,0.61,Cerrado,3.1
78aff4fa-31fb-38d0-80a5-aaabe37b6bdf, -14.138650, -45.352480,2026-05-06 16:37:00,NOAA-20,JABORANDI,BAHIA,Brasil,2917359,29,33,25,0.0,0.8,Cerrado,4.5
80470348-a4d6-3afe-959b-a430d68d7003, -13.243700, -44.298120,2026-05-06 16:37:00,NOAA-20,SANTA MARIA DA VITÓRIA,BAHIA,Brasil,2928109,29,33,25,0.0,1.0,Cerrado,3.7
0f6aedd9-03d5-3c1a-8099-66a9513b3db7, -14.067380, -47.789560,2026-05-06 16:37:00,NOAA-20,CAVALCANTE,GOIÁS,Brasil,5205307,52,33,8,0.0,0.5,Cerrado,7.7
e62b1c26-711f-335e-adbf-dbdaa6c3902c, -13.849910, -48.284470,2026-05-06 16:37:00,NOAA-20,COLINAS DO SUL,GOIÁS,Brasil,5205521,52,33,9,0.0,0.34,Cerrado,9.9
3854ba4c-f851-379d-aaa8-fdab1139ec6d, -13.892440, -48.203590,2026-05-06 16:37:00,NOAA-20,COLINAS DO SUL,GOIÁS,Brasil,5205521,52,33,9,0.0,0.43,Cerrado,8.6
929f89f8-287a-3ad0-ae10-521e062e84e9, -16.112520, -49.238370,2026-05-06 16:37:00,NOAA-20,PETROLINA DE GOIÁS,GOIÁS,Brasil,5216809,52,33,16,0.0,0.8,Cerrado,13.3
abbb22b7-c356-37a7-aff3-df496e3c6721, -19.421230, -52.953990,2026-05-06 16:37:00,NOAA-20,PARAÍSO DAS ÁGUAS,MATO GROSSO DO SUL,Brasil,5006275,50,33,7,0.0,1.0,Cerrado,5.8
2c5a00ed-cef0-3b84-8f8b-978eced7f478, -16.111840, -49.233360,2026-05-06 16:37:00,NOAA-20,PETROLINA DE GOIÁS,GOIÁS,Brasil,5216809,52,33,16,0.0,0.74,Cerrado,15.7
51fb942d-392a-35cb-a817-6c39354498b4, -26.836990, -50.666420,2026-05-06 16:37:00,NOAA-20,LEBON RÉGIS,SANTA CATARINA,Brasil,4209706,42,33,2,0.0,0.01,Mata Atlântica,13.4
3a07931b-fac3-34d2-90a5-47a9ccc7f95b, -14.141960, -45.351950,2026-05-06 16:37:00,NOAA-20,JABORANDI,BAHIA,Brasil,2917359,29,33,25,0.0,0.8,Cerrado,4.5
181c7fb4-5ca7-32dd-96ba-bfd017869151, -17.946780, -52.973260,2026-05-06 16:37:00,NOAA-20,MINEIROS,GOIÁS,Brasil,5213103,52,33,8,0.0,0.62,Cerrado,5.4
130d5ee4-5a02-3034-b2f1-0549643052fe, -14.141420, -45.348400,2026-05-06 16:37:00,NOAA-20,JABORANDI,BAHIA,Brasil,2917359,29,33,26,0.0,0.8,Cerrado,3.6
09b7d73c-d0e2-3426-aad8-d36f92f65ba7, -14.204490, -51.020610,2026-05-06 16:37:00,NOAA-20,COCALINHO,MATO GROSSO,Brasil,5103106,51,33,14,0.0,1.0,Cerrado,6.3
e3c29c47-583f-31ad-b86a-25331f8e312c, -15.546880, -39.891080,2026-05-06 16:37:00,NOAA-20,POTIRAGUÁ,BAHIA,Brasil,2925402,29,33,3,0.1,0.48,Mata Atlântica,1.9
c09604f1-f510-3083-a332-f112d02b4a10, -20.228180, -46.849860,2026-05-06 16:37:00,NOAA-20,DELFINÓPOLIS,MINAS GERAIS,Brasil,3121209,31,33,22,0.0,0.47,Cerrado,2.6
2817161d-ba3e-3a02-b70a-6caefa0636dc, -16.288830, -48.018380,2026-05-06 16:37:00,NOAA-20,LUZIÂNIA,GOIÁS,Brasil,5212501,52,33,26,0.0,0.98,Cerrado,3.9
cc6ff76b-f4d0-3c89-ad53-2cda9ac76771, -15.697190, -47.621550,2026-05-06 16:37:00,NOAA-20,BRASÍLIA,DISTRITO FEDERAL,Brasil,5300108,53,33,19,0.0,0.64,Cerrado,2.5
72b86836-07c3-322f-b18d-10410069bca2, -13.827940, -49.393050,2026-05-06 16:37:00,NOAA-20,AMARALINA,GOIÁS,Brasil,5200829,52,33,18,0.0,0.88,Cerrado,5.9
404702ab-bf1c-34e8-9f06-38f3e3a974de, -13.813480, -48.157200,2026-05-06 16:37:00,NOAA-20,COLINAS DO SUL,GOIÁS,Brasil,5205521,52,33,8,0.0,0.39,Cerrado,8.3
3fb41f3c-71f5-3a64-9b2a-a8213555dee6, -16.199220, -45.586240,2026-05-06 16:37:00,NOAA-20,URUCUIA,MINAS GERAIS,Brasil,3170529,31,33,26,0.0,0.67,Cerrado,1.7
a996bf32-2d11-3183-9e9a-aef780b60757, -18.486560, -51.688200,2026-05-06 16:37:00,NOAA-20,ITARUMÃ,GOIÁS,Brasil,5211305,52,33,8,0.0,0.44,Cerrado,7.8
caa97167-dacf-3444-b0bb-ea6c519bc6ac, -16.108020, -49.233820,2026-05-06 16:37:00,NOAA-20,PETROLINA DE GOIÁS,GOIÁS,Brasil,5216809,52,33,16,0.0,0.43,Cerrado,15.7
94cbf0f6-2aad-3ef9-a029-c3884c002901, -13.849630, -48.179950,2026-05-06 16:37:00,NOAA-20,COLINAS DO SUL,GOIÁS,Brasil,5205521,52,33,9,0.0,0.39,Cerrado,3.7
afe2e20d-525d-313f-85f2-5d43a7f3a217, -14.027120, -47.584460,2026-05-06 16:37:00,NOAA-20,CAVALCANTE,GOIÁS,Brasil,5205307,52,33,9,0.0,0.55,Cerrado,3.1
e5acb53e-e525-3219-8604-8ec7cb4e9bb4, -14.132030, -45.353540,2026-05-06 16:37:00,NOAA-20,JABORANDI,BAHIA,Brasil,2917359,29,33,25,0.0,0.8,Cerrado,2.9
e337f503-396f-3256-8d7f-ab68ede65de3, -13.272760, -43.321950,2026-05-06 16:37:00,NOAA-20,BOM JESUS DA LAPA,BAHIA,Brasil,2903904,29,33,17,0.0,0.99,Caatinga,4.1
ab1b809a-7eee-3981-9ef8-887a8af07c42, -19.841290, -49.787240,2026-05-06 16:37:00,NOAA-20,SÃO FRANCISCO DE SALES,MINAS GERAIS,Brasil,3161304,31,33,6,0.0,1.0,Mata Atlântica,7.9
3a73cf0a-ccd9-3166-aa15-c9e4a849a6f0, -14.074000, -47.620590,2026-05-06 16:37:00,NOAA-20,ALTO PARAÍSO DE GOIÁS,GOIÁS,Brasil,5200605,52,33,10,0.0,0.45,Cerrado,4.0
9e399c0b-dce5-3f5c-9f31-28d2ab92ed12, -20.712430, -55.179900,2026-05-06 16:37:00,NOAA-20,SIDROLÂNDIA,MATO GROSSO DO SUL,Brasil,5007901,50,33,9,0.0,0.35,Cerrado,11.2
801059f4-5b0e-3328-9b0d-11bcdfe4b97a, -14.408080, -56.315330,2026-05-06 16:37:00,NOAA-20,DIAMANTINO,MATO GROSSO,Brasil,5103502,51,33,6,0.0,0.25,Cerrado,4.0
59429f59-e577-309d-80e9-0e4d11083349, -14.028200, -47.591950,2026-05-06 16:37:00,NOAA-20,CAVALCANTE,GOIÁS,Brasil,5205307,52,33,9,0.0,0.59,Cerrado,3.9
0fc0eee1-6821-3560-ac93-238bc114751a, -27.244530, -51.246240,2026-05-06 16:37:00,NOAA-20,CAMPOS NOVOS,SANTA CATARINA,Brasil,4203600,42,33,2,0.0,0.01,Mata Atlântica,45.9
c56e66ab-fcda-300b-a2b2-2afc8cbcda3e, -25.804190, -49.320730,2026-05-06 16:37:00,NOAA-20,MANDIRITUBA,PARANÁ,Brasil,4114302,41,33,2,0.0,0.03,Mata Atlântica,3.1
a6ca6332-5aa8-3a80-9fba-8a98ac56b94b, -19.182640, -47.695340,2026-05-06 16:37:00,NOAA-20,NOVA PONTE,MINAS GERAIS,Brasil,3145000,31,33,17,0.0,1.0,Cerrado,13.6
10b4740d-8489-3c0a-9e35-9ac96b478cbb, -15.646540, -41.284410,2026-05-06 16:37:00,NOAA-20,ENCRUZILHADA,BAHIA,Brasil,2910404,29,33,24,0.0,0.39,Mata Atlântica,4.1
e0732c45-d6d4-3307-88f9-8a15da172efb, -19.895320, -56.949230,2026-05-06 16:37:00,NOAA-20,MIRANDA,MATO GROSSO DO SUL,Brasil,5005608,50,33,3,0.0,0.25,Cerrado,10.5
df205f0a-abf5-37a9-9542-492d1a420461, -20.700420, -46.615780,2026-05-06 16:37:00,NOAA-20,PASSOS,MINAS GERAIS,Brasil,3147907,31,33,8,0.0,-999.0,Cerrado,2.7
58d9d0c6-71cc-3d1b-af24-1df5b1845635, -19.841770, -49.791120,2026-05-06 16:37:00,NOAA-20,SÃO FRANCISCO DE SALES,MINAS GERAIS,Brasil,3161304,31,33,6,0.0,1.0,Mata Atlântica,7.9
a60e3650-3a85-34b2-bc0f-26eb80c3f2c2, -19.845420, -49.786700,2026-05-06 16:37:00,NOAA-20,SÃO FRANCISCO DE SALES,MINAS GERAIS,Brasil,3161304,31,33,6,0.0,1.0,Mata Atlântica,7.9
ed2795a8-c57f-3a6d-908a-592411f27eca, -25.990320, -49.057660,2026-05-06 16:37:00,NOAA-20,TIJUCAS DO SUL,PARANÁ,Brasil,4127601,41,33,2,0.0,0.01,Mata Atlântica,83.8
483d2166-b393-3645-9cf3-12fbd2de68e3, -14.121020, -45.348050,2026-05-06 16:37:00,NOAA-20,JABORANDI,BAHIA,Brasil,2917359,29,33,26,0.0,0.81,Cerrado,6.6
8bc5d1f2-6d6b-3666-a549-f4960a11b069, -18.825120, -53.351510,2026-05-06 16:37:00,NOAA-20,COSTA RICA,MATO GROSSO DO SUL,Brasil,5003256,50,33,6,0.0,0.69,Cerrado,2.7
cb5e501a-0bd2-347d-999c-7ddb341c91a9, -19.392140, -44.971630,2026-05-06 16:37:00,NOAA-20,POMPÉU,MINAS GERAIS,Brasil,3152006,31,33,22,0.0,1.0,Cerrado,2.9
92fb5eec-f116-3a79-a8bc-efb8a7450359, -18.076540, -46.373010,2026-05-06 16:37:00,NOAA-20,PRESIDENTE OLEGÁRIO,MINAS GERAIS,Brasil,3153400,31,33,17,0.0,0.7,Cerrado,9.9
db481be4-5a61-3bfe-bde4-72873ec0e7d8, -14.128180, -45.350530,2026-05-06 16:37:00,NOAA-20,JABORANDI,BAHIA,Brasil,2917359,29,33,25,0.0,0.81,Cerrado,6.8
08fc62f9-a0e6-38b4-89f2-fc0af133153e, -14.029320, -47.599660,2026-05-06 16:37:00,NOAA-20,CAVALCANTE,GOIÁS,Brasil,5205307,52,33,9,0.0,0.44,Cerrado,7.8
bf98681a-3757-356a-833e-484d7da37903, -13.400550, -49.593200,2026-05-06 16:37:00,NOAA-20,PORANGATU,GOIÁS,Brasil,5218003,52,33,13,0.0,1.0,Cerrado,5.9
6691314f-9eab-3eaf-b878-221a559532c7, -18.618200, -42.330040,2026-05-06 16:37:00,NOAA-20,COROACI,MINAS GERAIS,Brasil,3119203,31,33,16,0.0,0.24,Mata Atlântica,4.2
29077e52-2164-381f-868d-e3b40df864f1, -13.850250, -48.184360,2026-05-06 16:37:00,NOAA-20,COLINAS DO SUL,GOIÁS,Brasil,5205521,52,33,9,0.0,0.4,Cerrado,3.7
2b5a4338-b3a5-3741-a2c1-ed026c6bee33, -26.727100, -51.105800,2026-05-06 16:37:00,NOAA-20,CAÇADOR,SANTA CATARINA,Brasil,4203006,42,33,2,0.0,0.01,Mata Atlântica,7.7
b5521c91-61bd-3bab-b00b-dff2d37940d9, -14.072530, -47.751960,2026-05-06 16:37:00,NOAA-20,CAVALCANTE,GOIÁS,Brasil,5205307,52,33,8,0.0,0.42,Cerrado,6.0
8a4add82-1a49-3417-87cc-9743ab8e23fd, -25.989850, -49.053140,2026-05-06 16:37:00,NOAA-20,TIJUCAS DO SUL,PARANÁ,Brasil,4127601,41,33,-999,0.0,0.01,Mata Atlântica,61.8
8394bf68-676c-3a75-b8c3-65978741b72c, -25.802490, -49.314690,2026-05-06 16:37:00,NOAA-20,MANDIRITUBA,PARANÁ,Brasil,4114302,41,33,2,0.0,0.03,Mata Atlântica,3.3
172a5488-0f21-3cd5-ade9-5a4a5eae6a18, -15.760740, -48.108180,2026-05-06 16:37:00,NOAA-20,BRASÍLIA,DISTRITO FEDERAL,Brasil,5300108,53,33,14,0.0,0.66,Cerrado,6.1
b72ea029-6c22-3223-9c8f-4393cd91cb9c, -17.936930, -50.792630,2026-05-06 16:37:00,NOAA-20,RIO VERDE,GOIÁS,Brasil,5218805,52,33,18,0.0,0.97,Cerrado,3.0
8b52794f-e997-3c68-8658-74c5226ecd84, -21.670690, -56.316520,2026-05-06 16:37:00,NOAA-20,BELA VISTA,MATO GROSSO DO SUL,Brasil,5002100,50,33,3,0.0,1.0,Cerrado,8.3
101fcf3a-171b-3fdc-a6a0-31029cde471e, -14.132580, -45.357090,2026-05-06 16:37:00,NOAA-20,JABORANDI,BAHIA,Brasil,2917359,29,33,25,0.0,0.8,Cerrado,2.9
f8717533-fd21-34ec-8fd4-a0cfd1dbbe08, -14.550840, -58.936380,2026-05-06 16:37:00,NOAA-20,TANGARÁ DA SERRA,MATO GROSSO,Brasil,5107958,51,33,6,0.0,0.22,Cerrado,32.3
b3ec74dd-d3c4-300c-a824-8d2369ab5be9, -19.128720, -54.566090,2026-05-06 16:37:00,NOAA-20,SÃO GABRIEL DO OESTE,MATO GROSSO DO SUL,Brasil,5007695,50,33,9,0.0,0.16,Cerrado,14.1
35874651-427b-348a-9462-a9055ca08ce4, -18.776360, -51.942920,2026-05-06 16:37:00,NOAA-20,APORÉ,GOIÁS,Brasil,5201504,52,33,7,0.0,1.0,Cerrado,28.5
77f30360-643f-34fd-9788-8a1efb222ba2, -20.228790, -46.854210,2026-05-06 16:37:00,NOAA-20,DELFINÓPOLIS,MINAS GERAIS,Brasil,3121209,31,33,22,0.0,0.56,Cerrado,2.6
d261e642-84f9-3784-b06f-9ac860ea632b, -19.179010, -47.695920,2026-05-06 16:37:00,NOAA-20,NOVA PONTE,MINAS GERAIS,Brasil,3145000,31,33,17,0.0,1.0,Cerrado,13.6
8bfb0f60-483b-3de8-9e63-31bdfc86f848, -14.410430, -56.317990,2026-05-06 16:37:00,NOAA-20,DIAMANTINO,MATO GROSSO,Brasil,5103502,51,33,6,0.0,0.31,Cerrado,8.0
45f9ba0e-91bd-3193-8288-baf50a761957, -13.702380, -47.755630,2026-05-06 16:37:00,NOAA-20,CAVALCANTE,GOIÁS,Brasil,5205307,52,33,13,0.0,0.48,Cerrado,7.7
23356251-4e17-3d21-aa84-1e34094ebdab, -18.486000, -51.683250,2026-05-06 16:37:00,NOAA-20,ITARUMÃ,GOIÁS,Brasil,5211305,52,33,8,0.0,0.75,Cerrado,5.8
496723d1-7598-3c40-a390-1c84fd0cb73b, -13.440870, -43.845700,2026-05-06 16:37:00,NOAA-20,SERRA DO RAMALHO,BAHIA,Brasil,2930154,29,33,26,0.0,0.89,Cerrado,5.4
22d26fc1-243d-349c-9103-c13185d8e0ef, -12.841870, -42.519500,2026-05-06 16:37:00,NOAA-20,BOQUIRA,BAHIA,Brasil,2904100,29,33,17,0.0,1.0,Caatinga,6.4
c9cdb740-c2c2-334e-b0c0-764fccf19dab, -18.784570, -51.931500,2026-05-06 16:37:00,NOAA-20,APORÉ,GOIÁS,Brasil,5201504,52,33,7,0.0,1.0,Cerrado,27.5
80b5c8a3-e3f3-3a87-8d0c-e8399876f33b, -19.894820, -56.943270,2026-05-06 16:37:00,NOAA-20,MIRANDA,MATO GROSSO DO SUL,Brasil,5005608,50,33,3,0.0,0.73,Cerrado,10.8
bc4d5d32-e9bc-3b04-955c-1d891c92beec, -15.761780, -48.107200,2026-05-06 16:37:00,NOAA-20,BRASÍLIA,DISTRITO FEDERAL,Brasil,5300108,53,33,14,0.0,0.66,Cerrado,7.7
91be36c3-3325-3c60-b71a-5cbcba2ce30f, -17.941150, -52.967970,2026-05-06 16:37:00,NOAA-20,MINEIROS,GOIÁS,Brasil,5213103,52,33,8,0.0,0.62,Cerrado,5.4
17eb752e-4703-3e9f-b8e1-0eb7750ed764, -21.672800, -56.321660,2026-05-06 16:37:00,NOAA-20,BELA VISTA,MATO GROSSO DO SUL,Brasil,5002100,50,33,3,0.0,0.97,Cerrado,14.2
c61b5738-a479-3189-8b9c-b0cb9311887c, -19.133940, -54.561660,2026-05-06 16:37:00,NOAA-20,SÃO GABRIEL DO OESTE,MATO GROSSO DO SUL,Brasil,5007695,50,33,9,0.0,0.16,Cerrado,46.4
28393281-ab44-3345-933a-ae497b6e08bc, -19.373010, -44.730090,2026-05-06 16:37:00,NOAA-20,PAPAGAIOS,MINAS GERAIS,Brasil,3146909,31,33,15,0.0,0.98,Cerrado,3.6
010ae57d-660c-3c7b-838e-963ed58dbb58, -16.792240, -49.391690,2026-05-06 16:37:00,NOAA-20,GOIÂNIA,GOIÁS,Brasil,5208707,52,33,28,0.0,1.0,Cerrado,2.1
d707c22b-38ff-301c-8c81-7c468fdfa49e, -14.067960, -47.793600,2026-05-06 16:37:00,NOAA-20,CAVALCANTE,GOIÁS,Brasil,5205307,52,33,8,0.0,0.39,Cerrado,5.6
00b35ea2-03ee-3a88-ba64-b2281ebbe98a, -27.138560, -50.185280,2026-05-06 16:37:00,NOAA-20,TAIÓ,SANTA CATARINA,Brasil,4217808,42,33,2,0.0,0.31,Mata Atlântica,11.6
12a95f85-77cf-340d-bdf5-ff16d8cfbbf0, -14.414020, -56.314860,2026-05-06 16:37:00,NOAA-20,DIAMANTINO,MATO GROSSO,Brasil,5103502,51,33,6,0.0,0.4,Cerrado,3.0
118bb5bf-4966-3485-9aab-65d1e714aa74, -18.435420, -54.705870,2026-05-06 16:37:00,NOAA-20,COXIM,MATO GROSSO DO SUL,Brasil,5003306,50,33,9,0.0,0.77,Cerrado,9.5
9346a619-3004-3a68-98b6-4dc1e58eb4cf, -18.789270, -51.931010,2026-05-06 16:37:00,NOAA-20,APORÉ,GOIÁS,Brasil,5201504,52,33,7,0.0,1.0,Cerrado,27.5
3f011a20-e8b9-397b-b862-3a3daff264c7, -13.852550, -48.175260,2026-05-06 16:37:00,NOAA-20,COLINAS DO SUL,GOIÁS,Brasil,5205521,52,33,9,0.0,0.4,Cerrado,6.7
6e7873c0-9173-3a61-8b59-db28f362c239, -26.830120, -50.748460,2026-05-06 16:37:00,NOAA-20,LEBON RÉGIS,SANTA CATARINA,Brasil,4209706,42,33,2,0.0,0.01,Mata Atlântica,8.0
264dd91c-b1eb-32c5-ae7f-b60337dd19f6, -14.128730, -45.354070,2026-05-06 16:37:00,NOAA-20,JABORANDI,BAHIA,Brasil,2917359,29,33,25,0.0,0.8,Cerrado,6.8
a70bffe4-e2dc-32fa-a1d2-2a425d923396, -19.948120, -54.382660,2026-05-06 16:37:00,NOAA-20,BANDEIRANTES,MATO GROSSO DO SUL,Brasil,5001508,50,33,3,0.0,0.34,Cerrado,6.4
9e0c7825-7bb2-3044-a405-0fc9d39d6cbc, -25.682240, -49.771340,2026-05-06 16:37:00,NOAA-20,LAPA,PARANÁ,Brasil,4113205,41,33,2,0.0,0.1,Mata Atlântica,3.9
286eab44-e10c-3f89-aee9-cdd23fff31f7, -13.844420, -48.168370,2026-05-06 16:37:00,NOAA-20,COLINAS DO SUL,GOIÁS,Brasil,5205521,52,33,9,0.0,0.39,Cerrado,2.8
bcefbf7b-a77d-3d01-8821-0d2b047d9ac9, -26.712740, -51.401590,2026-05-06 16:37:00,NOAA-20,GENERAL CARNEIRO,PARANÁ,Brasil,4108502,41,33,2,0.01,0.01,Mata Atlântica,5.5
0f96ce9b-8087-3755-a3b9-90694f665050, -13.853140, -48.179420,2026-05-06 16:37:00,NOAA-20,COLINAS DO SUL,GOIÁS,Brasil,5205521,52,33,9,0.0,0.4,Cerrado,3.7
3e5a03e7-6451-35c5-8233-55a407fe3e2f, -18.720090, -46.893460,2026-05-06 16:37:00,NOAA-20,COROMANDEL,MINAS GERAIS,Brasil,3119302,31,33,14,0.0,0.97,Cerrado,8.1
c7a2181d-d660-3a10-9d60-7a21bd6a628b, -13.698940, -47.756180,2026-05-06 16:37:00,NOAA-20,CAVALCANTE,GOIÁS,Brasil,5205307,52,33,13,0.0,0.47,Cerrado,12.4
1f47c055-1a09-35f3-bf16-c99da6d87d10, -26.829680, -50.489170,2026-05-06 16:37:00,NOAA-20,SANTA CECÍLIA,SANTA CATARINA,Brasil,4215505,42,33,2,0.0,0.05,Mata Atlântica,5.4
a3207735-e5bf-3d4e-9cc6-d0ba72a41fc9, -14.862080, -48.540790,2026-05-06 16:37:00,NOAA-20,NIQUELÂNDIA,GOIÁS,Brasil,5214606,52,33,24,0.0,0.48,Cerrado,4.2
483c815d-7a30-3ce8-9661-251acbb63c8b, -14.147840, -52.890340,2026-05-06 16:37:00,NOAA-20,ÁGUA BOA,MATO GROSSO,Brasil,5100201,51,33,16,0.0,0.7,Cerrado,8.0
38bddf59-a845-3501-904a-482b2da361c2, -12.841160, -42.515210,2026-05-06 16:37:00,NOAA-20,BOQUIRA,BAHIA,Brasil,2904100,29,33,17,0.0,1.0,Caatinga,6.4
c61f3ed3-e2b6-3173-8019-a31c31378e61, -14.551530, -58.943280,2026-05-06 16:37:00,NOAA-20,TANGARÁ DA SERRA,MATO GROSSO,Brasil,5107958,51,33,6,0.0,0.22,Cerrado,33.8
9caa834e-a95b-3f04-be75-3ddbad301c9f, -16.236620, -50.073420,2026-05-06 16:37:00,NOAA-20,AMERICANO DO BRASIL,GOIÁS,Brasil,5200852,52,33,24,0.0,1.0,Cerrado,3.2
80654e70-588c-310d-b9fb-27d60398375c, -13.897090, -48.211060,2026-05-06 16:37:00,NOAA-20,COLINAS DO SUL,GOIÁS,Brasil,5205521,52,33,9,0.0,0.41,Cerrado,7.3
d074451e-a828-31ce-bf46-a100137c9ea4, -14.148570, -45.350880,2026-05-06 16:37:00,NOAA-20,JABORANDI,BAHIA,Brasil,2917359,29,33,25,0.0,0.8,Cerrado,4.7
fc7eb017-000e-3d58-8d26-abeeea0bdd2d, -14.388040, -46.769250,2026-05-06 16:37:00,NOAA-20,ALVORADA DO NORTE,GOIÁS,Brasil,5200803,52,33,8,0.0,1.0,Cerrado,4.3
e7c261d2-7a5f-3f24-89d7-c2bb2b45de75, -13.843890, -48.164700,2026-05-06 16:37:00,NOAA-20,COLINAS DO SUL,GOIÁS,Brasil,5205521,52,33,9,0.0,0.39,Cerrado,2.8
5035e717-6bf2-3653-879e-135e820e31ed, -18.441420, -54.709230,2026-05-06 16:37:00,NOAA-20,COXIM,MATO GROSSO DO SUL,Brasil,5003306,50,33,9,0.0,0.86,Cerrado,9.5
fef90e20-dcaa-38d2-b532-82c462855291, -19.946620, -54.383400,2026-05-06 16:37:00,NOAA-20,BANDEIRANTES,MATO GROSSO DO SUL,Brasil,5001508,50,33,3,0.0,0.31,Cerrado,5.8
a6fdfc7e-8eb3-3151-9c07-24e62dec7e06, -13.818680, -48.168380,2026-05-06 16:37:00,NOAA-20,COLINAS DO SUL,GOIÁS,Brasil,5205521,52,33,9,0.0,0.39,Cerrado,2.5
792467ac-fd05-31ff-9f30-dab22acdb944, -15.799980, -39.347270,2026-05-06 16:37:00,NOAA-20,MASCOTE,BAHIA,Brasil,2920908,29,33,2,0.06,1.0,Mata Atlântica,3.7
37276777-fa50-3980-9052-264a232365b2, -14.028750, -47.595720,2026-05-06 16:37:00,NOAA-20,CAVALCANTE,GOIÁS,Brasil,5205307,52,33,9,0.0,0.52,Cerrado,3.9
708896d7-01b7-3a62-a930-b26022e125ee, -21.671150, -56.322150,2026-05-06 16:37:00,NOAA-20,BELA VISTA,MATO GROSSO DO SUL,Brasil,5002100,50,33,3,0.0,0.93,Cerrado,7.6
c68289bf-3d7d-3a9a-ba4f-9cacb45b7316, -13.825820, -48.163530,2026-05-06 16:37:00,NOAA-20,COLINAS DO SUL,GOIÁS,Brasil,5205521,52,33,9,0.0,0.39,Cerrado,3.3
471dca6a-c4d4-3a4f-b7c8-99feff31df07, -19.071780, -50.803350,2026-05-06 16:37:00,NOAA-20,CAÇU,GOIÁS,Brasil,5204300,52,33,6,0.0,1.0,Cerrado,3.8
dfa38eb5-9651-3386-92d6-61c98d1fae10, -14.680500, -47.269630,2026-05-06 16:37:00,NOAA-20,SÃO JOÃO D'ALIANÇA,GOIÁS,Brasil,5220009,52,33,26,0.0,1.0,Cerrado,5.6
3beddbbb-474a-3293-b062-42e2f56c6240, -13.853190, -48.205380,2026-05-06 16:37:00,NOAA-20,COLINAS DO SUL,GOIÁS,Brasil,5205521,52,33,9,0.0,0.4,Cerrado,5.4
583f4007-a6e6-3aa2-8fd5-2c693c2c9827, -13.819380, -48.168710,2026-05-06 16:37:00,NOAA-20,COLINAS DO SUL,GOIÁS,Brasil,5205521,52,33,9,0.0,0.39,Cerrado,5.0
a6ca57aa-ef29-3c2c-ae84-cf0595db1120, -21.672370, -56.315990,2026-05-06 16:37:00,NOAA-20,BELA VISTA,MATO GROSSO DO SUL,Brasil,5002100,50,33,3,0.0,1.0,Cerrado,14.2
b3d395f8-9f46-3a63-aaab-184e62a70597, -18.075990, -46.369150,2026-05-06 16:37:00,NOAA-20,PRESIDENTE OLEGÁRIO,MINAS GERAIS,Brasil,3153400,31,33,17,0.0,0.68,Cerrado,6.8
63724b5c-e5e7-3481-af3a-a688f17ad212, -20.220600, -44.961990,2026-05-06 16:37:00,NOAA-20,SÃO SEBASTIÃO DO OESTE,MINAS GERAIS,Brasil,3164605,31,33,20,0.0,1.0,Cerrado,4.6
c5b51e5f-446a-39a6-9f29-a19151f1e55e, -20.566780, -47.861240,2026-05-06 16:37:00,NOAA-20,SÃO JOAQUIM DA BARRA,SÃO PAULO,Brasil,3549409,35,33,16,0.0,1.0,Cerrado,4.9
c493784c-7500-38bc-a1cb-e26b8ba058f0, -15.778060, -47.790210,2026-05-06 16:37:00,NOAA-20,BRASÍLIA,DISTRITO FEDERAL,Brasil,5300108,53,33,14,0.0,-999.0,Cerrado,9.6
51fdca55-6693-3c4b-a169-6806323f2975, -20.530190, -49.246750,2026-05-06 16:37:00,NOAA-20,NOVA GRANADA,SÃO PAULO,Brasil,3533007,35,33,8,0.0,1.0,Mata Atlântica,4.1
08a00fc1-f3ad-302d-9d1d-101c462e5fbb, -18.790460, -51.941300,2026-05-06 16:37:00,NOAA-20,APORÉ,GOIÁS,Brasil,5201504,52,33,7,0.0,0.94,Cerrado,46.6
b9ee6417-6bd5-39cb-a51d-b2b2f90c7f0c, -17.946110, -52.967290,2026-05-06 16:37:00,NOAA-20,MINEIROS,GOIÁS,Brasil,5213103,52,33,8,0.0,0.62,Cerrado,5.4
add22875-9aa7-3474-8709-79ecb726c3e7, -14.144720, -45.347870,2026-05-06 16:37:00,NOAA-20,JABORANDI,BAHIA,Brasil,2917359,29,33,26,0.0,0.8,Cerrado,4.4
0d4eba9b-aea9-3c04-9fe2-f85583c387a7, -21.677090, -56.315800,2026-05-06 16:37:00,NOAA-20,BELA VISTA,MATO GROSSO DO SUL,Brasil,5002100,50,33,2,0.0,1.0,Cerrado,13.6
85043860-bc42-3c55-8258-61927e0a36f3, -12.842270, -42.516170,2026-05-06 16:37:00,NOAA-20,BOQUIRA,BAHIA,Brasil,2904100,29,33,17,0.0,1.0,Caatinga,12.5
871dc673-855b-3c54-9b0e-bdd375955c59, -13.864930, -48.186810,2026-05-06 16:37:00,NOAA-20,COLINAS DO SUL,GOIÁS,Brasil,5205521,52,33,9,0.0,0.41,Cerrado,6.1
f3a9d349-ed90-3446-bbe2-26d3314d72ea, -14.131490, -45.350000,2026-05-06 16:37:00,NOAA-20,JABORANDI,BAHIA,Brasil,2917359,29,33,25,0.0,0.8,Cerrado,3.7
8522f8c3-e638-3ee4-a208-a923173a45b0, -14.145270, -45.351410,2026-05-06 16:37:00,NOAA-20,JABORANDI,BAHIA,Brasil,2917359,29,33,25,0.0,0.8,Cerrado,4.7
d810b19d-7169-3a93-a774-ef54169afe05, -18.448450, -48.021030,2026-05-06 16:37:00,NOAA-20,ARAGUARI,MINAS GERAIS,Brasil,3103504,31,33,24,0.0,0.79,Mata Atlântica,4.2
89de2ce3-0070-3035-a0d7-4832bf274b4c, -13.845530, -48.176270,2026-05-06 16:37:00,NOAA-20,COLINAS DO SUL,GOIÁS,Brasil,5205521,52,33,9,0.0,0.39,Cerrado,9.2
8f672f7d-913b-39c4-ba8b-70eeb31f27f8, -25.803730, -49.316240,2026-05-06 16:37:00,NOAA-20,MANDIRITUBA,PARANÁ,Brasil,4114302,41,33,2,0.0,0.03,Mata Atlântica,3.1
94695a5b-ed5f-351c-9db8-c6b6c2c1212c, -18.781060, -51.942350,2026-05-06 16:37:00,NOAA-20,APORÉ,GOIÁS,Brasil,5201504,52,33,7,0.0,1.0,Cerrado,28.5
e8ecb298-f6dd-3a2b-bf88-77a0dac3f536, -18.780470, -51.937160,2026-05-06 16:37:00,NOAA-20,APORÉ,GOIÁS,Brasil,5201504,52,33,7,0.0,1.0,Cerrado,28.7
96ed6057-ebe7-3f92-a151-a438a26ea1bf, -26.087570, -53.449170,2026-05-06 16:37:00,NOAA-20,SALGADO FILHO,PARANÁ,Brasil,4122800,41,33,2,0.0,0.07,Mata Atlântica,4.5
afaf60ea-2a38-3bb5-87ac-4d0207206b39, -18.785160, -51.936650,2026-05-06 16:37:00,NOAA-20,APORÉ,GOIÁS,Brasil,5201504,52,33,7,0.0,1.0,Cerrado,27.5
12d9618d-121d-3b9f-b9a9-8525731bc67f, -13.822160, -48.167710,2026-05-06 16:37:00,NOAA-20,COLINAS DO SUL,GOIÁS,Brasil,5205521,52,33,9,0.0,0.39,Cerrado,2.5
1a648ed6-1c75-3f0f-8bba-15955a3c598b, -13.842030, -48.176870,2026-05-06 16:37:00,NOAA-20,COLINAS DO SUL,GOIÁS,Brasil,5205521,52,33,9,0.0,0.39,Cerrado,9.2
f2eca9e2-393f-3fbd-9106-6cc83169f16d, -20.425480, -46.578450,2026-05-06 16:37:00,NOAA-20,DELFINÓPOLIS,MINAS GERAIS,Brasil,3121209,31,33,20,0.0,0.99,Cerrado,3.5
979a2fee-0e7c-32f1-9470-dd1392aae21e, -14.276530, -49.774520,2026-05-06 16:37:00,NOAA-20,SANTA TEREZINHA DE GOIÁS,GOIÁS,Brasil,5219704,52,33,18,0.0,0.96,Cerrado,3.4
03808245-c69d-30ca-b89e-65e45604adff, -14.134800, -45.349460,2026-05-06 16:37:00,NOAA-20,JABORANDI,BAHIA,Brasil,2917359,29,33,26,0.0,0.8,Cerrado,3.7
0acab53d-7211-32ae-afe7-f583f6e08185, -13.831670, -49.392480,2026-05-06 16:37:00,NOAA-20,AMARALINA,GOIÁS,Brasil,5200829,52,33,18,0.0,0.71,Cerrado,12.6
4791b224-86c9-3ea5-822f-182652d77765, -18.261160, -51.271990,2026-05-06 16:37:00,NOAA-20,APARECIDA DO RIO DOCE,GOIÁS,Brasil,5201454,52,33,7,0.0,0.6,Cerrado,8.4
98f2f361-75ea-3f3d-9671-3b51af00ccf2, -14.138110, -45.348930,2026-05-06 16:37:00,NOAA-20,JABORANDI,BAHIA,Brasil,2917359,29,33,26,0.0,0.8,Cerrado,3.6
10465c17-ffde-30b0-bc00-46fe73493621, -13.508800, -44.511830,2026-05-06 16:37:00,NOAA-20,CORRENTINA,BAHIA,Brasil,2909307,29,33,14,0.0,0.96,Cerrado,2.4
1739150e-45df-3fa8-ac6d-eea7d466115c, -19.151410, -45.109600,2026-05-06 16:37:00,NOAA-20,ABAETÉ,MINAS GERAIS,Brasil,3100203,31,33,27,0.0,0.75,Cerrado,25.2
234ce0b6-4e84-3aa4-b20d-50df7b952bfe, -13.201620, -47.033350,2026-05-06 16:37:00,NOAA-20,MONTE ALEGRE DE GOIÁS,GOIÁS,Brasil,5213509,52,33,9,0.0,0.83,Cerrado,2.9
a10906d4-661f-34c7-9215-5edbba317fc2, -17.222940, -46.828080,2026-05-06 16:37:00,NOAA-20,PARACATU,MINAS GERAIS,Brasil,3147006,31,33,26,0.0,1.0,Cerrado,3.4
e100a3fd-df24-31de-8651-57d691649a1b, -14.135340, -45.353010,2026-05-06 16:37:00,NOAA-20,JABORANDI,BAHIA,Brasil,2917359,29,33,25,0.0,0.8,Cerrado,2.9
ccc7e5cd-09f2-3f92-a791-d987ea6a7ea2, -13.891310, -48.195690,2026-05-06 16:37:00,NOAA-20,COLINAS DO SUL,GOIÁS,Brasil,5205521,52,33,9,0.0,0.39,Cerrado,8.7
002df52a-269c-3d67-97bd-0c0e4025c62e, -19.980290, -47.201240,2026-05-06 16:37:00,NOAA-20,SACRAMENTO,MINAS GERAIS,Brasil,3156908,31,33,18,0.0,0.22,Cerrado,5.0
1c83cc82-b786-3cea-b91d-4bcef74eade4, -14.121570, -45.351590,2026-05-06 16:37:00,NOAA-20,JABORANDI,BAHIA,Brasil,2917359,29,33,25,0.0,0.81,Cerrado,6.6
0d8a6e09-8a8e-3fd6-b85f-eba859dc34e2, -16.289800, -48.016910,2026-05-06 16:37:00,NOAA-20,LUZIÂNIA,GOIÁS,Brasil,5212501,52,33,26,0.0,0.96,Cerrado,4.2
0c862841-3170-31ac-a435-bc0367552896, -18.626180, -45.132750,2026-05-06 16:37:00,NOAA-20,FELIXLÂNDIA,MINAS GERAIS,Brasil,3125705,31,33,24,0.0,0.54,Cerrado,11.1
e4df9d02-71f2-3411-b0d4-6be574ed099c,  -9.421880, -50.693230,2026-05-06 16:39:00,NOAA-20,SANTANA DO ARAGUAIA,PARÁ,Brasil,1506708,15,33,6,0.0,0.52,Amazônia,4.4
70c14199-fe7f-3e36-9b80-8e0569578aa1, -13.988120, -56.653330,2026-05-06 16:39:00,NOAA-20,DIAMANTINO,MATO GROSSO,Brasil,5103502,51,33,6,0.0,0.15,Cerrado,8.8
0fd2ed3b-a024-32da-b644-4b402cf8fd9b, -12.988570, -54.677370,2026-05-06 16:39:00,NOAA-20,NOVA UBIRATÃ,MATO GROSSO,Brasil,5106240,51,33,6,0.0,0.09,Amazônia,7.2
03ba248d-3148-3254-8f3c-84d4e1c7abfa, -11.834710, -49.766030,2026-05-06 16:39:00,NOAA-20,FORMOSO DO ARAGUAIA,TOCANTINS,Brasil,1708205,17,33,7,0.0,0.94,Cerrado,19.0
159be8f1-93f9-39df-9858-5f0f8475ad12, -10.818310, -49.334350,2026-05-06 16:39:00,NOAA-20,SANTA RITA DO TOCANTINS,TOCANTINS,Brasil,1718899,17,33,3,0.0,0.2,Cerrado,11.2
9d6ccac2-0746-35d6-8a77-b988ad4ab787, -11.948200, -43.374710,2026-05-06 16:39:00,NOAA-20,MUQUÉM DO SÃO FRANCISCO,BAHIA,Brasil,2922250,29,33,14,2.3,0.61,Cerrado,4.0
a41c0e7b-e7ff-3071-b71c-b0f16c10e06d,  -9.508450, -47.051260,2026-05-06 16:39:00,NOAA-20,LIZARDA,TOCANTINS,Brasil,1712405,17,33,13,0.0,0.45,Cerrado,1.7
91da74a3-ab60-37c3-8db6-f6c249c493b1, -10.665460, -49.855360,2026-05-06 16:39:00,NOAA-20,LAGOA DA CONFUSÃO,TOCANTINS,Brasil,1711902,17,33,6,0.0,0.68,Cerrado,4.7
703d7449-8354-3b22-955f-12ac816ae11e, -10.868890, -49.686390,2026-05-06 16:39:00,NOAA-20,LAGOA DA CONFUSÃO,TOCANTINS,Brasil,1711902,17,33,2,0.0,0.71,Cerrado,16.2
8ad6df2c-f24c-30ee-839a-d7c8a23d0db3,  -9.468300, -47.802580,2026-05-06 16:39:00,NOAA-20,RIO SONO,TOCANTINS,Brasil,1718758,17,33,8,0.0,0.42,Cerrado,9.3
61c73753-6995-3b25-897b-74f6d74eab12, -10.345780, -49.836030,2026-05-06 16:39:00,NOAA-20,PIUM,TOCANTINS,Brasil,1717503,17,33,7,0.0,0.17,Cerrado,2.4
22ce9e92-b6b1-3aaf-9a06-3f6e8efa503d, -10.570060, -46.490540,2026-05-06 16:39:00,NOAA-20,MATEIROS,TOCANTINS,Brasil,1712702,17,33,15,0.0,0.59,Cerrado,3.6
18604672-4756-3bea-b942-bd19131370c2,  -9.270590, -50.450070,2026-05-06 16:39:00,NOAA-20,SANTANA DO ARAGUAIA,PARÁ,Brasil,1506708,15,33,2,0.0,1.0,Amazônia,9.6
0c1c9de3-7378-3656-8b31-efcd77a3ea24, -12.330790, -49.920400,2026-05-06 16:39:00,NOAA-20,SANDOLÂNDIA,TOCANTINS,Brasil,1718840,17,33,7,0.0,0.31,Cerrado,3.1
aa6a5d4a-7965-39cd-9cd1-cef3c7769807,  -6.094360, -49.161510,2026-05-06 16:39:00,NOAA-20,ELDORADO DO CARAJÁS,PARÁ,Brasil,1502954,15,33,2,0.2,0.02,Amazônia,2.1
4d6dce48-5efb-3b19-9124-2e4dc30d57a9, -10.456570, -49.776880,2026-05-06 16:39:00,NOAA-20,PIUM,TOCANTINS,Brasil,1717503,17,33,7,0.0,0.27,Cerrado,185.3
6874908d-a701-3e6d-8430-ceca382399c2, -11.294600, -48.260650,2026-05-06 16:39:00,NOAA-20,SANTA ROSA DO TOCANTINS,TOCANTINS,Brasil,1718907,17,33,7,0.0,0.21,Cerrado,12.0
54e77743-d8fa-3fdc-97ee-cfdb2f363dff, -12.343330, -50.009210,2026-05-06 16:39:00,NOAA-20,SANDOLÂNDIA,TOCANTINS,Brasil,1718840,17,33,7,0.0,0.46,Cerrado,13.1
117e7a58-df70-346e-a86f-f63a30bca985, -10.619770, -47.000000,2026-05-06 16:39:00,NOAA-20,PONTE ALTA DO TOCANTINS,TOCANTINS,Brasil,1717909,17,33,8,0.0,0.48,Cerrado,3.3
fa2c367e-cd34-3a1c-ad02-cbdfb4c69d5b, -11.298040, -48.260130,2026-05-06 16:39:00,NOAA-20,SANTA ROSA DO TOCANTINS,TOCANTINS,Brasil,1718907,17,33,7,0.0,0.22,Cerrado,7.8
6c9bcbd4-d95b-3f31-8bd1-092dd8b48f73, -10.919100, -49.853140,2026-05-06 16:39:00,NOAA-20,LAGOA DA CONFUSÃO,TOCANTINS,Brasil,1711902,17,33,5,0.0,0.78,Cerrado,35.4
04d22ed7-b9d0-3889-9d6b-d89de49b68a7, -12.354250, -50.031680,2026-05-06 16:39:00,NOAA-20,SANDOLÂNDIA,TOCANTINS,Brasil,1718840,17,33,7,0.0,0.43,Cerrado,9.4
52e9c1ea-0b68-34a7-a11b-bd38397946d1,  -8.869490, -46.999300,2026-05-06 16:39:00,NOAA-20,RECURSOLÂNDIA,TOCANTINS,Brasil,1718501,17,33,9,0.0,0.3,Cerrado,4.4
3e485512-49c2-3b6c-9387-7a8669dbb6d3, -10.677170, -47.020050,2026-05-06 16:39:00,NOAA-20,PONTE ALTA DO TOCANTINS,TOCANTINS,Brasil,1717909,17,33,8,0.0,0.47,Cerrado,29.3
fbe716b6-504b-3f20-8daf-149690a261fc, -10.573690, -49.890460,2026-05-06 16:39:00,NOAA-20,LAGOA DA CONFUSÃO,TOCANTINS,Brasil,1711902,17,33,7,0.0,0.57,Cerrado,16.2
198c3fc1-b729-3678-8f86-4d5de7eb4480, -10.605820, -46.995490,2026-05-06 16:39:00,NOAA-20,PONTE ALTA DO TOCANTINS,TOCANTINS,Brasil,1717909,17,33,8,0.0,0.47,Cerrado,2.1
45c0ba5f-52ba-346a-88a7-b27ce4a45fc9, -10.688600, -47.050860,2026-05-06 16:39:00,NOAA-20,PONTE ALTA DO TOCANTINS,TOCANTINS,Brasil,1717909,17,33,8,0.0,0.46,Cerrado,5.5
6ffec4cc-fe45-328a-9cb4-f736f7eaa13f, -14.206260, -57.423110,2026-05-06 16:39:00,NOAA-20,NOVA MARILÂNDIA,MATO GROSSO,Brasil,5108857,51,33,6,0.0,0.19,Amazônia,6.8
3d4a3c31-b942-3d5e-a27e-c9985578baf0,  -9.425680, -50.692710,2026-05-06 16:39:00,NOAA-20,SANTANA DO ARAGUAIA,PARÁ,Brasil,1506708,15,33,6,0.0,0.76,Amazônia,4.4
e4e72f6d-5602-3460-be76-56518bd6d066, -11.293490, -48.253000,2026-05-06 16:39:00,NOAA-20,SANTA ROSA DO TOCANTINS,TOCANTINS,Brasil,1718907,17,33,7,0.0,0.21,Cerrado,2.4
17a62f62-e63f-3415-a6a9-29afd9ff136d, -10.467160, -49.670080,2026-05-06 16:39:00,NOAA-20,PIUM,TOCANTINS,Brasil,1717503,17,33,7,0.0,0.2,Cerrado,3.4
61056ee4-553f-37aa-a24a-c07ce111f3da,  -8.524420, -47.050760,2026-05-06 16:39:00,NOAA-20,RECURSOLÂNDIA,TOCANTINS,Brasil,1718501,17,33,9,0.0,0.42,Cerrado,6.3
b0878162-97b9-3d0d-9ae6-e5e3494f086b,  -6.398750, -45.485260,2026-05-06 16:39:00,NOAA-20,FERNANDO FALCÃO,MARANHÃO,Brasil,2104081,21,33,4,0.0,0.6,Cerrado,4.0
7c3d399b-358d-3ad4-88b6-0a63b74c1fc8, -13.182020, -52.690210,2026-05-06 16:39:00,NOAA-20,CANARANA,MATO GROSSO,Brasil,5102702,51,33,7,0.0,0.2,Amazônia,84.2
2c2fe73f-3775-3ac6-a35f-47ea6eb74ea7, -10.113770, -48.811050,2026-05-06 16:39:00,NOAA-20,PARAÍSO DO TOCANTINS,TOCANTINS,Brasil,1716109,17,33,8,0.0,0.67,Cerrado,7.8
67c514fb-b9df-35df-8aa4-8c87ccf0c1bb,  -8.757630, -48.292720,2026-05-06 16:39:00,NOAA-20,GUARAÍ,TOCANTINS,Brasil,1709302,17,33,3,0.0,0.17,Cerrado,9.8
4c48dbd9-832b-3985-b5e2-630e72e57070, -10.925200, -49.843220,2026-05-06 16:39:00,NOAA-20,LAGOA DA CONFUSÃO,TOCANTINS,Brasil,1711902,17,33,5,0.0,0.78,Cerrado,10.1
c9ba6b2e-7945-3431-814f-0a2ada75ad3a, -11.407490, -43.866440,2026-05-06 16:39:00,NOAA-20,WANDERLEY,BAHIA,Brasil,2933455,29,33,15,0.1,0.77,Cerrado,2.5
af9ed05d-ea17-34b5-9ed1-0f8d361c0b0f, -11.948830, -43.378570,2026-05-06 16:39:00,NOAA-20,MUQUÉM DO SÃO FRANCISCO,BAHIA,Brasil,2922250,29,33,14,2.38,0.59,Cerrado,4.0
d8e10910-b6ea-3763-a6d7-7f6a2b70b906, -10.680100, -46.994350,2026-05-06 16:39:00,NOAA-20,PONTE ALTA DO TOCANTINS,TOCANTINS,Brasil,1717909,17,33,8,0.0,0.47,Cerrado,5.0
f733b16d-caa7-3464-adfd-3a28cd8b4cad,  -9.261450, -49.251690,2026-05-06 16:39:00,NOAA-20,DOIS IRMÃOS DO TOCANTINS,TOCANTINS,Brasil,1707207,17,33,8,0.0,0.2,Cerrado,8.4
b4edf684-574e-387f-9748-1af64c611ca6,  -8.786920, -44.826070,2026-05-06 16:39:00,NOAA-20,CURRAIS,PIAUÍ,Brasil,2203230,22,33,12,0.0,0.76,Cerrado,8.1
65c0b5fa-148e-37a2-97e0-ed0cce13815b, -11.436920, -44.674160,2026-05-06 16:39:00,NOAA-20,COTEGIPE,BAHIA,Brasil,2909406,29,33,16,0.0,0.73,Cerrado,4.7
6737b1f8-7577-3148-bb08-2ef514718847,  -8.875530, -50.789460,2026-05-06 16:39:00,NOAA-20,SANTA MARIA DAS BARREIRAS,PARÁ,Brasil,1506583,15,33,3,0.0,0.83,Amazônia,5.3
0beb4524-3f91-3e2a-b8cb-4ced0a297819, -10.654720, -46.983800,2026-05-06 16:39:00,NOAA-20,PONTE ALTA DO TOCANTINS,TOCANTINS,Brasil,1717909,17,33,8,0.0,0.48,Cerrado,1.7
20f4dee9-fc87-3f59-b750-42dd688468bd, -10.881030, -49.666970,2026-05-06 16:39:00,NOAA-20,LAGOA DA CONFUSÃO,TOCANTINS,Brasil,1711902,17,33,2,0.0,0.74,Cerrado,18.4
83b804cd-a589-3fdb-a075-bc1c4deb3cd0, -10.638790, -46.968190,2026-05-06 16:39:00,NOAA-20,PONTE ALTA DO TOCANTINS,TOCANTINS,Brasil,1717909,17,33,8,0.0,0.47,Cerrado,48.4
7bf10ede-3072-36b9-9dbe-4bf8f453db7b, -10.686610, -47.015030,2026-05-06 16:39:00,NOAA-20,PONTE ALTA DO TOCANTINS,TOCANTINS,Brasil,1717909,17,33,8,0.0,0.47,Cerrado,9.9
fcaf1b8c-3beb-359f-accf-0f7b73d14f67,  -9.421200, -50.688550,2026-05-06 16:39:00,NOAA-20,SANTANA DO ARAGUAIA,PARÁ,Brasil,1506708,15,33,6,0.0,0.67,Amazônia,6.7
289ebcd7-6c85-3363-a761-337392c745df, -10.689130, -47.054410,2026-05-06 16:39:00,NOAA-20,PONTE ALTA DO TOCANTINS,TOCANTINS,Brasil,1717909,17,33,8,0.0,0.46,Cerrado,5.3
d8ccff12-6467-3b2b-8639-c590ce8dba5c, -10.642570, -47.061550,2026-05-06 16:39:00,NOAA-20,PONTE ALTA DO TOCANTINS,TOCANTINS,Brasil,1717909,17,33,8,0.0,0.46,Cerrado,4.4
9cbc79a7-d614-351c-bd55-3bbc3c412874, -10.628030, -49.829490,2026-05-06 16:39:00,NOAA-20,LAGOA DA CONFUSÃO,TOCANTINS,Brasil,1711902,17,33,6,0.0,0.66,Cerrado,26.4
64493da8-f882-3730-99c8-4384bffc5db7, -11.834080, -49.761530,2026-05-06 16:39:00,NOAA-20,FORMOSO DO ARAGUAIA,TOCANTINS,Brasil,1708205,17,33,7,0.0,0.88,Cerrado,19.0
40a27e75-1b49-3091-9a00-9e9c0a7a944e, -10.624520, -47.031780,2026-05-06 16:39:00,NOAA-20,PONTE ALTA DO TOCANTINS,TOCANTINS,Brasil,1717909,17,33,8,0.0,0.48,Cerrado,5.7
69763891-46b1-38f5-9ae9-3bcbe13f84f4, -12.347120, -50.008650,2026-05-06 16:39:00,NOAA-20,SANDOLÂNDIA,TOCANTINS,Brasil,1718840,17,33,7,0.0,0.46,Cerrado,13.1
78bcb79e-953c-3f64-8ff0-3fa0e933f150, -12.918040, -49.487340,2026-05-06 16:39:00,NOAA-20,ARAGUAÇU,TOCANTINS,Brasil,1702000,17,33,11,0.0,0.61,Cerrado,7.4
7787ba8e-37f5-3bc6-8de6-c14692dc684e, -12.504390, -45.427200,2026-05-06 16:39:00,NOAA-20,SÃO DESIDÉRIO,BAHIA,Brasil,2928901,29,33,17,0.0,0.63,Cerrado,12.0
4cddcf89-05e4-3c05-a479-cb817a4bca4b, -10.990580, -44.505600,2026-05-06 16:39:00,NOAA-20,SANTA RITA DE CÁSSIA,BAHIA,Brasil,2928406,29,33,10,0.0,0.81,Cerrado,3.5
611f1daf-c6ad-3bf1-ad03-8b8aa753c0e5, -12.390000, -46.322690,2026-05-06 16:39:00,NOAA-20,TAGUATINGA,TOCANTINS,Brasil,1720903,17,33,8,0.0,0.4,Cerrado,2.4
b5f31436-cd7e-3b1b-9454-af667f953bc5,  -9.262030, -49.255670,2026-05-06 16:39:00,NOAA-20,DOIS IRMÃOS DO TOCANTINS,TOCANTINS,Brasil,1707207,17,33,8,0.0,0.19,Cerrado,5.8
888a6989-8fbf-3891-baa2-95fd16e2f710, -12.502170, -45.434800,2026-05-06 16:39:00,NOAA-20,SÃO DESIDÉRIO,BAHIA,Brasil,2928901,29,33,17,0.0,0.63,Cerrado,12.6
d46a3635-6b07-3e12-a22d-22037760542c,  -6.559500, -48.899560,2026-05-06 16:39:00,NOAA-20,PIÇARRA,PARÁ,Brasil,1505635,15,33,3,0.0,0.35,Amazônia,8.5
536c4300-df4e-3d59-9ece-7e876814a877, -12.290370, -57.547220,2026-05-06 16:39:00,NOAA-20,NOVA MARINGÁ,MATO GROSSO,Brasil,5108907,51,33,6,0.0,0.11,Amazônia,13.7
978540bc-2a83-3e5f-a2da-d58b9061d844, -10.242390, -47.419330,2026-05-06 16:39:00,NOAA-20,LAGOA DO TOCANTINS,TOCANTINS,Brasil,1711951,17,33,8,0.0,0.55,Cerrado,3.2
99ea3372-29e1-3e79-9df2-ee039250bb20, -10.789970, -49.785350,2026-05-06 16:39:00,NOAA-20,LAGOA DA CONFUSÃO,TOCANTINS,Brasil,1711902,17,33,3,0.0,0.58,Cerrado,6.8
08fc8c75-ccb8-3b8f-8cc3-ff6e62b71b19,  -8.395130, -46.227190,2026-05-06 16:39:00,NOAA-20,BALSAS,MARANHÃO,Brasil,2101400,21,33,11,0.0,0.48,Cerrado,8.3
4f42ccb4-dadf-3d1c-bc23-e7ca70073ddb, -10.621350, -47.010590,2026-05-06 16:39:00,NOAA-20,PONTE ALTA DO TOCANTINS,TOCANTINS,Brasil,1717909,17,33,8,0.0,0.48,Cerrado,4.5
52e576b6-7eab-32ae-aa06-e6ef2d9dc2c8, -10.937850, -49.437740,2026-05-06 16:39:00,NOAA-20,SANTA RITA DO TOCANTINS,TOCANTINS,Brasil,1718899,17,33,2,0.0,0.26,Cerrado,17.5
759d61dd-ab2e-3081-94ae-f3972bdccea0,  -9.735920, -37.267630,2026-05-06 16:39:00,NOAA-20,PÃO DE AÇÚCAR,ALAGOAS,Brasil,2706406,27,33,2,0.71,0.59,Caatinga,4.4
af31d49d-e8f6-3218-916c-7f25dbe765e5, -12.501630, -45.431270,2026-05-06 16:39:00,NOAA-20,SÃO DESIDÉRIO,BAHIA,Brasil,2928901,29,33,17,0.0,0.63,Cerrado,12.0
fa0f4a82-6ade-3012-a08f-9fec29beeae3, -10.624350, -49.830030,2026-05-06 16:39:00,NOAA-20,LAGOA DA CONFUSÃO,TOCANTINS,Brasil,1711902,17,33,6,0.0,0.65,Cerrado,3.7
6b0eca63-a7a4-3a56-90d2-f1578e41055b, -10.639320, -46.971720,2026-05-06 16:39:00,NOAA-20,PONTE ALTA DO TOCANTINS,TOCANTINS,Brasil,1717909,17,33,8,0.0,0.48,Cerrado,48.4
2c817c3a-0c70-308c-95ca-49ae37623b89, -11.603840, -48.055420,2026-05-06 16:39:00,NOAA-20,CHAPADA DA NATIVIDADE,TOCANTINS,Brasil,1705102,17,33,8,0.0,0.39,Cerrado,5.3
a5835cef-6b47-336b-9f09-6d4d7d3cb6f8, -10.557710, -49.883810,2026-05-06 16:39:00,NOAA-20,LAGOA DA CONFUSÃO,TOCANTINS,Brasil,1711902,17,33,7,0.0,0.31,Cerrado,3.7
83e90347-3048-36e4-ab64-2db08451835f, -11.918390, -49.700520,2026-05-06 16:39:00,NOAA-20,FORMOSO DO ARAGUAIA,TOCANTINS,Brasil,1708205,17,33,7,0.0,0.78,Cerrado,7.3
07063e25-b45d-3046-b0ac-6f49109d98b7, -11.434290, -55.099380,2026-05-06 16:39:00,NOAA-20,CLÁUDIA,MATO GROSSO,Brasil,5103056,51,33,7,0.0,0.11,Amazônia,6.1
351c09a6-a511-3924-8f54-e6fb84ffb661, -11.295560, -54.025490,2026-05-06 16:39:00,NOAA-20,UNIÃO DO SUL,MATO GROSSO,Brasil,5108303,51,33,7,0.0,0.19,Amazônia,10.1
af88a314-243d-3929-aeab-d263a41ae6da,  -9.518920, -47.053220,2026-05-06 16:39:00,NOAA-20,LIZARDA,TOCANTINS,Brasil,1712405,17,33,12,0.0,0.53,Cerrado,5.1
53aafb20-941c-3fc9-b5f2-a0af433c7d68,  -8.279000, -37.246900,2026-05-06 16:39:00,NOAA-20,SERTÂNIA,PERNAMBUCO,Brasil,2614105,26,33,2,0.1,0.91,Caatinga,5.4
633411cf-ef0b-312a-956f-d3610211a06a, -10.649810, -46.973720,2026-05-06 16:39:00,NOAA-20,PONTE ALTA DO TOCANTINS,TOCANTINS,Brasil,1717909,17,33,8,0.0,0.48,Cerrado,23.5
bf5bf9ac-582e-39fc-8cad-9c9bc5346791,  -7.194090, -47.361870,2026-05-06 16:39:00,NOAA-20,CAROLINA,MARANHÃO,Brasil,2102804,21,33,3,0.0,0.16,Cerrado,9.0
6b4a6bae-d8f0-3427-968e-e1ee872838ad,  -6.904070, -47.956080,2026-05-06 16:39:00,NOAA-20,WANDERLÂNDIA,TOCANTINS,Brasil,1722081,17,33,2,0.0,0.16,Cerrado,3.6
e5b85347-5704-3f06-8386-0aeecd23b6bd, -10.687140, -47.018550,2026-05-06 16:39:00,NOAA-20,PONTE ALTA DO TOCANTINS,TOCANTINS,Brasil,1717909,17,33,8,0.0,0.47,Cerrado,9.2
942246f9-b0e4-335b-b420-a997d3b3b222, -13.697660, -52.599400,2026-05-06 16:39:00,NOAA-20,ÁGUA BOA,MATO GROSSO,Brasil,5100201,51,33,7,0.0,0.43,Cerrado,20.3
082031c0-4744-35c6-b2d7-f567b967f8ad,  -9.633090, -48.159420,2026-05-06 16:39:00,NOAA-20,TOCANTÍNIA,TOCANTINS,Brasil,1721109,17,33,8,0.0,0.26,Cerrado,5.2
4ee3caf1-8012-374c-b8fa-b8a31128e5d3, -10.290410, -56.412810,2026-05-06 16:39:00,NOAA-20,ALTA FLORESTA,MATO GROSSO,Brasil,5100250,51,33,4,0.0,0.55,Amazônia,3.9
230bff96-5cc4-3780-98b5-b2ded2f49dcb, -11.406260, -48.428990,2026-05-06 16:39:00,NOAA-20,SÃO VALÉRIO,TOCANTINS,Brasil,1720499,17,33,11,0.0,0.45,Cerrado,2.4
5480293b-6907-3d1f-b5c2-62d896dfa157, -10.199050, -46.908160,2026-05-06 16:39:00,NOAA-20,MATEIROS,TOCANTINS,Brasil,1712702,17,33,12,0.0,0.47,Cerrado,5.5
501444f1-7296-3d45-a959-4006a1da0751,  -9.694790, -37.371920,2026-05-06 16:39:00,NOAA-20,PÃO DE AÇÚCAR,ALAGOAS,Brasil,2706406,27,33,1,0.82,1.0,Caatinga,1.8
2ece404a-3ad7-3a77-ac11-d2421994bf1c, -10.654190, -46.980270,2026-05-06 16:39:00,NOAA-20,PONTE ALTA DO TOCANTINS,TOCANTINS,Brasil,1717909,17,33,8,0.0,0.48,Cerrado,1.7
758f2202-005a-3ed9-91b0-89ce5ee47677, -14.427020, -59.242590,2026-05-06 16:39:00,NOAA-20,CONQUISTA D'OESTE,MATO GROSSO,Brasil,5103361,51,33,6,0.0,0.3,Cerrado,13.8
84a03631-a4f5-3572-b0f4-2dd51ae4cb32, -10.926480, -49.852060,2026-05-06 16:39:00,NOAA-20,LAGOA DA CONFUSÃO,TOCANTINS,Brasil,1711902,17,33,5,0.0,0.79,Cerrado,3.6
8cc59344-a4a0-3293-a5b0-c25e120b953d,  -9.511250, -37.054800,2026-05-06 16:39:00,NOAA-20,MAJOR ISIDORO,ALAGOAS,Brasil,2704401,27,33,3,0.0,1.0,Caatinga,2.8
ad994081-50cf-3101-b3ab-77b21292b24b,  -5.777460, -45.125130,2026-05-06 16:39:00,NOAA-20,BARRA DO CORDA,MARANHÃO,Brasil,2101608,21,33,2,0.0,0.3,Cerrado,51.7
9521a1ee-c766-30f3-86fd-b0d919ce8f15, -10.638190, -47.054990,2026-05-06 16:39:00,NOAA-20,PONTE ALTA DO TOCANTINS,TOCANTINS,Brasil,1717909,17,33,8,0.0,0.47,Cerrado,2.1
0b82018c-192d-33de-81b0-b3713c4fe5cd, -13.691910, -52.590520,2026-05-06 16:39:00,NOAA-20,ÁGUA BOA,MATO GROSSO,Brasil,5100201,51,33,7,0.0,0.59,Cerrado,9.5
62ab8aca-f923-30b2-aad8-f665257ab447,  -6.392520, -45.490000,2026-05-06 16:39:00,NOAA-20,FERNANDO FALCÃO,MARANHÃO,Brasil,2104081,21,33,4,0.0,0.68,Cerrado,9.9
84365197-9ed7-3a22-8e56-5faa76387317, -10.604230, -46.984910,2026-05-06 16:39:00,NOAA-20,PONTE ALTA DO TOCANTINS,TOCANTINS,Brasil,1717909,17,33,8,0.0,0.47,Cerrado,2.3
63bfa19b-4f7a-31c7-9276-60ae77ed0b69,  -6.317940, -44.631030,2026-05-06 16:39:00,NOAA-20,MIRADOR,MARANHÃO,Brasil,2106706,21,33,3,0.0,0.3,Cerrado,19.5
7aea0c39-0798-32e3-b5c7-ccbbe561c569, -12.347010, -50.010610,2026-05-06 16:39:00,NOAA-20,SANDOLÂNDIA,TOCANTINS,Brasil,1718840,17,33,7,0.0,0.46,Cerrado,17.9
ebb5b844-a138-37ed-9b3b-a3e70f891e0c, -11.807630, -56.985380,2026-05-06 16:39:00,NOAA-20,PORTO DOS GAÚCHOS,MATO GROSSO,Brasil,5106802,51,33,5,0.0,0.21,Amazônia,3.5
51be1d89-cbb4-345d-9a6e-68bbc3a80568, -10.633590, -49.895880,2026-05-06 16:39:00,NOAA-20,LAGOA DA CONFUSÃO,TOCANTINS,Brasil,1711902,17,33,7,0.0,0.62,Cerrado,7.6
57891420-ef5d-3fda-8860-3307599bbb29, -10.626790, -47.024210,2026-05-06 16:39:00,NOAA-20,PONTE ALTA DO TOCANTINS,TOCANTINS,Brasil,1717909,17,33,8,0.0,0.48,Cerrado,2.6
823decf6-91c9-3d3b-b5f5-15359e2d65da,  -6.263380, -43.786390,2026-05-06 16:39:00,NOAA-20,PASSAGEM FRANCA,MARANHÃO,Brasil,2107902,21,33,4,0.0,0.38,Cerrado,15.0
ed492707-444b-3e1d-b9bb-259426918f53, -10.650870, -46.980780,2026-05-06 16:39:00,NOAA-20,PONTE ALTA DO TOCANTINS,TOCANTINS,Brasil,1717909,17,33,8,0.0,0.48,Cerrado,72.4
7016eac5-9d4d-34c5-a14d-85ff6af77e83,  -9.190210, -48.620190,2026-05-06 16:39:00,NOAA-20,FORTALEZA DO TABOCÃO,TOCANTINS,Brasil,1708254,17,33,8,0.0,0.17,Cerrado,3.7
980e0c06-bf7a-36d9-b02a-533727c97b92, -10.718990, -49.786750,2026-05-06 16:39:00,NOAA-20,LAGOA DA CONFUSÃO,TOCANTINS,Brasil,1711902,17,33,5,0.0,0.76,Cerrado,8.4
401b447b-9aef-3808-99cd-c905df2fdfd7, -10.226000, -36.901420,2026-05-06 16:39:00,NOAA-20,CEDRO DE SÃO JOÃO,SERGIPE,Brasil,2801603,28,33,2,0.81,0.25,Mata Atlântica,0.6
29fefb67-ecb9-3945-a86e-4bc0e8989e6d,  -7.144280, -37.179460,2026-05-06 16:39:00,NOAA-20,CACIMBA DE AREIA,PARAÍBA,Brasil,2503407,25,33,4,0.0,0.21,Caatinga,2.5
ffe961bf-ba5d-3c48-90ac-caa9d0759876,  -9.009400, -46.116440,2026-05-06 16:39:00,NOAA-20,ALTO PARNAÍBA,MARANHÃO,Brasil,2100501,21,33,13,0.0,0.71,Cerrado,5.7
01c06586-f216-31ff-8a50-645b04ad37f2,  -9.257940, -49.252220,2026-05-06 16:39:00,NOAA-20,DOIS IRMÃOS DO TOCANTINS,TOCANTINS,Brasil,1707207,17,33,8,0.0,0.2,Cerrado,8.3
e15bb831-f473-3f59-a64a-9ac0b38808cb, -10.679040, -46.987290,2026-05-06 16:39:00,NOAA-20,PONTE ALTA DO TOCANTINS,TOCANTINS,Brasil,1717909,17,33,8,0.0,0.47,Cerrado,0.9
83c512ea-e2cf-32c0-9bed-da2dd117eecb, -12.336540, -44.592670,2026-05-06 16:39:00,NOAA-20,BAIANÓPOLIS,BAHIA,Brasil,2902500,29,33,18,0.0,0.63,Cerrado,4.9
5aa45b4a-3d2c-361e-b44e-70ab076ee547, -14.004610, -56.637560,2026-05-06 16:39:00,NOAA-20,DIAMANTINO,MATO GROSSO,Brasil,5103502,51,33,6,0.0,0.17,Cerrado,6.4
d13dfc6d-4165-3629-aed9-674d0cf48714, -10.672250, -47.009990,2026-05-06 16:39:00,NOAA-20,PONTE ALTA DO TOCANTINS,TOCANTINS,Brasil,1717909,17,33,8,0.0,0.47,Cerrado,3.6
a5686a79-e648-3ebc-814c-c9bc774b887a, -13.181430, -52.685550,2026-05-06 16:39:00,NOAA-20,CANARANA,MATO GROSSO,Brasil,5102702,51,33,7,0.0,0.2,Amazônia,84.2
adb85847-0e79-3c49-a68f-f7aef50d8cc6, -10.670520, -47.021070,2026-05-06 16:39:00,NOAA-20,PONTE ALTA DO TOCANTINS,TOCANTINS,Brasil,1717909,17,33,8,0.0,0.47,Cerrado,1.9
7a70626b-2dda-38c9-b61f-f8319e9af3a8,  -9.041180, -47.304290,2026-05-06 16:39:00,NOAA-20,CENTENÁRIO,TOCANTINS,Brasil,1704105,17,33,8,0.0,0.29,Cerrado,3.1
3774fc00-57fd-3a80-98f0-d2a8788d87d4, -13.186590, -52.689640,2026-05-06 16:39:00,NOAA-20,CANARANA,MATO GROSSO,Brasil,5102702,51,33,7,0.0,0.2,Amazônia,84.2
c9849ee8-1a82-31fe-b0bf-ac182c412ead,  -5.780930, -45.124620,2026-05-06 16:39:00,NOAA-20,BARRA DO CORDA,MARANHÃO,Brasil,2101608,21,33,2,0.0,0.29,Cerrado,51.7
c552e717-62fe-3463-b3ef-d6695cd6ca5e, -10.486350, -49.359630,2026-05-06 16:39:00,NOAA-20,CRISTALÂNDIA,TOCANTINS,Brasil,1706100,17,33,7,0.0,0.19,Cerrado,5.7
5a90b44c-ff98-360b-8b67-b2f35cf3c75a, -11.305300, -54.024170,2026-05-06 16:39:00,NOAA-20,UNIÃO DO SUL,MATO GROSSO,Brasil,5108303,51,33,7,0.0,0.03,Amazônia,7.5
ceff17c1-dc2e-38be-baac-bc40e843407f,  -5.778060, -45.128950,2026-05-06 16:39:00,NOAA-20,BARRA DO CORDA,MARANHÃO,Brasil,2101608,21,33,2,0.0,0.3,Cerrado,20.8
07b0a8d1-8e16-34d1-88ca-2b06a9f92068, -10.672820, -49.854290,2026-05-06 16:39:00,NOAA-20,LAGOA DA CONFUSÃO,TOCANTINS,Brasil,1711902,17,33,5,0.0,0.69,Cerrado,25.0
d3357301-68eb-36bf-bccf-dc5c8d7574e0, -10.287390, -56.406510,2026-05-06 16:39:00,NOAA-20,ALTA FLORESTA,MATO GROSSO,Brasil,5100250,51,33,4,0.0,0.23,Amazônia,6.2
031cea94-a35b-30bd-ad96-2f80da2bc895,  -5.862880, -46.250770,2026-05-06 16:39:00,NOAA-20,GRAJAÚ,MARANHÃO,Brasil,2104800,21,33,3,0.0,0.93,Cerrado,7.2
0c419ec3-425b-35c8-a7fc-4831fe166be2,  -9.424730, -50.689950,2026-05-06 16:39:00,NOAA-20,SANTANA DO ARAGUAIA,PARÁ,Brasil,1506708,15,33,6,0.0,0.96,Amazônia,11.3
91dfeaed-a8cd-3259-ad4d-9946ca61223e, -12.330600, -49.917510,2026-05-06 16:39:00,NOAA-20,SANDOLÂNDIA,TOCANTINS,Brasil,1718840,17,33,7,0.0,0.45,Cerrado,4.2
3204e6d2-db3f-3f29-b003-48c815fc0d33, -10.685020, -47.004440,2026-05-06 16:39:00,NOAA-20,PONTE ALTA DO TOCANTINS,TOCANTINS,Brasil,1717909,17,33,8,0.0,0.47,Cerrado,2.9
9c9b1cf9-e1ce-3912-a6ae-47ba48690f96, -10.613530, -47.001520,2026-05-06 16:39:00,NOAA-20,PONTE ALTA DO TOCANTINS,TOCANTINS,Brasil,1717909,17,33,8,0.0,0.48,Cerrado,10.9
1c232ce3-4e4c-3573-8584-a58be76d184f, -10.651400, -46.984310,2026-05-06 16:39:00,NOAA-20,PONTE ALTA DO TOCANTINS,TOCANTINS,Brasil,1717909,17,33,8,0.0,0.48,Cerrado,72.4
5e4fbeb9-82a6-3822-9a65-e4959e04f9d9, -10.675720, -46.987800,2026-05-06 16:39:00,NOAA-20,PONTE ALTA DO TOCANTINS,TOCANTINS,Brasil,1717909,17,33,8,0.0,0.47,Cerrado,0.9
b5154d43-128d-3608-8c0d-634d72a2e6c9, -10.613000, -46.998000,2026-05-06 16:39:00,NOAA-20,PONTE ALTA DO TOCANTINS,TOCANTINS,Brasil,1717909,17,33,8,0.0,0.48,Cerrado,9.5
a0f15a39-2c3d-349b-9291-dff2e7a505fa, -10.888330, -49.665910,2026-05-06 16:39:00,NOAA-20,LAGOA DA CONFUSÃO,TOCANTINS,Brasil,1711902,17,33,2,0.0,0.79,Cerrado,38.0
00b3ff4d-544a-3c87-832f-1b74f9198331,  -7.339650, -49.790700,2026-05-06 16:39:00,NOAA-20,FLORESTA DO ARAGUAIA,PARÁ,Brasil,1503044,15,33,3,0.0,0.17,Amazônia,6.2
8c833939-7cf6-376f-a254-504f64f43e94, -10.781460, -49.804440,2026-05-06 16:39:00,NOAA-20,LAGOA DA CONFUSÃO,TOCANTINS,Brasil,1711902,17,33,3,0.0,0.5,Cerrado,38.4
5766536e-725e-3361-bd4c-aafce6e4559a, -10.662430, -46.989840,2026-05-06 16:39:00,NOAA-20,PONTE ALTA DO TOCANTINS,TOCANTINS,Brasil,1717909,17,33,8,0.0,0.48,Cerrado,2.7
24b7631e-53f2-3706-9ee4-d492bc974fcf, -12.770340, -58.959770,2026-05-06 16:39:00,NOAA-20,CAMPOS DE JÚLIO,MATO GROSSO,Brasil,5102686,51,33,6,0.0,0.3,Cerrado,11.5
25603e53-16b3-3b12-b8c2-1f2308413b24,  -9.086170, -51.361800,2026-05-06 16:39:00,NOAA-20,CUMARU DO NORTE,PARÁ,Brasil,1502764,15,33,6,0.0,0.7,Amazônia,3.1
97b0f059-1611-3d28-9f69-ce9d0db22422,  -7.343180, -49.790190,2026-05-06 16:39:00,NOAA-20,FLORESTA DO ARAGUAIA,PARÁ,Brasil,1503044,15,33,3,0.0,0.27,Amazônia,6.2
c0e52535-a8bb-37db-9344-6e59ce946edc, -10.669070, -46.988820,2026-05-06 16:39:00,NOAA-20,PONTE ALTA DO TOCANTINS,TOCANTINS,Brasil,1717909,17,33,8,0.0,0.48,Cerrado,8.4
25fe4821-967d-35b2-bc25-9afafdac2a34, -11.798990, -43.619000,2026-05-06 16:39:00,NOAA-20,BARRA,BAHIA,Brasil,2902708,29,33,18,2.2,0.48,Cerrado,5.3
554e5471-9ed8-39d2-84a3-448c2231e716,  -9.380100, -37.810070,2026-05-06 16:39:00,NOAA-20,OLHO D'ÁGUA DO CASADO,ALAGOAS,Brasil,2705804,27,33,2,0.2,1.0,Caatinga,6.6
a3750338-fe59-30db-923b-b9bab00ba30f, -10.650340, -46.977250,2026-05-06 16:39:00,NOAA-20,PONTE ALTA DO TOCANTINS,TOCANTINS,Brasil,1717909,17,33,8,0.0,0.48,Cerrado,23.5
e210e2d0-81c9-3c21-a489-a1036a8d2383,  -5.781540, -45.128440,2026-05-06 16:39:00,NOAA-20,BARRA DO CORDA,MARANHÃO,Brasil,2101608,21,33,2,0.0,0.29,Cerrado,20.8
e1eaaafb-134d-36be-8ee4-c5371bdd448b, -10.669990, -47.017550,2026-05-06 16:39:00,NOAA-20,PONTE ALTA DO TOCANTINS,TOCANTINS,Brasil,1717909,17,33,8,0.0,0.47,Cerrado,3.2
b8d8b439-2d1b-35dd-a616-242130adf8e6, -10.627410, -49.825120,2026-05-06 16:39:00,NOAA-20,LAGOA DA CONFUSÃO,TOCANTINS,Brasil,1711902,17,33,6,0.0,0.65,Cerrado,4.6
88f4939c-93c8-3a32-aa00-a118ad8b2ba3, -11.046590, -44.704410,2026-05-06 16:39:00,NOAA-20,SANTA RITA DE CÁSSIA,BAHIA,Brasil,2928406,29,33,10,0.0,0.64,Cerrado,4.6
443d50d4-d745-3f0f-a7a9-f29e53c35b63,  -7.514700, -44.322560,2026-05-06 16:39:00,NOAA-20,URUÇUÍ,PIAUÍ,Brasil,2211209,22,33,3,0.0,0.39,Cerrado,4.4
dc34b78e-8b36-34b1-9594-3faf5d623e1b,  -9.190630, -50.750860,2026-05-06 16:39:00,NOAA-20,SANTANA DO ARAGUAIA,PARÁ,Brasil,1506708,15,33,5,0.0,0.5,Amazônia,7.0
44d86415-9b88-3522-ba51-874466b4ca44, -12.389470, -46.319150,2026-05-06 16:39:00,NOAA-20,TAGUATINGA,TOCANTINS,Brasil,1720903,17,33,8,0.0,0.4,Cerrado,2.4
a4dbec95-da4c-367c-8448-a9e411002c3c,  -9.446010, -47.402390,2026-05-06 16:39:00,NOAA-20,RIO SONO,TOCANTINS,Brasil,1718758,17,33,8,0.0,0.35,Cerrado,5.2
39e2deba-544c-34fd-86e5-01839c7a9a5c, -10.626800, -49.820750,2026-05-06 16:39:00,NOAA-20,LAGOA DA CONFUSÃO,TOCANTINS,Brasil,1711902,17,33,6,0.0,0.65,Cerrado,4.6
e6e53f69-7d8a-3e93-9614-5ee99e6a36fb, -12.921740, -49.486790,2026-05-06 16:39:00,NOAA-20,ARAGUAÇU,TOCANTINS,Brasil,1702000,17,33,11,0.0,0.73,Cerrado,7.4
989be892-275b-3dcf-a814-1526d5ec2c4e, -12.412630, -49.669080,2026-05-06 16:39:00,NOAA-20,SANDOLÂNDIA,TOCANTINS,Brasil,1718840,17,33,9,0.0,0.55,Cerrado,9.4
40c4fe59-e94c-36af-a650-839abe060e0b, -13.998590, -56.638060,2026-05-06 16:39:00,NOAA-20,DIAMANTINO,MATO GROSSO,Brasil,5103502,51,33,5,0.0,0.18,Cerrado,19.2
1f505ce0-108c-3b41-b950-006a81382394, -13.695880, -52.585170,2026-05-06 16:39:00,NOAA-20,ÁGUA BOA,MATO GROSSO,Brasil,5100201,51,33,7,0.0,0.71,Cerrado,12.6
a1dedc49-6b27-39d3-88e0-a4977046bf73, -12.416350, -49.668570,2026-05-06 16:39:00,NOAA-20,SANDOLÂNDIA,TOCANTINS,Brasil,1718840,17,33,9,0.0,0.42,Cerrado,9.4
3fc7bea6-2a67-3ba2-87fb-0ee42d540af2, -13.016310, -49.553030,2026-05-06 16:39:00,NOAA-20,ARAGUAÇU,TOCANTINS,Brasil,1702000,17,33,18,0.0,1.0,Cerrado,10.7
f4976c2c-5111-37d5-a1e9-740bfcbb6a82, -10.641580, -46.964140,2026-05-06 16:39:00,NOAA-20,PONTE ALTA DO TOCANTINS,TOCANTINS,Brasil,1717909,17,33,8,0.0,0.42,Cerrado,17.7
28cd0f89-92b6-3602-b793-9bee44d779f6, -10.604760, -46.988430,2026-05-06 16:39:00,NOAA-20,PONTE ALTA DO TOCANTINS,TOCANTINS,Brasil,1717909,17,33,8,0.0,0.47,Cerrado,4.6
48e9f6a6-38b9-3a83-8fa1-bdfb363296fd,  -9.065420, -36.796850,2026-05-06 16:39:00,NOAA-20,SALOÁ,PERNAMBUCO,Brasil,2612307,26,33,2,0.0,0.65,Caatinga,4.5
b5a2173b-227e-3f08-bb45-e2705878c409, -10.942080, -49.441460,2026-05-06 16:39:00,NOAA-20,SANTA RITA DO TOCANTINS,TOCANTINS,Brasil,1718899,17,33,2,0.0,0.27,Cerrado,6.1
4f8211c2-937a-3e9e-9fa7-6dc6675cd301, -11.837800, -49.760990,2026-05-06 16:39:00,NOAA-20,FORMOSO DO ARAGUAIA,TOCANTINS,Brasil,1708205,17,33,7,0.0,0.88,Cerrado,20.1
39b5e649-07a4-3676-8187-4d8393b9cdc7, -13.015680, -49.548480,2026-05-06 16:39:00,NOAA-20,ARAGUAÇU,TOCANTINS,Brasil,1702000,17,33,18,0.0,1.0,Cerrado,5.0
298dc3d5-3591-314f-9f16-bc4913c3e11e, -12.919630, -49.484070,2026-05-06 16:39:00,NOAA-20,ARAGUAÇU,TOCANTINS,Brasil,1702000,17,33,11,0.0,0.59,Cerrado,10.1
d010b14d-ec96-3516-9658-ae98d82f0b38,  -9.255000, -49.256730,2026-05-06 16:39:00,NOAA-20,DOIS IRMÃOS DO TOCANTINS,TOCANTINS,Brasil,1707207,17,33,8,0.0,0.19,Cerrado,12.4
8df64d8d-d4ec-340d-9409-9de013f30107, -10.675580, -47.009480,2026-05-06 16:39:00,NOAA-20,PONTE ALTA DO TOCANTINS,TOCANTINS,Brasil,1717909,17,33,8,0.0,0.47,Cerrado,3.6
ae293cad-2996-35a7-a478-feacacade94d,  -5.528430, -45.952010,2026-05-06 16:39:00,NOAA-20,GRAJAÚ,MARANHÃO,Brasil,2104800,21,33,2,0.0,0.42,Cerrado,4.2
91c329e4-c47e-335c-942f-9d272a75a94d,  -9.370820, -48.805980,2026-05-06 16:39:00,NOAA-20,DOIS IRMÃOS DO TOCANTINS,TOCANTINS,Brasil,1707207,17,33,5,0.0,0.6,Cerrado,6.2
3c70268b-17b0-3af2-bb46-a41b07ca04e4, -10.865240, -49.686920,2026-05-06 16:39:00,NOAA-20,LAGOA DA CONFUSÃO,TOCANTINS,Brasil,1711902,17,33,2,0.0,0.68,Cerrado,7.4
6f5161c4-9557-3fe8-b237-c6733865e1fb, -10.609680, -46.998500,2026-05-06 16:39:00,NOAA-20,PONTE ALTA DO TOCANTINS,TOCANTINS,Brasil,1717909,17,33,8,0.0,0.47,Cerrado,9.5
0fff5a96-376d-3cb1-b96d-8d09ec299cf5,  -9.751890, -43.975520,2026-05-06 16:39:00,NOAA-20,MORRO CABEÇA NO TEMPO,PIAUÍ,Brasil,2206654,22,33,12,0.0,0.5,Cerrado,5.3
63c630f1-c8dc-30a9-aa4c-0c5d1201c8a2,  -9.392810, -48.429500,2026-05-06 16:39:00,NOAA-20,MIRACEMA DO TOCANTINS,TOCANTINS,Brasil,1713205,17,33,8,0.0,0.32,Cerrado,6.1
7b3f1beb-b2ee-3a26-ba9e-ebaaff402f45,  -7.339680, -49.791160,2026-05-06 16:39:00,NOAA-20,FLORESTA DO ARAGUAIA,PARÁ,Brasil,1503044,15,33,3,0.0,0.18,Amazônia,8.6
bd7fe483-64e7-3dec-802a-33920b2fd865, -12.507580, -58.480590,2026-05-06 16:39:00,NOAA-20,SAPEZAL,MATO GROSSO,Brasil,5107875,51,33,8,0.0,0.12,Cerrado,11.4
90d06def-c740-3ec7-b127-db748d8a91c3, -13.298400, -49.999560,2026-05-06 16:39:00,NOAA-20,SÃO MIGUEL DO ARAGUAIA,GOIÁS,Brasil,5220207,52,33,16,0.0,0.99,Cerrado,7.2
b97f1a96-6084-3309-b9cf-e329c420c3eb, -12.349790, -50.027510,2026-05-06 16:39:00,NOAA-20,SANDOLÂNDIA,TOCANTINS,Brasil,1718840,17,33,7,0.0,0.47,Cerrado,11.0
90141b18-38a4-35b6-8b5d-9c5cec9c98f8,  -7.949900, -48.118810,2026-05-06 16:39:00,NOAA-20,PALMEIRANTE,TOCANTINS,Brasil,1715705,17,33,6,0.0,0.24,Cerrado,3.5
d96eb146-aa48-3067-a803-182100e8765d, -11.963580, -46.961510,2026-05-06 16:39:00,NOAA-20,TAIPAS DO TOCANTINS,TOCANTINS,Brasil,1720937,17,33,9,0.0,0.93,Cerrado,3.3
4268d3c5-06ca-373d-a381-80daf16d0389,  -7.403560, -47.311100,2026-05-06 16:39:00,NOAA-20,CAROLINA,MARANHÃO,Brasil,2102804,21,33,7,0.0,0.17,Cerrado,4.6
7b45fa2e-9b56-3d6a-b9cd-0f178d379c0c, -10.467410, -49.667130,2026-05-06 16:39:00,NOAA-20,PIUM,TOCANTINS,Brasil,1717503,17,33,7,0.0,0.19,Cerrado,12.4
bd572e49-512f-3dcd-a046-c15a9f8c9798, -14.463520, -59.251740,2026-05-06 16:39:00,NOAA-20,CONQUISTA D'OESTE,MATO GROSSO,Brasil,5103361,51,33,6,0.0,0.3,Cerrado,14.2
d7f6059d-fe78-31b2-8e3f-45792e36416a, -10.678370, -47.005450,2026-05-06 16:39:00,NOAA-20,PONTE ALTA DO TOCANTINS,TOCANTINS,Brasil,1717909,17,33,8,0.0,0.47,Cerrado,13.6
13f09f07-2613-3301-aa75-b50d942111e6, -14.434050, -59.241730,2026-05-06 16:39:00,NOAA-20,CONQUISTA D'OESTE,MATO GROSSO,Brasil,5103361,51,33,6,0.0,0.3,Cerrado,13.0
a6fbb045-311a-38f2-b419-40fe7abd1a52, -10.881650, -49.671290,2026-05-06 16:39:00,NOAA-20,LAGOA DA CONFUSÃO,TOCANTINS,Brasil,1711902,17,33,2,0.0,0.79,Cerrado,20.9
448213c7-0ed3-3330-bdde-df9fd9aa4560, -10.938460, -49.441980,2026-05-06 16:39:00,NOAA-20,SANTA RITA DO TOCANTINS,TOCANTINS,Brasil,1718899,17,33,2,0.0,0.26,Cerrado,17.5
ca5609c4-2e38-372e-a6b6-3a0835bef25d,  -9.420930, -50.690470,2026-05-06 16:39:00,NOAA-20,SANTANA DO ARAGUAIA,PARÁ,Brasil,1506708,15,33,6,0.0,0.61,Amazônia,11.3
fd79d9b1-82cc-3b30-9aa5-c7c126a51248,  -8.839990, -46.961110,2026-05-06 16:39:00,NOAA-20,RECURSOLÂNDIA,TOCANTINS,Brasil,1718501,17,33,9,0.0,0.39,Cerrado,4.7
47fdf2e5-cf1d-3787-8c8c-37a99ab6e852, -10.645960, -46.970710,2026-05-06 16:39:00,NOAA-20,PONTE ALTA DO TOCANTINS,TOCANTINS,Brasil,1717909,17,33,8,0.0,0.48,Cerrado,29.1
06aa6ad5-a147-313e-8eea-9735ef1f72cb,  -8.242260, -37.330600,2026-05-06 16:39:00,NOAA-20,SERTÂNIA,PERNAMBUCO,Brasil,2614105,26,33,2,0.0,0.54,Caatinga,1.1
f558c70a-0d36-39b6-a1d6-257173a4ad8b, -11.949470, -43.382530,2026-05-06 16:39:00,NOAA-20,MUQUÉM DO SÃO FRANCISCO,BAHIA,Brasil,2922250,29,33,15,2.45,0.58,Cerrado,4.4
6079c1ba-bf25-3c7d-bd36-96ddda2ede2e, -12.772260, -58.977590,2026-05-06 16:39:00,NOAA-20,CAMPOS DE JÚLIO,MATO GROSSO,Brasil,5102686,51,33,6,0.0,0.3,Cerrado,14.8
d6e050c5-9102-3600-8189-2ede7119d941, -11.290050, -48.253540,2026-05-06 16:39:00,NOAA-20,SANTA ROSA DO TOCANTINS,TOCANTINS,Brasil,1718907,17,33,7,0.0,0.19,Cerrado,2.4
d0c23953-9dc0-3423-bf13-1dc78af17997,  -9.519800, -46.902210,2026-05-06 16:39:00,NOAA-20,LIZARDA,TOCANTINS,Brasil,1712405,17,33,15,0.0,0.59,Cerrado,1.4
5c0615ee-654c-3b92-91f2-811f0a4f4a07, -12.430520, -54.473750,2026-05-06 16:39:00,NOAA-20,NOVA UBIRATÃ,MATO GROSSO,Brasil,5106240,51,33,6,0.0,0.59,Amazônia,15.1
7599ac80-e522-36d6-a7a9-b97b474b5306, -12.506960, -58.475080,2026-05-06 16:39:00,NOAA-20,SAPEZAL,MATO GROSSO,Brasil,5107875,51,33,8,0.0,0.12,Cerrado,11.4
e6f5912d-dca9-319d-991f-ff9ed5773069,  -9.009940, -46.119950,2026-05-06 16:39:00,NOAA-20,ALTO PARNAÍBA,MARANHÃO,Brasil,2100501,21,33,13,0.0,0.78,Cerrado,7.7
161713ee-f57a-3d7b-bcc9-e334a9d5ea77,  -6.318560, -44.634980,2026-05-06 16:39:00,NOAA-20,MIRADOR,MARANHÃO,Brasil,2106706,21,33,3,0.0,0.3,Cerrado,19.5
a70bd6da-4a7b-3543-881b-534ff70f1b53, -10.653130, -46.973220,2026-05-06 16:39:00,NOAA-20,PONTE ALTA DO TOCANTINS,TOCANTINS,Brasil,1717909,17,33,8,0.0,0.48,Cerrado,2.1
84f4dcf6-b51d-3106-8951-beacab3378f4, -10.677840, -47.001920,2026-05-06 16:39:00,NOAA-20,PONTE ALTA DO TOCANTINS,TOCANTINS,Brasil,1717909,17,33,8,0.0,0.47,Cerrado,17.4
a5baa25c-2bac-34eb-85e2-98b3cbd4a4ca, -14.202740, -57.421700,2026-05-06 16:39:00,NOAA-20,NOVA MARILÂNDIA,MATO GROSSO,Brasil,5108857,51,33,6,0.0,0.19,Amazônia,6.9
bcfcb6a1-c7e8-3b91-827e-d1f783f3a944,  -8.831300, -50.484200,2026-05-06 16:39:00,NOAA-20,SANTA MARIA DAS BARREIRAS,PARÁ,Brasil,1506583,15,33,5,0.0,0.99,Amazônia,1.9
8112684e-49d0-303b-9165-331cf39bbcbf, -10.302980, -49.693010,2026-05-06 16:39:00,NOAA-20,PIUM,TOCANTINS,Brasil,1717503,17,33,7,0.0,0.68,Cerrado,6.4
452663a2-59a8-3e09-a3f1-a49759ab67dc, -11.621520, -48.056560,2026-05-06 16:39:00,NOAA-20,CHAPADA DA NATIVIDADE,TOCANTINS,Brasil,1705102,17,33,8,0.0,0.47,Cerrado,5.0
397abe93-9083-38c9-a605-5b439a460f4a, -12.685080, -45.476420,2026-05-06 16:39:00,NOAA-20,SÃO DESIDÉRIO,BAHIA,Brasil,2928901,29,33,15,0.0,0.64,Cerrado,5.1
522f201f-ea35-32c1-b148-672ccab7b7c3, -12.152120, -54.647250,2026-05-06 16:39:00,NOAA-20,FELIZ NATAL,MATO GROSSO,Brasil,5103700,51,33,6,0.0,0.08,Amazônia,4.1
21239549-28a7-314b-8407-c25cb6ece713, -11.183290, -46.776890,2026-05-06 16:39:00,NOAA-20,ALMAS,TOCANTINS,Brasil,1700400,17,33,8,0.0,0.41,Cerrado,13.7
b3a5357b-977a-367f-8445-9a071d2e2fe4, -10.989830, -44.505680,2026-05-06 16:39:00,NOAA-20,SANTA RITA DE CÁSSIA,BAHIA,Brasil,2928406,29,33,10,0.0,0.79,Cerrado,3.5
75f2ad8b-7755-3bcf-bc5f-031b8c89be00, -10.500050, -49.874300,2026-05-06 16:39:00,NOAA-20,PIUM,TOCANTINS,Brasil,1717503,17,33,7,0.0,0.4,Cerrado,7.4
caedc68a-5033-3083-a28a-f9e568f7f269,  -6.425940, -45.458280,2026-05-06 16:39:00,NOAA-20,MIRADOR,MARANHÃO,Brasil,2106706,21,33,4,0.0,0.61,Cerrado,5.1
2464b833-1b02-3aa0-b057-5c461a945368, -11.193780, -46.778910,2026-05-06 16:39:00,NOAA-20,ALMAS,TOCANTINS,Brasil,1700400,17,33,8,0.0,0.38,Cerrado,3.5
9419da77-de76-3c6a-9492-aed3e44d3d93,  -9.266850, -50.450600,2026-05-06 16:39:00,NOAA-20,SANTANA DO ARAGUAIA,PARÁ,Brasil,1506708,15,33,2,0.0,1.0,Amazônia,5.9
99853558-79be-3ef4-a87c-5b123da616ee, -10.240790, -47.408660,2026-05-06 16:39:00,NOAA-20,LAGOA DO TOCANTINS,TOCANTINS,Brasil,1711951,17,33,8,0.0,0.28,Cerrado,6.7
6c111c6e-f84c-3f9e-aebc-7faa5df7adde,  -9.189330, -40.240220,2026-05-06 16:39:00,NOAA-20,JUAZEIRO,BAHIA,Brasil,2918407,29,33,3,0.0,0.82,Caatinga,4.3
88e1ec41-b67f-3292-a9e1-2fac129ffc0e, -11.414680, -49.693890,2026-05-06 16:39:00,NOAA-20,FORMOSO DO ARAGUAIA,TOCANTINS,Brasil,1708205,17,33,7,0.0,0.31,Cerrado,6.2
2e97f63a-4fc6-3ffe-9075-0f9caad9eb92, -10.682890, -46.990310,2026-05-06 16:39:00,NOAA-20,PONTE ALTA DO TOCANTINS,TOCANTINS,Brasil,1717909,17,33,8,0.0,0.47,Cerrado,3.8
ce46ad60-963c-3675-940d-cebb6c10abb8,  -7.339100, -49.787190,2026-05-06 16:39:00,NOAA-20,FLORESTA DO ARAGUAIA,PARÁ,Brasil,1503044,15,33,3,0.0,0.16,Amazônia,9.3
32dc7744-4ea9-354a-96ee-01517c051297,  -8.932430, -36.969300,2026-05-06 16:39:00,NOAA-20,ÁGUAS BELAS,PERNAMBUCO,Brasil,2600500,26,33,2,0.0,0.96,Caatinga,6.8
73eab75e-95be-3f36-a673-c16e04104c62, -10.608440, -49.823420,2026-05-06 16:39:00,NOAA-20,LAGOA DA CONFUSÃO,TOCANTINS,Brasil,1711902,17,33,6,0.0,0.62,Cerrado,5.4
539d1873-04da-3db5-b927-7015155f3184,  -6.395920, -45.489460,2026-05-06 16:39:00,NOAA-20,FERNANDO FALCÃO,MARANHÃO,Brasil,2104081,21,33,4,0.0,0.66,Cerrado,9.9
8cb6ca10-1c45-3b4d-b221-d04afdc3ce21,  -9.370270, -48.802160,2026-05-06 16:39:00,NOAA-20,DOIS IRMÃOS DO TOCANTINS,TOCANTINS,Brasil,1707207,17,33,5,0.0,0.75,Cerrado,6.2
d01c01d5-9b1a-3765-b3a7-dff32ef62247, -10.642640, -46.971210,2026-05-06 16:39:00,NOAA-20,PONTE ALTA DO TOCANTINS,TOCANTINS,Brasil,1717909,17,33,8,0.0,0.48,Cerrado,48.4
6042e70a-b015-3ac8-9ced-a580a51b66a0, -10.676500, -49.853760,2026-05-06 16:39:00,NOAA-20,LAGOA DA CONFUSÃO,TOCANTINS,Brasil,1711902,17,33,5,0.0,0.7,Cerrado,11.2
4cfcb012-81dd-3235-b7fa-cb51233a452f, -10.936640, -49.429280,2026-05-06 16:39:00,NOAA-20,SANTA RITA DO TOCANTINS,TOCANTINS,Brasil,1718899,17,33,2,0.0,0.26,Cerrado,9.5
294e1451-5ae3-3fe4-b8ec-76257c0f13e5, -12.506350, -58.469570,2026-05-06 16:39:00,NOAA-20,SAPEZAL,MATO GROSSO,Brasil,5107875,51,33,8,0.0,0.12,Cerrado,18.4
84fc1f3c-9a8a-3c55-9b3f-f2689143f692,  -8.866190, -46.999810,2026-05-06 16:39:00,NOAA-20,RECURSOLÂNDIA,TOCANTINS,Brasil,1718501,17,33,9,0.0,0.3,Cerrado,4.4
2fbdb26d-029d-37f0-a103-97681820b2cf, -12.504940, -45.430730,2026-05-06 16:39:00,NOAA-20,SÃO DESIDÉRIO,BAHIA,Brasil,2928901,29,33,17,0.0,0.63,Cerrado,12.0
16422eeb-d97e-3b66-90f5-ca8e95bfb510, -12.353350, -50.028950,2026-05-06 16:39:00,NOAA-20,SANDOLÂNDIA,TOCANTINS,Brasil,1718840,17,33,7,0.0,0.48,Cerrado,12.1
e06cc415-9a7e-39d8-866e-dad1d237f07c, -10.643170, -46.974740,2026-05-06 16:39:00,NOAA-20,PONTE ALTA DO TOCANTINS,TOCANTINS,Brasil,1717909,17,33,8,0.0,0.48,Cerrado,10.5
d62b06d3-2928-3203-92f4-e9ee1248a79b, -12.988950, -54.680530,2026-05-06 16:39:00,NOAA-20,NOVA UBIRATÃ,MATO GROSSO,Brasil,5106240,51,33,6,0.0,0.09,Amazônia,8.4
79acd000-a762-3573-a4ab-b255477b91d9, -10.287860, -56.410430,2026-05-06 16:39:00,NOAA-20,ALTA FLORESTA,MATO GROSSO,Brasil,5100250,51,33,4,0.0,0.33,Amazônia,8.4
937cf580-664c-3eaa-adbe-a3105fda0744,  -8.761020, -48.292220,2026-05-06 16:39:00,NOAA-20,GUARAÍ,TOCANTINS,Brasil,1709302,17,33,3,0.0,0.18,Cerrado,4.4
828f1e56-4fd4-3299-9a0f-fc70c72e1a20, -11.439530, -55.098690,2026-05-06 16:39:00,NOAA-20,CLÁUDIA,MATO GROSSO,Brasil,5103056,51,33,7,0.0,0.11,Amazônia,4.7
cc26bf9e-6da6-31f0-b4d8-25156c0dd88a, -10.649280, -46.970200,2026-05-06 16:39:00,NOAA-20,PONTE ALTA DO TOCANTINS,TOCANTINS,Brasil,1717909,17,33,8,0.0,0.48,Cerrado,29.1
ed8a9381-da21-367e-8bb9-57124ece80a6,  -5.862560, -47.753280,2026-05-06 16:39:00,NOAA-20,SÃO BENTO DO TOCANTINS,TOCANTINS,Brasil,1720101,17,33,3,0.0,0.18,Cerrado,3.6
b4908184-c523-371c-aa7b-9909ebc7b2c3, -11.618090, -48.057090,2026-05-06 16:39:00,NOAA-20,CHAPADA DA NATIVIDADE,TOCANTINS,Brasil,1705102,17,33,8,0.0,0.46,Cerrado,10.3
b9a32fa9-8b63-3e95-8272-4d9f36b6eac8,  -6.900750, -47.956580,2026-05-06 16:39:00,NOAA-20,WANDERLÂNDIA,TOCANTINS,Brasil,1722081,17,33,2,0.0,0.27,Cerrado,3.6
8e6b182e-834e-3a78-a1db-606c8ce50ba1, -10.928190, -49.844500,2026-05-06 16:39:00,NOAA-20,LAGOA DA CONFUSÃO,TOCANTINS,Brasil,1711902,17,33,5,0.0,0.85,Cerrado,14.7
6ca8a547-3fdd-3444-ac6a-f9228b38a0a5, -10.629580, -47.020160,2026-05-06 16:39:00,NOAA-20,PONTE ALTA DO TOCANTINS,TOCANTINS,Brasil,1717909,17,33,8,0.0,0.48,Cerrado,2.6
344ab09f-edc3-302e-a129-cce9f14df693,  -6.289330, -45.547490,2026-05-06 16:39:00,NOAA-20,FERNANDO FALCÃO,MARANHÃO,Brasil,2104081,21,33,4,0.0,0.69,Cerrado,6.5
ebc375a0-aa9e-372b-8533-ddbe1ff8a445, -12.298890, -57.566510,2026-05-06 16:39:00,NOAA-20,NOVA MARINGÁ,MATO GROSSO,Brasil,5108907,51,33,6,0.0,0.06,Amazônia,7.7
e13b751f-79d7-3e69-b8d6-643cb890de0c, -10.665750, -46.989330,2026-05-06 16:39:00,NOAA-20,PONTE ALTA DO TOCANTINS,TOCANTINS,Brasil,1717909,17,33,8,0.0,0.48,Cerrado,2.7
903ef3ec-8cdf-3367-a30d-f69fa003d940, -10.630110, -47.023700,2026-05-06 16:39:00,NOAA-20,PONTE ALTA DO TOCANTINS,TOCANTINS,Brasil,1717909,17,33,8,0.0,0.48,Cerrado,2.6
3b1e0dc9-83df-3582-a9e6-197c43ef7832, -10.653660, -46.976740,2026-05-06 16:39:00,NOAA-20,PONTE ALTA DO TOCANTINS,TOCANTINS,Brasil,1717909,17,33,8,0.0,0.48,Cerrado,2.1
2f3fd503-7d4c-3d25-9b1e-0ada7b0558fe, -12.681770, -45.476950,2026-05-06 16:39:00,NOAA-20,SÃO DESIDÉRIO,BAHIA,Brasil,2928901,29,33,15,0.0,0.64,Cerrado,9.5
1f357d01-6d84-31aa-bd6f-535e225a7433, -12.500350, -58.475660,2026-05-06 16:39:00,NOAA-20,SAPEZAL,MATO GROSSO,Brasil,5107875,51,33,8,0.0,0.12,Cerrado,103.6
0751c457-c395-38ff-abb4-59362880b259, -10.669600, -46.992340,2026-05-06 16:39:00,NOAA-20,PONTE ALTA DO TOCANTINS,TOCANTINS,Brasil,1717909,17,33,8,0.0,0.48,Cerrado,7.1
b023aaba-7d7f-3634-8450-1da38663622d, -10.679570, -46.990830,2026-05-06 16:39:00,NOAA-20,PONTE ALTA DO TOCANTINS,TOCANTINS,Brasil,1717909,17,33,8,0.0,0.47,Cerrado,5.0
110db1e8-77c2-31ad-bb90-ba0420fc04cb, -11.198700, -46.788990,2026-05-06 16:39:00,NOAA-20,ALMAS,TOCANTINS,Brasil,1700400,17,33,8,0.0,0.37,Cerrado,4.2
e275fd57-27c1-3a2a-ac10-002f25fe2a7b, -10.245710, -46.521130,2026-05-06 16:39:00,NOAA-20,MATEIROS,TOCANTINS,Brasil,1712702,17,33,14,0.0,0.55,Cerrado,2.4
b4ba6622-aee9-3bec-a89f-826dec797887,  -6.401580, -45.481060,2026-05-06 16:39:00,NOAA-20,FERNANDO FALCÃO,MARANHÃO,Brasil,2104081,21,33,4,0.0,0.55,Cerrado,5.5
d1485fab-4e85-35d1-9f18-9f655991c36d, -11.190990, -46.782940,2026-05-06 16:39:00,NOAA-20,ALMAS,TOCANTINS,Brasil,1700400,17,33,8,0.0,0.4,Cerrado,3.2
f6e7f9dc-71da-302d-9505-67c1dfad5f9e, -10.877370, -49.667500,2026-05-06 16:39:00,NOAA-20,LAGOA DA CONFUSÃO,TOCANTINS,Brasil,1711902,17,33,2,0.0,0.72,Cerrado,7.6
c659533a-02d8-3df4-b5c1-a37b543a966d,  -9.515070, -47.050240,2026-05-06 16:39:00,NOAA-20,LIZARDA,TOCANTINS,Brasil,1712405,17,33,13,0.0,0.43,Cerrado,4.4
a0c406e6-1ca3-399f-9f93-d3a6e538b282, -12.424690, -54.468400,2026-05-06 16:39:00,NOAA-20,NOVA UBIRATÃ,MATO GROSSO,Brasil,5106240,51,33,6,0.0,0.94,Amazônia,8.2
1ca5007f-86bd-3377-accf-5f58ad600dfe, -10.620820, -47.007060,2026-05-06 16:39:00,NOAA-20,PONTE ALTA DO TOCANTINS,TOCANTINS,Brasil,1717909,17,33,8,0.0,0.48,Cerrado,4.5
6f480a11-f0bc-334d-ac0b-81e677258626, -11.440330, -55.105140,2026-05-06 16:39:00,NOAA-20,CLÁUDIA,MATO GROSSO,Brasil,5103056,51,33,7,0.0,0.12,Amazônia,6.4
58aad5ff-9fd3-3bfe-bfa4-04a25889bc14, -10.691530, -47.025120,2026-05-06 16:39:00,NOAA-20,PONTE ALTA DO TOCANTINS,TOCANTINS,Brasil,1717909,17,33,8,0.0,0.47,Cerrado,12.7
e2d47905-29d9-30a9-b827-cfd1d2d89564,  -6.327270, -49.292930,2026-05-06 16:39:00,NOAA-20,ELDORADO DO CARAJÁS,PARÁ,Brasil,1502954,15,33,2,0.0,0.05,Amazônia,3.3
e6b1555f-a5fe-3f77-b4aa-502db169c55b, -11.446450, -48.809280,2026-05-06 16:39:00,NOAA-20,ALIANÇA DO TOCANTINS,TOCANTINS,Brasil,1700350,17,33,12,0.0,0.46,Cerrado,4.0
1ae3ff40-0af8-3096-aabe-ccdcb766c42d, -10.562010, -49.887680,2026-05-06 16:39:00,NOAA-20,LAGOA DA CONFUSÃO,TOCANTINS,Brasil,1711902,17,33,7,0.0,0.46,Cerrado,3.7
e491d612-a399-3bb5-9f8a-1981e036957d, -10.289910, -56.408890,2026-05-06 16:39:00,NOAA-20,ALTA FLORESTA,MATO GROSSO,Brasil,5100250,51,33,4,0.0,0.47,Amazônia,3.9
e29496aa-a80e-3808-ba17-5b8cb7f0c851, -10.485590, -49.664470,2026-05-06 16:39:00,NOAA-20,PIUM,TOCANTINS,Brasil,1717503,17,33,7,0.0,0.22,Cerrado,5.8
4cf57ced-dc90-3230-89f6-b6dc425ac77f, -10.157220, -49.180470,2026-05-06 16:39:00,NOAA-20,CHAPADA DE AREIA,TOCANTINS,Brasil,1704600,17,33,7,0.0,0.15,Cerrado,3.5
cc8e796b-2371-3c69-9e71-1735f64b377d, -10.113190, -48.807130,2026-05-06 16:39:00,NOAA-20,PARAÍSO DO TOCANTINS,TOCANTINS,Brasil,1716109,17,33,8,0.0,0.7,Cerrado,2.0
f2168de0-c4fc-3201-9e6d-58d6c766cf0a,  -6.425360, -45.454590,2026-05-06 16:39:00,NOAA-20,MIRADOR,MARANHÃO,Brasil,2106706,21,33,4,0.0,0.43,Cerrado,2.6
dd93cab5-88aa-3715-bee0-5dac29b1e32a, -10.683280, -47.015530,2026-05-06 16:39:00,NOAA-20,PONTE ALTA DO TOCANTINS,TOCANTINS,Brasil,1717909,17,33,8,0.0,0.47,Cerrado,4.8
fa15777e-0f90-3b9c-9573-b4d2e2352fa2, -10.499440, -49.869910,2026-05-06 16:39:00,NOAA-20,PIUM,TOCANTINS,Brasil,1717503,17,33,7,0.0,0.41,Cerrado,14.2
1c15641d-a9db-36db-8320-9efa726f5c3b, -11.681630, -44.871740,2026-05-06 16:39:00,NOAA-20,RIACHÃO DAS NEVES,BAHIA,Brasil,2926202,29,33,17,0.0,0.75,Cerrado,3.4
1765051e-46f4-3b71-8f20-7cd9cbf3e40f, -10.649750, -47.064060,2026-05-06 16:39:00,NOAA-20,PONTE ALTA DO TOCANTINS,TOCANTINS,Brasil,1717909,17,33,8,0.0,0.45,Cerrado,4.2
603e3b2c-c51d-3f11-8aff-0c2dd2690fa5, -10.625050, -47.035320,2026-05-06 16:39:00,NOAA-20,PONTE ALTA DO TOCANTINS,TOCANTINS,Brasil,1717909,17,33,8,0.0,0.48,Cerrado,3.5
7c293f09-5e30-3f68-91dc-d5fc43ee9e74, -11.205340, -46.787990,2026-05-06 16:39:00,NOAA-20,ALMAS,TOCANTINS,Brasil,1700400,17,33,8,0.0,0.37,Cerrado,2.8
12393b37-205d-3925-914c-1005449dff01, -10.638720, -47.058530,2026-05-06 16:39:00,NOAA-20,PONTE ALTA DO TOCANTINS,TOCANTINS,Brasil,1717909,17,33,8,0.0,0.46,Cerrado,2.1
aa25b58f-39fa-33e2-a74c-778c77b951af, -10.609050, -49.827790,2026-05-06 16:39:00,NOAA-20,LAGOA DA CONFUSÃO,TOCANTINS,Brasil,1711902,17,33,6,0.0,0.62,Cerrado,5.4
d69fca20-1278-38ff-9f5e-300d3b82cb5a, -13.302240, -49.999040,2026-05-06 16:39:00,NOAA-20,SÃO MIGUEL DO ARAGUAIA,GOIÁS,Brasil,5220207,52,33,16,0.0,0.99,Cerrado,7.2
7390e410-4120-36e0-8c0e-476c4893f531, -10.530620, -46.342860,2026-05-06 16:39:00,NOAA-20,MATEIROS,TOCANTINS,Brasil,1712702,17,33,15,0.0,0.77,Cerrado,3.5
6fb8e8ce-695d-3585-bf6b-3f12b57f8934,  -6.558660, -48.899980,2026-05-06 16:39:00,NOAA-20,PIÇARRA,PARÁ,Brasil,1505635,15,33,3,0.0,0.35,Amazônia,8.2
3824d098-d2f6-3135-8cac-0886374c6f6a, -10.624670, -47.010080,2026-05-06 16:39:00,NOAA-20,PONTE ALTA DO TOCANTINS,TOCANTINS,Brasil,1717909,17,33,8,0.0,0.48,Cerrado,14.0
1c3b673c-6716-3ca8-8a21-d07405a3eaa3, -10.777790, -49.804970,2026-05-06 16:39:00,NOAA-20,LAGOA DA CONFUSÃO,TOCANTINS,Brasil,1711902,17,33,3,0.0,0.66,Cerrado,38.4
22c4f40a-0a96-3c1a-83ce-c09630fc7897, -10.609150, -46.994980,2026-05-06 16:39:00,NOAA-20,PONTE ALTA DO TOCANTINS,TOCANTINS,Brasil,1717909,17,33,8,0.0,0.47,Cerrado,9.5
d8d8b636-84a1-3385-85ef-8c6693ad3c13, -12.505480, -45.434270,2026-05-06 16:39:00,NOAA-20,SÃO DESIDÉRIO,BAHIA,Brasil,2928901,29,33,17,0.0,0.64,Cerrado,12.6
abf63d65-a31b-352b-b05c-0737cb36758c, -11.202020, -46.788490,2026-05-06 16:39:00,NOAA-20,ALMAS,TOCANTINS,Brasil,1700400,17,33,8,0.0,0.37,Cerrado,2.8
5fb101fe-2d2c-32ad-aac1-6af77fa2131b,  -5.776850, -45.121300,2026-05-06 16:39:00,NOAA-20,BARRA DO CORDA,MARANHÃO,Brasil,2101608,21,33,2,0.0,0.3,Cerrado,51.7
b9eba3e4-7e84-36a4-ad13-dca961dba39b, -10.634340, -47.051960,2026-05-06 16:39:00,NOAA-20,PONTE ALTA DO TOCANTINS,TOCANTINS,Brasil,1717909,17,33,8,0.0,0.48,Cerrado,1.7
c28faa14-c62a-3ccd-bbe1-498de6808b03, -10.653610, -47.067090,2026-05-06 16:39:00,NOAA-20,PONTE ALTA DO TOCANTINS,TOCANTINS,Brasil,1717909,17,33,8,0.0,0.45,Cerrado,4.8
264d37ef-0ab5-3f82-ade6-ea0236d27bc9, -10.646490, -46.974230,2026-05-06 16:39:00,NOAA-20,PONTE ALTA DO TOCANTINS,TOCANTINS,Brasil,1717909,17,33,8,0.0,0.48,Cerrado,23.5
317d862f-5a72-391c-83ec-6c8683563f19, -10.682220, -47.008470,2026-05-06 16:39:00,NOAA-20,PONTE ALTA DO TOCANTINS,TOCANTINS,Brasil,1717909,17,33,8,0.0,0.47,Cerrado,13.6
bd8bf83f-1a41-3ac8-a9eb-9359c503dfd1, -12.425050, -54.471390,2026-05-06 16:39:00,NOAA-20,NOVA UBIRATÃ,MATO GROSSO,Brasil,5106240,51,33,6,0.0,0.83,Amazônia,13.4
ffae2847-36a4-3a6e-9219-7637d7fea771,  -6.395350, -45.485800,2026-05-06 16:39:00,NOAA-20,FERNANDO FALCÃO,MARANHÃO,Brasil,2104081,21,33,4,0.0,0.67,Cerrado,9.9
356961af-a6d1-3af7-9b2f-bb793f4a344f, -10.530090, -46.339370,2026-05-06 16:39:00,NOAA-20,MATEIROS,TOCANTINS,Brasil,1712702,17,33,14,0.0,0.77,Cerrado,3.5
111eebbf-34cd-3946-8cf6-27a3a88382b1,  -9.038010, -36.895210,2026-05-06 16:39:00,NOAA-20,IATI,PERNAMBUCO,Brasil,2606507,26,33,3,0.0,1.0,Caatinga,8.0
09ff9431-490b-3e85-ac09-33986d91d99d, -12.349550, -50.029500,2026-05-06 16:39:00,NOAA-20,SANDOLÂNDIA,TOCANTINS,Brasil,1718840,17,33,7,0.0,0.47,Cerrado,9.8
8a447126-a307-376a-8658-85cd78133013, -12.414890, -49.671420,2026-05-06 16:39:00,NOAA-20,SANDOLÂNDIA,TOCANTINS,Brasil,1718840,17,33,10,0.0,0.41,Cerrado,17.9
2a2e3c3d-4407-32f1-ba0c-8bdc64205d8a, -10.918340, -49.854980,2026-05-06 16:39:00,NOAA-20,LAGOA DA CONFUSÃO,TOCANTINS,Brasil,1711902,17,33,5,0.0,0.78,Cerrado,33.1
2ba0fe88-0ca3-34ea-a11f-1e1b87eefd51,  -9.044500, -47.303780,2026-05-06 16:39:00,NOAA-20,CENTENÁRIO,TOCANTINS,Brasil,1704105,17,33,8,0.0,0.29,Cerrado,3.1
33e26252-85b0-337f-bb02-628a3ed963ce, -10.818910, -49.338510,2026-05-06 16:39:00,NOAA-20,SANTA RITA DO TOCANTINS,TOCANTINS,Brasil,1718899,17,33,3,0.0,0.2,Cerrado,11.2
54a8a001-2e91-3075-8c07-5d2f8dfd515a,  -9.519450, -47.056710,2026-05-06 16:39:00,NOAA-20,LIZARDA,TOCANTINS,Brasil,1712405,17,33,12,0.0,0.57,Cerrado,5.1
cec67af0-504a-3cce-b3c4-29359d5e978a, -10.605370, -49.828320,2026-05-06 16:39:00,NOAA-20,LAGOA DA CONFUSÃO,TOCANTINS,Brasil,1711902,17,33,6,0.0,0.61,Cerrado,5.4
d024612d-098d-39d8-b344-72fb7d9a3336, -12.430150, -54.470760,2026-05-06 16:39:00,NOAA-20,NOVA UBIRATÃ,MATO GROSSO,Brasil,5106240,51,33,6,0.0,0.72,Amazônia,15.1
d197bf4f-b5a2-3a9b-94a0-243ee34f9ba6, -13.691320, -52.585810,2026-05-06 16:39:00,NOAA-20,ÁGUA BOA,MATO GROSSO,Brasil,5100201,51,33,7,0.0,0.78,Cerrado,17.8
62170394-f0a0-37ec-a5f0-285bdec2701c, -10.627840, -47.031280,2026-05-06 16:39:00,NOAA-20,PONTE ALTA DO TOCANTINS,TOCANTINS,Brasil,1717909,17,33,8,0.0,0.48,Cerrado,10.4
7aaa1ee5-257a-3d8f-95c1-b9fdafe9fc12, -10.258740, -47.397550,2026-05-06 16:39:00,NOAA-20,LAGOA DO TOCANTINS,TOCANTINS,Brasil,1711951,17,33,8,0.0,0.35,Cerrado,2.5
89ae921e-f134-3ee8-8426-9f691d24b172, -10.719600, -49.791110,2026-05-06 16:39:00,NOAA-20,LAGOA DA CONFUSÃO,TOCANTINS,Brasil,1711902,17,33,5,0.0,0.7,Cerrado,16.6
98d09cdf-d5bf-362f-93ad-d05b720cd6f7,  -7.576980, -45.896720,2026-05-06 16:39:00,NOAA-20,BALSAS,MARANHÃO,Brasil,2101400,21,33,12,0.0,0.48,Cerrado,2.7
70533f79-7619-315f-8e75-d13ec6ed0083, -10.714370, -56.230010,2026-05-06 16:39:00,NOAA-20,NOVA CANAÃ DO NORTE,MATO GROSSO,Brasil,5106216,51,33,0,0.0,0.08,Amazônia,3.5
51bb6629-fbe9-322a-ac01-92e789d39b6d, -10.629430, -47.041870,2026-05-06 16:39:00,NOAA-20,PONTE ALTA DO TOCANTINS,TOCANTINS,Brasil,1717909,17,33,8,0.0,0.48,Cerrado,0.8
5c12449c-10b3-3770-a784-546a578a0271, -10.558330, -49.888200,2026-05-06 16:39:00,NOAA-20,LAGOA DA CONFUSÃO,TOCANTINS,Brasil,1711902,17,33,7,0.0,0.33,Cerrado,3.7
8dc2e9e2-de2d-39d6-9bcf-39ee0ddc8fdd, -14.028050, -56.792750,2026-05-06 16:39:00,NOAA-20,DIAMANTINO,MATO GROSSO,Brasil,5103502,51,33,6,0.0,0.25,Cerrado,6.7
403c1900-e3a6-38fe-a8d5-eb521f7c3efb, -12.386690, -46.323210,2026-05-06 16:39:00,NOAA-20,TAGUATINGA,TOCANTINS,Brasil,1720903,17,33,8,0.0,0.4,Cerrado,2.4
021c3c81-c9eb-3dbd-bf6f-edc3c3e513c6,  -9.425000, -50.688020,2026-05-06 16:39:00,NOAA-20,SANTANA DO ARAGUAIA,PARÁ,Brasil,1506708,15,33,6,0.0,1.0,Amazônia,6.7
61ab2fd5-c6fe-3220-a3f0-b14f398933ac, -11.068960, -49.122430,2026-05-06 16:39:00,NOAA-20,SANTA RITA DO TOCANTINS,TOCANTINS,Brasil,1718899,17,33,7,0.0,0.48,Cerrado,8.9
44713e70-e710-3ab3-a56e-4aa8d205b84d, -12.347790, -50.013360,2026-05-06 16:39:00,NOAA-20,SANDOLÂNDIA,TOCANTINS,Brasil,1718840,17,33,7,0.0,0.46,Cerrado,12.7
815cac28-e369-379b-a5fb-e92a6ca242b6, -10.790600, -49.789720,2026-05-06 16:39:00,NOAA-20,LAGOA DA CONFUSÃO,TOCANTINS,Brasil,1711902,17,33,3,0.0,0.55,Cerrado,5.2
c7708489-4ac0-33cb-bcf0-adc7f1128c21, -10.941470, -49.437230,2026-05-06 16:39:00,NOAA-20,SANTA RITA DO TOCANTINS,TOCANTINS,Brasil,1718899,17,33,1,0.0,0.26,Cerrado,6.1
ccf0767e-0803-3bf2-a2a9-19f685607365, -12.771610, -58.971500,2026-05-06 16:39:00,NOAA-20,CAMPOS DE JÚLIO,MATO GROSSO,Brasil,5102686,51,33,6,0.0,0.3,Cerrado,22.9
05c0d113-dd69-340e-a43c-82aae13f7c8f, -10.629050, -47.016630,2026-05-06 16:39:00,NOAA-20,PONTE ALTA DO TOCANTINS,TOCANTINS,Brasil,1717909,17,33,8,0.0,0.48,Cerrado,4.0
63cc17cd-f213-3fbe-95a2-8b277f6a1e71,  -9.037900, -36.893500,2026-05-06 16:39:00,NOAA-20,IATI,PERNAMBUCO,Brasil,2606507,26,33,3,0.0,1.0,Caatinga,7.1
31a5282e-70f9-3524-bdb5-8dfb1cb6841f, -10.517720, -49.681630,2026-05-06 16:39:00,NOAA-20,CRISTALÂNDIA,TOCANTINS,Brasil,1706100,17,33,7,0.0,0.48,Cerrado,1.4
a343cac7-fa12-37c0-8e9d-e57c682ad981, -11.920220, -49.686580,2026-05-06 16:39:00,NOAA-20,FORMOSO DO ARAGUAIA,TOCANTINS,Brasil,1708205,17,33,7,0.0,0.82,Cerrado,13.2
651ada00-85d8-3bd1-906b-f15b1eeb9fcc,  -8.523890, -47.047290,2026-05-06 16:39:00,NOAA-20,RECURSOLÂNDIA,TOCANTINS,Brasil,1718501,17,33,9,0.0,0.42,Cerrado,6.3
40c7a40f-5382-3d65-bb92-3460d3e612a2, -10.627310, -47.027740,2026-05-06 16:39:00,NOAA-20,PONTE ALTA DO TOCANTINS,TOCANTINS,Brasil,1717909,17,33,8,0.0,0.48,Cerrado,10.4
0d669c60-0cbb-3cb2-809f-00f49b4ecb88,  -8.630230, -49.529320,2026-05-06 16:39:00,NOAA-20,CONCEIÇÃO DO ARAGUAIA,PARÁ,Brasil,1502707,15,33,3,0.0,0.39,Amazônia,8.5
41b981b4-9122-34ef-812f-c0a57beb8aa8,  -9.515600, -47.053730,2026-05-06 16:39:00,NOAA-20,LIZARDA,TOCANTINS,Brasil,1712405,17,33,12,0.0,0.5,Cerrado,7.8
ec49c912-9ad6-3ed5-90cf-f7e3b6412098, -10.912350, -49.858630,2026-05-06 16:39:00,NOAA-20,LAGOA DA CONFUSÃO,TOCANTINS,Brasil,1711902,17,33,4,0.0,0.79,Cerrado,5.1
025f1d1c-fe71-3408-859c-6fb766dd4442, -10.683810, -47.019050,2026-05-06 16:39:00,NOAA-20,PONTE ALTA DO TOCANTINS,TOCANTINS,Brasil,1717909,17,33,8,0.0,0.47,Cerrado,4.1
afecaea9-e8e8-3571-a7d1-852223764094, -10.631700, -49.828960,2026-05-06 16:39:00,NOAA-20,LAGOA DA CONFUSÃO,TOCANTINS,Brasil,1711902,17,33,6,0.0,0.66,Cerrado,26.4
f9e818f7-8ea2-396f-9afd-d78e1fb33676, -11.448280, -39.284840,2026-05-06 16:39:00,NOAA-20,CONCEIÇÃO DO COITÉ,BAHIA,Brasil,2908408,29,33,10,3.0,0.78,Caatinga,11.0
cb682bef-7483-31e1-977c-cdc825c72c93,  -9.449340, -47.401890,2026-05-06 16:39:00,NOAA-20,RIO SONO,TOCANTINS,Brasil,1718758,17,33,8,0.0,0.35,Cerrado,6.0
a3836103-7606-3118-8cab-12d17004e064, -12.151740, -54.644130,2026-05-06 16:39:00,NOAA-20,FELIZ NATAL,MATO GROSSO,Brasil,5103700,51,33,6,0.0,0.08,Amazônia,3.0
4f3a0837-cd8a-3aa1-8778-39df24e27105, -13.999100, -56.642690,2026-05-06 16:39:00,NOAA-20,DIAMANTINO,MATO GROSSO,Brasil,5103502,51,33,6,0.0,0.15,Cerrado,15.2
49c69c8c-c5cf-3e13-9aab-367713def0b1, -11.614110, -48.053840,2026-05-06 16:39:00,NOAA-20,CHAPADA DA NATIVIDADE,TOCANTINS,Brasil,1705102,17,33,8,0.0,0.44,Cerrado,26.6
b3474bed-9c34-3dcc-887d-5a7cd7aaebc4, -10.208080, -51.565630,2026-05-06 16:39:00,NOAA-20,CONFRESA,MATO GROSSO,Brasil,5103353,51,33,7,0.0,1.0,Amazônia,4.7
8e404bdc-6bfe-34fa-9a6a-85491f9000e9, -10.620290, -47.003540,2026-05-06 16:39:00,NOAA-20,PONTE ALTA DO TOCANTINS,TOCANTINS,Brasil,1717909,17,33,8,0.0,0.48,Cerrado,3.3
56e8219a-6bcc-3ad6-95c8-7a50231c2c71, -10.377080, -49.871430,2026-05-06 16:39:00,NOAA-20,PIUM,TOCANTINS,Brasil,1717503,17,33,7,0.0,0.24,Cerrado,5.3
5f07206c-045a-3e30-ad93-9f670571b98f, -11.707980, -47.407630,2026-05-06 16:39:00,NOAA-20,ALMAS,TOCANTINS,Brasil,1700400,17,33,8,0.0,0.35,Cerrado,3.1
60172720-f835-304a-8831-194d4876ade0,  -9.465630, -48.282520,2026-05-06 16:39:00,NOAA-20,TOCANTÍNIA,TOCANTINS,Brasil,1721109,17,33,8,0.0,0.36,Cerrado,3.8
4aaa4c82-3d4a-3921-a017-1ef938e3c468, -10.402960, -49.873340,2026-05-06 16:39:00,NOAA-20,PIUM,TOCANTINS,Brasil,1717503,17,33,7,0.0,0.43,Cerrado,26.2
e957726a-7b46-3a9a-b98b-296b451a1f9a, -11.417100, -49.684570,2026-05-06 16:39:00,NOAA-20,FORMOSO DO ARAGUAIA,TOCANTINS,Brasil,1708205,17,33,7,0.0,0.32,Cerrado,95.8
43cd245a-9140-33f7-baf5-0cc3724551b6, -12.333170, -44.593200,2026-05-06 16:39:00,NOAA-20,BAIANÓPOLIS,BAHIA,Brasil,2902500,29,33,18,0.0,0.65,Cerrado,15.6
006c5d03-a56f-3759-93d0-ff43b41212e1, -10.911710, -49.854190,2026-05-06 16:39:00,NOAA-20,LAGOA DA CONFUSÃO,TOCANTINS,Brasil,1711902,17,33,4,0.0,0.82,Cerrado,5.1
d3840bcc-4d30-36a1-9a86-94e8852dae02, -10.825020, -49.692760,2026-05-06 16:39:00,NOAA-20,LAGOA DA CONFUSÃO,TOCANTINS,Brasil,1711902,17,33,3,0.0,0.81,Cerrado,9.7
6bd077f6-c09b-347b-be86-5318e08bf868, -11.439930, -55.101910,2026-05-06 16:39:00,NOAA-20,CLÁUDIA,MATO GROSSO,Brasil,5103056,51,33,7,0.0,0.11,Amazônia,4.7
eddd5398-333b-3cc5-8cf9-4172c5dd2eb0, -12.678460, -45.477470,2026-05-06 16:39:00,NOAA-20,SÃO DESIDÉRIO,BAHIA,Brasil,2928901,29,33,15,0.0,0.64,Cerrado,9.5
6f2629e3-4c81-32f7-bfbe-f6d2eacee7b0,  -8.394590, -46.223690,2026-05-06 16:39:00,NOAA-20,BALSAS,MARANHÃO,Brasil,2101400,21,33,11,0.0,0.49,Cerrado,4.5
46af57da-53f6-3f6b-90cd-0e5f854e141e, -10.679960, -47.016030,2026-05-06 16:39:00,NOAA-20,PONTE ALTA DO TOCANTINS,TOCANTINS,Brasil,1717909,17,33,8,0.0,0.47,Cerrado,4.8
095448e5-0df8-3c15-8414-fb2cbe71418c,  -8.391810, -46.227710,2026-05-06 16:39:00,NOAA-20,BALSAS,MARANHÃO,Brasil,2101400,21,33,11,0.0,0.63,Cerrado,2.8
defbc07d-0979-39b8-8d68-b714d6d0ddc7, -10.773960, -49.752090,2026-05-06 16:39:00,NOAA-20,LAGOA DA CONFUSÃO,TOCANTINS,Brasil,1711902,17,33,5,0.0,0.83,Cerrado,2.2
bff30bff-ffe3-3b94-b202-87e74776a559,  -9.469370, -36.957250,2026-05-06 16:39:00,NOAA-20,CACIMBINHAS,ALAGOAS,Brasil,2701209,27,33,2,0.0,0.9,Caatinga,5.4
02ccdfe8-4769-3f51-8fd1-1ae5968d4b35,  -7.656040, -36.849850,2026-05-06 16:39:00,NOAA-20,SUMÉ,PARAÍBA,Brasil,2516300,25,33,3,0.0,0.5,Caatinga,3.3
2d0b2238-4234-3196-98fa-10f0f743f0b3,  -7.318810, -46.202780,2026-05-06 16:39:00,NOAA-20,RIACHÃO,MARANHÃO,Brasil,2109502,21,33,12,0.0,0.58,Cerrado,25.0
734a5b0d-1073-3366-84b5-baa3c4339239, -12.501580, -58.486820,2026-05-06 16:39:00,NOAA-20,SAPEZAL,MATO GROSSO,Brasil,5107875,51,33,8,0.0,0.12,Cerrado,70.5
932c540e-80c7-3c35-87f8-2f6d08ae81c4, -10.927580, -49.840090,2026-05-06 16:39:00,NOAA-20,LAGOA DA CONFUSÃO,TOCANTINS,Brasil,1711902,17,33,5,0.0,0.84,Cerrado,6.3
51a2730b-a6c6-301d-96e2-13d1ab344bc6,  -9.470360, -36.956680,2026-05-06 16:39:00,NOAA-20,CACIMBINHAS,ALAGOAS,Brasil,2701209,27,33,2,0.0,0.9,Caatinga,5.4
b515d009-bdb4-3ab0-a077-0dde6c91ca3c, -11.209670, -49.404900,2026-05-06 16:39:00,NOAA-20,DUERÉ,TOCANTINS,Brasil,1707306,17,33,8,0.0,0.47,Cerrado,4.4
32d0fdb8-11f5-321f-ba84-31d44d454296, -10.066070, -47.676710,2026-05-06 16:39:00,NOAA-20,NOVO ACORDO,TOCANTINS,Brasil,1715101,17,33,12,0.0,0.27,Cerrado,4.3
4e98176a-b040-340f-8791-40590c59689d, -10.676250, -46.991330,2026-05-06 16:39:00,NOAA-20,PONTE ALTA DO TOCANTINS,TOCANTINS,Brasil,1717909,17,33,8,0.0,0.47,Cerrado,5.0
47acbd05-474d-3129-bc76-1e15c2e5f316, -10.539050, -49.726780,2026-05-06 16:39:00,NOAA-20,LAGOA DA CONFUSÃO,TOCANTINS,Brasil,1711902,17,33,7,0.0,0.56,Cerrado,3.2
31c547e2-52b0-3f58-99a9-28ab9d54dfbd, -10.681160, -47.001420,2026-05-06 16:39:00,NOAA-20,PONTE ALTA DO TOCANTINS,TOCANTINS,Brasil,1717909,17,33,8,0.0,0.47,Cerrado,17.4
ca85d1e5-0a62-35a8-9106-9f9b6ea39e3d,  -9.508980, -47.054760,2026-05-06 16:39:00,NOAA-20,LIZARDA,TOCANTINS,Brasil,1712405,17,33,13,0.0,0.51,Cerrado,4.2
7e7e727b-396d-3534-ae07-58a48956b238,  -6.640080, -43.918050,2026-05-06 16:39:00,NOAA-20,NOVA IORQUE,MARANHÃO,Brasil,2107308,21,33,5,0.0,0.4,Cerrado,8.5
9d9a72c4-673a-3e36-ae5c-b9ee54d9bd6f, -10.990410, -44.509400,2026-05-06 16:39:00,NOAA-20,SANTA RITA DE CÁSSIA,BAHIA,Brasil,2928406,29,33,10,0.0,0.86,Cerrado,3.5
164570b3-5a20-3f8c-b90b-08415e8ca2e6,  -8.931750, -36.965640,2026-05-06 16:39:00,NOAA-20,ÁGUAS BELAS,PERNAMBUCO,Brasil,2600500,26,33,2,0.0,0.97,Caatinga,6.8
b34e1f0c-a2ce-3c1c-8fa5-85af11c03459,  -6.443640, -47.849770,2026-05-06 16:39:00,NOAA-20,ANGICO,TOCANTINS,Brasil,1701051,17,33,2,0.0,0.32,Cerrado,8.2
7f334c1f-9097-3548-948f-c45fceff3b20, -11.069540, -49.126500,2026-05-06 16:39:00,NOAA-20,SANTA RITA DO TOCANTINS,TOCANTINS,Brasil,1718899,17,33,7,0.0,0.63,Cerrado,8.9
7eba974b-8078-3b71-8ee2-03b4d2ae72b0, -11.469230, -47.329630,2026-05-06 16:39:00,NOAA-20,ALMAS,TOCANTINS,Brasil,1700400,17,33,8,0.0,0.57,Cerrado,2.7
c8d79b02-2157-3edb-8685-05f924a655fc, -12.499740, -58.470150,2026-05-06 16:39:00,NOAA-20,SAPEZAL,MATO GROSSO,Brasil,5107875,51,33,8,0.0,0.12,Cerrado,43.2
40dc3549-d2a1-30dd-b220-65c2b478ae32, -11.610130, -48.050590,2026-05-06 16:39:00,NOAA-20,CHAPADA DA NATIVIDADE,TOCANTINS,Brasil,1705102,17,33,8,0.0,0.42,Cerrado,133.9
294f85d2-119b-37ca-8837-a478da9249d2, -10.673840, -47.020560,2026-05-06 16:39:00,NOAA-20,PONTE ALTA DO TOCANTINS,TOCANTINS,Brasil,1717909,17,33,8,0.0,0.47,Cerrado,29.3
94ca2d8a-d66a-3bf1-86e3-09cbfb0d58ab, -12.344000, -50.013920,2026-05-06 16:39:00,NOAA-20,SANDOLÂNDIA,TOCANTINS,Brasil,1718840,17,33,7,0.0,0.46,Cerrado,12.7
03712824-1aee-3fd9-943c-82e290259080,  -9.258520, -49.256200,2026-05-06 16:39:00,NOAA-20,DOIS IRMÃOS DO TOCANTINS,TOCANTINS,Brasil,1707207,17,33,8,0.0,0.19,Cerrado,12.4
24c7259f-0490-36a5-939d-577add432b9f, -10.466530, -49.665800,2026-05-06 16:39:00,NOAA-20,PIUM,TOCANTINS,Brasil,1717503,17,33,7,0.0,0.19,Cerrado,3.4
c073edad-50c3-3a76-b3a6-c439e5654542, -12.343210, -50.011170,2026-05-06 16:39:00,NOAA-20,SANDOLÂNDIA,TOCANTINS,Brasil,1718840,17,33,7,0.0,0.46,Cerrado,17.9
e422b458-c093-3fb9-8203-72f4df57fe7c, -14.429190, -59.244600,2026-05-06 16:39:00,NOAA-20,CONQUISTA D'OESTE,MATO GROSSO,Brasil,5103361,51,33,6,0.0,0.3,Cerrado,23.2
f8f41849-10b8-3306-93c6-c1d869cf0c3e,  -8.932040, -36.966950,2026-05-06 16:39:00,NOAA-20,ÁGUAS BELAS,PERNAMBUCO,Brasil,2600500,26,33,2,0.0,0.97,Caatinga,9.9
711a9b39-6c77-3d5f-b25e-3a97e8c7dfa0, -10.527310, -46.343380,2026-05-06 16:39:00,NOAA-20,MATEIROS,TOCANTINS,Brasil,1712702,17,33,15,0.0,0.77,Cerrado,2.4
6c960c96-f2fe-3ab0-acf8-c164c2f6c3e8, -12.494350, -58.481900,2026-05-06 16:39:00,NOAA-20,SAPEZAL,MATO GROSSO,Brasil,5107875,51,33,8,0.0,0.12,Cerrado,103.6
37fd1216-8e77-3980-ae16-b4aa43cedc27,  -7.758240, -46.522200,2026-05-06 16:39:00,NOAA-20,RIACHÃO,MARANHÃO,Brasil,2109502,21,33,12,0.0,0.41,Cerrado,2.1
2ffa9127-7848-33de-bb4b-d5ee8398a897, -10.628370, -47.034810,2026-05-06 16:39:00,NOAA-20,PONTE ALTA DO TOCANTINS,TOCANTINS,Brasil,1717909,17,33,8,0.0,0.48,Cerrado,5.1
2af09669-1827-3926-8152-8d7ba6c8ff27, -10.503730, -49.873760,2026-05-06 16:39:00,NOAA-20,PIUM,TOCANTINS,Brasil,1717503,17,33,7,0.0,0.33,Cerrado,3.8
216a9de4-0082-349f-a294-af4c9482e231, -10.688870, -47.007460,2026-05-06 16:39:00,NOAA-20,PONTE ALTA DO TOCANTINS,TOCANTINS,Brasil,1717909,17,33,8,0.0,0.47,Cerrado,2.9
b3b34f1a-7ec4-3b89-8629-3623df3c5647, -12.493740, -58.476350,2026-05-06 16:39:00,NOAA-20,SAPEZAL,MATO GROSSO,Brasil,5107875,51,33,8,0.0,0.12,Cerrado,103.6
767614bc-befb-3a7e-89ed-3f90e090d519,  -9.367360, -48.806510,2026-05-06 16:39:00,NOAA-20,DOIS IRMÃOS DO TOCANTINS,TOCANTINS,Brasil,1707207,17,33,5,0.0,0.73,Cerrado,10.2
af666954-0319-3291-84ce-a72888a71ae0, -10.464510, -49.780140,2026-05-06 16:39:00,NOAA-20,PIUM,TOCANTINS,Brasil,1717503,17,33,7,0.0,0.28,Cerrado,24.7
eb88013c-d466-3c7f-8309-803d968877ce, -10.966790, -49.744760,2026-05-06 16:39:00,NOAA-20,SANTA RITA DO TOCANTINS,TOCANTINS,Brasil,1718899,17,33,2,0.0,0.43,Cerrado,7.1
b22ab3c5-44cd-360d-8c42-321eb5c77fe7,  -5.449660, -46.983630,2026-05-06 16:39:00,NOAA-20,BURITIRANA,MARANHÃO,Brasil,2102358,21,33,2,0.0,0.72,Cerrado,4.4
f2275ee3-24c3-369f-979e-b1460e3a5ac4,  -6.444170, -47.853250,2026-05-06 16:39:00,NOAA-20,ANGICO,TOCANTINS,Brasil,1701051,17,33,2,0.0,0.24,Cerrado,11.8
21035b04-7c81-395e-9f5b-099c061b00ba, -10.884680, -49.666440,2026-05-06 16:39:00,NOAA-20,LAGOA DA CONFUSÃO,TOCANTINS,Brasil,1711902,17,33,2,0.0,0.79,Cerrado,18.4
bee5f50b-4a44-372b-9aff-e3ce879edc10, -12.329810, -44.593730,2026-05-06 16:39:00,NOAA-20,BAIANÓPOLIS,BAHIA,Brasil,2902500,29,33,18,0.0,0.7,Cerrado,15.6
2338d181-97c1-3605-93e9-b35ce6a02542, -10.397300, -49.862900,2026-05-06 16:40:00,GOES-19,PIUM,TOCANTINS,Brasil,1717503,17,33,7,0.0,0.28,Cerrado,118.4
5ea07a28-989f-34f8-8e35-c09095cbd1ae, -10.475700, -49.661100,2026-05-06 16:40:00,GOES-19,PIUM,TOCANTINS,Brasil,1717503,17,33,7,0.0,0.2,Cerrado,272.6
7a4a38e3-efe7-3a2a-a1a2-27e474a87813,  -5.150750, -48.363010,2026-05-06 16:41:00,NOAA-20,SÃO PEDRO DA ÁGUA BRANCA,MARANHÃO,Brasil,2111532,21,33,2,0.0,0.21,Amazônia,4.2
94c1351a-792d-368b-9ab5-219da52cd404,  -5.346170, -47.884260,2026-05-06 16:41:00,NOAA-20,SAMPAIO,TOCANTINS,Brasil,1718808,17,33,2,0.0,0.72,Cerrado,1.6
20429de9-e25d-3470-9fab-fd314f7c0070,  -5.146900, -48.360010,2026-05-06 16:41:00,NOAA-20,SÃO PEDRO DA ÁGUA BRANCA,MARANHÃO,Brasil,2111532,21,33,2,0.0,0.37,Amazônia,5.0
4cf01652-52ae-3cf6-bac9-adb9bf0e36ed, -10.475700, -49.661100,2026-05-06 16:50:00,GOES-19,PIUM,TOCANTINS,Brasil,1717503,17,33,7,0.0,0.2,Cerrado,42.2
a99c5dc4-7f55-3298-b4f6-a94dcfbead57, -11.201600, -46.784900,2026-05-06 16:50:00,GOES-19,ALMAS,TOCANTINS,Brasil,1700400,17,33,8,0.0,0.37,Cerrado,61.3
fcf4d0f5-b0bd-3d8b-9f37-dd2de260883e, -10.455200, -49.770900,2026-05-06 16:50:00,GOES-19,PIUM,TOCANTINS,Brasil,1717503,17,33,7,0.0,0.27,Cerrado,69.4
67cd2657-a501-3021-84a1-89ee8ce837bd, -10.397000, -49.884400,2026-05-06 17:00:00,GOES-19,PIUM,TOCANTINS,Brasil,1717503,17,33,7,0.0,0.32,Cerrado,52.1
e88e1f47-da68-3837-80dd-0d08a2958277, -10.684600, -47.007000,2026-05-06 17:00:00,GOES-19,PONTE ALTA DO TOCANTINS,TOCANTINS,Brasil,1717909,17,33,8,0.0,0.47,Cerrado,76.9
47606f2c-899e-31d9-9e1a-d1b1fde7fb2c, -10.455200, -49.770900,2026-05-06 17:00:00,GOES-19,PIUM,TOCANTINS,Brasil,1717503,17,33,7,0.0,0.27,Cerrado,49.7
17e4a301-c0f9-32e2-af17-a83573b8be0b, -10.665500, -47.009400,2026-05-06 17:00:00,GOES-19,PONTE ALTA DO TOCANTINS,TOCANTINS,Brasil,1717909,17,33,8,0.0,0.47,Cerrado,72.3
fa7687e8-5fec-3585-9007-97630e31f45b, -11.201600, -46.784900,2026-05-06 17:00:00,GOES-19,ALMAS,TOCANTINS,Brasil,1700400,17,33,8,0.0,0.37,Cerrado,61.3
83714ec9-e4c3-3011-b315-9192cbfd2246, -12.351200, -50.005000,2026-05-06 17:10:00,GOES-19,SANDOLÂNDIA,TOCANTINS,Brasil,1718840,17,33,7,0.0,0.46,Cerrado,79.4
edaa4a21-96fd-39c4-88de-39734dae1260, -10.475700, -49.661100,2026-05-06 17:10:00,GOES-19,PIUM,TOCANTINS,Brasil,1717503,17,33,7,0.0,0.2,Cerrado,61.7
44cda200-e73b-3073-a180-c9bcccc8002b, -14.557000, -58.939900,2026-05-06 17:10:00,GOES-19,TANGARÁ DA SERRA,MATO GROSSO,Brasil,5107958,51,33,6,0.0,0.22,Cerrado,54.8
fd19b655-a74c-3027-a5ff-367d18bb986f, -10.927300, -49.848800,2026-05-06 17:10:00,GOES-19,LAGOA DA CONFUSÃO,TOCANTINS,Brasil,1711902,17,33,5,0.0,0.83,Cerrado,61.4
116d1b3a-293b-3a87-8b36-ce3940ac44b7, -12.782300, -58.970100,2026-05-06 17:20:00,GOES-19,CAMPOS DE JÚLIO,MATO GROSSO,Brasil,5102686,51,33,6,0.0,0.79,Cerrado,67.8
0c5fe90d-90d2-38a9-a8f2-c8650fc23edd, -10.684200, -47.029400,2026-05-06 17:20:00,GOES-19,PONTE ALTA DO TOCANTINS,TOCANTINS,Brasil,1717909,17,33,8,0.0,0.47,Cerrado,64.2
6ff62b14-6e0e-39f5-a069-a1e60ae5b198, -14.495400, -59.263600,2026-05-06 17:20:00,GOES-19,CONQUISTA D'OESTE,MATO GROSSO,Brasil,5103361,51,33,6,0.0,0.29,Cerrado,56.1
c60991a3-25b6-3c95-859e-fe3c60c6f767, -31.532010, -52.526810,2026-05-06 17:22:00,NOAA-21,PELOTAS,RIO GRANDE DO SUL,Brasil,4314407,43,33,2,10.53,0.01,Pampa,2.1
1784958e-8a9b-38b5-955b-eb9d7df9d6b8, -30.627910, -51.693530,2026-05-06 17:22:00,NOAA-21,CERRO GRANDE DO SUL,RIO GRANDE DO SUL,Brasil,4305173,43,33,3,0.8,0.03,Pampa,6.6
d4ec7961-079c-304e-988b-78d5aeda9b4b, -28.422570, -49.404010,2026-05-06 17:24:00,NOAA-21,LAURO MÜLLER,SANTA CATARINA,Brasil,4209607,42,33,0,0.18,0.17,Mata Atlântica,6.9
6cf6f916-1a8f-39c4-aa2e-aac9e824475f, -28.261190, -50.235030,2026-05-06 17:24:00,NOAA-21,SÃO JOAQUIM,SANTA CATARINA,Brasil,4216503,42,33,1,0.0,0.04,Mata Atlântica,6.0
2f503be6-2653-3cb6-bdd8-1f6613c20220, -30.423030, -52.596420,2026-05-06 17:24:00,NOAA-21,ENCRUZILHADA DO SUL,RIO GRANDE DO SUL,Brasil,4306908,43,33,3,0.71,0.01,Pampa,20.8
de6edc58-e4be-32e3-80f5-1a76664adb4b, -26.827860, -50.748100,2026-05-06 17:24:00,NOAA-21,LEBON RÉGIS,SANTA CATARINA,Brasil,4209706,42,33,2,0.0,0.01,Mata Atlântica,9.2
abd9dee5-d772-3d87-b274-db040005218b, -28.422050, -49.401820,2026-05-06 17:24:00,NOAA-21,LAURO MÜLLER,SANTA CATARINA,Brasil,4209607,42,33,0,0.17,0.2,Mata Atlântica,5.1
1faf9640-5d3d-3eaa-8411-675b50dfa074, -24.420580, -49.083340,2026-05-06 17:24:00,NOAA-21,BARRA DO CHAPÉU,SÃO PAULO,Brasil,3505351,35,33,3,0.0,0.01,Mata Atlântica,3.3
4c04edab-fd0a-3b67-8a60-0ecb73176724, -30.423800, -52.592560,2026-05-06 17:24:00,NOAA-21,ENCRUZILHADA DO SUL,RIO GRANDE DO SUL,Brasil,4306908,43,33,3,0.7,0.01,Pampa,12.0
c7844819-0fb7-3510-893f-90ff1551e305, -25.798920, -49.350550,2026-05-06 17:24:00,NOAA-21,MANDIRITUBA,PARANÁ,Brasil,4114302,41,33,2,0.0,0.04,Mata Atlântica,5.0
b29b19a3-2e43-35a6-9b8c-4d1d5ee1cda5, -30.424490, -52.596720,2026-05-06 17:24:00,NOAA-21,ENCRUZILHADA DO SUL,RIO GRANDE DO SUL,Brasil,4306908,43,33,3,0.7,0.01,Pampa,12.0
73931648-f290-3c38-9183-27fd28e1de0b, -30.322100, -51.760720,2026-05-06 17:24:00,NOAA-21,ARROIO DOS RATOS,RIO GRANDE DO SUL,Brasil,4301107,43,33,3,1.77,0.04,Pampa,4.6
c4c7b2b8-359b-3003-acc6-6b835f54dbd0, -30.422360, -52.592250,2026-05-06 17:24:00,NOAA-21,ENCRUZILHADA DO SUL,RIO GRANDE DO SUL,Brasil,4306908,43,33,3,0.71,0.01,Pampa,20.8
5024b873-d935-3688-9e4c-0ae87aa4a808, -25.684100, -49.774360,2026-05-06 17:24:00,NOAA-21,LAPA,PARANÁ,Brasil,4113205,41,33,2,0.0,0.1,Mata Atlântica,6.7
72a49917-8b12-3307-af04-ac471783a3e1, -28.261190, -50.232520,2026-05-06 17:24:00,NOAA-21,SÃO JOAQUIM,SANTA CATARINA,Brasil,4216503,42,33,1,0.0,0.04,Mata Atlântica,4.0
40483ecd-fe28-3ebd-ad99-db21918be3cc, -26.826370, -50.745210,2026-05-06 17:24:00,NOAA-21,LEBON RÉGIS,SANTA CATARINA,Brasil,4209706,42,33,2,0.0,0.01,Mata Atlântica,3.9
861093f5-18f1-3812-8d00-899100b78e5c, -26.931400, -50.954690,2026-05-06 17:24:00,NOAA-21,RIO DAS ANTAS,SANTA CATARINA,Brasil,4214409,42,33,2,0.0,0.02,Mata Atlântica,3.6
f36cc7b0-3180-3373-a5b7-d6adf91d68fa, -25.989760, -49.055870,2026-05-06 17:24:00,NOAA-21,TIJUCAS DO SUL,PARANÁ,Brasil,4127601,41,33,2,0.0,0.01,Mata Atlântica,10.9
66aaacea-2a60-3915-80cf-1a2480c42162, -26.966050, -50.381240,2026-05-06 17:24:00,NOAA-21,SANTA CECÍLIA,SANTA CATARINA,Brasil,4215505,42,33,2,0.0,0.02,Mata Atlântica,10.7
bf9ba071-b66f-39dd-b083-3617725cd38d, -27.244980, -51.248190,2026-05-06 17:24:00,NOAA-21,CAMPOS NOVOS,SANTA CATARINA,Brasil,4203600,42,33,2,0.0,0.01,Mata Atlântica,6.5
67f245c7-2110-3ddd-b46a-a787aef4ad1c, -29.842460, -51.557450,2026-05-06 17:24:00,NOAA-21,TRIUNFO,RIO GRANDE DO SUL,Brasil,4322004,43,33,4,0.0,0.05,Pampa,7.8
9de40bc2-5499-3141-a968-e7d3ff602d14, -30.321360, -51.756420,2026-05-06 17:24:00,NOAA-21,ARROIO DOS RATOS,RIO GRANDE DO SUL,Brasil,4301107,43,33,2,1.74,0.04,Pampa,4.5
5c924172-45c9-3d21-83b0-f6fc54f06bbf, -29.624050, -51.248600,2026-05-06 17:24:00,NOAA-21,PORTÃO,RIO GRANDE DO SUL,Brasil,4314803,43,33,4,0.0,0.05,Mata Atlântica,3.5
a65d427a-6029-3281-b80a-b6c304f4fd37, -26.830160, -50.488650,2026-05-06 17:24:00,NOAA-21,SANTA CECÍLIA,SANTA CATARINA,Brasil,4215505,42,33,2,0.0,0.06,Mata Atlântica,5.4
e43586f6-1dcd-3710-88df-038b0d3961b1, -28.262160, -50.237640,2026-05-06 17:24:00,NOAA-21,SÃO JOAQUIM,SANTA CATARINA,Brasil,4216503,42,33,1,0.0,0.04,Mata Atlântica,4.0
2ce9bc8c-f6f0-33a3-9e45-811164829431, -23.532160, -47.145970,2026-05-06 17:24:00,NOAA-21,SÃO ROQUE,SÃO PAULO,Brasil,3550605,35,33,3,0.0,1.0,Mata Atlântica,7.2
fea1d0df-8621-3e92-85e0-46330351ecad, -24.947100, -50.829860,2026-05-06 17:24:00,NOAA-21,IVAÍ,PARANÁ,Brasil,4111407,41,33,2,0.0,0.02,Mata Atlântica,4.3
3bfe77fa-3691-3b8d-bd96-d09b93bed01d, -24.417710, -49.082900,2026-05-06 17:24:00,NOAA-21,BARRA DO CHAPÉU,SÃO PAULO,Brasil,3505351,35,33,3,0.0,0.01,Mata Atlântica,3.3
4229f7da-f845-3902-b5b1-02d73b84c223, -26.967400, -50.383400,2026-05-06 17:24:00,NOAA-21,SANTA CECÍLIA,SANTA CATARINA,Brasil,4215505,42,33,2,0.0,0.02,Mata Atlântica,10.1
cf3b7db9-703e-3091-bd9e-426ed7cbc2d3, -24.889690, -51.198630,2026-05-06 17:24:00,NOAA-21,PRUDENTÓPOLIS,PARANÁ,Brasil,4120606,41,33,2,0.0,0.07,Mata Atlântica,8.9
9d621b6b-cea5-320f-97d6-3b16b058016a, -27.710560, -50.986520,2026-05-06 17:24:00,NOAA-21,ANITA GARIBALDI,SANTA CATARINA,Brasil,4201000,42,33,2,0.0,0.07,Mata Atlântica,2.9
4caf73dc-4197-360f-a8ee-13f262ea100b, -23.771230, -49.156980,2026-05-06 17:24:00,NOAA-21,ITABERÁ,SÃO PAULO,Brasil,3521705,35,33,3,0.0,0.53,Cerrado,14.0
812a7c42-e24a-3e41-84b5-37023e8adf48, -27.119340, -51.035980,2026-05-06 17:24:00,NOAA-21,TANGARÁ,SANTA CATARINA,Brasil,4217907,42,33,2,0.1,0.02,Mata Atlântica,4.9
df7a766f-da5d-3554-85e7-e76a17a1ebde, -29.776360, -50.830570,2026-05-06 17:24:00,NOAA-21,GRAVATAÍ,RIO GRANDE DO SUL,Brasil,4309209,43,33,2,1.1,0.03,Mata Atlântica,12.6
df511586-34cc-3f3d-9297-18d09e154d6b, -27.244890, -51.250490,2026-05-06 17:24:00,NOAA-21,CAMPOS NOVOS,SANTA CATARINA,Brasil,4203600,42,33,2,0.0,0.01,Mata Atlântica,6.6
61a5ad0b-0e54-3e96-a536-3eb5453d5af4, -25.683350, -49.770510,2026-05-06 17:24:00,NOAA-21,LAPA,PARANÁ,Brasil,4113205,41,33,2,0.0,0.1,Mata Atlântica,5.5
061cc7fc-ec88-339b-925e-60b7af3ede0b, -23.772090, -49.161380,2026-05-06 17:24:00,NOAA-21,ITABERÁ,SÃO PAULO,Brasil,3521705,35,33,3,0.0,0.52,Cerrado,12.7
a2f1ce59-4b72-3f6b-bf92-5d5ff8e8e6a4, -26.836110, -50.667470,2026-05-06 17:24:00,NOAA-21,LEBON RÉGIS,SANTA CATARINA,Brasil,4209706,42,33,2,0.0,0.01,Mata Atlântica,3.4
611b2820-f582-3ae6-9c1a-0fa3f27321a3, -23.766930, -49.157880,2026-05-06 17:24:00,NOAA-21,ITABERÁ,SÃO PAULO,Brasil,3521705,35,33,3,0.0,0.52,Cerrado,5.8
d2103b06-7209-3318-a7cf-6cefd5ab66e2, -27.240480, -51.037290,2026-05-06 17:24:00,NOAA-21,CAMPOS NOVOS,SANTA CATARINA,Brasil,4203600,42,33,2,0.0,0.04,Mata Atlântica,5.5
b859ffd6-703a-3b79-aa5f-8223d717639c, -27.406840, -49.096410,2026-05-06 17:24:00,NOAA-21,MAJOR GERCINO,SANTA CATARINA,Brasil,4210209,42,33,0,0.0,0.0,Mata Atlântica,2.7
e45e5cd7-0771-3906-8020-db4b8604c658, -26.116910, -49.443250,2026-05-06 17:24:00,NOAA-21,PIÊN,PARANÁ,Brasil,4119103,41,33,2,0.0,0.02,Mata Atlântica,2.0
fe8ce3eb-e403-397d-b8ed-2fa0f63aff15, -27.423590, -49.244410,2026-05-06 17:24:00,NOAA-21,LEOBERTO LEAL,SANTA CATARINA,Brasil,4209805,42,33,0,0.0,0.0,Mata Atlântica,3.5
e9452875-9572-307b-9fb8-3f29fcf900c0, -29.839000, -51.558220,2026-05-06 17:24:00,NOAA-21,TRIUNFO,RIO GRANDE DO SUL,Brasil,4322004,43,33,4,0.0,0.05,Pampa,7.8
6892ca62-b657-303b-be31-0cca83fd10b3, -25.039320, -50.992780,2026-05-06 17:24:00,NOAA-21,PRUDENTÓPOLIS,PARANÁ,Brasil,4120606,41,33,2,0.0,0.02,Mata Atlântica,3.5
13ba95cb-d7fc-3406-b691-0efbf96a7ca2, -24.946180, -50.824920,2026-05-06 17:24:00,NOAA-21,IVAÍ,PARANÁ,Brasil,4111407,41,33,2,0.0,0.05,Mata Atlântica,11.8
378f8c3c-3ae8-388c-8bb8-a135658c9a21, -28.373170, -49.316350,2026-05-06 17:24:00,NOAA-21,ORLEANS,SANTA CATARINA,Brasil,4211702,42,33,0,0.1,0.02,Mata Atlântica,11.1
388db51b-8a78-37a4-9b2e-7edecf45cc4b, -24.943260, -50.830570,2026-05-06 17:24:00,NOAA-21,IVAÍ,PARANÁ,Brasil,4111407,41,33,2,0.0,0.01,Mata Atlântica,33.1
4e92f46e-b220-39cf-9f52-a64424316569, -23.054600, -52.909730,2026-05-06 17:26:00,NOAA-21,PLANALTINA DO PARANÁ,PARANÁ,Brasil,4119707,41,33,4,0.0,1.0,Mata Atlântica,8.8
f38412c9-ebad-38ba-8355-0a95284226ac, -22.013200, -46.773330,2026-05-06 17:26:00,NOAA-21,SÃO JOÃO DA BOA VISTA,SÃO PAULO,Brasil,3549102,35,33,7,0.0,1.0,Mata Atlântica,12.4
9aecf6cd-0ecc-3719-8532-349d515aa99e, -20.242310, -50.894710,2026-05-06 17:26:00,NOAA-21,TRÊS FRONTEIRAS,SÃO PAULO,Brasil,3554904,35,33,6,0.0,1.0,Mata Atlântica,2.7
fb997227-ed6c-3e19-ae69-d2c5b416fff9, -21.675000, -56.321470,2026-05-06 17:26:00,NOAA-21,BELA VISTA,MATO GROSSO DO SUL,Brasil,5002100,50,33,3,0.0,1.0,Cerrado,37.2
1bfee1e6-2eec-3d8b-8173-35becbff92e1, -21.439760, -51.572300,2026-05-06 17:26:00,NOAA-21,TUPI PAULISTA,SÃO PAULO,Brasil,3555109,35,33,3,0.0,1.0,Mata Atlântica,12.0
a8ac2739-2308-3338-9336-5bad6fc1b319, -21.435880, -51.573120,2026-05-06 17:26:00,NOAA-21,TUPI PAULISTA,SÃO PAULO,Brasil,3555109,35,33,3,0.0,1.0,Mata Atlântica,12.0
4ab373e9-f1ba-3c71-9a7e-fafefa792f10, -19.948280, -54.381130,2026-05-06 17:26:00,NOAA-21,BANDEIRANTES,MATO GROSSO DO SUL,Brasil,5001508,50,33,3,0.0,0.38,Cerrado,17.6
454cef4d-d18d-3615-b06a-051d281f4a2d, -16.624060, -51.116660,2026-05-06 17:26:00,NOAA-21,AMORINÓPOLIS,GOIÁS,Brasil,5200902,52,33,12,0.0,1.0,Cerrado,2.9
467f094b-de2f-3ede-9f73-5816d297ff60, -22.040010, -48.223300,2026-05-06 17:26:00,NOAA-21,RIBEIRÃO BONITO,SÃO PAULO,Brasil,3542909,35,33,14,0.0,0.59,Cerrado,6.9
2bcc7d30-87e2-3565-8348-f1b73b55d452, -20.414590, -55.716320,2026-05-06 17:26:00,NOAA-21,AQUIDAUANA,MATO GROSSO DO SUL,Brasil,5001102,50,33,3,0.0,1.0,Cerrado,3.4
7a93d864-ef8c-3278-a4a3-070cf6ac7cae, -23.289630, -51.213430,2026-05-06 17:26:00,NOAA-21,LONDRINA,PARANÁ,Brasil,4113700,41,33,3,0.0,-999.0,Mata Atlântica,2.9
0bcb6ced-5ab1-3236-9898-7971e07193b5, -20.258620, -56.885080,2026-05-06 17:26:00,NOAA-21,BODOQUENA,MATO GROSSO DO SUL,Brasil,5002159,50,33,3,0.0,1.0,Cerrado,5.4
3576515f-65c6-3339-982c-739724968720, -20.285040, -51.371480,2026-05-06 17:26:00,NOAA-21,APARECIDA DO TABOADO,MATO GROSSO DO SUL,Brasil,5001003,50,33,7,0.0,1.0,Mata Atlântica,84.7
6f9469f2-ed81-3969-9181-022a6addeeb5, -18.263380, -51.268180,2026-05-06 17:26:00,NOAA-21,APARECIDA DO RIO DOCE,GOIÁS,Brasil,5201454,52,33,8,0.0,0.66,Cerrado,7.1
1b724ff5-3f99-3fae-ac22-60aaa24e985f, -18.987960, -47.112690,2026-05-06 17:26:00,NOAA-21,PATROCÍNIO,MINAS GERAIS,Brasil,3148103,31,33,23,0.0,0.98,Cerrado,4.2
8dd0a4fa-6648-34e5-b8fb-f903fca78e60, -16.378210, -49.339420,2026-05-06 17:26:00,NOAA-21,NOVA VENEZA,GOIÁS,Brasil,5215009,52,33,18,0.0,1.0,Cerrado,12.0
60e06db7-bd1d-3194-ae88-d8360d4f02fe, -17.942330, -52.965150,2026-05-06 17:26:00,NOAA-21,MINEIROS,GOIÁS,Brasil,5213103,52,33,8,0.0,0.62,Cerrado,7.9
c6b2d967-d230-3d6c-b0cc-dc1e08302af2, -19.894450, -56.947490,2026-05-06 17:26:00,NOAA-21,MIRANDA,MATO GROSSO DO SUL,Brasil,5005608,50,33,3,0.0,0.43,Cerrado,6.9
ff737da3-45c3-34b5-8266-d5540d6b8a33, -16.107230, -49.234440,2026-05-06 17:26:00,NOAA-21,PETROLINA DE GOIÁS,GOIÁS,Brasil,5216809,52,33,16,0.0,0.37,Cerrado,35.3
c398cbaa-3fd4-3839-8caf-a4ae509b0fb6, -20.713420, -55.182800,2026-05-06 17:26:00,NOAA-21,SIDROLÂNDIA,MATO GROSSO DO SUL,Brasil,5007901,50,33,9,0.0,0.48,Cerrado,8.5
33d19cfb-06ef-3ac4-8468-c128958a05b1, -18.824080, -53.351430,2026-05-06 17:26:00,NOAA-21,COSTA RICA,MATO GROSSO DO SUL,Brasil,5003256,50,33,6,0.0,0.7,Cerrado,8.6
c323833c-205c-37a1-8d4d-8fdd8e1ee81b, -21.674440, -56.317780,2026-05-06 17:26:00,NOAA-21,BELA VISTA,MATO GROSSO DO SUL,Brasil,5002100,50,33,3,0.0,1.0,Cerrado,37.2
83fdfaad-dd41-36ba-87e1-708f515fef29, -22.973970, -52.692780,2026-05-06 17:26:00,NOAA-21,GUAIRAÇÁ,PARANÁ,Brasil,4108908,41,33,3,0.0,0.33,Mata Atlântica,6.9
b45aff4c-261a-39a0-abd7-9743133b90ba, -18.990340, -47.109810,2026-05-06 17:26:00,NOAA-21,PATROCÍNIO,MINAS GERAIS,Brasil,3148103,31,33,23,0.0,0.97,Cerrado,5.2
7d7cdf1f-37f5-3b12-b2f3-01e69b16ec3f, -19.510150, -46.963240,2026-05-06 17:26:00,NOAA-21,ARAXÁ,MINAS GERAIS,Brasil,3104007,31,33,21,0.0,0.99,Cerrado,7.0
8a5c7317-7336-342e-8a6c-37a6cc5a1d9b, -22.956860, -53.207040,2026-05-06 17:26:00,NOAA-21,LOANDA,PARANÁ,Brasil,4113502,41,33,4,0.0,1.0,Mata Atlântica,6.9
8e68bb7c-45ae-3f08-8528-bccb1a3e3c35, -20.712810, -55.179020,2026-05-06 17:26:00,NOAA-21,SIDROLÂNDIA,MATO GROSSO DO SUL,Brasil,5007901,50,33,9,0.0,0.37,Cerrado,8.5
9af51202-b782-3fec-8823-5ac1935ab17b, -18.442000, -54.707610,2026-05-06 17:26:00,NOAA-21,COXIM,MATO GROSSO DO SUL,Brasil,5003306,50,33,9,0.0,0.91,Cerrado,20.9
1f94ddac-ef83-3679-acc6-fb1c1e6e902d, -23.231580, -47.823670,2026-05-06 17:26:00,NOAA-21,CESÁRIO LANGE,SÃO PAULO,Brasil,3511607,35,33,3,0.0,0.81,Mata Atlântica,7.9
90983b9a-a419-3f32-ba0b-8953e31d29e9, -18.859990, -53.581770,2026-05-06 17:26:00,NOAA-21,FIGUEIRÃO,MATO GROSSO DO SUL,Brasil,5003900,50,33,6,0.0,1.0,Cerrado,8.4
c7cb7211-26ed-314a-b236-fea88340f961, -21.670570, -56.314660,2026-05-06 17:26:00,NOAA-21,BELA VISTA,MATO GROSSO DO SUL,Brasil,5002100,50,33,3,0.0,1.0,Cerrado,3.2
c271fccd-0dbc-319b-ab95-3a487165da9f, -22.008070, -46.774610,2026-05-06 17:26:00,NOAA-21,SÃO JOÃO DA BOA VISTA,SÃO PAULO,Brasil,3549102,35,33,7,0.0,-999.0,Mata Atlântica,12.4
93d4ee6e-5c2e-3016-ac6f-4727a684f501, -23.053830, -52.905320,2026-05-06 17:26:00,NOAA-21,PLANALTINA DO PARANÁ,PARANÁ,Brasil,4119707,41,33,4,0.0,0.96,Mata Atlântica,8.6
0520d811-245e-30b0-818f-f44f231083c7, -21.954980, -57.592360,2026-05-06 17:26:00,NOAA-21,PORTO MURTINHO,MATO GROSSO DO SUL,Brasil,5006903,50,33,3,0.0,0.71,Cerrado,11.3
15b30309-485d-3e8d-bb0a-fc092409c364, -18.628720, -45.135320,2026-05-06 17:26:00,NOAA-21,FELIXLÂNDIA,MINAS GERAIS,Brasil,3125705,31,33,24,0.0,0.79,Cerrado,16.9
5ef5a3ed-e3a4-3354-8963-4a89ec744343, -18.527500, -47.381740,2026-05-06 17:26:00,NOAA-21,ABADIA DOS DOURADOS,MINAS GERAIS,Brasil,3100104,31,33,20,0.0,1.0,Cerrado,2.8
b7e805ee-f8c5-3a9c-8bd3-26e0a95b6d58, -20.255320, -56.885650,2026-05-06 17:26:00,NOAA-21,BODOQUENA,MATO GROSSO DO SUL,Brasil,5002159,50,33,3,0.0,1.0,Cerrado,7.1
18e45b87-7b30-3cce-ad0d-cea6a53a236c, -18.075550, -46.374180,2026-05-06 17:26:00,NOAA-21,PRESIDENTE OLEGÁRIO,MINAS GERAIS,Brasil,3153400,31,33,17,0.0,0.73,Cerrado,19.0
9b5da0fe-ca32-38b6-800c-76486b8c43f5, -21.671700, -56.322050,2026-05-06 17:26:00,NOAA-21,BELA VISTA,MATO GROSSO DO SUL,Brasil,5002100,50,33,3,0.0,0.94,Cerrado,10.4
394b6cc7-9ff6-32a0-af78-4c184a320aa9, -22.918250, -48.683250,2026-05-06 17:26:00,NOAA-21,BOTUCATU,SÃO PAULO,Brasil,3507506,35,33,3,0.0,0.31,Cerrado,10.7
60ee60d7-6908-3a89-be95-b4bc14620c23, -18.522150, -47.382720,2026-05-06 17:26:00,NOAA-21,ABADIA DOS DOURADOS,MINAS GERAIS,Brasil,3100104,31,33,21,0.0,1.0,Cerrado,2.8
294e0339-a2f0-3f8f-9896-84cea2646be8, -21.077420, -46.568980,2026-05-06 17:26:00,NOAA-21,SÃO PEDRO DA UNIÃO,MINAS GERAIS,Brasil,3163904,31,33,3,0.0,0.51,Mata Atlântica,2.7
14058ba2-af46-3a35-9cf1-d60f79cf91c8, -20.501380, -45.804300,2026-05-06 17:26:00,NOAA-21,PIMENTA,MINAS GERAIS,Brasil,3150505,31,33,18,0.0,1.0,Cerrado,13.7
0c2519c9-eee4-3183-882f-5c32e6731bba, -20.251760, -51.238510,2026-05-06 17:26:00,NOAA-21,APARECIDA DO TABOADO,MATO GROSSO DO SUL,Brasil,5001003,50,33,6,0.0,1.0,Mata Atlântica,2.6
6cede1d6-e478-396f-8864-803c2a861fcd, -18.779990, -51.938590,2026-05-06 17:26:00,NOAA-21,APORÉ,GOIÁS,Brasil,5201504,52,33,7,0.0,1.0,Cerrado,16.4
5e0628eb-5d1b-3fd0-b29c-197556c28959, -18.787250, -51.933300,2026-05-06 17:26:00,NOAA-21,APORÉ,GOIÁS,Brasil,5201504,52,33,7,0.0,1.0,Cerrado,22.5
c29d4091-06a4-3f89-9991-b71da38c3a6b, -19.841710, -49.791370,2026-05-06 17:26:00,NOAA-21,SÃO FRANCISCO DE SALES,MINAS GERAIS,Brasil,3161304,31,33,6,0.0,1.0,Mata Atlântica,10.0
824bf0ab-a41e-3070-8044-db7415696d69, -18.287000, -47.368170,2026-05-06 17:26:00,NOAA-21,ABADIA DOS DOURADOS,MINAS GERAIS,Brasil,3100104,31,33,27,0.0,1.0,Cerrado,0.6
91f2b08c-b8c4-364c-a114-ab9d8408bd03, -19.890820, -56.947970,2026-05-06 17:26:00,NOAA-21,MIRANDA,MATO GROSSO DO SUL,Brasil,5005608,50,33,3,0.0,0.62,Cerrado,9.4
25096fe7-4eab-3ba8-a9f9-345d2cebfd7d, -18.486390, -51.687010,2026-05-06 17:26:00,NOAA-21,ITARUMÃ,GOIÁS,Brasil,5211305,52,33,8,0.0,0.51,Cerrado,11.6
fda8d420-e650-38a2-a5fc-942cc04166fe, -16.080890, -48.992350,2026-05-06 17:26:00,NOAA-21,PIRENÓPOLIS,GOIÁS,Brasil,5217302,52,33,8,0.0,0.63,Cerrado,4.8
5c44998f-d4d7-3ffb-8583-e1e514d32137, -18.776680, -51.942980,2026-05-06 17:26:00,NOAA-21,APORÉ,GOIÁS,Brasil,5201504,52,33,7,0.0,1.0,Cerrado,14.3
b07d5955-2d6c-3605-926a-ef7e22721e4b, -18.919120, -53.226010,2026-05-06 17:26:00,NOAA-21,COSTA RICA,MATO GROSSO DO SUL,Brasil,5003256,50,33,3,0.0,1.0,Cerrado,5.3
a925631e-37aa-3e73-8199-9c0e0a5fce7e, -18.955300, -51.611710,2026-05-06 17:26:00,NOAA-21,ITAJÁ,GOIÁS,Brasil,5210802,52,33,7,0.0,0.38,Cerrado,11.9
8f30aef8-0633-3771-9e5e-c20d8d016946, -23.054570, -52.904040,2026-05-06 17:26:00,NOAA-21,PLANALTINA DO PARANÁ,PARANÁ,Brasil,4119707,41,33,4,0.0,0.94,Mata Atlântica,5.9
d70ae343-05e2-3a4b-a4c6-f2a4ee18e374, -21.958340, -57.591790,2026-05-06 17:26:00,NOAA-21,PORTO MURTINHO,MATO GROSSO DO SUL,Brasil,5006903,50,33,3,0.0,0.71,Cerrado,6.3
2f2e28b1-da64-34d1-8460-08c2daf085bf, -18.076860, -46.374100,2026-05-06 17:26:00,NOAA-21,PRESIDENTE OLEGÁRIO,MINAS GERAIS,Brasil,3153400,31,33,17,0.0,0.7,Cerrado,9.0
8931e789-0928-3e14-91b3-628304b3af9c, -18.787900, -51.936900,2026-05-06 17:26:00,NOAA-21,APORÉ,GOIÁS,Brasil,5201504,52,33,7,0.0,1.0,Cerrado,22.5
ebb4c460-931e-3bfa-8552-674885ecc8e3, -19.507200, -46.963260,2026-05-06 17:26:00,NOAA-21,ARAXÁ,MINAS GERAIS,Brasil,3104007,31,33,21,0.0,1.0,Cerrado,6.0
609d0302-e147-30fa-84e5-dfefc246d0ed, -17.427080, -47.854100,2026-05-06 17:26:00,NOAA-21,CAMPO ALEGRE DE GOIÁS,GOIÁS,Brasil,5204805,52,33,25,0.0,1.0,Cerrado,7.5
6d91d4df-e5e0-3d53-8b32-d675f1c7c37b, -23.057370, -52.904570,2026-05-06 17:26:00,NOAA-21,PLANALTINA DO PARANÁ,PARANÁ,Brasil,4119707,41,33,4,0.0,0.95,Mata Atlântica,4.9
c2227c59-6727-3f7c-a704-fe76d5a2c1ca, -17.943190, -52.969970,2026-05-06 17:26:00,NOAA-21,MINEIROS,GOIÁS,Brasil,5213103,52,33,8,0.0,0.62,Cerrado,7.6
d38f9d8e-2226-3203-a0c9-4332c021295c, -18.780650, -51.942170,2026-05-06 17:26:00,NOAA-21,APORÉ,GOIÁS,Brasil,5201504,52,33,7,0.0,1.0,Cerrado,19.3
f18d94ba-ea1f-35c4-9177-2abc576cd990, -22.614040, -52.889590,2026-05-06 17:26:00,NOAA-21,DIAMANTE DO NORTE,PARANÁ,Brasil,4107108,41,33,3,0.0,0.83,Mata Atlântica,171.4
87ead088-44c3-36fd-9742-0fb8424001b9, -20.280370, -51.368670,2026-05-06 17:26:00,NOAA-21,APARECIDA DO TABOADO,MATO GROSSO DO SUL,Brasil,5001003,50,33,7,0.0,1.0,Mata Atlântica,87.3
dbd97777-06f4-307d-9d76-a0641af75dab, -18.776030, -51.939380,2026-05-06 17:26:00,NOAA-21,APORÉ,GOIÁS,Brasil,5201504,52,33,7,0.0,1.0,Cerrado,14.6
ae40b76e-8be2-3e05-93fa-42a5683e9403, -18.434410, -54.704880,2026-05-06 17:26:00,NOAA-21,COXIM,MATO GROSSO DO SUL,Brasil,5003306,50,33,9,0.0,0.79,Cerrado,5.7
2c999b34-a7b5-3ea0-877c-0d335bde83f4, -22.222980, -56.015340,2026-05-06 17:26:00,NOAA-21,ANTÔNIO JOÃO,MATO GROSSO DO SUL,Brasil,5000906,50,33,3,0.0,0.37,Cerrado,2.8
cf716b4b-debd-3e93-b441-3c838493f756, -21.124340, -46.528030,2026-05-06 17:26:00,NOAA-21,NOVA RESENDE,MINAS GERAIS,Brasil,3145109,31,33,3,0.0,0.88,Mata Atlântica,6.6
0a69e6b8-947b-3f0b-8b6d-c8b5970549fd, -20.527070, -54.689380,2026-05-06 17:26:00,NOAA-21,CAMPO GRANDE,MATO GROSSO DO SUL,Brasil,5002704,50,33,3,0.0,-999.0,Cerrado,2.5
22e16e83-5168-3627-beaf-4ae8f241e338, -18.259970, -51.273170,2026-05-06 17:26:00,NOAA-21,APARECIDA DO RIO DOCE,GOIÁS,Brasil,5201454,52,33,7,0.0,0.58,Cerrado,2.9
b268574e-d1fe-35f8-a6b5-53b74515f192, -18.333180, -54.527030,2026-05-06 17:26:00,NOAA-21,COXIM,MATO GROSSO DO SUL,Brasil,5003306,50,33,8,0.0,1.0,Cerrado,7.2
0e032705-fc52-36d6-83cf-3dc8d48c983c, -18.439200, -54.712310,2026-05-06 17:26:00,NOAA-21,COXIM,MATO GROSSO DO SUL,Brasil,5003306,50,33,9,0.0,0.77,Cerrado,7.6
9059f121-dc45-385d-92f1-171b5f4022ee, -22.210900, -56.025120,2026-05-06 17:26:00,NOAA-21,ANTÔNIO JOÃO,MATO GROSSO DO SUL,Brasil,5000906,50,33,3,0.0,0.42,Cerrado,4.3
2f017c8a-0504-373b-afd9-3e8f7a496475, -21.671130, -56.318360,2026-05-06 17:26:00,NOAA-21,BELA VISTA,MATO GROSSO DO SUL,Brasil,5002100,50,33,3,0.0,1.0,Cerrado,10.4
db972a5a-89cd-3aa1-83ac-148b8e196eac, -22.243150, -56.080390,2026-05-06 17:26:00,NOAA-21,ANTÔNIO JOÃO,MATO GROSSO DO SUL,Brasil,5000906,50,33,3,0.0,0.12,Cerrado,4.1
7d5a6795-998f-36db-9db6-6ada19d6c613, -20.715950, -52.080650,2026-05-06 17:26:00,NOAA-21,TRÊS LAGOAS,MATO GROSSO DO SUL,Brasil,5008305,50,33,4,0.0,1.0,Cerrado,28.7
cd2f9f36-aca3-312e-b6b4-a1423d882be3, -21.975640, -57.592720,2026-05-06 17:26:00,NOAA-21,PORTO MURTINHO,MATO GROSSO DO SUL,Brasil,5006903,50,33,3,0.0,0.06,Cerrado,3.8
c77c9437-0fb2-3f1c-9638-a736aae8c1c6, -21.979000, -57.592170,2026-05-06 17:26:00,NOAA-21,PORTO MURTINHO,MATO GROSSO DO SUL,Brasil,5006903,50,33,3,0.0,0.08,Cerrado,9.4
06e70c01-de7f-352d-a25d-16bbe6eaf6fc, -20.796120, -51.660130,2026-05-06 17:26:00,NOAA-21,TRÊS LAGOAS,MATO GROSSO DO SUL,Brasil,5008305,50,33,6,0.0,-999.0,Mata Atlântica,5.4
05c1fa3f-553f-3b1c-8e6d-503b68b18976, -21.851620, -46.889020,2026-05-06 17:26:00,NOAA-21,VARGEM GRANDE DO SUL,SÃO PAULO,Brasil,3556404,35,33,6,0.0,1.0,Cerrado,2.8
f7c0fdea-5402-3125-99c6-3e29631cf802, -22.920950, -48.680030,2026-05-06 17:26:00,NOAA-21,BOTUCATU,SÃO PAULO,Brasil,3507506,35,33,3,0.0,0.63,Cerrado,5.7
e001b53b-bfaf-34b1-bb0d-cdbafbed6f49, -21.862820, -49.534770,2026-05-06 17:26:00,NOAA-21,GUARANTÃ,SÃO PAULO,Brasil,3518107,35,33,6,0.0,1.0,Mata Atlântica,9.1
6bc516b8-6505-3827-acbf-27c5f979644c, -20.677910, -45.535000,2026-05-06 17:26:00,NOAA-21,FORMIGA,MINAS GERAIS,Brasil,3126109,31,33,19,0.0,1.0,Cerrado,14.7
dd475fbf-8675-3bb7-988d-1c01689443c9, -20.895060, -50.078980,2026-05-06 17:26:00,NOAA-21,MONÇÕES,SÃO PAULO,Brasil,3531001,35,33,8,0.0,1.0,Mata Atlântica,0.8
50f125d8-b6ca-3c45-a580-f5a7230bb962, -22.200740, -55.981200,2026-05-06 17:26:00,NOAA-21,ANTÔNIO JOÃO,MATO GROSSO DO SUL,Brasil,5000906,50,33,3,0.0,0.21,Cerrado,3.3
c7619dfd-282e-3e86-a3d3-bea768b2741d, -20.677020, -45.530990,2026-05-06 17:26:00,NOAA-21,FORMIGA,MINAS GERAIS,Brasil,3126109,31,33,19,0.0,1.0,Cerrado,20.0
a6ddd0cd-e7c9-344c-88b0-0abb86c87c00, -21.806790, -45.132840,2026-05-06 17:26:00,NOAA-21,TRÊS CORAÇÕES,MINAS GERAIS,Brasil,3169307,31,33,9,0.0,1.0,Mata Atlântica,3.7
e612c92d-b866-3ae5-9067-932310f67aac, -20.506980, -45.802890,2026-05-06 17:26:00,NOAA-21,PIMENTA,MINAS GERAIS,Brasil,3150505,31,33,18,0.0,1.0,Cerrado,5.5
9e425bce-3b06-3b0c-85a3-0ffa2050ca51, -22.238710, -56.073560,2026-05-06 17:26:00,NOAA-21,ANTÔNIO JOÃO,MATO GROSSO DO SUL,Brasil,5000906,50,33,3,0.0,0.33,Cerrado,6.4
923f1f85-7679-3504-aef4-cfdc30c60686, -18.075990, -46.370090,2026-05-06 17:26:00,NOAA-21,PRESIDENTE OLEGÁRIO,MINAS GERAIS,Brasil,3153400,31,33,17,0.0,0.7,Cerrado,9.0
2a0ab50c-3632-3ee2-9fcc-d1018baf70c3, -19.131490, -54.564840,2026-05-06 17:26:00,NOAA-21,SÃO GABRIEL DO OESTE,MATO GROSSO DO SUL,Brasil,5007695,50,33,9,0.0,0.16,Cerrado,92.3
a144ea53-d1b4-3ea4-83ac-5528e8fb169f, -15.683350, -48.270730,2026-05-06 17:26:00,NOAA-21,ÁGUAS LINDAS DE GOIÁS,GOIÁS,Brasil,5200258,52,33,16,0.0,1.0,Cerrado,3.3
1df7d96d-7255-3db5-8ee5-690fdfc7c514, -19.421380, -52.955570,2026-05-06 17:26:00,NOAA-21,PARAÍSO DAS ÁGUAS,MATO GROSSO DO SUL,Brasil,5006275,50,33,7,0.0,1.0,Cerrado,13.9
0309243a-8292-3712-af41-24e50c6fa872, -21.135580, -56.416480,2026-05-06 17:26:00,NOAA-21,BONITO,MATO GROSSO DO SUL,Brasil,5002209,50,33,3,0.0,0.15,Cerrado,0.4
529a5eb5-6c9c-33e0-8e4a-1db19e13429e, -18.449100, -48.484330,2026-05-06 17:26:00,NOAA-21,ARAGUARI,MINAS GERAIS,Brasil,3103504,31,33,13,0.0,1.0,Mata Atlântica,8.1
a187fc6b-e264-3cab-bea5-a03ddd9f2d77, -21.305430, -42.858450,2026-05-06 17:26:00,NOAA-21,ASTOLFO DUTRA,MINAS GERAIS,Brasil,3104601,31,33,2,0.0,1.0,Mata Atlântica,3.1
d691709f-a3ec-362c-8da2-21b87e81637f, -18.264120, -51.272240,2026-05-06 17:26:00,NOAA-21,APARECIDA DO RIO DOCE,GOIÁS,Brasil,5201454,52,33,7,0.0,0.48,Cerrado,2.7
5dcd56a8-4ae2-38ef-983b-00b438f4d4c2, -18.438540, -54.708270,2026-05-06 17:26:00,NOAA-21,COXIM,MATO GROSSO DO SUL,Brasil,5003306,50,33,9,0.0,0.78,Cerrado,20.9
6074a2ec-1197-3ad8-aaa6-7861992ee835, -16.622570, -51.114820,2026-05-06 17:26:00,NOAA-21,AMORINÓPOLIS,GOIÁS,Brasil,5200902,52,33,12,0.0,1.0,Cerrado,3.5
1a48f5ff-b7c6-3a41-95f8-621f59a179f4, -20.683540, -45.533370,2026-05-06 17:26:00,NOAA-21,FORMIGA,MINAS GERAIS,Brasil,3126109,31,33,19,0.0,1.0,Cerrado,14.7
1b4c3378-3f84-392d-bace-710224fa4b4c, -20.533770, -49.245770,2026-05-06 17:26:00,NOAA-21,NOVA GRANADA,SÃO PAULO,Brasil,3533007,35,33,8,0.0,1.0,Mata Atlântica,4.9
0184c659-b50b-319e-bdd7-f6e94f92afe4, -17.667320, -52.242120,2026-05-06 17:26:00,NOAA-21,MINEIROS,GOIÁS,Brasil,5213103,52,33,9,0.0,0.86,Cerrado,5.6
ac5bc421-c395-39ac-8fe9-509fb8e381f4, -23.055320, -52.908440,2026-05-06 17:26:00,NOAA-21,PLANALTINA DO PARANÁ,PARANÁ,Brasil,4119707,41,33,4,0.0,0.98,Mata Atlântica,15.7
53f76df9-1cff-34c7-b3af-bb65dfe7b36a, -22.041020, -48.228230,2026-05-06 17:26:00,NOAA-21,RIBEIRÃO BONITO,SÃO PAULO,Brasil,3542909,35,33,15,0.0,0.9,Cerrado,6.9
0f43721b-7acc-32b6-90bf-3116c0f1c3e9, -20.281050, -51.372320,2026-05-06 17:26:00,NOAA-21,APARECIDA DO TABOADO,MATO GROSSO DO SUL,Brasil,5001003,50,33,7,0.0,1.0,Mata Atlântica,84.7
53089a78-003f-362c-af8e-d9fb1e4bbdd7, -16.376470, -49.342410,2026-05-06 17:26:00,NOAA-21,NOVA VENEZA,GOIÁS,Brasil,5215009,52,33,18,0.0,1.0,Cerrado,12.9
35cecc42-4baf-3b82-a486-138c02f8ab95, -12.987260, -54.679130,2026-05-06 17:28:00,NOAA-21,NOVA UBIRATÃ,MATO GROSSO,Brasil,5106240,51,33,6,0.0,0.09,Amazônia,15.8
6927e6dc-7cea-382a-a34a-3818bbb5910b, -11.433960, -55.101470,2026-05-06 17:28:00,NOAA-21,CLÁUDIA,MATO GROSSO,Brasil,5103056,51,33,7,0.0,0.11,Amazônia,7.5
80b0e6d8-2455-3a4e-8535-8fb414a6ab8c, -12.500560, -58.480090,2026-05-06 17:28:00,NOAA-21,SAPEZAL,MATO GROSSO,Brasil,5107875,51,33,8,0.0,0.12,Cerrado,108.4
30dd6154-5f78-3db3-83d6-89ab98937cd2, -10.906930, -49.671070,2026-05-06 17:28:00,NOAA-21,LAGOA DA CONFUSÃO,TOCANTINS,Brasil,1711902,17,33,2,0.0,0.74,Cerrado,29.6
a3968773-fadc-348e-aff1-e623afe56558, -14.494240, -59.270420,2026-05-06 17:28:00,NOAA-21,CONQUISTA D'OESTE,MATO GROSSO,Brasil,5103361,51,33,6,0.0,0.29,Cerrado,18.8
352b0c41-cd92-3d58-af7b-9f298b50dd7b, -14.500390, -59.265760,2026-05-06 17:28:00,NOAA-21,CONQUISTA D'OESTE,MATO GROSSO,Brasil,5103361,51,33,6,0.0,0.28,Cerrado,3.0
91013fbb-b622-32e6-89e1-793b3fe45498, -10.125900, -51.328190,2026-05-06 17:28:00,NOAA-21,VILA RICA,MATO GROSSO,Brasil,5108600,51,33,7,0.0,1.0,Amazônia,7.9
79540568-6ed3-3c5a-ae1a-e3b665836f6f, -11.920860, -54.106510,2026-05-06 17:28:00,NOAA-21,FELIZ NATAL,MATO GROSSO,Brasil,5103700,51,33,8,0.0,0.19,Amazônia,9.8
8b2e4321-7575-3fed-a431-fd5656e11bc3, -14.004410, -56.625080,2026-05-06 17:28:00,NOAA-21,DIAMANTINO,MATO GROSSO,Brasil,5103502,51,33,6,0.0,0.17,Cerrado,8.4
31cdab0c-c420-3a55-9c94-6ef8c7877410, -10.624770, -49.840830,2026-05-06 17:28:00,NOAA-21,LAGOA DA CONFUSÃO,TOCANTINS,Brasil,1711902,17,33,6,0.0,0.6,Cerrado,9.1
6a616949-7262-3870-b427-5d1e367d9c7b, -14.861810, -48.539690,2026-05-06 17:28:00,NOAA-21,NIQUELÂNDIA,GOIÁS,Brasil,5214606,52,33,24,0.0,0.48,Cerrado,3.4
43dc0458-032a-3c25-81b6-12b74c92bc81, -12.289060, -57.549600,2026-05-06 17:28:00,NOAA-21,NOVA MARINGÁ,MATO GROSSO,Brasil,5108907,51,33,6,0.0,0.06,Amazônia,9.7
f2e34106-ff63-3522-98cc-c7912955f4c7, -11.435680, -55.104500,2026-05-06 17:28:00,NOAA-21,CLÁUDIA,MATO GROSSO,Brasil,5103056,51,33,7,0.0,0.11,Amazônia,6.9
79a3d6c2-4065-3cae-afd3-601f87561e4e, -12.772520, -58.973280,2026-05-06 17:28:00,NOAA-21,CAMPOS DE JÚLIO,MATO GROSSO,Brasil,5102686,51,33,6,0.0,0.3,Cerrado,54.7
fc09a5e4-74e1-3a7c-93ba-b5c6b5d3a059,  -9.188380, -50.752440,2026-05-06 17:28:00,NOAA-21,SANTANA DO ARAGUAIA,PARÁ,Brasil,1506708,15,33,5,0.0,0.71,Amazônia,3.7
5cca1ac9-9e1d-36ab-ac57-6185bbacc844, -12.509930, -58.475010,2026-05-06 17:28:00,NOAA-21,SAPEZAL,MATO GROSSO,Brasil,5107875,51,33,8,0.0,0.12,Cerrado,5.9
7f494d48-57ae-3fb5-9111-0ae95fb6cfa0, -14.688900, -46.160880,2026-05-06 17:28:00,NOAA-21,SÍTIO D'ABADIA,GOIÁS,Brasil,5220702,52,33,12,0.0,0.85,Cerrado,16.3
8ff7438e-e3fd-308e-92ee-7b9420023f9a, -12.504400, -58.483090,2026-05-06 17:28:00,NOAA-21,SAPEZAL,MATO GROSSO,Brasil,5107875,51,33,8,0.0,0.12,Cerrado,4.5
f85dc5ad-0bcd-3d74-a6c0-ab9b222b62fc, -12.495650, -58.470070,2026-05-06 17:28:00,NOAA-21,SAPEZAL,MATO GROSSO,Brasil,5107875,51,33,8,0.0,0.12,Cerrado,403.2
143d75d2-81fa-3e22-ade5-f009ebfed536,  -9.409700, -50.690800,2026-05-06 17:28:00,NOAA-21,SANTANA DO ARAGUAIA,PARÁ,Brasil,1506708,15,33,5,0.0,0.54,Amazônia,29.0
8317fb70-3694-3992-bcfb-3eeb57b20d0b, -11.935010, -49.686720,2026-05-06 17:28:00,NOAA-21,FORMOSO DO ARAGUAIA,TOCANTINS,Brasil,1708205,17,33,7,0.0,0.82,Cerrado,6.9
2deff65f-a606-3acf-947a-581bcea7f8bc, -12.347590, -50.010970,2026-05-06 17:28:00,NOAA-21,SANDOLÂNDIA,TOCANTINS,Brasil,1718840,17,33,7,0.0,0.46,Cerrado,10.1
e251f1a7-798b-3961-b4b7-105a1002296d, -10.673990, -47.004780,2026-05-06 17:28:00,NOAA-21,PONTE ALTA DO TOCANTINS,TOCANTINS,Brasil,1717909,17,33,8,0.0,0.47,Cerrado,29.6
3f88d4a9-083e-34c4-a9fa-bd5d3c63af4c,  -9.631300, -49.440700,2026-05-06 17:28:00,NOAA-21,DIVINÓPOLIS DO TOCANTINS,TOCANTINS,Brasil,1707108,17,33,4,0.0,0.13,Cerrado,7.2
a5bf00fb-9531-3659-9916-bb29563d59c3, -12.506090, -58.472020,2026-05-06 17:28:00,NOAA-21,SAPEZAL,MATO GROSSO,Brasil,5107875,51,33,8,0.0,0.12,Cerrado,9.0
c6b2b9db-b281-3562-b753-a1936a7c52ef, -12.680580, -45.477470,2026-05-06 17:28:00,NOAA-21,SÃO DESIDÉRIO,BAHIA,Brasil,2928901,29,33,15,0.0,0.64,Cerrado,16.9
cd043aca-dc82-32a1-8d75-9065bf35913c, -11.289050, -48.255190,2026-05-06 17:28:00,NOAA-21,SANTA ROSA DO TOCANTINS,TOCANTINS,Brasil,1718907,17,33,7,0.0,0.18,Cerrado,4.7
cc4590eb-31ee-3430-af6d-ca4ed5558b5b, -14.682730, -46.162050,2026-05-06 17:28:00,NOAA-21,SÍTIO D'ABADIA,GOIÁS,Brasil,5220702,52,33,12,0.0,0.83,Cerrado,9.6
6858adb3-97e9-3c2e-a801-ef04ce987467, -12.761530, -58.967780,2026-05-06 17:28:00,NOAA-21,CAMPOS DE JÚLIO,MATO GROSSO,Brasil,5102686,51,33,6,0.0,0.3,Cerrado,3.2
5b91aaac-aa27-3394-b4cd-c32ece621e85, -13.725140, -53.774550,2026-05-06 17:28:00,NOAA-21,PARANATINGA,MATO GROSSO,Brasil,5106307,51,33,9,0.0,0.54,Cerrado,2.1
e91be089-b0a5-33c4-a307-48959a478f0e, -10.875320, -49.671200,2026-05-06 17:28:00,NOAA-21,LAGOA DA CONFUSÃO,TOCANTINS,Brasil,1711902,17,33,2,0.0,0.8,Cerrado,7.2
b3f04981-fe4b-37c7-8270-d1864d7a4b27, -12.491190, -58.485180,2026-05-06 17:28:00,NOAA-21,SAPEZAL,MATO GROSSO,Brasil,5107875,51,33,8,0.0,0.12,Cerrado,8.3
17a648d4-d823-3b9d-a40f-0f9ab6d3cf12, -10.677210, -46.987940,2026-05-06 17:28:00,NOAA-21,PONTE ALTA DO TOCANTINS,TOCANTINS,Brasil,1717909,17,33,8,0.0,0.47,Cerrado,7.5
df0defcb-2daa-3ea5-a3f1-4134391c11bd, -10.629400, -49.836540,2026-05-06 17:28:00,NOAA-21,LAGOA DA CONFUSÃO,TOCANTINS,Brasil,1711902,17,33,6,0.0,0.65,Cerrado,5.6
63986b82-e582-3000-8f2d-7bdc4d394084, -10.611150, -49.826360,2026-05-06 17:28:00,NOAA-21,LAGOA DA CONFUSÃO,TOCANTINS,Brasil,1711902,17,33,6,0.0,0.62,Cerrado,7.9
d1a870ed-a418-34c2-b31c-503f76b5a246, -14.500920, -59.269390,2026-05-06 17:28:00,NOAA-21,CONQUISTA D'OESTE,MATO GROSSO,Brasil,5103361,51,33,6,0.0,0.28,Cerrado,5.5
19d54e92-9d2f-3626-8176-d65942a11006, -12.273520, -49.999000,2026-05-06 17:28:00,NOAA-21,SANDOLÂNDIA,TOCANTINS,Brasil,1718840,17,33,3,0.0,0.65,Cerrado,5.2
ca28efe7-cc74-39b3-a5d1-47d965bd0f57, -10.691400, -47.027280,2026-05-06 17:28:00,NOAA-21,PONTE ALTA DO TOCANTINS,TOCANTINS,Brasil,1717909,17,33,8,0.0,0.47,Cerrado,4.9
66dd160f-2469-393f-abc1-6a1791cc843d, -12.414340, -49.672490,2026-05-06 17:28:00,NOAA-21,SANDOLÂNDIA,TOCANTINS,Brasil,1718840,17,33,10,0.0,0.44,Cerrado,9.8
98d77846-3b7b-3b05-86f2-96b27d940a78, -12.021800, -55.546890,2026-05-06 17:28:00,NOAA-21,SINOP,MATO GROSSO,Brasil,5107909,51,33,7,0.0,0.43,Amazônia,3.2
14c53887-eece-3f85-aedc-56361b21a357, -14.230570, -51.987270,2026-05-06 17:28:00,NOAA-21,NOVA NAZARÉ,MATO GROSSO,Brasil,5106174,51,33,15,0.0,0.41,Cerrado,4.2
f4e3a3ca-a6a6-37e4-81e9-662dfd506326, -10.562520, -49.884670,2026-05-06 17:28:00,NOAA-21,LAGOA DA CONFUSÃO,TOCANTINS,Brasil,1711902,17,33,7,0.0,0.47,Cerrado,16.9
2a49ffd8-662d-3bdd-a250-5fbfc6cefd87,  -8.629900, -49.533050,2026-05-06 17:28:00,NOAA-21,CONCEIÇÃO DO ARAGUAIA,PARÁ,Brasil,1502707,15,33,3,0.0,0.48,Amazônia,16.0
27807ce5-1d2f-330f-9f03-8b9956cf864f, -14.555300, -58.946700,2026-05-06 17:28:00,NOAA-21,TANGARÁ DA SERRA,MATO GROSSO,Brasil,5107958,51,33,6,0.0,0.22,Cerrado,31.1
65534846-3780-305a-bc44-d99bdca3bd77, -11.960040, -62.887360,2026-05-06 17:28:00,NOAA-21,SÃO MIGUEL DO GUAPORÉ,RONDÔNIA,Brasil,1100320,11,33,4,1.91,0.36,Amazônia,2.3
14d3841e-8f36-3eb1-9f5c-1123fc52147c, -11.196540, -46.788930,2026-05-06 17:28:00,NOAA-21,ALMAS,TOCANTINS,Brasil,1700400,17,33,8,0.0,0.37,Cerrado,11.2
51a9f1da-61b7-37f8-9ac9-14d59c7d09a9, -10.548050, -53.552620,2026-05-06 17:28:00,NOAA-21,PEIXOTO DE AZEVEDO,MATO GROSSO,Brasil,5106422,51,33,0,0.0,0.53,Amazônia,3.5
c7a79ef0-e206-3d48-adf1-42adc56cb02c, -12.769210, -58.973800,2026-05-06 17:28:00,NOAA-21,CAMPOS DE JÚLIO,MATO GROSSO,Brasil,5102686,51,33,6,0.0,0.3,Cerrado,27.4
14509a2e-9b9d-30a4-b360-6e6862ce531c, -10.906050, -49.608680,2026-05-06 17:28:00,NOAA-21,LAGOA DA CONFUSÃO,TOCANTINS,Brasil,1711902,17,33,2,0.0,0.7,Cerrado,3.8
a2527ad4-4d05-35dc-b68d-95abab8a3173, -13.764560, -45.397000,2026-05-06 17:28:00,NOAA-21,JABORANDI,BAHIA,Brasil,2917359,29,33,18,0.0,0.91,Cerrado,8.1
2a5d7769-68f6-35d8-9af7-fcc2100244be, -10.124910, -51.325720,2026-05-06 17:28:00,NOAA-21,VILA RICA,MATO GROSSO,Brasil,5108600,51,33,7,0.0,1.0,Amazônia,10.4
6358abc4-2b9b-3d20-8aee-c29db324df20, -14.504800, -59.272500,2026-05-06 17:28:00,NOAA-21,CONQUISTA D'OESTE,MATO GROSSO,Brasil,5103361,51,33,6,0.0,0.28,Cerrado,5.5
3f3cb870-e715-37e1-90ce-f7056ba55db5, -12.677090, -45.479980,2026-05-06 17:28:00,NOAA-21,SÃO DESIDÉRIO,BAHIA,Brasil,2928901,29,33,15,0.0,0.64,Cerrado,9.5
38f7f6e1-7fe2-3e27-a2ce-ae8d817b7ed7,  -9.268740, -50.450450,2026-05-06 17:28:00,NOAA-21,SANTANA DO ARAGUAIA,PARÁ,Brasil,1506708,15,33,2,0.0,0.99,Amazônia,8.9
594da290-b71e-3b94-b1b4-109eb62680c3, -12.758750, -58.971820,2026-05-06 17:28:00,NOAA-21,CAMPOS DE JÚLIO,MATO GROSSO,Brasil,5102686,51,33,6,0.0,0.31,Cerrado,3.2
dec360c3-107b-333c-a526-c0f9a49f1fa1, -12.502260, -58.469030,2026-05-06 17:28:00,NOAA-21,SAPEZAL,MATO GROSSO,Brasil,5107875,51,33,8,0.0,0.12,Cerrado,57.3
318cc274-fd12-3b25-8684-55301679695f, -10.628780, -49.833240,2026-05-06 17:28:00,NOAA-21,LAGOA DA CONFUSÃO,TOCANTINS,Brasil,1711902,17,33,6,0.0,0.65,Cerrado,15.6
f7f5be12-8dca-308e-8f5c-98f2dfd5bd74, -14.396620, -57.387330,2026-05-06 17:28:00,NOAA-21,SANTO AFONSO,MATO GROSSO,Brasil,5107263,51,33,6,0.0,0.78,Amazônia,3.0
0245f2ff-202f-3425-b570-711919dd3fe4, -14.130570, -45.345110,2026-05-06 17:28:00,NOAA-21,JABORANDI,BAHIA,Brasil,2917359,29,33,26,0.0,0.81,Cerrado,22.9
ef03a886-31d5-3486-9d78-b3b61194b9c2, -11.940180, -49.685700,2026-05-06 17:28:00,NOAA-21,FORMOSO DO ARAGUAIA,TOCANTINS,Brasil,1708205,17,33,7,0.0,0.81,Cerrado,6.9
1dda3505-8a93-3cf3-81c7-274a27aa128e, -12.762590, -58.974830,2026-05-06 17:28:00,NOAA-21,CAMPOS DE JÚLIO,MATO GROSSO,Brasil,5102686,51,33,6,0.0,0.3,Cerrado,8.7
ce8b95d0-8972-35e5-9bab-57c0b444711f, -13.648680, -45.556520,2026-05-06 17:28:00,NOAA-21,CORRENTINA,BAHIA,Brasil,2909307,29,33,25,0.0,0.89,Cerrado,10.3
a1f36e80-8986-34e7-83e3-b642f0607f2e, -12.429090, -54.476070,2026-05-06 17:28:00,NOAA-21,NOVA UBIRATÃ,MATO GROSSO,Brasil,5106240,51,33,6,0.0,0.48,Amazônia,9.3
a73cbd68-6361-31fd-a94c-ab28e43d3a66, -10.940590, -49.439550,2026-05-06 17:28:00,NOAA-21,SANTA RITA DO TOCANTINS,TOCANTINS,Brasil,1718899,17,33,2,0.0,0.27,Cerrado,16.1
c3595df5-a5ab-3d04-be81-f9cb6f63e8de, -14.411360, -56.314780,2026-05-06 17:28:00,NOAA-21,DIAMANTINO,MATO GROSSO,Brasil,5103502,51,33,6,0.0,0.33,Cerrado,14.4
a1491685-3f7e-3654-8463-ba9804b1a712, -12.764310, -58.963740,2026-05-06 17:28:00,NOAA-21,CAMPOS DE JÚLIO,MATO GROSSO,Brasil,5102686,51,33,6,0.0,0.3,Cerrado,33.2
94ae6a0c-8d30-3479-9eb6-b997a45901b5, -10.241370, -47.418170,2026-05-06 17:28:00,NOAA-21,LAGOA DO TOCANTINS,TOCANTINS,Brasil,1711951,17,33,8,0.0,0.48,Cerrado,13.9
a7957888-41d7-3b05-b425-3f5d0c642a17, -12.252470, -53.584610,2026-05-06 17:28:00,NOAA-21,GAÚCHA DO NORTE,MATO GROSSO,Brasil,5103858,51,33,8,0.0,0.14,Amazônia,2.3
139fc718-cb1e-360c-b6dc-c8c99c90228a, -12.490650, -58.481660,2026-05-06 17:28:00,NOAA-21,SAPEZAL,MATO GROSSO,Brasil,5107875,51,33,8,0.0,0.12,Cerrado,10.4
8a1ca65b-d352-38ae-82ff-759fc00f6fec, -13.052580, -57.471490,2026-05-06 17:28:00,NOAA-21,BRASNORTE,MATO GROSSO,Brasil,5101902,51,33,6,0.0,0.27,Amazônia,4.6
cf629f68-a510-3b13-93ab-d24c206ea90e, -14.137500, -45.349910,2026-05-06 17:28:00,NOAA-21,JABORANDI,BAHIA,Brasil,2917359,29,33,25,0.0,0.8,Cerrado,13.4
1e2be504-fec5-33d5-b43b-4288c584d4cb, -10.631190, -47.018870,2026-05-06 17:28:00,NOAA-21,PONTE ALTA DO TOCANTINS,TOCANTINS,Brasil,1717909,17,33,8,0.0,0.48,Cerrado,8.6
bafdd895-0c5e-3669-a61a-b061141094c9, -14.436820, -59.246240,2026-05-06 17:28:00,NOAA-21,CONQUISTA D'OESTE,MATO GROSSO,Brasil,5103361,51,33,6,0.0,0.31,Cerrado,14.4
7119e764-0e79-34b0-89c3-356e6c1a4e25, -12.770920, -58.962690,2026-05-06 17:28:00,NOAA-21,CAMPOS DE JÚLIO,MATO GROSSO,Brasil,5102686,51,33,6,0.0,0.3,Cerrado,9.9
49e6d102-a37f-38bc-9f15-8511c3fc38e5, -10.719690, -49.795320,2026-05-06 17:28:00,NOAA-21,LAGOA DA CONFUSÃO,TOCANTINS,Brasil,1711902,17,33,5,0.0,0.52,Cerrado,7.2
af0e3970-cb9d-32f4-aa24-ee1d53fbb261, -14.000010, -56.640970,2026-05-06 17:28:00,NOAA-21,DIAMANTINO,MATO GROSSO,Brasil,5103502,51,33,6,0.0,0.16,Cerrado,20.3
c51a4a5f-619f-338b-aa00-40c87a704a8f, -10.634620, -49.893180,2026-05-06 17:28:00,NOAA-21,LAGOA DA CONFUSÃO,TOCANTINS,Brasil,1711902,17,33,7,0.0,0.63,Cerrado,5.4
ecf90789-c3c7-346c-93ac-4d47ebf8b7f2, -12.509400, -58.471500,2026-05-06 17:28:00,NOAA-21,SAPEZAL,MATO GROSSO,Brasil,5107875,51,33,8,0.0,0.12,Cerrado,9.0
bda60126-68dc-3e09-9190-b5bf729b241d, -12.502790, -58.472550,2026-05-06 17:28:00,NOAA-21,SAPEZAL,MATO GROSSO,Brasil,5107875,51,33,8,0.0,0.12,Cerrado,57.3
3a7329b2-0f99-3e19-8d0c-f2510acb9e99,  -7.897800, -47.138670,2026-05-06 17:28:00,NOAA-21,CAROLINA,MARANHÃO,Brasil,2102804,21,33,7,0.0,0.28,Cerrado,5.4
c7e0d82c-0dfa-3df8-8a10-68e5720a7b53, -10.897680, -49.673790,2026-05-06 17:28:00,NOAA-21,LAGOA DA CONFUSÃO,TOCANTINS,Brasil,1711902,17,33,2,0.0,0.79,Cerrado,2.1
07253650-6553-399a-b98c-f7c04c328421, -10.670830, -47.021870,2026-05-06 17:28:00,NOAA-21,PONTE ALTA DO TOCANTINS,TOCANTINS,Brasil,1717909,17,33,8,0.0,0.47,Cerrado,5.8
a9fb25e0-02ff-3242-b5e5-78f6fa0f0db3, -14.469030, -59.256070,2026-05-06 17:28:00,NOAA-21,CONQUISTA D'OESTE,MATO GROSSO,Brasil,5103361,51,33,6,0.0,0.3,Cerrado,18.3
501a0d57-08f5-34f3-850f-5cb20ee7a4f6, -10.634760, -49.894530,2026-05-06 17:28:00,NOAA-21,LAGOA DA CONFUSÃO,TOCANTINS,Brasil,1711902,17,33,7,0.0,0.63,Cerrado,7.0
ddec2acf-2953-3cf7-a5e4-dd146cbf623a, -10.294130, -55.198610,2026-05-06 17:28:00,NOAA-21,NOVA GUARITA,MATO GROSSO,Brasil,5108808,51,33,0,0.0,0.59,Amazônia,5.1
ec3ed77a-a2fc-3030-b11d-0cd728f8fcb4, -14.388370, -46.766090,2026-05-06 17:28:00,NOAA-21,ALVORADA DO NORTE,GOIÁS,Brasil,5200803,52,33,8,0.0,1.0,Cerrado,9.8
7fbb7dbc-aaf2-3773-b710-a15146574c88, -11.921290, -54.103760,2026-05-06 17:28:00,NOAA-21,FELIZ NATAL,MATO GROSSO,Brasil,5103700,51,33,8,0.0,0.29,Amazônia,9.3
69cef588-bcc2-3713-93e9-a6424efe13b4, -12.935680, -52.542660,2026-05-06 17:28:00,NOAA-21,CANARANA,MATO GROSSO,Brasil,5102702,51,33,8,0.0,0.73,Amazônia,15.7
eeb8676d-eab2-3879-99cb-e42f7cfbf194, -14.131760, -45.350770,2026-05-06 17:28:00,NOAA-21,JABORANDI,BAHIA,Brasil,2917359,29,33,25,0.0,0.8,Cerrado,30.4
be708379-fe87-3b74-a381-0d638fbd8784, -13.914330, -47.362290,2026-05-06 17:28:00,NOAA-21,CAVALCANTE,GOIÁS,Brasil,5205307,52,33,10,0.0,0.54,Cerrado,5.5
dbda2b2b-29c8-376b-ab07-54345d71cd94, -10.880600, -49.670190,2026-05-06 17:28:00,NOAA-21,LAGOA DA CONFUSÃO,TOCANTINS,Brasil,1711902,17,33,2,0.0,0.79,Cerrado,8.1
c78aebf1-a023-358b-b3e4-7c246a63684c, -12.424520, -54.472020,2026-05-06 17:28:00,NOAA-21,NOVA UBIRATÃ,MATO GROSSO,Brasil,5106240,51,33,6,0.0,0.74,Amazônia,10.3
70e86d0a-373d-3e9b-9364-97029215ea6e, -10.648180, -46.972970,2026-05-06 17:28:00,NOAA-21,PONTE ALTA DO TOCANTINS,TOCANTINS,Brasil,1717909,17,33,8,0.0,0.48,Cerrado,17.8
cdaa2043-4262-3d87-87d5-5a4dc076282a, -12.665220, -58.399240,2026-05-06 17:28:00,NOAA-21,BRASNORTE,MATO GROSSO,Brasil,5101902,51,33,8,0.0,0.33,Cerrado,12.8
44042a80-a63b-39a1-8f9e-fefc6cde4d3a, -12.496720, -58.477100,2026-05-06 17:28:00,NOAA-21,SAPEZAL,MATO GROSSO,Brasil,5107875,51,33,8,0.0,0.12,Cerrado,233.5
28b60cfb-9f00-35b2-a34d-7b2861109ca6, -14.124050, -45.346400,2026-05-06 17:28:00,NOAA-21,JABORANDI,BAHIA,Brasil,2917359,29,33,26,0.0,0.81,Cerrado,22.9
dd962e7c-459f-3650-97bc-648125c75e04, -12.498950, -58.469550,2026-05-06 17:28:00,NOAA-21,SAPEZAL,MATO GROSSO,Brasil,5107875,51,33,8,0.0,0.12,Cerrado,57.3
9623962b-af0f-3b66-a849-a45a0a2bc177, -12.773050, -58.976810,2026-05-06 17:28:00,NOAA-21,CAMPOS DE JÚLIO,MATO GROSSO,Brasil,5102686,51,33,6,0.0,0.3,Cerrado,54.7
f44ab067-29ab-3bca-ae08-9780537e9254, -10.626910, -47.030040,2026-05-06 17:28:00,NOAA-21,PONTE ALTA DO TOCANTINS,TOCANTINS,Brasil,1717909,17,33,8,0.0,0.48,Cerrado,12.2
5f563cb1-ec3e-347b-99e3-671c74d1ea51, -10.632200, -47.023940,2026-05-06 17:28:00,NOAA-21,PONTE ALTA DO TOCANTINS,TOCANTINS,Brasil,1717909,17,33,8,0.0,0.48,Cerrado,8.6
6e0d7c35-a9c8-3003-bd00-3be92c9e8934, -11.779480, -49.722290,2026-05-06 17:28:00,NOAA-21,FORMOSO DO ARAGUAIA,TOCANTINS,Brasil,1708205,17,33,7,0.0,0.84,Cerrado,8.0
60ace4a9-be2f-3dd1-905d-4ab49f821307,  -9.269310, -50.453570,2026-05-06 17:28:00,NOAA-21,SANTANA DO ARAGUAIA,PARÁ,Brasil,1506708,15,33,2,0.0,0.95,Amazônia,7.6
eb7c0514-32c5-38b0-95cf-92070804db9e,  -9.132380, -49.666870,2026-05-06 17:28:00,NOAA-21,ARAGUACEMA,TOCANTINS,Brasil,1701903,17,33,3,0.0,0.16,Cerrado,8.5
b088f1ad-0e6d-315d-b93a-8b860508397b, -13.699150, -47.754980,2026-05-06 17:28:00,NOAA-21,CAVALCANTE,GOIÁS,Brasil,5205307,52,33,13,0.0,0.47,Cerrado,5.7
4247fdd9-b4d6-31b7-8773-2e10bb58394f, -14.497050, -59.266280,2026-05-06 17:28:00,NOAA-21,CONQUISTA D'OESTE,MATO GROSSO,Brasil,5103361,51,33,6,0.0,0.29,Cerrado,12.3
b75aa0d1-95be-3c01-9bed-1ef6289b95c6, -10.886500, -49.672510,2026-05-06 17:28:00,NOAA-21,LAGOA DA CONFUSÃO,TOCANTINS,Brasil,1711902,17,33,2,0.0,0.79,Cerrado,8.1
c805c727-c6f5-3658-8e86-770a6527bdad, -10.719090, -49.791990,2026-05-06 17:28:00,NOAA-21,LAGOA DA CONFUSÃO,TOCANTINS,Brasil,1711902,17,33,5,0.0,0.67,Cerrado,7.2
8e33fcc4-7f8f-3b07-8d59-711a03fe1504, -10.630020, -49.839830,2026-05-06 17:28:00,NOAA-21,LAGOA DA CONFUSÃO,TOCANTINS,Brasil,1711902,17,33,6,0.0,0.65,Cerrado,5.6
9f439c53-ec2a-3709-a761-41bb8cba6115, -12.267920, -49.996980,2026-05-06 17:28:00,NOAA-21,SANDOLÂNDIA,TOCANTINS,Brasil,1718840,17,33,3,0.0,0.88,Cerrado,5.0
f5a4be08-a707-36d6-b7ec-4b5c5bbb013e, -10.567150, -49.880410,2026-05-06 17:28:00,NOAA-21,LAGOA DA CONFUSÃO,TOCANTINS,Brasil,1711902,17,33,7,0.0,0.55,Cerrado,17.3
7bd5621e-1699-3f72-99f3-23a09f02b5fe, -12.413750, -49.669320,2026-05-06 17:28:00,NOAA-21,SANDOLÂNDIA,TOCANTINS,Brasil,1718840,17,33,9,0.0,0.48,Cerrado,9.8
1267c5de-9b7e-3d1c-9008-105ce94d233b, -13.183720, -52.692790,2026-05-06 17:28:00,NOAA-21,CANARANA,MATO GROSSO,Brasil,5102702,51,33,7,0.0,0.2,Amazônia,28.1
fe5f7ee1-8cb3-3598-be6a-82ad84724f41, -11.798230, -56.957300,2026-05-06 17:28:00,NOAA-21,PORTO DOS GAÚCHOS,MATO GROSSO,Brasil,5106802,51,33,6,0.0,0.09,Amazônia,2.7
004ec4f0-1bb1-3c02-b19c-361397e8385a, -12.763120, -58.978360,2026-05-06 17:28:00,NOAA-21,CAMPOS DE JÚLIO,MATO GROSSO,Brasil,5102686,51,33,6,0.0,0.3,Cerrado,8.7
7a65ee78-081e-33f7-9e22-393e3fd29d60, -10.665770, -49.856800,2026-05-06 17:28:00,NOAA-21,LAGOA DA CONFUSÃO,TOCANTINS,Brasil,1711902,17,33,6,0.0,0.68,Cerrado,8.3
d846ad43-b97f-364d-9a87-eda638a7e198,  -9.131720, -49.663270,2026-05-06 17:28:00,NOAA-21,ARAGUACEMA,TOCANTINS,Brasil,1701903,17,33,3,0.0,0.16,Cerrado,9.6
ec8a8f45-2604-35bb-b554-879f5648d66f, -11.657510, -52.557270,2026-05-06 17:28:00,NOAA-21,SÃO FÉLIX DO ARAGUAIA,MATO GROSSO,Brasil,5107859,51,33,7,0.0,0.73,Amazônia,12.6
a9a97fac-740b-32f3-8505-61ae37ab33f8, -10.561910, -49.881400,2026-05-06 17:28:00,NOAA-21,LAGOA DA CONFUSÃO,TOCANTINS,Brasil,1711902,17,33,7,0.0,0.45,Cerrado,17.3
4f7fb014-2308-3a53-b4fb-92823b942962, -11.438400, -55.105320,2026-05-06 17:28:00,NOAA-21,CLÁUDIA,MATO GROSSO,Brasil,5103056,51,33,7,0.0,0.12,Amazônia,7.5
01bd24a7-28c2-373a-9caa-db569ae1d9b7, -12.774760, -58.965710,2026-05-06 17:28:00,NOAA-21,CAMPOS DE JÚLIO,MATO GROSSO,Brasil,5102686,51,33,6,0.0,0.3,Cerrado,4.5
891108b6-1490-3b9a-a3c1-324fcbc32048, -10.902960, -49.672770,2026-05-06 17:28:00,NOAA-21,LAGOA DA CONFUSÃO,TOCANTINS,Brasil,1711902,17,33,2,0.0,0.79,Cerrado,46.2
dfa4f6a1-fb82-3278-a5f0-a354022e5a7c, -14.509210, -59.279250,2026-05-06 17:28:00,NOAA-21,CONQUISTA D'OESTE,MATO GROSSO,Brasil,5103361,51,33,5,0.0,0.35,Cerrado,3.5
c58134a1-d9c7-3eb2-ac2d-f95cd0f515bd, -13.853930, -48.181910,2026-05-06 17:28:00,NOAA-21,COLINAS DO SUL,GOIÁS,Brasil,5205521,52,33,9,0.0,0.4,Cerrado,7.9
d74d5a62-33ea-31d7-91a1-971555f69364, -12.931470, -52.543440,2026-05-06 17:28:00,NOAA-21,CANARANA,MATO GROSSO,Brasil,5102702,51,33,8,0.0,0.48,Amazônia,6.4
29d21055-5963-304a-87ed-530e38c3b8c4, -12.767620, -58.963220,2026-05-06 17:28:00,NOAA-21,CAMPOS DE JÚLIO,MATO GROSSO,Brasil,5102686,51,33,6,0.0,0.3,Cerrado,33.2
ec5d7e45-f8b4-3c1a-8aff-bcf0fe01e5fd, -14.066880, -47.790440,2026-05-06 17:28:00,NOAA-21,CAVALCANTE,GOIÁS,Brasil,5205307,52,33,8,0.0,0.48,Cerrado,7.0
c3d64c7e-1ab7-3682-bb23-adcfd62dc65b, -14.489830, -59.263670,2026-05-06 17:28:00,NOAA-21,CONQUISTA D'OESTE,MATO GROSSO,Brasil,5103361,51,33,6,0.0,0.29,Cerrado,5.8
e2a810fb-ec2c-3c09-997e-e7b0c4bce01f, -13.015680, -49.549580,2026-05-06 17:28:00,NOAA-21,ARAGUAÇU,TOCANTINS,Brasil,1702000,17,33,18,0.0,1.0,Cerrado,4.6
3e45ceb7-dcb5-3e17-911b-8e0c25c1ec57, -10.628370, -47.022350,2026-05-06 17:28:00,NOAA-21,PONTE ALTA DO TOCANTINS,TOCANTINS,Brasil,1717909,17,33,8,0.0,0.48,Cerrado,19.5
07c53cdb-74ac-38a4-943c-d359b4607241, -13.655150, -45.555110,2026-05-06 17:28:00,NOAA-21,CORRENTINA,BAHIA,Brasil,2909307,29,33,25,0.0,0.88,Cerrado,8.0
0e9e4745-d17f-3aaa-a764-0c0fd329ccb1,  -9.404060, -50.688620,2026-05-06 17:28:00,NOAA-21,SANTANA DO ARAGUAIA,PARÁ,Brasil,1506708,15,33,5,0.0,0.92,Amazônia,3.8
8cc40836-8936-32f1-8eec-2d4e4acdad19, -11.295560, -48.262120,2026-05-06 17:28:00,NOAA-21,SANTA ROSA DO TOCANTINS,TOCANTINS,Brasil,1718907,17,33,7,0.0,0.22,Cerrado,3.9
0ac4b667-db7a-3466-a0f7-56c8c54bdaef, -11.187350, -46.775470,2026-05-06 17:28:00,NOAA-21,ALMAS,TOCANTINS,Brasil,1700400,17,33,8,0.0,0.39,Cerrado,7.3
188c6dc3-c442-3db6-918a-301449fd6631, -10.288910, -56.411480,2026-05-06 17:28:00,NOAA-21,ALTA FLORESTA,MATO GROSSO,Brasil,5100250,51,33,4,0.0,0.42,Amazônia,5.7
97254b5c-6478-3c87-93b8-25f4be5aa1d1, -12.990960, -54.678470,2026-05-06 17:28:00,NOAA-21,NOVA UBIRATÃ,MATO GROSSO,Brasil,5106240,51,33,6,0.0,0.09,Amazônia,15.8
9538ae05-6c7a-30c0-8253-8edefc40d64d,  -9.408610, -50.684760,2026-05-06 17:28:00,NOAA-21,SANTANA DO ARAGUAIA,PARÁ,Brasil,1506708,15,33,5,0.0,0.69,Amazônia,35.5
56a505ce-cc3d-3793-baae-f0f3a57695f2, -13.680420, -52.926950,2026-05-06 17:28:00,NOAA-21,ÁGUA BOA,MATO GROSSO,Brasil,5100201,51,33,13,0.0,0.43,Cerrado,7.4
284dd866-fd5a-350a-8ab8-1ebcf02a25eb, -13.396300, -49.599880,2026-05-06 17:28:00,NOAA-21,PORANGATU,GOIÁS,Brasil,5218003,52,33,13,0.0,1.0,Cerrado,5.8
8c374e07-4027-3985-8aea-497f43d2cc3f, -10.685230, -47.028990,2026-05-06 17:28:00,NOAA-21,PONTE ALTA DO TOCANTINS,TOCANTINS,Brasil,1717909,17,33,8,0.0,0.47,Cerrado,6.9
24a40ca9-9bc6-3a91-a14d-f426cf91fd89, -10.925620, -49.856180,2026-05-06 17:28:00,NOAA-21,LAGOA DA CONFUSÃO,TOCANTINS,Brasil,1711902,17,33,5,0.0,0.77,Cerrado,16.3
b1f96c45-0800-3f1e-909c-f3176d31f3d0, -10.790280, -49.678780,2026-05-06 17:28:00,NOAA-21,LAGOA DA CONFUSÃO,TOCANTINS,Brasil,1711902,17,33,4,0.0,0.55,Cerrado,4.6
be51f340-4a06-3553-a83a-ce0cf016015a, -14.504270, -59.268880,2026-05-06 17:28:00,NOAA-21,CONQUISTA D'OESTE,MATO GROSSO,Brasil,5103361,51,33,6,0.0,0.28,Cerrado,5.5
8546e638-9da3-3c12-9581-8e64777264c6,  -9.261160, -49.252780,2026-05-06 17:28:00,NOAA-21,DOIS IRMÃOS DO TOCANTINS,TOCANTINS,Brasil,1707207,17,33,8,0.0,0.2,Cerrado,16.9
fb3f2f50-04f4-347c-9967-5d89e1443f52, -13.841010, -48.174540,2026-05-06 17:28:00,NOAA-21,COLINAS DO SUL,GOIÁS,Brasil,5205521,52,33,9,0.0,0.39,Cerrado,7.1
d3cb888a-3a91-3dce-acae-6fd9b2534d36, -13.699410, -52.603280,2026-05-06 17:28:00,NOAA-21,ÁGUA BOA,MATO GROSSO,Brasil,5100201,51,33,7,0.0,0.42,Cerrado,9.1
a72bfea8-6437-3de8-9bd2-e4801150d352, -14.862450, -48.542900,2026-05-06 17:28:00,NOAA-21,NIQUELÂNDIA,GOIÁS,Brasil,5214606,52,33,24,0.0,0.48,Cerrado,3.4
b7a47c71-4124-39da-9cda-0441057d1cdf, -12.342550, -50.011900,2026-05-06 17:28:00,NOAA-21,SANDOLÂNDIA,TOCANTINS,Brasil,1718840,17,33,7,0.0,0.46,Cerrado,10.1
3de76ba1-c886-382f-98e6-149f1f0160fa, -10.653460, -46.966660,2026-05-06 17:28:00,NOAA-21,PONTE ALTA DO TOCANTINS,TOCANTINS,Brasil,1717909,17,33,8,0.0,0.47,Cerrado,4.4
8e0d747e-202d-3be4-bf26-c20c86c82e6e,  -8.759200, -48.292510,2026-05-06 17:28:00,NOAA-21,GUARAÍ,TOCANTINS,Brasil,1709302,17,33,3,0.0,0.17,Cerrado,6.8
ef0256c7-3ab9-3ca2-b20e-e6c3f5d75dea, -11.604800, -48.057000,2026-05-06 17:28:00,NOAA-21,CHAPADA DA NATIVIDADE,TOCANTINS,Brasil,1705102,17,33,8,0.0,0.43,Cerrado,38.7
f5c21fdf-a989-3b13-89bc-aacdb797e776, -11.437650, -55.100850,2026-05-06 17:28:00,NOAA-21,CLÁUDIA,MATO GROSSO,Brasil,5103056,51,33,7,0.0,0.11,Amazônia,7.5
bb4b7b0a-1a15-3c58-82f3-b21171b3e4ca, -14.198220, -55.492820,2026-05-06 17:28:00,NOAA-21,NOBRES,MATO GROSSO,Brasil,5105903,51,33,7,0.0,0.15,Cerrado,5.6
1d6683fd-a12e-3237-88d8-7db4463102ae, -13.401370, -49.598890,2026-05-06 17:28:00,NOAA-21,PORANGATU,GOIÁS,Brasil,5218003,52,33,13,0.0,1.0,Cerrado,5.8
3ad0ea70-db40-30bf-bcd2-c3deaa278fb9, -12.758220, -58.968300,2026-05-06 17:28:00,NOAA-21,CAMPOS DE JÚLIO,MATO GROSSO,Brasil,5102686,51,33,5,0.0,0.31,Cerrado,3.2
ba32da0a-ba7d-3dcd-823b-76336c7f87b5, -12.500030, -58.476580,2026-05-06 17:28:00,NOAA-21,SAPEZAL,MATO GROSSO,Brasil,5107875,51,33,7,0.0,0.12,Cerrado,108.4
085587af-764c-3a64-a1c0-1b58ae8317e7, -13.691860, -52.584610,2026-05-06 17:28:00,NOAA-21,ÁGUA BOA,MATO GROSSO,Brasil,5100201,51,33,7,0.0,0.81,Cerrado,77.2
4f09b9f2-2531-32d8-91a0-6213594bab67, -12.272970, -49.995990,2026-05-06 17:28:00,NOAA-21,SANDOLÂNDIA,TOCANTINS,Brasil,1718840,17,33,3,0.0,0.67,Cerrado,5.0
17b616e5-875a-346a-8939-99a09cfeee42, -13.397950, -49.598350,2026-05-06 17:28:00,NOAA-21,PORANGATU,GOIÁS,Brasil,5218003,52,33,13,0.0,1.0,Cerrado,12.4
1a765bd9-fdcc-3aa0-a272-89bf3581ab71, -13.178890, -52.689640,2026-05-06 17:28:00,NOAA-21,CANARANA,MATO GROSSO,Brasil,5102702,51,33,7,0.0,0.2,Amazônia,48.2
aa23486b-9693-3899-b96e-8b10ed387ea5, -13.182350, -52.684890,2026-05-06 17:28:00,NOAA-21,CANARANA,MATO GROSSO,Brasil,5102702,51,33,7,0.0,0.2,Amazônia,48.2
4432147a-e291-3b91-8a5c-e87ae8a10549, -10.934600, -49.437190,2026-05-06 17:28:00,NOAA-21,SANTA RITA DO TOCANTINS,TOCANTINS,Brasil,1718899,17,33,2,0.0,0.26,Cerrado,8.6
1efefc06-be8e-36f3-8ca1-aaf89bb6e112, -10.818960, -49.336750,2026-05-06 17:28:00,NOAA-21,SANTA RITA DO TOCANTINS,TOCANTINS,Brasil,1718899,17,33,3,0.0,0.2,Cerrado,9.3
99a22603-e578-376c-aeee-808cb11d0530, -10.884040, -49.659090,2026-05-06 17:28:00,NOAA-21,LAGOA DA CONFUSÃO,TOCANTINS,Brasil,1711902,17,33,2,0.0,0.75,Cerrado,2.3
ab53dd05-fd7a-350c-9dbe-99cc270feb93, -10.928470, -49.842200,2026-05-06 17:28:00,NOAA-21,LAGOA DA CONFUSÃO,TOCANTINS,Brasil,1711902,17,33,5,0.0,0.86,Cerrado,6.1
e158050f-a3ef-343a-a9b1-bc38a333612a, -14.204790, -57.422700,2026-05-06 17:28:00,NOAA-21,NOVA MARILÂNDIA,MATO GROSSO,Brasil,5108857,51,33,6,0.0,0.19,Amazônia,11.0
1a480ac6-9d7c-3997-9be7-592d2681643d, -14.407960, -56.315370,2026-05-06 17:28:00,NOAA-21,DIAMANTINO,MATO GROSSO,Brasil,5103502,51,33,6,0.0,0.24,Cerrado,14.4
abcd5220-bd44-32cb-b209-74c84a9583bb, -11.413180, -49.680530,2026-05-06 17:28:00,NOAA-21,FORMOSO DO ARAGUAIA,TOCANTINS,Brasil,1708205,17,33,7,0.0,0.32,Cerrado,10.7
11ba618e-c63e-307c-96c3-d0eceb7e36ec, -13.848400, -48.182950,2026-05-06 17:28:00,NOAA-21,COLINAS DO SUL,GOIÁS,Brasil,5205521,52,33,9,0.0,0.39,Cerrado,7.9
1d8b6434-5512-38a7-98d7-0c2c8d3021f2, -12.496190, -58.473590,2026-05-06 17:28:00,NOAA-21,SAPEZAL,MATO GROSSO,Brasil,5107875,51,33,8,0.0,0.12,Cerrado,403.2
40a7c004-54fd-385d-91fe-4776bf2f4289, -10.713690, -56.232670,2026-05-06 17:28:00,NOAA-21,NOVA CANAÃ DO NORTE,MATO GROSSO,Brasil,5106216,51,33,0,0.0,0.08,Amazônia,7.6
46ba3ab3-197c-3265-b5fc-41fad1880b57, -14.461800, -59.253460,2026-05-06 17:28:00,NOAA-21,CONQUISTA D'OESTE,MATO GROSSO,Brasil,5103361,51,33,6,0.0,0.3,Cerrado,6.9
249d2d90-c531-32a7-b6a2-cbb7860a1ad9, -14.125240, -45.352040,2026-05-06 17:28:00,NOAA-21,JABORANDI,BAHIA,Brasil,2917359,29,33,25,0.0,0.81,Cerrado,30.4
f28103da-e1f1-39d7-b46b-59bb1fd7cfa4,  -9.261850, -49.256520,2026-05-06 17:28:00,NOAA-21,DOIS IRMÃOS DO TOCANTINS,TOCANTINS,Brasil,1707207,17,33,8,0.0,0.19,Cerrado,16.9
4753d7b9-4b33-3a44-8e29-7a099ca2aaba, -14.411960, -56.318550,2026-05-06 17:28:00,NOAA-21,DIAMANTINO,MATO GROSSO,Brasil,5103502,51,33,6,0.0,0.34,Cerrado,11.3
7044790b-e5e4-3508-a9df-8c795c79504c, -11.916970, -54.107200,2026-05-06 17:28:00,NOAA-21,FELIZ NATAL,MATO GROSSO,Brasil,5103700,51,33,8,0.0,0.16,Amazônia,3.9
a1b276e8-96e5-3a80-930d-b806668ec9af, -13.827990, -49.392970,2026-05-06 17:28:00,NOAA-21,AMARALINA,GOIÁS,Brasil,5200829,52,33,18,0.0,0.88,Cerrado,11.9
3bfb9586-ab44-35e3-ac07-3cfe17b6366e, -14.138270, -45.349400,2026-05-06 17:28:00,NOAA-21,JABORANDI,BAHIA,Brasil,2917359,29,33,26,0.0,0.8,Cerrado,15.1
ef249732-5689-3cfb-b5f1-64ce31cf4589, -10.611210, -49.824280,2026-05-06 17:28:00,NOAA-21,LAGOA DA CONFUSÃO,TOCANTINS,Brasil,1711902,17,33,6,0.0,0.62,Cerrado,7.7
9d14f822-38b8-3a91-85f1-c6bbedb2772e, -12.295760, -57.570550,2026-05-06 17:28:00,NOAA-21,NOVA MARINGÁ,MATO GROSSO,Brasil,5108907,51,33,6,0.0,0.06,Amazônia,14.6
a87f7d01-b39d-31f4-89c1-90bde942d8cf, -12.390030, -46.320270,2026-05-06 17:28:00,NOAA-21,TAGUATINGA,TOCANTINS,Brasil,1720903,17,33,8,0.0,0.4,Cerrado,12.1
010bb7ba-a105-3841-8ad3-3115f9a4444e,  -9.370280, -48.804660,2026-05-06 17:28:00,NOAA-21,DOIS IRMÃOS DO TOCANTINS,TOCANTINS,Brasil,1707207,17,33,5,0.0,0.67,Cerrado,9.9
c2649b7d-8078-3bc2-a04d-6689cb85c9b8,  -9.409150, -50.687790,2026-05-06 17:28:00,NOAA-21,SANTANA DO ARAGUAIA,PARÁ,Brasil,1506708,15,33,5,0.0,0.64,Amazônia,29.0
becc0420-640e-3b5a-b625-01817037d1f2, -13.400790, -49.595860,2026-05-06 17:28:00,NOAA-21,PORANGATU,GOIÁS,Brasil,5218003,52,33,13,0.0,1.0,Cerrado,5.8
da8f67f6-8b32-31bc-ae8e-0984303983bf, -11.799410, -56.964750,2026-05-06 17:28:00,NOAA-21,PORTO DOS GAÚCHOS,MATO GROSSO,Brasil,5106802,51,33,6,0.0,0.09,Amazônia,6.5
1e524d1a-a325-39f2-9ce2-faab8c68db88, -11.603980, -48.052800,2026-05-06 17:28:00,NOAA-21,CHAPADA DA NATIVIDADE,TOCANTINS,Brasil,1705102,17,33,8,0.0,0.39,Cerrado,27.6
682474d3-1598-31b1-98a6-e8b9129f26a9, -10.902350, -49.669410,2026-05-06 17:28:00,NOAA-21,LAGOA DA CONFUSÃO,TOCANTINS,Brasil,1711902,17,33,1,0.0,0.79,Cerrado,30.3
2dd9c521-9e15-3ec2-865e-8c7655b0cf1e, -10.939950, -49.436140,2026-05-06 17:28:00,NOAA-21,SANTA RITA DO TOCANTINS,TOCANTINS,Brasil,1718899,17,33,2,0.0,0.26,Cerrado,8.6
78d2ef82-3865-3105-a5d7-2cbc57fc26a2, -12.493420, -58.477630,2026-05-06 17:28:00,NOAA-21,SAPEZAL,MATO GROSSO,Brasil,5107875,51,33,8,0.0,0.12,Cerrado,233.5
3f9db8bd-394f-319b-a7a8-ec3b08461bdf, -14.490360, -59.267310,2026-05-06 17:28:00,NOAA-21,CONQUISTA D'OESTE,MATO GROSSO,Brasil,5103361,51,33,6,0.0,0.29,Cerrado,5.8
477c2de5-609d-3831-bcdf-80fdfd3dcbbd, -11.064850, -49.126930,2026-05-06 17:28:00,NOAA-21,SANTA RITA DO TOCANTINS,TOCANTINS,Brasil,1718899,17,33,7,0.0,0.56,Cerrado,12.9
ec94a3fe-aa7a-3079-9c62-77a1deec9d6b, -14.465150, -59.252950,2026-05-06 17:28:00,NOAA-21,CONQUISTA D'OESTE,MATO GROSSO,Brasil,5103361,51,33,6,0.0,0.3,Cerrado,18.3
32905ad4-af28-3c7e-bb7f-b624ba5f4e0d, -13.815050, -48.159290,2026-05-06 17:28:00,NOAA-21,COLINAS DO SUL,GOIÁS,Brasil,5205521,52,33,8,0.0,0.39,Cerrado,5.7
6830487b-bfbc-3eeb-a0e9-b5029c63badf, -10.625910, -47.025030,2026-05-06 17:28:00,NOAA-21,PONTE ALTA DO TOCANTINS,TOCANTINS,Brasil,1717909,17,33,8,0.0,0.48,Cerrado,8.6
40bdb4d8-92c9-3233-b707-5b9f948946b4, -12.755970, -58.975860,2026-05-06 17:28:00,NOAA-21,CAMPOS DE JÚLIO,MATO GROSSO,Brasil,5102686,51,33,6,0.0,0.31,Cerrado,4.6
f35b445b-57c4-39b7-a02a-97dedd78981f, -12.428280, -54.471350,2026-05-06 17:28:00,NOAA-21,NOVA UBIRATÃ,MATO GROSSO,Brasil,5106240,51,33,6,0.0,0.75,Amazônia,10.3
9c3fd88b-7d8b-3c05-a801-d6a9811b408a, -12.271920, -49.997520,2026-05-06 17:28:00,NOAA-21,SANDOLÂNDIA,TOCANTINS,Brasil,1718840,17,33,3,0.0,0.71,Cerrado,8.4
e989c3c3-5866-3508-89b8-98f494fbbfc5, -13.302050, -49.998670,2026-05-06 17:28:00,NOAA-21,SÃO MIGUEL DO ARAGUAIA,GOIÁS,Brasil,5220207,52,33,16,0.0,0.98,Cerrado,5.4
5d317e0f-461b-30de-8e53-c34b8f27a12a, -11.894170, -49.698000,2026-05-06 17:28:00,NOAA-21,FORMOSO DO ARAGUAIA,TOCANTINS,Brasil,1708205,17,33,7,0.0,0.83,Cerrado,3.5
4c399949-7661-3992-99a1-5822369c9ece, -10.640940, -46.969350,2026-05-06 17:28:00,NOAA-21,PONTE ALTA DO TOCANTINS,TOCANTINS,Brasil,1717909,17,33,8,0.0,0.48,Cerrado,9.6
3afa436c-eb3e-3356-a414-291c0d17af83, -10.718580, -49.792480,2026-05-06 17:28:00,NOAA-21,LAGOA DA CONFUSÃO,TOCANTINS,Brasil,1711902,17,33,5,0.0,0.64,Cerrado,12.9
181b5671-7643-33a1-bd83-b9084bdf3cd5, -12.756500, -58.979390,2026-05-06 17:28:00,NOAA-21,CAMPOS DE JÚLIO,MATO GROSSO,Brasil,5102686,51,33,6,0.0,0.31,Cerrado,4.6
d401348b-3f64-3c81-b9f5-263822099fe0, -12.989780, -54.679910,2026-05-06 17:28:00,NOAA-21,NOVA UBIRATÃ,MATO GROSSO,Brasil,5106240,51,33,6,0.0,0.09,Amazônia,20.0
cdb6b8b0-0436-30fc-99dd-c8fb3de24140, -12.934980, -52.538620,2026-05-06 17:28:00,NOAA-21,CANARANA,MATO GROSSO,Brasil,5102702,51,33,8,0.0,0.96,Amazônia,10.9
c5f87cb2-cd40-3e87-80a1-8390450c34ce,  -9.386030, -48.413640,2026-05-06 17:28:00,NOAA-21,MIRACEMA DO TOCANTINS,TOCANTINS,Brasil,1713205,17,33,8,0.0,0.33,Cerrado,13.0
4b4bb739-f7f2-39a8-9b49-03fe81e8aacf, -11.917410, -54.104430,2026-05-06 17:28:00,NOAA-21,FELIZ NATAL,MATO GROSSO,Brasil,5103700,51,33,8,0.0,0.26,Amazônia,9.3
016bb85e-c814-3adf-8cc3-6601163eb4a2, -14.007190, -56.620810,2026-05-06 17:28:00,NOAA-21,DIAMANTINO,MATO GROSSO,Brasil,5103502,51,33,6,0.0,0.15,Cerrado,5.0
dcf1f936-bd5b-3497-8f0a-ea7c35027e9e, -12.023090, -47.767580,2026-05-06 17:28:00,NOAA-21,NATIVIDADE,TOCANTINS,Brasil,1714203,17,33,9,0.0,0.43,Cerrado,6.8
172094f1-4e3b-3d32-a041-113b2c818c5a, -12.503330, -58.476060,2026-05-06 17:28:00,NOAA-21,SAPEZAL,MATO GROSSO,Brasil,5107875,51,33,8,0.0,0.12,Cerrado,108.4
b6fc17d2-b90c-37f2-9639-fd7af0ec0043, -14.287840, -52.061860,2026-05-06 17:28:00,NOAA-21,NOVA NAZARÉ,MATO GROSSO,Brasil,5106174,51,33,19,0.0,0.74,Cerrado,10.9
1b0dde0f-6297-3698-b16f-ffa952ff9097, -10.113580, -48.810460,2026-05-06 17:28:00,NOAA-21,PARAÍSO DO TOCANTINS,TOCANTINS,Brasil,1716109,17,33,8,0.0,0.7,Cerrado,4.4
b9f60e8d-7007-35ef-bdd1-c47cb7ba4445, -10.647190, -46.967960,2026-05-06 17:28:00,NOAA-21,PONTE ALTA DO TOCANTINS,TOCANTINS,Brasil,1717909,17,33,8,0.0,0.46,Cerrado,9.6
1194c621-0109-3112-bcad-03ef322bcd28, -14.287100, -52.062540,2026-05-06 17:28:00,NOAA-21,NOVA NAZARÉ,MATO GROSSO,Brasil,5106174,51,33,19,0.0,0.74,Cerrado,8.4
1dc079a2-5ab5-3b93-82f7-3a3c79a2094b,  -8.554600, -51.563880,2026-05-06 17:28:00,NOAA-21,CUMARU DO NORTE,PARÁ,Brasil,1502764,15,33,2,0.0,0.38,Amazônia,7.4
0df6b96a-d79c-3c03-8488-4cf2b26b507f, -12.770390, -58.959180,2026-05-06 17:28:00,NOAA-21,CAMPOS DE JÚLIO,MATO GROSSO,Brasil,5102686,51,33,6,0.0,0.29,Cerrado,9.9
071abf57-4c20-3a9e-b8f0-78e252eb6275, -12.774230, -58.962190,2026-05-06 17:28:00,NOAA-21,CAMPOS DE JÚLIO,MATO GROSSO,Brasil,5102686,51,33,6,0.0,0.3,Cerrado,9.9
c21d7d89-26af-3a97-8de7-9eae3545a71f, -12.288500, -57.546020,2026-05-06 17:28:00,NOAA-21,NOVA MARINGÁ,MATO GROSSO,Brasil,5108907,51,33,6,0.0,0.11,Amazônia,9.7
4d780fe5-b39a-33f8-8d35-9454c52960a1, -12.150830, -54.648160,2026-05-06 17:28:00,NOAA-21,FELIZ NATAL,MATO GROSSO,Brasil,5103700,51,33,6,0.0,0.08,Amazônia,17.1
04bf706e-1277-35bb-833c-0ded1c04f7e4, -14.465680, -59.256580,2026-05-06 17:28:00,NOAA-21,CONQUISTA D'OESTE,MATO GROSSO,Brasil,5103361,51,33,6,0.0,0.3,Cerrado,18.3
253407db-e42f-3764-b485-625086143431,  -9.630620, -47.467620,2026-05-06 17:28:00,NOAA-21,RIO SONO,TOCANTINS,Brasil,1718758,17,33,8,0.0,0.36,Cerrado,10.4
e5384360-f46b-3c65-8409-cbf0e2325242, -10.627540, -49.826660,2026-05-06 17:28:00,NOAA-21,LAGOA DA CONFUSÃO,TOCANTINS,Brasil,1711902,17,33,6,0.0,0.66,Cerrado,4.5
242a7743-0b7c-35e6-a4a4-88274523f76a, -12.506630, -58.475540,2026-05-06 17:28:00,NOAA-21,SAPEZAL,MATO GROSSO,Brasil,5107875,51,33,8,0.0,0.12,Cerrado,5.9
f49a8e66-753f-3f44-b86d-571bb20d9195, -10.674980, -47.009840,2026-05-06 17:28:00,NOAA-21,PONTE ALTA DO TOCANTINS,TOCANTINS,Brasil,1717909,17,33,8,0.0,0.47,Cerrado,22.5
0998170a-5b0e-3320-a303-b93c269c6bdf, -12.267370, -49.993960,2026-05-06 17:28:00,NOAA-21,SANDOLÂNDIA,TOCANTINS,Brasil,1718840,17,33,3,0.0,0.9,Cerrado,5.0
ba99cf6e-898c-3b5d-b254-15ae36525e96, -12.759280, -58.975350,2026-05-06 17:28:00,NOAA-21,CAMPOS DE JÚLIO,MATO GROSSO,Brasil,5102686,51,33,6,0.0,0.31,Cerrado,8.7
99379e74-c574-3873-9cca-cb8a3a9b9d13, -12.266300, -49.995490,2026-05-06 17:28:00,NOAA-21,SANDOLÂNDIA,TOCANTINS,Brasil,1718840,17,33,2,0.0,0.95,Cerrado,10.1
2bb95c43-d8a0-3ed9-9ed8-b81f83f974b3, -14.558090, -58.942580,2026-05-06 17:28:00,NOAA-21,TANGARÁ DA SERRA,MATO GROSSO,Brasil,5107958,51,33,6,0.0,0.22,Cerrado,31.1
5251d456-0307-3d45-98ec-cfada6c5ba6f, -10.906290, -49.667720,2026-05-06 17:28:00,NOAA-21,LAGOA DA CONFUSÃO,TOCANTINS,Brasil,1711902,17,33,2,0.0,0.75,Cerrado,25.6
1c5a2baf-04ed-3d0f-a69e-7d5602c5f94d, -13.696690, -52.587750,2026-05-06 17:28:00,NOAA-21,ÁGUA BOA,MATO GROSSO,Brasil,5100201,51,33,7,0.0,0.61,Cerrado,18.5
64bfdca9-bfc7-3c9f-bd03-8948bc27efbd, -11.434950, -55.100030,2026-05-06 17:28:00,NOAA-21,CLÁUDIA,MATO GROSSO,Brasil,5103056,51,33,7,0.0,0.11,Amazônia,6.9
f1a3b8c1-4e5e-3d7a-b885-c5de34d33fed, -12.493960, -58.481140,2026-05-06 17:28:00,NOAA-21,SAPEZAL,MATO GROSSO,Brasil,5107875,51,33,8,0.0,0.12,Cerrado,233.5
b9560530-666a-341b-877f-1c7cea01ffd2, -10.622910, -49.828860,2026-05-06 17:28:00,NOAA-21,LAGOA DA CONFUSÃO,TOCANTINS,Brasil,1711902,17,33,6,0.0,0.65,Cerrado,4.9
f78c6761-026f-38eb-bb23-cbd840459821, -13.769890, -45.396470,2026-05-06 17:28:00,NOAA-21,JABORANDI,BAHIA,Brasil,2917359,29,33,18,0.0,0.89,Cerrado,9.5
c691bb2e-b084-3654-bf7f-baff69ac3e0e, -14.027290, -47.593350,2026-05-06 17:28:00,NOAA-21,CAVALCANTE,GOIÁS,Brasil,5205307,52,33,9,0.0,0.56,Cerrado,6.2
7cce7c47-f0ff-33c9-bb5b-68247a4971fc, -10.629340, -47.027410,2026-05-06 17:28:00,NOAA-21,PONTE ALTA DO TOCANTINS,TOCANTINS,Brasil,1717909,17,33,8,0.0,0.48,Cerrado,19.4
0fe24ef3-8ccf-38d6-ad9b-ea50aeb46486, -11.070310, -49.125880,2026-05-06 17:28:00,NOAA-21,SANTA RITA DO TOCANTINS,TOCANTINS,Brasil,1718899,17,33,7,0.0,0.63,Cerrado,4.4
435f4fa4-600f-3383-9075-d854e1eca2fe, -11.778190, -49.720580,2026-05-06 17:28:00,NOAA-21,FORMOSO DO ARAGUAIA,TOCANTINS,Brasil,1708205,17,33,7,0.0,0.84,Cerrado,7.2
948e14bd-1b95-3acc-888c-c1c73991c237, -14.028800, -47.600840,2026-05-06 17:28:00,NOAA-21,CAVALCANTE,GOIÁS,Brasil,5205307,52,33,9,0.0,0.46,Cerrado,8.0
b660447a-99fe-323e-9558-d8a6e4bb1715, -10.678220, -46.993110,2026-05-06 17:28:00,NOAA-21,PONTE ALTA DO TOCANTINS,TOCANTINS,Brasil,1717909,17,33,8,0.0,0.47,Cerrado,7.5
6c60e5da-167a-3dfc-a061-223e48e16440, -10.682070, -47.046030,2026-05-06 17:28:00,NOAA-21,PONTE ALTA DO TOCANTINS,TOCANTINS,Brasil,1717909,17,33,8,0.0,0.47,Cerrado,5.3
d2ee911a-5a63-317e-ad41-ab34770d8f7a,  -9.635070, -47.466800,2026-05-06 17:28:00,NOAA-21,RIO SONO,TOCANTINS,Brasil,1718758,17,33,8,0.0,0.36,Cerrado,13.3
ee0b1a07-314d-39a0-8708-579451b40fe6, -13.855560, -48.190190,2026-05-06 17:28:00,NOAA-21,COLINAS DO SUL,GOIÁS,Brasil,5205521,52,33,9,0.0,0.4,Cerrado,13.6
6e5c75c2-6b2f-3830-8779-e71740b00bde,  -8.629210, -49.529320,2026-05-06 17:28:00,NOAA-21,CONCEIÇÃO DO ARAGUAIA,PARÁ,Brasil,1502707,15,33,3,0.0,0.44,Amazônia,19.2
2fa3c5aa-7f80-3684-9006-f6d60c0cf9cf, -12.504230, -45.432580,2026-05-06 17:28:00,NOAA-21,SÃO DESIDÉRIO,BAHIA,Brasil,2928901,29,33,17,0.0,0.63,Cerrado,28.5
e8b29386-1efe-35bb-9c6f-e717c068aab4, -10.881220, -49.673530,2026-05-06 17:28:00,NOAA-21,LAGOA DA CONFUSÃO,TOCANTINS,Brasil,1711902,17,33,2,0.0,0.8,Cerrado,8.1
270f1846-d7d3-3f7f-bbe3-e2cb78f082c7, -14.028120, -47.597470,2026-05-06 17:28:00,NOAA-21,CAVALCANTE,GOIÁS,Brasil,5205307,52,33,9,0.0,0.48,Cerrado,6.2
9b059571-5ddb-3091-ab09-565a7e0c7b60, -14.508680, -59.275620,2026-05-06 17:28:00,NOAA-21,CONQUISTA D'OESTE,MATO GROSSO,Brasil,5103361,51,33,6,0.0,0.32,Cerrado,3.5
3f2f67bf-1a51-340a-b8cc-c17b91fa441a, -14.070460, -47.749720,2026-05-06 17:28:00,NOAA-21,CAVALCANTE,GOIÁS,Brasil,5205307,52,33,8,0.0,0.36,Cerrado,4.6
44c4cea6-fd3c-35f8-8b59-a09a1e122f55, -10.797010, -49.715580,2026-05-06 17:28:00,NOAA-21,LAGOA DA CONFUSÃO,TOCANTINS,Brasil,1711902,17,33,4,0.0,0.73,Cerrado,3.6
82330bc6-ec0c-3ad7-b502-40a8647067c3, -12.775290, -58.969250,2026-05-06 17:28:00,NOAA-21,CAMPOS DE JÚLIO,MATO GROSSO,Brasil,5102686,51,33,6,0.0,0.32,Cerrado,4.5
aa2d727f-ee3c-365e-bd0f-ef51258f32de, -13.016270, -49.552690,2026-05-06 17:28:00,NOAA-21,ARAGUAÇU,TOCANTINS,Brasil,1702000,17,33,18,0.0,1.0,Cerrado,4.6
3e2a2e86-7d4b-34bf-bcfa-6e46626bc81e, -10.926220, -49.859420,2026-05-06 17:28:00,NOAA-21,LAGOA DA CONFUSÃO,TOCANTINS,Brasil,1711902,17,33,5,0.0,0.73,Cerrado,23.0
82291de6-5375-3e08-a95c-4dca7736987d, -10.788730, -49.789300,2026-05-06 17:28:00,NOAA-21,LAGOA DA CONFUSÃO,TOCANTINS,Brasil,1711902,17,33,3,0.0,0.64,Cerrado,19.1
23c2b0bc-6da6-3916-938e-148eb2ccec0b, -14.497580, -59.269900,2026-05-06 17:28:00,NOAA-21,CONQUISTA D'OESTE,MATO GROSSO,Brasil,5103361,51,33,6,0.0,0.29,Cerrado,18.8
73074cfd-b3f5-3600-a5fd-75288eba4613,  -9.344590, -47.090500,2026-05-06 17:28:00,NOAA-21,LIZARDA,TOCANTINS,Brasil,1712405,17,33,14,0.0,0.38,Cerrado,8.8
735f9558-99e8-3036-ae60-17cd5bc810fc,  -9.424910, -50.688030,2026-05-06 17:28:00,NOAA-21,SANTANA DO ARAGUAIA,PARÁ,Brasil,1506708,15,33,6,0.0,0.99,Amazônia,4.2
fd61c569-68de-39bc-8237-45f0517b3756,  -9.425450, -50.691050,2026-05-06 17:28:00,NOAA-21,SANTANA DO ARAGUAIA,PARÁ,Brasil,1506708,15,33,6,0.0,0.9,Amazônia,3.5
c81f1427-4bb7-3075-ab50-15c9207507d0, -10.677070, -47.020520,2026-05-06 17:28:00,NOAA-21,PONTE ALTA DO TOCANTINS,TOCANTINS,Brasil,1717909,17,33,8,0.0,0.47,Cerrado,14.9
e0903de8-c08a-3b69-b9ec-ad8c179b4d03, -10.624690, -49.838750,2026-05-06 17:28:00,NOAA-21,LAGOA DA CONFUSÃO,TOCANTINS,Brasil,1711902,17,33,6,0.0,0.64,Cerrado,9.5
c8504e05-ae7a-3022-8aa1-4040203b4566, -10.901010, -49.668730,2026-05-06 17:28:00,NOAA-21,LAGOA DA CONFUSÃO,TOCANTINS,Brasil,1711902,17,33,2,0.0,0.79,Cerrado,25.6
860e1136-10ea-3a80-9006-ae8968183250, -11.609790, -48.051790,2026-05-06 17:28:00,NOAA-21,CHAPADA DA NATIVIDADE,TOCANTINS,Brasil,1705102,17,33,8,0.0,0.43,Cerrado,65.1
ddd53566-1b75-3d20-9378-37f6d406a039, -10.901650, -49.672080,2026-05-06 17:28:00,NOAA-21,LAGOA DA CONFUSÃO,TOCANTINS,Brasil,1711902,17,33,2,0.0,0.79,Cerrado,29.6
453a5c82-6468-3ee5-aa23-d979ada572da, -14.026320, -47.588520,2026-05-06 17:28:00,NOAA-21,CAVALCANTE,GOIÁS,Brasil,5205307,52,33,9,0.0,0.61,Cerrado,14.0
6a6521a4-f22d-3598-9d64-fa3821dbaabb, -10.464020, -49.669950,2026-05-06 17:28:00,NOAA-21,PIUM,TOCANTINS,Brasil,1717503,17,33,7,0.0,0.19,Cerrado,4.1
087a4c71-5153-387a-aba3-7e52f6b71c0f, -12.499490, -58.473060,2026-05-06 17:28:00,NOAA-21,SAPEZAL,MATO GROSSO,Brasil,5107875,51,33,8,0.0,0.12,Cerrado,57.3
ff864d19-840f-3be0-8caf-9ab7272089e0, -10.626920, -49.823370,2026-05-06 17:28:00,NOAA-21,LAGOA DA CONFUSÃO,TOCANTINS,Brasil,1711902,17,33,6,0.0,0.65,Cerrado,4.5
dcf03da8-5a77-3a92-9a44-1b4313918e17, -11.806320, -56.986480,2026-05-06 17:28:00,NOAA-21,PORTO DOS GAÚCHOS,MATO GROSSO,Brasil,5106802,51,33,6,0.0,0.16,Amazônia,3.6
0fa6670d-ce1d-364e-923d-8ce16615b85f, -12.023950, -47.771980,2026-05-06 17:28:00,NOAA-21,NATIVIDADE,TOCANTINS,Brasil,1714203,17,33,9,0.0,0.43,Cerrado,6.8
e55c8a87-5b8b-3c10-af2a-0bc4f447b5c8, -10.907630, -49.668390,2026-05-06 17:28:00,NOAA-21,LAGOA DA CONFUSÃO,TOCANTINS,Brasil,1711902,17,33,2,0.0,0.71,Cerrado,30.3
067b47be-22cd-3c53-833f-63f077f9ed35, -12.773700, -58.958660,2026-05-06 17:28:00,NOAA-21,CAMPOS DE JÚLIO,MATO GROSSO,Brasil,5102686,51,33,6,0.0,0.28,Cerrado,9.9
1724f618-82ae-3b52-b537-ff0dd7158326, -12.765900, -58.974310,2026-05-06 17:28:00,NOAA-21,CAMPOS DE JÚLIO,MATO GROSSO,Brasil,5102686,51,33,6,0.0,0.3,Cerrado,27.4
45dec2a6-10cc-3d64-85d8-2260e995bc5a, -12.503860, -58.479580,2026-05-06 17:28:00,NOAA-21,SAPEZAL,MATO GROSSO,Brasil,5107875,51,33,8,0.0,0.12,Cerrado,108.4
845fa845-a148-3bd0-9ecf-931399ed4bda, -13.178200, -52.685680,2026-05-06 17:28:00,NOAA-21,CANARANA,MATO GROSSO,Brasil,5102702,51,33,7,0.0,0.2,Amazônia,48.2
939483a4-09e9-3082-8bca-5a75ec7e3777,  -6.666650, -47.548230,2026-05-06 17:30:00,NOAA-21,PALMEIRAS DO TOCANTINS,TOCANTINS,Brasil,1713809,17,33,3,0.0,0.71,Cerrado,33.9
602e7920-1628-32e9-9b8a-870e3c9527f3,  -7.341180, -49.788670,2026-05-06 17:30:00,NOAA-21,FLORESTA DO ARAGUAIA,PARÁ,Brasil,1503044,15,33,3,0.0,0.2,Amazônia,12.6
886368df-ef6b-3d3f-9eba-89d30ccf1e31,  -8.665180, -67.100460,2026-05-06 17:30:00,NOAA-21,LÁBREA,AMAZONAS,Brasil,1302405,13,33,0,0.5,0.01,Amazônia,7.8
a16b9ce8-e025-3a48-b8c3-c5e3f5cb1181,  -6.667680, -47.553830,2026-05-06 17:30:00,NOAA-21,PALMEIRAS DO TOCANTINS,TOCANTINS,Brasil,1713809,17,33,3,0.0,0.49,Cerrado,34.2
c8db636e-d81e-331d-94fc-3d7ddb4dcb71,  -7.275730, -46.790430,2026-05-06 17:30:00,NOAA-21,RIACHÃO,MARANHÃO,Brasil,2109502,21,33,5,0.0,0.41,Cerrado,24.5
d875719e-9c92-3ac4-886c-48a1737373cb,  -5.822890, -47.222920,2026-05-06 17:30:00,NOAA-21,MONTES ALTOS,MARANHÃO,Brasil,2107001,21,33,2,0.0,0.84,Cerrado,10.0
8f41ca41-17c1-31ac-be38-12d6bf15db7a,  -9.249780, -60.335590,2026-05-06 17:30:00,NOAA-21,COLNIZA,MATO GROSSO,Brasil,5103254,51,33,2,1.08,0.67,Amazônia,5.0
9201e105-ed90-36f5-857d-a06ede2a740d,  -7.256160, -49.340600,2026-05-06 17:30:00,NOAA-21,FLORESTA DO ARAGUAIA,PARÁ,Brasil,1503044,15,33,3,0.0,0.54,Amazônia,22.3
052ae609-94eb-3f65-9be1-3a2c78ea0adf,  -7.277000, -46.797210,2026-05-06 17:30:00,NOAA-21,RIACHÃO,MARANHÃO,Brasil,2109502,21,33,5,0.0,0.4,Cerrado,21.8
659f802c-a146-300b-a3bd-3b4a913bbdf1,  -6.788090, -48.801310,2026-05-06 17:30:00,NOAA-21,ARAGOMINAS,TOCANTINS,Brasil,1701309,17,33,3,0.0,0.41,Amazônia,7.8
a72067f5-28f1-343d-9c16-9b0fb0d778b8,  -7.320680, -46.201100,2026-05-06 17:30:00,NOAA-21,RIACHÃO,MARANHÃO,Brasil,2109502,21,33,12,0.0,0.58,Cerrado,10.6
76075a1b-351c-3e63-8095-db45c7622a4d, -10.038320, -63.044850,2026-05-06 17:30:00,NOAA-21,ARIQUEMES,RONDÔNIA,Brasil,1100023,11,33,2,5.37,-999.0,Amazônia,1.4
71ed448b-04c5-3a7f-a1ab-8f8e2a4598b5,  -6.534490, -51.138120,2026-05-06 17:30:00,NOAA-21,OURILÂNDIA DO NORTE,PARÁ,Brasil,1505437,15,33,3,0.0,0.33,Amazônia,3.8
e563fba7-a476-3f6a-9992-7944eb4229da, -12.782300, -58.970100,2026-05-06 17:30:00,GOES-19,CAMPOS DE JÚLIO,MATO GROSSO,Brasil,5102686,51,33,6,0.0,0.79,Cerrado,103.9
0825f11b-2b3c-378f-b9d9-27478ee15e40,   2.901660, -60.367490,2026-05-06 17:32:00,NOAA-21,BONFIM,RORAIMA,Brasil,1400159,14,33,0,1.07,0.15,Amazônia,2.7
39a53fae-8647-3949-8605-82970a53a856, -12.503500, -58.458200,2026-05-06 17:40:00,GOES-19,SAPEZAL,MATO GROSSO,Brasil,5107875,51,33,8,0.0,0.12,Cerrado,184.4
f97e8bc3-c68e-30e0-a07e-c8b58373b5e6, -12.782300, -58.970100,2026-05-06 17:40:00,GOES-19,CAMPOS DE JÚLIO,MATO GROSSO,Brasil,5102686,51,33,6,0.0,0.79,Cerrado,78.3
b07a1a2c-15a6-3933-9517-6e49f1709c3b, -12.503500, -58.458200,2026-05-06 17:50:00,GOES-19,SAPEZAL,MATO GROSSO,Brasil,5107875,51,33,8,0.0,0.12,Cerrado,45.3
86f11fe9-8524-3710-9911-2c8c3d208e39, -12.351200, -50.005000,2026-05-06 17:50:00,GOES-19,SANDOLÂNDIA,TOCANTINS,Brasil,1718840,17,33,7,0.0,0.46,Cerrado,77.8
3c14f416-d6e3-383d-ad0b-fcff2634aef8, -12.350800, -50.026600,2026-05-06 17:50:00,GOES-19,SANDOLÂNDIA,TOCANTINS,Brasil,1718840,17,33,7,0.0,0.47,Cerrado,65.2
abf9b033-682d-39cf-8829-83f68e49dceb, -13.169000, -52.694400,2026-05-06 17:50:00,GOES-19,CANARANA,MATO GROSSO,Brasil,5102702,51,33,7,0.0,0.44,Amazônia,78.1
bede6c61-c36a-3287-9c2e-9ec2541d67ea,  -5.793900, -45.126700,2026-05-06 17:50:00,GOES-19,BARRA DO CORDA,MARANHÃO,Brasil,2101608,21,33,2,0.0,0.28,Cerrado,146.9
cb40409f-44c7-31e4-a088-68c2a2aa89be, -18.784400, -51.946700,2026-05-06 17:50:00,GOES-19,APORÉ,GOIÁS,Brasil,5201504,52,33,7,0.0,1.0,Cerrado,135.8
cf203512-d258-3cde-8474-826ad75e4315, -14.495400, -59.263600,2026-05-06 17:50:00,GOES-19,CONQUISTA D'OESTE,MATO GROSSO,Brasil,5103361,51,33,6,0.0,0.29,Cerrado,54.6
0d7653c7-5345-3854-95fb-9067b0d5ebe6, -10.567100, -49.887900,2026-05-06 17:50:00,GOES-19,LAGOA DA CONFUSÃO,TOCANTINS,Brasil,1711902,17,33,7,0.0,0.56,Cerrado,45.3
47899257-b7eb-3def-9b4f-f8ae693f8cc0, -10.684900, -46.984600,2026-05-06 17:50:00,GOES-19,PONTE ALTA DO TOCANTINS,TOCANTINS,Brasil,1717909,17,33,8,0.0,0.47,Cerrado,71.6
7b5e1e2c-b4e0-3a2e-8c65-ac8e0869243e, -14.557000, -58.939900,2026-05-06 17:50:00,GOES-19,TANGARÁ DA SERRA,MATO GROSSO,Brasil,5107958,51,33,6,0.0,0.22,Cerrado,119.5
f4fea3f0-6bf7-3327-a984-21100d2c8903, -10.665900, -46.987000,2026-05-06 17:50:00,GOES-19,PONTE ALTA DO TOCANTINS,TOCANTINS,Brasil,1717909,17,33,8,0.0,0.48,Cerrado,54.5
9c5d40cb-f751-3586-8847-69c5e9f1efee, -10.647200, -46.966900,2026-05-06 17:50:00,GOES-19,PONTE ALTA DO TOCANTINS,TOCANTINS,Brasil,1717909,17,33,8,0.0,0.45,Cerrado,45.0
987f2bf1-dd2e-3eb8-8872-6958611fa77e, -12.782300, -58.970100,2026-05-06 17:50:00,GOES-19,CAMPOS DE JÚLIO,MATO GROSSO,Brasil,5102686,51,33,6,0.0,0.79,Cerrado,90.7
cbb56d9b-89b1-3aad-9c02-0d06517aeaa7, -30.056020, -50.798690,2026-05-06 17:56:00,NPP-375,VIAMÃO,RIO GRANDE DO SUL,Brasil,4323002,43,33,4,0.1,0.24,Pampa,0.2
8555b1e0-af57-338d-ae5d-d118adff6584, -29.841710, -51.560760,2026-05-06 17:56:00,NPP-375,TRIUNFO,RIO GRANDE DO SUL,Brasil,4322004,43,33,4,0.0,0.05,Pampa,7.5
9859310c-394a-3c79-ab34-e24e3b160212, -28.450600, -49.274930,2026-05-06 17:56:00,NPP-375,URUSSANGA,SANTA CATARINA,Brasil,4219002,42,33,0,0.1,0.02,Mata Atlântica,1.7
eed49a29-77f5-3583-bd58-8304c59d664d, -27.043090, -49.834730,2026-05-06 17:56:00,NPP-375,PRESIDENTE GETÚLIO,SANTA CATARINA,Brasil,4214003,42,33,2,0.0,0.21,Mata Atlântica,4.1
955e6776-d493-3669-8e8b-1c1b9124d5d6, -31.384040, -53.701000,2026-05-06 17:56:00,NPP-375,CANDIOTA,RIO GRANDE DO SUL,Brasil,4304358,43,33,3,19.3,0.0,Pampa,7.3
c24c2dfe-189e-3553-b62f-e0c53a1a7b65, -26.829570, -50.487240,2026-05-06 17:56:00,NPP-375,SANTA CECÍLIA,SANTA CATARINA,Brasil,4215505,42,33,2,0.0,0.04,Mata Atlântica,2.3
6c6efc2d-98ef-3d2d-ba31-835290c18b4c, -27.281260, -51.992750,2026-05-06 17:56:00,NPP-375,CONCÓRDIA,SANTA CATARINA,Brasil,4204301,42,33,2,0.0,0.01,Mata Atlântica,3.2
3e2aba05-5192-3597-b16d-8ee56110a727, -26.036610, -49.519210,2026-05-06 17:56:00,NPP-375,PIÊN,PARANÁ,Brasil,4119103,41,33,2,0.0,0.12,Mata Atlântica,15.3
a6dacc36-cbf7-307b-9525-1f2b94825456, -29.840840, -51.561430,2026-05-06 17:56:00,NPP-375,TRIUNFO,RIO GRANDE DO SUL,Brasil,4322004,43,33,4,0.0,0.05,Pampa,5.3
88c74263-e9d2-3f55-8cf7-a51bf8e7ee90, -27.282000, -51.996040,2026-05-06 17:56:00,NPP-375,CONCÓRDIA,SANTA CATARINA,Brasil,4204301,42,33,2,0.0,0.0,Mata Atlântica,2.2
4f54e11b-3fac-351c-b89d-f95b9a441492, -26.966320, -50.044630,2026-05-06 17:56:00,NPP-375,SALETE,SANTA CATARINA,Brasil,4215307,42,33,2,0.0,0.05,Mata Atlântica,2.8
6d949450-61cc-3858-9351-8f7c04887afc, -26.825870, -50.741540,2026-05-06 17:56:00,NPP-375,LEBON RÉGIS,SANTA CATARINA,Brasil,4209706,42,33,2,0.0,0.01,Mata Atlântica,4.8
559a9c4a-e5f9-3cc2-b3fd-dfd062f3619d, -31.383130, -53.696580,2026-05-06 17:56:00,NPP-375,CANDIOTA,RIO GRANDE DO SUL,Brasil,4304358,43,33,3,19.33,0.0,Pampa,7.3
76bfb2b0-e05e-3017-ab4b-c114f0014118, -29.153190, -56.254690,2026-05-06 17:56:00,NPP-375,ITAQUI,RIO GRANDE DO SUL,Brasil,4310603,43,33,3,0.52,0.76,Pampa,4.1
3869e660-fd13-30f9-984b-1b30cbf38bdc, -21.675260, -56.323270,2026-05-06 17:58:00,NPP-375,BELA VISTA,MATO GROSSO DO SUL,Brasil,5002100,50,33,3,0.0,1.0,Cerrado,11.1
aef78a02-4be9-3082-a733-1c87eeca5107, -19.891550, -56.949790,2026-05-06 17:58:00,NPP-375,MIRANDA,MATO GROSSO DO SUL,Brasil,5005608,50,33,3,0.0,0.48,Cerrado,3.6
8b2468a2-860c-3ac5-8777-c027e2b53edd, -20.288200, -51.365650,2026-05-06 17:58:00,NPP-375,APARECIDA DO TABOADO,MATO GROSSO DO SUL,Brasil,5001003,50,33,7,0.0,1.0,Mata Atlântica,5.9
8fec7e4b-1cd4-333a-a46d-18127a0a5a50, -22.614560, -52.894230,2026-05-06 17:58:00,NPP-375,DIAMANTE DO NORTE,PARANÁ,Brasil,4107108,41,33,3,0.0,0.89,Mata Atlântica,12.4
511127a5-3e06-3509-a349-993c313f6872, -22.242110, -56.073340,2026-05-06 17:58:00,NPP-375,ANTÔNIO JOÃO,MATO GROSSO DO SUL,Brasil,5000906,50,33,3,0.0,0.28,Cerrado,3.6
9bb01a53-b8a2-3681-b77c-b3ccd08e271d, -20.712730, -52.078880,2026-05-06 17:58:00,NPP-375,TRÊS LAGOAS,MATO GROSSO DO SUL,Brasil,5008305,50,33,4,0.0,1.0,Cerrado,3.8
04d9ac5b-cd1e-3619-8216-c6a8e8a4a18c, -20.289380, -51.370180,2026-05-06 17:58:00,NPP-375,APARECIDA DO TABOADO,MATO GROSSO DO SUL,Brasil,5001003,50,33,7,0.0,1.0,Mata Atlântica,4.3
f9e7bad3-9e81-3fe9-8fd7-d6cf58029765, -23.014280, -48.486110,2026-05-06 17:58:00,NPP-375,BOTUCATU,SÃO PAULO,Brasil,3507506,35,33,3,0.0,0.15,Cerrado,0.6
fd642a7c-1ca5-3598-8f32-af13e4d36151, -20.289260, -51.370330,2026-05-06 17:58:00,NPP-375,APARECIDA DO TABOADO,MATO GROSSO DO SUL,Brasil,5001003,50,33,7,0.0,1.0,Mata Atlântica,5.9
92e7c383-ec77-35ea-83a1-a4078ba08b17, -19.843070, -49.788570,2026-05-06 17:58:00,NPP-375,SÃO FRANCISCO DE SALES,MINAS GERAIS,Brasil,3161304,31,33,6,0.0,1.0,Mata Atlântica,6.1
a32b720a-88ca-3ceb-b5f3-51dbe95a90a7, -23.056620, -52.906930,2026-05-06 17:58:00,NPP-375,PLANALTINA DO PARANÁ,PARANÁ,Brasil,4119707,41,33,4,0.0,0.97,Mata Atlântica,2.1
43251f50-69fa-37de-9514-3e6b6ad4cf66, -18.781940, -51.945610,2026-05-06 17:58:00,NPP-375,APORÉ,GOIÁS,Brasil,5201504,52,33,7,0.0,1.0,Cerrado,13.1
886e9739-e708-3377-9a49-1cd3ef080d55, -22.613040, -52.887180,2026-05-06 17:58:00,NPP-375,DIAMANTE DO NORTE,PARANÁ,Brasil,4107108,41,33,3,0.0,0.61,Mata Atlântica,22.0
45a91b48-4aaa-3b9f-bb6b-e9fe1a2edc3c, -23.182110, -53.712050,2026-05-06 17:58:00,NPP-375,NAVIRAÍ,MATO GROSSO DO SUL,Brasil,5005707,50,33,3,0.0,0.21,Mata Atlântica,0.6
4b5cb421-7bef-3337-8432-cf708d0bcd2f, -21.957620, -57.593710,2026-05-06 17:58:00,NPP-375,PORTO MURTINHO,MATO GROSSO DO SUL,Brasil,5006903,50,33,3,0.0,0.7,Cerrado,8.9
c05eccec-4378-30e5-8255-ec43955c1c5e, -22.615620, -52.884510,2026-05-06 17:58:00,NPP-375,DIAMANTE DO NORTE,PARANÁ,Brasil,4107108,41,33,3,0.0,0.52,Mata Atlântica,66.9
0d976280-b0fa-3f66-8777-45838a8ef2c7, -22.617180, -52.891530,2026-05-06 17:58:00,NPP-375,DIAMANTE DO NORTE,PARANÁ,Brasil,4107108,41,33,3,0.0,0.91,Mata Atlântica,61.3
99248c63-a633-3f6c-9b0e-704fef0657b4, -22.611120, -52.889190,2026-05-06 17:58:00,NPP-375,DIAMANTE DO NORTE,PARANÁ,Brasil,4107108,41,33,3,0.0,0.6,Mata Atlântica,8.8
e28acb23-5266-3b3f-84a1-b0766074e30d, -23.140280, -52.913600,2026-05-06 17:58:00,NPP-375,PLANALTINA DO PARANÁ,PARANÁ,Brasil,4119707,41,33,3,0.0,0.95,Mata Atlântica,6.4
78b32d2d-f783-3e8d-8d7b-8c86df11bb97, -19.890720, -56.945520,2026-05-06 17:58:00,NPP-375,MIRANDA,MATO GROSSO DO SUL,Brasil,5005608,50,33,3,0.0,0.74,Cerrado,6.8
28d15f99-7406-3f97-a2f3-c96f20767f4c, -22.613800, -52.890710,2026-05-06 17:58:00,NPP-375,DIAMANTE DO NORTE,PARANÁ,Brasil,4107108,41,33,3,0.0,0.83,Mata Atlântica,22.0
0c3e114f-1d62-374f-bc44-b5ad2742e122, -22.237750, -56.074360,2026-05-06 17:58:00,NPP-375,ANTÔNIO JOÃO,MATO GROSSO DO SUL,Brasil,5000906,50,33,3,0.0,0.34,Cerrado,3.6
f8fa038f-b34b-3d7b-8ce3-16bfeec7a75d, -22.622470, -52.890400,2026-05-06 17:58:00,NPP-375,DIAMANTE DO NORTE,PARANÁ,Brasil,4107108,41,33,3,0.0,0.91,Mata Atlântica,61.3
ba90f9e8-1ee6-3691-9a33-03b10416949c, -25.682960, -49.771310,2026-05-06 17:58:00,NPP-375,LAPA,PARANÁ,Brasil,4113205,41,33,2,0.0,0.1,Mata Atlântica,5.5
33fc7600-abcd-3871-915b-91ff7afff2fa, -18.774920, -51.942400,2026-05-06 17:58:00,NPP-375,APORÉ,GOIÁS,Brasil,5201504,52,33,7,0.0,1.0,Cerrado,13.1
039cc391-7e37-3788-b79a-55a4439adb5a, -20.288290, -51.365510,2026-05-06 17:58:00,NPP-375,APARECIDA DO TABOADO,MATO GROSSO DO SUL,Brasil,5001003,50,33,7,0.0,1.0,Mata Atlântica,4.3
c99e5bb1-0d42-357c-ba28-9e62d1b90f0d, -20.710740, -55.182130,2026-05-06 17:58:00,NPP-375,SIDROLÂNDIA,MATO GROSSO DO SUL,Brasil,5007901,50,33,9,0.0,0.61,Cerrado,4.0
c5297a52-af1a-3174-b7ff-c3dfbefed258, -18.787910, -51.944070,2026-05-06 17:58:00,NPP-375,APORÉ,GOIÁS,Brasil,5201504,52,33,7,0.0,0.9,Cerrado,52.2
f77563f8-3c68-3a05-9bff-06215738caee, -21.558070, -48.221440,2026-05-06 17:58:00,NPP-375,MOTUCA,SÃO PAULO,Brasil,3532058,35,33,8,0.0,1.0,Cerrado,6.9
fb1c4ab1-9fd0-325f-a3fb-2d869e307721, -22.972480, -52.692920,2026-05-06 17:58:00,NPP-375,GUAIRAÇÁ,PARANÁ,Brasil,4108908,41,33,3,0.0,0.3,Mata Atlântica,3.1
e1c88457-07a2-3fae-8699-3646f759a16f, -18.791780, -51.933000,2026-05-06 17:58:00,NPP-375,APORÉ,GOIÁS,Brasil,5201504,52,33,7,0.0,1.0,Cerrado,36.3
97433bc5-4aa0-37b4-9b41-60f9e00350ab, -22.959240, -53.207640,2026-05-06 17:58:00,NPP-375,LOANDA,PARANÁ,Brasil,4113502,41,33,4,0.0,1.0,Mata Atlântica,10.9
459551b7-b38e-3300-ab25-aec9573fb724, -23.053990, -52.721230,2026-05-06 17:58:00,NPP-375,AMAPORÃ,PARANÁ,Brasil,4100905,41,33,3,0.0,1.0,Mata Atlântica,2.6
a408fe2d-c230-323b-9544-a0a5776f851f, -19.845140, -49.785110,2026-05-06 17:58:00,NPP-375,SÃO FRANCISCO DE SALES,MINAS GERAIS,Brasil,3161304,31,33,6,0.0,1.0,Mata Atlântica,3.5
476a315e-74d0-3978-adaf-54ef7e256c51, -23.139550, -52.910240,2026-05-06 17:58:00,NPP-375,AMAPORÃ,PARANÁ,Brasil,4100905,41,33,3,0.0,0.92,Mata Atlântica,6.4
8662f23a-e8de-301c-a0c0-41994d2e7ad8, -23.772940, -54.567230,2026-05-06 17:58:00,NPP-375,JAPORÃ,MATO GROSSO DO SUL,Brasil,5004809,50,33,4,0.1,1.0,Mata Atlântica,4.1
21914411-e5df-3db9-8347-5d52ffc04fb0, -22.616400, -52.888050,2026-05-06 17:58:00,NPP-375,DIAMANTE DO NORTE,PARANÁ,Brasil,4107108,41,33,3,0.0,0.78,Mata Atlântica,66.9
bdf41489-eccf-36c9-a5da-4a6736fdef93, -18.780910, -51.940970,2026-05-06 17:58:00,NPP-375,APORÉ,GOIÁS,Brasil,5201504,52,33,7,0.0,1.0,Cerrado,13.1
92a279e2-0a01-3927-8381-aad0b123337c, -19.948600, -54.380950,2026-05-06 17:58:00,NPP-375,BANDEIRANTES,MATO GROSSO DO SUL,Brasil,5001508,50,33,3,0.0,0.38,Cerrado,15.5
8c9968b0-1703-3d1b-9e70-7c0ed665b1fc, -20.714130, -55.177940,2026-05-06 17:58:00,NPP-375,SIDROLÂNDIA,MATO GROSSO DO SUL,Brasil,5007901,50,33,9,0.0,0.35,Cerrado,8.8
bf0794ee-7335-374f-ac73-2fd9737479f0, -22.620910, -52.883400,2026-05-06 17:58:00,NPP-375,DIAMANTE DO NORTE,PARANÁ,Brasil,4107108,41,33,3,0.0,0.44,Mata Atlântica,66.9
2ef03928-67eb-3afa-9fc7-cbce8b6ae7db, -18.786880, -51.939400,2026-05-06 17:58:00,NPP-375,APORÉ,GOIÁS,Brasil,5201504,52,33,7,0.0,1.0,Cerrado,52.2
299447fc-52eb-3e5e-8903-f877abab43e5, -23.052180, -52.906870,2026-05-06 17:58:00,NPP-375,PLANALTINA DO PARANÁ,PARANÁ,Brasil,4119707,41,33,4,0.0,0.98,Mata Atlântica,3.1
79f0532c-d6cd-30f7-a4ba-206a03b8879d, -19.949260, -54.384130,2026-05-06 17:58:00,NPP-375,BANDEIRANTES,MATO GROSSO DO SUL,Brasil,5001508,50,33,3,0.0,0.32,Cerrado,7.5
f0f9751d-09d6-3b90-a621-220da8fbc482, -22.611900, -52.892720,2026-05-06 17:58:00,NPP-375,DIAMANTE DO NORTE,PARANÁ,Brasil,4107108,41,33,3,0.0,0.76,Mata Atlântica,5.7
59fdfa89-1c1b-3957-b75f-b09fb4a82638, -20.718450, -52.077430,2026-05-06 17:58:00,NPP-375,TRÊS LAGOAS,MATO GROSSO DO SUL,Brasil,5008305,50,33,4,0.0,1.0,Cerrado,7.5
16253c58-fbc6-3ddd-9281-9dbe64bdde51, -22.621700, -52.886940,2026-05-06 17:58:00,NPP-375,DIAMANTE DO NORTE,PARANÁ,Brasil,4107108,41,33,3,0.0,0.7,Mata Atlântica,66.9
3d3090b6-7c6b-38c3-a190-acd11ad131e7, -20.283260, -51.371870,2026-05-06 17:58:00,NPP-375,APARECIDA DO TABOADO,MATO GROSSO DO SUL,Brasil,5001003,50,33,7,0.0,1.0,Mata Atlântica,5.9
609392da-30ce-3005-bb23-6a68f31a630d, -21.674400, -56.318860,2026-05-06 17:58:00,NPP-375,BELA VISTA,MATO GROSSO DO SUL,Brasil,5002100,50,33,3,0.0,1.0,Cerrado,54.0
48a727a2-4eaa-3271-817f-756df85daa61, -25.600820, -50.375100,2026-05-06 17:58:00,NPP-375,SÃO JOÃO DO TRIUNFO,PARANÁ,Brasil,4125100,41,33,2,0.0,0.0,Mata Atlântica,4.3
748c3d49-8131-326f-bd70-f8161ea3543c, -18.779880, -51.936290,2026-05-06 17:58:00,NPP-375,APORÉ,GOIÁS,Brasil,5201504,52,33,7,0.0,1.0,Cerrado,30.8
5e087e1f-4853-3ad1-b8ad-f708feab6ddb, -23.055850, -52.903460,2026-05-06 17:58:00,NPP-375,AMAPORÃ,PARANÁ,Brasil,4100905,41,33,4,0.0,0.94,Mata Atlântica,4.2
07e9729d-13a2-3831-94e1-b559e06972dd, -20.282220, -51.367260,2026-05-06 17:58:00,NPP-375,APARECIDA DO TABOADO,MATO GROSSO DO SUL,Brasil,5001003,50,33,7,0.0,1.0,Mata Atlântica,5.9
f0bb1942-3716-3bad-86b7-68359ee77442, -18.785840, -51.934700,2026-05-06 17:58:00,NPP-375,APORÉ,GOIÁS,Brasil,5201504,52,33,7,0.0,1.0,Cerrado,36.3
94c48752-4bb5-365b-9aaa-d6e6146582d9, -20.253690, -56.884800,2026-05-06 17:58:00,NPP-375,BODOQUENA,MATO GROSSO DO SUL,Brasil,5002159,50,33,3,0.0,0.94,Cerrado,7.6
02bf48b4-e244-3949-a68f-2f6990937db6, -23.766680, -49.154320,2026-05-06 17:58:00,NPP-375,ITABERÁ,SÃO PAULO,Brasil,3521705,35,33,3,0.0,0.43,Cerrado,7.4
1061df5b-d09a-33bd-8892-e9019520bfaa, -23.768050, -49.159850,2026-05-06 17:58:00,NPP-375,ITABERÁ,SÃO PAULO,Brasil,3521705,35,33,3,0.0,0.56,Cerrado,4.4
aef7b2c3-b2e6-35e2-a9c2-3fded6e4b174, -24.285800, -47.402210,2026-05-06 17:58:00,NPP-375,MIRACATU,SÃO PAULO,Brasil,3529906,35,33,3,0.0,0.54,Mata Atlântica,4.2
c56d288f-fedd-35f5-88ff-6a7e2e1c787b, -11.156700, -49.715400,2026-05-06 18:00:00,GOES-19,DUERÉ,TOCANTINS,Brasil,1707306,17,33,5,0.0,0.15,Cerrado,80.3
3cf42948-d814-3d11-b4f0-89527e73139e, -12.350800, -50.026600,2026-05-06 18:00:00,GOES-19,SANDOLÂNDIA,TOCANTINS,Brasil,1718840,17,33,7,0.0,0.47,Cerrado,63.7
92addde1-6579-31cb-838b-5c5237ff9993, -13.188200, -52.692200,2026-05-06 18:00:00,GOES-19,CANARANA,MATO GROSSO,Brasil,5102702,51,33,7,0.0,0.2,Amazônia,109.4
1b515969-6e59-3f42-b7c7-e582e420d494, -12.351200, -50.005000,2026-05-06 18:00:00,GOES-19,SANDOLÂNDIA,TOCANTINS,Brasil,1718840,17,33,7,0.0,0.46,Cerrado,76.4
81d92903-c923-3cca-8879-db67d681aa25, -13.169000, -52.694400,2026-05-06 18:00:00,GOES-19,CANARANA,MATO GROSSO,Brasil,5102702,51,33,7,0.0,0.44,Amazônia,85.0
486c196e-ba0a-3571-8155-90374d80e0db, -17.946590, -52.964200,2026-05-06 18:00:00,NPP-375,MINEIROS,GOIÁS,Brasil,5213103,52,33,8,0.0,0.62,Cerrado,5.3
b72eea0d-733a-3807-a601-750ee6d951f9, -12.933010, -52.540290,2026-05-06 18:00:00,NPP-375,CANARANA,MATO GROSSO,Brasil,5102702,51,33,8,0.0,0.79,Amazônia,3.7
150ffcab-f7f3-39cf-8b7b-22abc586cb19, -18.438520, -54.710620,2026-05-06 18:00:00,NPP-375,COXIM,MATO GROSSO DO SUL,Brasil,5003306,50,33,9,0.0,0.74,Cerrado,10.1
678e8b90-1292-346c-9ae3-a7b4acb964f7, -14.489250, -59.259820,2026-05-06 18:00:00,NPP-375,CONQUISTA D'OESTE,MATO GROSSO,Brasil,5103361,51,33,6,0.0,0.29,Cerrado,10.8
01665889-4979-368a-a87f-f4dae9af021f, -14.512390, -59.271020,2026-05-06 18:00:00,NPP-375,CONQUISTA D'OESTE,MATO GROSSO,Brasil,5103361,51,33,6,0.0,0.3,Cerrado,6.7
e65d229a-82fa-31aa-a27f-87ded375af67, -14.409010, -56.312700,2026-05-06 18:00:00,NPP-375,DIAMANTINO,MATO GROSSO,Brasil,5103502,51,33,6,0.0,0.27,Cerrado,15.8
92bb3a7e-5468-3f1b-9a0f-22c7b2889ddb, -14.562890, -58.944990,2026-05-06 18:00:00,NPP-375,TANGARÁ DA SERRA,MATO GROSSO,Brasil,5107958,51,33,6,0.0,0.22,Cerrado,14.5
67670732-6d84-3f0f-9ee8-f55f34ee5d1b, -13.176540, -52.684690,2026-05-06 18:00:00,NPP-375,CANARANA,MATO GROSSO,Brasil,5102702,51,33,7,0.0,0.2,Amazônia,7.4
0d21688f-57e2-3b59-95ef-7d08e1936eb3, -14.396060, -57.385480,2026-05-06 18:00:00,NPP-375,SANTO AFONSO,MATO GROSSO,Brasil,5107263,51,33,6,0.0,0.78,Amazônia,8.7
9db500bc-60b5-3961-8ef5-d351ecf9530c, -14.553840, -58.942650,2026-05-06 18:00:00,NPP-375,TANGARÁ DA SERRA,MATO GROSSO,Brasil,5107958,51,33,6,0.0,0.22,Cerrado,3.9
d99b3294-f68d-343c-bb36-1399a81548fa, -13.184600, -52.685270,2026-05-06 18:00:00,NPP-375,CANARANA,MATO GROSSO,Brasil,5102702,51,33,7,0.0,0.2,Amazônia,22.9
68512a04-b4c3-34cd-944e-21680f24539a, -14.820230, -52.942670,2026-05-06 18:00:00,NPP-375,NOVO SÃO JOAQUIM,MATO GROSSO,Brasil,5106281,51,33,17,0.0,0.78,Cerrado,5.1
cb400cf7-2490-3c9c-930a-ecca550a871f, -19.125490, -54.570680,2026-05-06 18:00:00,NPP-375,SÃO GABRIEL DO OESTE,MATO GROSSO DO SUL,Brasil,5007695,50,33,9,0.0,0.23,Cerrado,13.5
108d6bb5-3063-3e53-b913-c2c5e041a99a, -13.177660, -52.690220,2026-05-06 18:00:00,NPP-375,CANARANA,MATO GROSSO,Brasil,5102702,51,33,7,0.0,0.2,Amazônia,7.4
4a6d2bb7-a780-3da1-bc10-c0f943a504c0, -19.129320, -54.563420,2026-05-06 18:00:00,NPP-375,SÃO GABRIEL DO OESTE,MATO GROSSO DO SUL,Brasil,5007695,50,33,9,0.0,0.16,Cerrado,14.3
c5bf3335-f1ba-3bd7-811b-da62a40a5d8b, -14.502860, -59.264970,2026-05-06 18:00:00,NPP-375,CONQUISTA D'OESTE,MATO GROSSO,Brasil,5103361,51,33,6,0.0,0.28,Cerrado,8.2
f2d338f0-e667-375b-a8c7-1f223c5fbbd9, -13.185760, -52.690790,2026-05-06 18:00:00,NPP-375,CANARANA,MATO GROSSO,Brasil,5102702,51,33,7,0.0,0.2,Amazônia,22.9
54e2fba8-4eb3-3f4c-92a8-5bc854e7755b, -14.498760, -59.265750,2026-05-06 18:00:00,NPP-375,CONQUISTA D'OESTE,MATO GROSSO,Brasil,5103361,51,33,6,0.0,0.29,Cerrado,8.2
968b9ba9-f982-326f-b6b0-a45e76ee32dc, -18.260450, -51.268540,2026-05-06 18:00:00,NPP-375,APARECIDA DO RIO DOCE,GOIÁS,Brasil,5201454,52,33,7,0.0,0.77,Cerrado,5.5
44849ca5-03dd-37d3-a608-750ad54b4b36, -18.917040, -53.223640,2026-05-06 18:00:00,NPP-375,COSTA RICA,MATO GROSSO DO SUL,Brasil,5003256,50,33,3,0.0,1.0,Cerrado,4.8
13ceba79-933d-307e-9fa8-c2daa61f234f, -14.553140, -58.938770,2026-05-06 18:00:00,NPP-375,TANGARÁ DA SERRA,MATO GROSSO,Brasil,5107958,51,33,6,0.0,0.22,Cerrado,10.4
e2a18c03-512d-3242-a35c-1981dd2ca29e, -14.503530, -59.268780,2026-05-06 18:00:00,NPP-375,CONQUISTA D'OESTE,MATO GROSSO,Brasil,5103361,51,33,6,0.0,0.28,Cerrado,6.4
2cc2767d-3b60-322c-9039-e0648adc47c6, -14.398470, -57.383850,2026-05-06 18:00:00,NPP-375,SANTO AFONSO,MATO GROSSO,Brasil,5107263,51,33,6,0.0,0.77,Amazônia,7.8
2e39c809-6ca9-3102-b3b1-760f085df5eb, -16.251830, -53.725150,2026-05-06 18:00:00,NPP-375,GUIRATINGA,MATO GROSSO,Brasil,5104203,51,33,6,0.0,1.0,Cerrado,10.7
94f0e12e-7b55-3719-8478-9d31a90101ae, -14.554530, -58.946530,2026-05-06 18:00:00,NPP-375,TANGARÁ DA SERRA,MATO GROSSO,Brasil,5107958,51,33,6,0.0,0.22,Cerrado,3.9
78e0774f-8713-3fd2-bdd7-0b13f1ede296, -14.474890, -58.793720,2026-05-06 18:00:00,NPP-375,TANGARÁ DA SERRA,MATO GROSSO,Brasil,5107958,51,33,6,0.0,0.35,Cerrado,1.7
0b458b5c-5811-3b3c-96e7-24dc7c93f83a, -14.205650, -57.421420,2026-05-06 18:00:00,NPP-375,NOVA MARILÂNDIA,MATO GROSSO,Brasil,5108857,51,33,6,0.0,0.19,Amazônia,8.1
d61964a6-c9f2-3583-bc01-fcf089134edc, -13.178250, -52.686700,2026-05-06 18:00:00,NPP-375,CANARANA,MATO GROSSO,Brasil,5102702,51,33,7,0.0,0.2,Amazônia,13.6
039eaa20-ed2e-33a6-b893-d07d1034e4ad, -14.558020, -58.941860,2026-05-06 18:00:00,NPP-375,TANGARÁ DA SERRA,MATO GROSSO,Brasil,5107958,51,33,6,0.0,0.22,Cerrado,14.5
d3ba54c3-68f2-3fbb-9aa0-7e48f936eee4, -17.940830, -52.965380,2026-05-06 18:00:00,NPP-375,MINEIROS,GOIÁS,Brasil,5213103,52,33,8,0.0,0.62,Cerrado,5.3
077c2ad8-8908-3745-8538-48d8a42f91e3, -14.409980, -56.314210,2026-05-06 18:00:00,NPP-375,DIAMANTINO,MATO GROSSO,Brasil,5103502,51,33,6,0.0,0.29,Cerrado,14.4
d03ed481-f56b-395c-936b-090989a716c9, -18.330870, -54.525330,2026-05-06 18:00:00,NPP-375,COXIM,MATO GROSSO DO SUL,Brasil,5003306,50,33,8,0.0,1.0,Cerrado,3.5
8ef9bc1a-838c-393d-9311-29b43e72c20a, -14.504200, -59.272570,2026-05-06 18:00:00,NPP-375,CONQUISTA D'OESTE,MATO GROSSO,Brasil,5103361,51,33,6,0.0,0.28,Cerrado,6.4
7aad43de-baff-3953-87e2-3514b128b8d7, -14.410170, -56.318560,2026-05-06 18:00:00,NPP-375,DIAMANTINO,MATO GROSSO,Brasil,5103502,51,33,6,0.0,0.3,Cerrado,9.0
91793b02-a4b1-3649-b584-288a1b0b0c7a, -13.179400, -52.692170,2026-05-06 18:00:00,NPP-375,CANARANA,MATO GROSSO,Brasil,5102702,51,33,7,0.0,0.2,Amazônia,13.6
acfd7455-27df-3fc2-a9f3-9875bf54972c, -14.665010, -58.648610,2026-05-06 18:00:00,NPP-375,TANGARÁ DA SERRA,MATO GROSSO,Brasil,5107958,51,33,6,0.0,0.16,Cerrado,8.1
f1075d5c-8e06-32ec-9341-34e2aeebf146, -19.124910, -54.567870,2026-05-06 18:00:00,NPP-375,SÃO GABRIEL DO OESTE,MATO GROSSO DO SUL,Brasil,5007695,50,33,9,0.0,0.17,Cerrado,37.2
765740be-9ed1-3a81-a3ee-8fc476322bd4, -14.820860, -52.942120,2026-05-06 18:00:00,NPP-375,NOVO SÃO JOAQUIM,MATO GROSSO,Brasil,5106281,51,33,17,0.0,0.75,Cerrado,2.0
e3abd47d-3982-342c-9540-67ac94f61206, -14.558710, -58.945760,2026-05-06 18:00:00,NPP-375,TANGARÁ DA SERRA,MATO GROSSO,Brasil,5107958,51,33,6,0.0,0.22,Cerrado,14.5
b0bc1976-015f-3f6c-8673-f7a20bdf45ae, -13.692320, -52.582890,2026-05-06 18:00:00,NPP-375,ÁGUA BOA,MATO GROSSO,Brasil,5100201,51,33,7,0.0,0.87,Cerrado,15.3
fd393d78-987d-3375-aae6-8a1793256149, -14.826390, -59.828580,2026-05-06 18:00:00,NPP-375,VILA BELA DA SANTÍSSIMA TRINDADE,MATO GROSSO,Brasil,5105507,51,33,5,0.0,0.9,Amazônia,4.9
7647510a-facd-3b60-a655-318ea4949a6b, -18.861930, -53.579120,2026-05-06 18:00:00,NPP-375,FIGUEIRÃO,MATO GROSSO DO SUL,Brasil,5003900,50,33,6,0.0,1.0,Cerrado,2.5
e3bbfe04-3e78-392b-98b5-515919581bae, -16.252650, -53.729080,2026-05-06 18:00:00,NPP-375,GUIRATINGA,MATO GROSSO,Brasil,5104203,51,33,6,0.0,1.0,Cerrado,10.7
46825539-0b39-37eb-852e-3b1abcaf46ff, -17.946600, -52.964240,2026-05-06 18:00:00,NPP-375,MINEIROS,GOIÁS,Brasil,5213103,52,33,8,0.0,0.62,Cerrado,4.3
c1735cd3-d11a-393b-a754-8d19769b0058, -18.439000, -54.706310,2026-05-06 18:00:00,NPP-375,COXIM,MATO GROSSO DO SUL,Brasil,5003306,50,33,9,0.0,0.84,Cerrado,15.9
23485d09-c34b-36c4-9dd5-c9e28756eb97, -14.489910, -59.263580,2026-05-06 18:00:00,NPP-375,CONQUISTA D'OESTE,MATO GROSSO,Brasil,5103361,51,33,6,0.0,0.29,Cerrado,10.8
4a155930-e167-34fa-95bc-a860c7653d03, -19.129910, -54.566320,2026-05-06 18:00:00,NPP-375,SÃO GABRIEL DO OESTE,MATO GROSSO DO SUL,Brasil,5007695,50,33,9,0.0,0.16,Cerrado,14.3
1aef2c24-c5d1-3bec-acad-b3eeeef5cbfe, -18.439660, -54.709520,2026-05-06 18:00:00,NPP-375,COXIM,MATO GROSSO DO SUL,Brasil,5003306,50,33,9,0.0,0.79,Cerrado,15.9
455c7036-9a77-3f16-9b14-6f75e3411039, -14.485150, -59.260600,2026-05-06 18:00:00,NPP-375,CONQUISTA D'OESTE,MATO GROSSO,Brasil,5103361,51,33,6,0.0,0.29,Cerrado,3.5
5bb39cd7-9ff3-3277-af6c-994f5f202ae4, -14.557320, -58.937980,2026-05-06 18:00:00,NPP-375,TANGARÁ DA SERRA,MATO GROSSO,Brasil,5107958,51,33,6,0.0,0.22,Cerrado,10.8
2aee0992-c11d-3529-ac97-6e9003d25883, -14.494000, -59.262760,2026-05-06 18:00:00,NPP-375,CONQUISTA D'OESTE,MATO GROSSO,Brasil,5103361,51,33,6,0.0,0.29,Cerrado,10.8
2bab4257-9a58-382f-a75a-20078626f796, -19.134350, -54.562020,2026-05-06 18:00:00,NPP-375,SÃO GABRIEL DO OESTE,MATO GROSSO DO SUL,Brasil,5007695,50,33,9,0.0,0.16,Cerrado,14.3
7e1a39cc-5494-332e-98ee-dd8491e818bb, -13.177080, -52.681120,2026-05-06 18:00:00,NPP-375,CANARANA,MATO GROSSO,Brasil,5102702,51,33,7,0.0,0.2,Amazônia,14.6
9b642b9d-8ec1-3e7b-b5ea-53e836fb008c, -17.940820, -52.965400,2026-05-06 18:00:00,NPP-375,MINEIROS,GOIÁS,Brasil,5213103,52,33,8,0.0,0.62,Cerrado,4.3
77d82ae0-064b-3633-adc5-24142807655a, -18.440340, -54.712740,2026-05-06 18:00:00,NPP-375,COXIM,MATO GROSSO DO SUL,Brasil,5003306,50,33,9,0.0,0.81,Cerrado,4.4
560b2ba5-e799-34ae-9d5f-76116867f67c, -18.444060, -54.704990,2026-05-06 18:00:00,NPP-375,COXIM,MATO GROSSO DO SUL,Brasil,5003306,50,33,9,0.0,0.98,Cerrado,3.9
6fc74d31-b3d6-300d-a96b-60e44a0983c5, -14.562200, -58.941090,2026-05-06 18:00:00,NPP-375,TANGARÁ DA SERRA,MATO GROSSO,Brasil,5107958,51,33,6,0.0,0.22,Cerrado,14.5
005eb03a-99af-3469-98a2-84f798a79030, -18.437880, -54.707400,2026-05-06 18:00:00,NPP-375,COXIM,MATO GROSSO DO SUL,Brasil,5003306,50,33,9,0.0,0.78,Cerrado,10.1
b2315c2d-7fb9-37e3-b923-99614dc66bcb, -13.720940, -57.489230,2026-05-06 18:00:00,NPP-375,CAMPO NOVO DO PARECIS,MATO GROSSO,Brasil,5102637,51,33,6,0.0,0.28,Cerrado,7.0
ef99bb41-fe9c-3f27-bced-0773e7f1fd56, -14.204010, -57.424190,2026-05-06 18:00:00,NPP-375,NOVA MARILÂNDIA,MATO GROSSO,Brasil,5108857,51,33,6,0.0,0.19,Amazônia,11.2
39d010f9-f5af-3b98-8144-ebc0cb5721b7, -13.677540, -52.924420,2026-05-06 18:00:00,NPP-375,ÁGUA BOA,MATO GROSSO,Brasil,5100201,51,33,12,0.0,0.43,Cerrado,7.2
1f1a4712-127a-3772-9a85-38dd9b89c141, -14.665750, -58.652690,2026-05-06 18:00:00,NPP-375,TANGARÁ DA SERRA,MATO GROSSO,Brasil,5107958,51,33,6,0.0,0.16,Cerrado,8.1
ee4120aa-a2e8-355b-b9d4-a58cd1e95d61, -12.782300, -58.970100,2026-05-06 18:00:00,GOES-19,CAMPOS DE JÚLIO,MATO GROSSO,Brasil,5102686,51,33,6,0.0,0.79,Cerrado,95.8
70a4da25-c39a-38a6-b837-2ca6cd6d5020, -12.763100, -58.991300,2026-05-06 18:00:00,GOES-19,CAMPOS DE JÚLIO,MATO GROSSO,Brasil,5102686,51,33,6,0.0,0.31,Cerrado,152.8
21566db1-e0e7-357d-a636-4ccb0c23cd51, -14.557000, -58.939900,2026-05-06 18:00:00,GOES-19,TANGARÁ DA SERRA,MATO GROSSO,Brasil,5107958,51,33,6,0.0,0.22,Cerrado,84.3
76ad4aab-a415-37e1-9469-0c47c118863b, -10.647200, -46.966900,2026-05-06 18:00:00,GOES-19,PONTE ALTA DO TOCANTINS,TOCANTINS,Brasil,1717909,17,33,8,0.0,0.45,Cerrado,50.8
c7c314c8-50a7-39af-b335-1860b1753285, -12.763300, -58.971600,2026-05-06 18:00:00,GOES-19,CAMPOS DE JÚLIO,MATO GROSSO,Brasil,5102686,51,33,6,0.0,0.3,Cerrado,134.3
a2a4acd6-d5c1-30d5-b25b-d58cb6f72ec0, -12.770430, -58.975190,2026-05-06 18:02:00,NPP-375,CAMPOS DE JÚLIO,MATO GROSSO,Brasil,5102686,51,33,6,0.0,0.3,Cerrado,25.0
c4e8b163-fa28-3e56-aeed-26add2e99017, -11.959320, -62.890160,2026-05-06 18:02:00,NPP-375,SÃO MIGUEL DO GUAPORÉ,RONDÔNIA,Brasil,1100320,11,33,4,1.9,0.42,Amazônia,5.6
2711c037-0fb9-31b0-a262-0184f0b7ce62, -12.760280, -58.968250,2026-05-06 18:02:00,NPP-375,CAMPOS DE JÚLIO,MATO GROSSO,Brasil,5102686,51,33,6,0.0,0.3,Cerrado,7.3
66ab2b0e-8709-3c11-8f23-6498aa82d5aa, -11.434510, -54.864940,2026-05-06 18:02:00,NPP-375,CLÁUDIA,MATO GROSSO,Brasil,5103056,51,33,8,0.0,0.08,Amazônia,6.0
fdaa1f61-ddb8-3d37-97a0-2f10d4c763a9, -11.955820, -62.890740,2026-05-06 18:02:00,NPP-375,SÃO MIGUEL DO GUAPORÉ,RONDÔNIA,Brasil,1100320,11,33,4,1.9,0.63,Amazônia,5.6
76bdaa75-66b6-306b-b990-df339312b350, -11.920930, -54.103380,2026-05-06 18:02:00,NPP-375,FELIZ NATAL,MATO GROSSO,Brasil,5103700,51,33,8,0.0,0.3,Amazônia,5.8
0669f314-7446-383c-b16f-0bb092ffccba, -12.761820, -58.976730,2026-05-06 18:02:00,NPP-375,CAMPOS DE JÚLIO,MATO GROSSO,Brasil,5102686,51,33,6,0.0,0.3,Cerrado,6.7
9ee31b22-7641-3c6f-b69a-e62c4fb99800, -12.426460, -54.468010,2026-05-06 18:02:00,NPP-375,NOVA UBIRATÃ,MATO GROSSO,Brasil,5106240,51,33,6,0.0,0.9,Amazônia,6.1
ca291970-c740-30fb-ad4e-a501b7bd0447, -12.149730, -54.644010,2026-05-06 18:02:00,NPP-375,FELIZ NATAL,MATO GROSSO,Brasil,5103700,51,33,6,0.0,0.08,Amazônia,8.2
11fec884-e406-3edb-9753-3da9156cecce, -11.924950, -54.101900,2026-05-06 18:02:00,NPP-375,FELIZ NATAL,MATO GROSSO,Brasil,5103700,51,33,8,0.0,0.35,Amazônia,5.2
03044fe0-439c-34c0-81b8-59d9162ea6e9, -10.386780, -52.591000,2026-05-06 18:02:00,NPP-375,SÃO JOSÉ DO XINGU,MATO GROSSO,Brasil,5107354,51,33,2,0.0,0.19,Amazônia,2.2
344b277e-80ae-3ae7-8402-4c0f8cbc9040, -11.958680, -62.886230,2026-05-06 18:02:00,NPP-375,SÃO MIGUEL DO GUAPORÉ,RONDÔNIA,Brasil,1100320,11,33,4,1.92,0.44,Amazônia,5.0
19a61f8c-0885-3746-afdd-d46e83e173fa, -12.774710, -58.974320,2026-05-06 18:02:00,NPP-375,CAMPOS DE JÚLIO,MATO GROSSO,Brasil,5102686,51,33,6,0.0,0.3,Cerrado,25.0
f904304c-302f-3d0b-bcfe-8e885a76e692, -12.427300, -54.472290,2026-05-06 18:02:00,NPP-375,NOVA UBIRATÃ,MATO GROSSO,Brasil,5106240,51,33,6,0.0,0.71,Amazônia,7.5
573d4457-3fc7-3308-843d-ecc9b8701628, -12.287940, -57.549990,2026-05-06 18:02:00,NPP-375,NOVA MARINGÁ,MATO GROSSO,Brasil,5108907,51,33,6,0.0,0.06,Amazônia,6.0
0230bfd9-6eee-3b5a-88c1-5c4637fb4c12, -12.763800, -58.963170,2026-05-06 18:02:00,NPP-375,CAMPOS DE JÚLIO,MATO GROSSO,Brasil,5102686,51,33,6,0.0,0.3,Cerrado,6.6
fc15864c-75f3-337c-871c-67476d4d8726, -12.759210, -58.994440,2026-05-06 18:02:00,NPP-375,CAMPOS DE JÚLIO,MATO GROSSO,Brasil,5102686,51,33,6,0.0,0.31,Cerrado,42.7
343b7552-9126-37ac-85d8-e86b49921ecd, -10.432620, -54.610340,2026-05-06 18:02:00,NPP-375,PEIXOTO DE AZEVEDO,MATO GROSSO,Brasil,5106422,51,33,0,0.0,0.26,Amazônia,4.3
8305e871-2ec1-3e0e-98b2-3b741f5e7849, -12.768120, -58.962450,2026-05-06 18:02:00,NPP-375,CAMPOS DE JÚLIO,MATO GROSSO,Brasil,5102686,51,33,6,0.0,0.3,Cerrado,17.5
a9ec8435-34ff-37b9-84d5-5677ab88574c, -12.757520, -58.977540,2026-05-06 18:02:00,NPP-375,CAMPOS DE JÚLIO,MATO GROSSO,Brasil,5102686,51,33,6,0.0,0.31,Cerrado,5.5
0ca447f3-7507-3d30-b27b-b6271f0b5383, -12.759040, -58.985910,2026-05-06 18:02:00,NPP-375,CAMPOS DE JÚLIO,MATO GROSSO,Brasil,5102686,51,33,6,0.0,0.31,Cerrado,36.1
5731ee84-bd0d-36b2-8748-e5f80ff7e685, -12.425770, -54.468010,2026-05-06 18:02:00,NPP-375,NOVA UBIRATÃ,MATO GROSSO,Brasil,5106240,51,33,6,0.0,0.93,Amazônia,6.4
a61f031e-dc23-36d8-b848-c94a40e4b74a, -12.776720, -58.960840,2026-05-06 18:02:00,NPP-375,CAMPOS DE JÚLIO,MATO GROSSO,Brasil,5102686,51,33,6,0.0,0.42,Cerrado,4.2
d0baf417-7678-3855-8ab8-c0fad097c247, -12.755490, -58.990780,2026-05-06 18:02:00,NPP-375,CAMPOS DE JÚLIO,MATO GROSSO,Brasil,5102686,51,33,6,0.0,0.31,Cerrado,36.1
fa6bb7b1-b0c0-3af9-9044-552f09bf7ab1, -11.656990, -52.559570,2026-05-06 18:02:00,NPP-375,SÃO FÉLIX DO ARAGUAIA,MATO GROSSO,Brasil,5107859,51,33,7,0.0,0.82,Amazônia,17.8
d7380352-d030-3d6e-9dc0-4eb20457ed44, -12.771180, -58.979370,2026-05-06 18:02:00,NPP-375,CAMPOS DE JÚLIO,MATO GROSSO,Brasil,5102686,51,33,6,0.0,0.3,Cerrado,25.0
433b34bc-be43-35ea-8977-f566bde3640c, -12.426640, -54.472280,2026-05-06 18:02:00,NPP-375,NOVA UBIRATÃ,MATO GROSSO,Brasil,5106240,51,33,6,0.0,0.72,Amazônia,7.3
2ff5892a-7ce9-3b59-a7ae-f5e7b33222f0, -12.295450, -57.568020,2026-05-06 18:02:00,NPP-375,NOVA MARINGÁ,MATO GROSSO,Brasil,5108907,51,33,6,0.0,0.06,Amazônia,6.8
83505fac-87c8-3e54-bdfc-dc81a7f04b9e, -12.758280, -58.981730,2026-05-06 18:02:00,NPP-375,CAMPOS DE JÚLIO,MATO GROSSO,Brasil,5102686,51,33,6,0.0,0.31,Cerrado,5.5
1a132bb6-66fa-3174-8d7a-8a4a941d7b2b, -12.150960, -54.647210,2026-05-06 18:02:00,NPP-375,FELIZ NATAL,MATO GROSSO,Brasil,5103700,51,33,6,0.0,0.08,Amazônia,6.0
e4ba0b38-76d4-3d19-b7ad-a2381b92c1bc, -12.775470, -58.978500,2026-05-06 18:02:00,NPP-375,CAMPOS DE JÚLIO,MATO GROSSO,Brasil,5102686,51,33,6,0.0,0.3,Cerrado,25.0
a7d3b0e5-21bd-323d-8e85-f535d0a7475d, -12.287000, -57.544770,2026-05-06 18:02:00,NPP-375,NOVA MARINGÁ,MATO GROSSO,Brasil,5108907,51,33,6,0.0,0.09,Amazônia,6.0
535af1fb-11e7-3396-83db-8c46344b029f, -12.286810, -57.548180,2026-05-06 18:02:00,NPP-375,NOVA MARINGÁ,MATO GROSSO,Brasil,5108907,51,33,6,0.0,0.07,Amazônia,9.9
e8f7d23a-0ef0-3f2c-87c0-884075a64e28, -11.655800, -52.553830,2026-05-06 18:02:00,NPP-375,SÃO FÉLIX DO ARAGUAIA,MATO GROSSO,Brasil,5107859,51,33,7,0.0,0.61,Amazônia,17.9
78e8d039-0ed7-3910-b2f6-4b5cff711702, -12.772430, -58.961680,2026-05-06 18:02:00,NPP-375,CAMPOS DE JÚLIO,MATO GROSSO,Brasil,5102686,51,33,6,0.0,0.3,Cerrado,17.5
fde39a9b-bf83-32b8-8111-b0e8a6a32f7f, -10.428530, -54.610300,2026-05-06 18:02:00,NPP-375,PEIXOTO DE AZEVEDO,MATO GROSSO,Brasil,5106422,51,33,0,0.0,0.25,Amazônia,4.3
e779d943-0ac9-36ba-b080-5f43c32b929b, -12.758480, -58.990270,2026-05-06 18:02:00,NPP-375,CAMPOS DE JÚLIO,MATO GROSSO,Brasil,5102686,51,33,6,0.0,0.31,Cerrado,52.1
0d370903-fe41-30d4-b3de-8c3d7f74f972, -12.759800, -58.990080,2026-05-06 18:02:00,NPP-375,CAMPOS DE JÚLIO,MATO GROSSO,Brasil,5102686,51,33,6,0.0,0.31,Cerrado,36.1
d6063bde-9b5f-3827-912c-a4fcca6a13c9, -11.918960, -54.103090,2026-05-06 18:02:00,NPP-375,FELIZ NATAL,MATO GROSSO,Brasil,5103700,51,33,8,0.0,0.31,Amazônia,2.9
d9c13ecb-07e1-3fa0-bb31-9a2af1d6e1e4, -12.756300, -58.977730,2026-05-06 18:02:00,NPP-375,CAMPOS DE JÚLIO,MATO GROSSO,Brasil,5102686,51,33,6,0.0,0.31,Cerrado,4.5
ceecd487-3781-3ce3-8814-f9fb6698b609, -12.665510, -58.399090,2026-05-06 18:02:00,NPP-375,BRASNORTE,MATO GROSSO,Brasil,5101902,51,33,8,0.0,0.32,Cerrado,3.8
bbd1ebd7-26f2-373c-9232-163ff03cc437, -12.771660, -58.957420,2026-05-06 18:02:00,NPP-375,CAMPOS DE JÚLIO,MATO GROSSO,Brasil,5102686,51,33,6,0.0,0.26,Cerrado,17.5
8ab26029-3485-3a3c-bc09-30a512783731, -11.304460, -54.024590,2026-05-06 18:02:00,NPP-375,UNIÃO DO SUL,MATO GROSSO,Brasil,5108303,51,33,7,0.0,0.04,Amazônia,9.3
bc0720ba-96e0-3326-b722-ed1167c7bba4,  -9.147660, -68.268240,2026-05-06 18:02:00,NPP-375,BOCA DO ACRE,AMAZONAS,Brasil,1300706,13,33,0,0.28,0.01,Amazônia,3.7
c4a19a2b-f880-33ef-a2d0-bf9396f6ef3c, -12.757030, -58.981930,2026-05-06 18:02:00,NPP-375,CAMPOS DE JÚLIO,MATO GROSSO,Brasil,5102686,51,33,6,0.0,0.31,Cerrado,4.5
7f425349-a93b-3b02-8cf4-717da2934f42, -11.958050, -62.882310,2026-05-06 18:02:00,NPP-375,SÃO MIGUEL DO GUAPORÉ,RONDÔNIA,Brasil,1100320,11,33,4,1.95,0.48,Amazônia,5.0
dacf3b3a-7a13-35da-85ae-3a6a7ac1494d, -11.438410, -55.101520,2026-05-06 18:02:00,NPP-375,CLÁUDIA,MATO GROSSO,Brasil,5103056,51,33,7,0.0,0.11,Amazônia,13.1
97568464-8667-3b65-9963-82b517088798, -12.777480, -58.965020,2026-05-06 18:02:00,NPP-375,CAMPOS DE JÚLIO,MATO GROSSO,Brasil,5102686,51,33,6,0.0,0.47,Cerrado,5.2
1c864aed-9e4e-3d0f-88e9-77dc03b19218, -11.439180, -55.105490,2026-05-06 18:02:00,NPP-375,CLÁUDIA,MATO GROSSO,Brasil,5103056,51,33,7,0.0,0.12,Amazônia,7.0
4aa3648b-47b5-3b60-9241-c6f7c1d2db48, -12.757760, -58.986100,2026-05-06 18:02:00,NPP-375,CAMPOS DE JÚLIO,MATO GROSSO,Brasil,5102686,51,33,6,0.0,0.31,Cerrado,52.1
22a91b68-d6af-396d-ad68-a8e0a334c1b6, -11.956460, -62.894670,2026-05-06 18:02:00,NPP-375,SÃO MIGUEL DO GUAPORÉ,RONDÔNIA,Brasil,1100320,11,33,4,1.89,0.63,Amazônia,5.6
481f0f3f-19fc-31c6-9e0d-cde053f04bfe, -12.301400, -57.359550,2026-05-06 18:02:00,NPP-375,NOVA MARINGÁ,MATO GROSSO,Brasil,5108907,51,33,6,0.0,0.06,Amazônia,12.9
07776bd6-387e-37a4-9543-485566a2850e, -10.242320, -52.229470,2026-05-06 18:02:00,NPP-375,SANTA CRUZ DO XINGU,MATO GROSSO,Brasil,5107743,51,33,5,0.0,0.13,Amazônia,6.3
6f78c766-0510-3aaf-a6ad-9cb439b88a14, -11.434740, -54.864740,2026-05-06 18:02:00,NPP-375,CLÁUDIA,MATO GROSSO,Brasil,5103056,51,33,8,0.0,0.07,Amazônia,5.5
737bdb26-6c1e-363e-a720-b67bf5fcad84, -12.150170, -54.643100,2026-05-06 18:02:00,NPP-375,FELIZ NATAL,MATO GROSSO,Brasil,5103700,51,33,6,0.0,0.08,Amazônia,7.1
870f12c7-7c1b-351f-97ee-28301dcbf047,  -5.327440, -56.624950,2026-05-06 18:04:00,NPP-375,TRAIRÃO,PARÁ,Brasil,1508050,15,33,0,0.78,0.0,Amazônia,1.1
76d55b76-30e9-3265-b0b1-ce9fa23bde61, -11.156700, -49.715400,2026-05-06 18:10:00,GOES-19,DUERÉ,TOCANTINS,Brasil,1707306,17,33,5,0.0,0.15,Cerrado,64.0
f38da665-cb48-3649-a1bc-eb0ea4fe69b9, -12.503500, -58.458200,2026-05-06 18:10:00,GOES-19,SAPEZAL,MATO GROSSO,Brasil,5107875,51,33,8,0.0,0.12,Cerrado,195.4
61a7d569-2994-3279-8728-8a03ee1fedee, -12.350800, -50.026600,2026-05-06 18:10:00,GOES-19,SANDOLÂNDIA,TOCANTINS,Brasil,1718840,17,33,7,0.0,0.47,Cerrado,64.9
502865d0-c357-39d5-9515-8d1ae7b6f0c4, -13.188200, -52.692200,2026-05-06 18:10:00,GOES-19,CANARANA,MATO GROSSO,Brasil,5102702,51,33,7,0.0,0.2,Amazônia,108.7
1ba88f4a-7186-3971-afc4-5e6b968e3f31, -12.351200, -50.005000,2026-05-06 18:10:00,GOES-19,SANDOLÂNDIA,TOCANTINS,Brasil,1718840,17,33,7,0.0,0.46,Cerrado,73.8
8e25ee0c-5af8-316a-a759-ff28a6bf7739, -11.791300, -43.640000,2026-05-06 18:10:00,GOES-19,BARRA,BAHIA,Brasil,2902708,29,33,18,2.16,0.47,Cerrado,58.9
08e7f06e-8223-3fb8-b31e-5a7d3de91998,  -5.775200, -45.128000,2026-05-06 18:10:00,GOES-19,BARRA DO CORDA,MARANHÃO,Brasil,2101608,21,33,2,0.0,0.3,Cerrado,151.7
85f00d58-e5a6-309b-a7cf-f905ca2b387a, -12.763300, -58.971600,2026-05-06 18:10:00,GOES-19,CAMPOS DE JÚLIO,MATO GROSSO,Brasil,5102686,51,33,6,0.0,0.3,Cerrado,220.1
23712a56-79f4-3bf3-b131-961631c1903e, -14.557000, -58.939900,2026-05-06 18:10:00,GOES-19,TANGARÁ DA SERRA,MATO GROSSO,Brasil,5107958,51,33,6,0.0,0.22,Cerrado,125.7
d0c8ed24-95f8-3a79-85f0-a785aa9ebd10, -12.782300, -58.970100,2026-05-06 18:10:00,GOES-19,CAMPOS DE JÚLIO,MATO GROSSO,Brasil,5102686,51,33,6,0.0,0.79,Cerrado,120.1
f638bc00-6684-3109-b86b-23b263bd8b67, -14.131200, -45.334400,2026-05-06 18:10:00,GOES-19,JABORANDI,BAHIA,Brasil,2917359,29,33,26,0.0,0.81,Cerrado,82.2
301c4ab1-7aba-3ab2-8f10-cbb70ca2c8dc, -12.763100, -58.991300,2026-05-06 18:10:00,GOES-19,CAMPOS DE JÚLIO,MATO GROSSO,Brasil,5102686,51,33,6,0.0,0.31,Cerrado,414.0
5bcc966b-8830-3df3-8cc2-c3f16873695d, -31.383900, -53.695450,2026-05-06 18:13:00,NOAA-20,CANDIOTA,RIO GRANDE DO SUL,Brasil,4304358,43,33,3,19.41,0.0,Pampa,6.5
cf0e7acd-60c8-376b-a8c2-3dea6ee7667e, -31.386660, -53.697110,2026-05-06 18:13:00,NOAA-20,CANDIOTA,RIO GRANDE DO SUL,Brasil,4304358,43,33,3,19.57,0.0,Pampa,7.0
1b2a325d-2a47-397a-b447-a4b7e77c2eb5, -30.731350, -52.476970,2026-05-06 18:13:00,NOAA-20,ENCRUZILHADA DO SUL,RIO GRANDE DO SUL,Brasil,4306908,43,33,2,2.02,0.05,Pampa,3.7
4bc99598-6478-3631-8ce4-84097177b8d0, -29.776140, -50.825440,2026-05-06 18:13:00,NOAA-20,GRAVATAÍ,RIO GRANDE DO SUL,Brasil,4309209,43,33,2,1.1,0.03,Mata Atlântica,4.2
519fce3d-0e22-303f-9dd5-445abe87f2e8, -22.956110, -53.201620,2026-05-06 18:15:00,NOAA-20,LOANDA,PARANÁ,Brasil,4113502,41,33,4,0.0,1.0,Mata Atlântica,10.4
2d8bfe02-bfd0-316e-aa48-87fe2a82e7cb, -29.155380, -56.257130,2026-05-06 18:15:00,NOAA-20,ITAQUI,RIO GRANDE DO SUL,Brasil,4310603,43,33,4,0.5,0.83,Pampa,3.8
6cadaa48-d133-35f7-84c7-fd6f9faaa2bf, -20.715870, -55.175250,2026-05-06 18:17:00,NOAA-20,SIDROLÂNDIA,MATO GROSSO DO SUL,Brasil,5007901,50,33,9,0.0,0.56,Cerrado,5.7
f95f1b8a-25d2-3033-9926-77d842efba38, -21.956850, -57.587650,2026-05-06 18:17:00,NOAA-20,PORTO MURTINHO,MATO GROSSO DO SUL,Brasil,5006903,50,33,3,0.0,0.58,Cerrado,4.0
f53f768b-a2e5-334e-ab98-9aa45edb6dd5, -21.678930, -56.315600,2026-05-06 18:17:00,NOAA-20,BELA VISTA,MATO GROSSO DO SUL,Brasil,5002100,50,33,2,0.0,1.0,Cerrado,13.5
a909192c-704a-3e0a-bb5b-af72e5289682, -19.951760, -54.374900,2026-05-06 18:17:00,NOAA-20,BANDEIRANTES,MATO GROSSO DO SUL,Brasil,5001508,50,33,3,0.0,0.46,Cerrado,6.8
476fa736-1172-34c2-b8aa-2666d0fb3c46, -19.953690, -54.382570,2026-05-06 18:17:00,NOAA-20,BANDEIRANTES,MATO GROSSO DO SUL,Brasil,5001508,50,33,3,0.0,0.39,Cerrado,6.8
a9c56a4d-666c-39fe-b154-4411b25ec4c0, -21.672680, -56.317060,2026-05-06 18:17:00,NOAA-20,BELA VISTA,MATO GROSSO DO SUL,Brasil,5002100,50,33,3,0.0,1.0,Cerrado,14.6
e315fe80-ce41-3db6-bf09-391087926c5e, -21.957840, -57.591930,2026-05-06 18:17:00,NOAA-20,PORTO MURTINHO,MATO GROSSO DO SUL,Brasil,5006903,50,33,3,0.0,0.71,Cerrado,4.0
b5535631-e02d-35b8-aed2-ba14d3feea74, -19.950380, -54.378860,2026-05-06 18:17:00,NOAA-20,BANDEIRANTES,MATO GROSSO DO SUL,Brasil,5001508,50,33,3,0.0,0.42,Cerrado,13.9
7b6a55d3-dcf8-3c35-bafc-01370fa92046, -21.673920, -56.322290,2026-05-06 18:17:00,NOAA-20,BELA VISTA,MATO GROSSO DO SUL,Brasil,5002100,50,33,3,0.0,0.98,Cerrado,14.6
e752865d-c9eb-38f5-8fd7-e30865aae7cc, -22.213870, -56.012250,2026-05-06 18:17:00,NOAA-20,ANTÔNIO JOÃO,MATO GROSSO DO SUL,Brasil,5000906,50,33,3,0.0,0.13,Cerrado,3.6
a13aed73-e7c6-35c9-a534-46769e7caf0d, -20.773550, -54.679620,2026-05-06 18:17:00,NOAA-20,CAMPO GRANDE,MATO GROSSO DO SUL,Brasil,5002704,50,33,3,0.0,0.87,Cerrado,5.9
791815fb-66b4-3e93-a3ae-a620c4b63721, -12.776350, -58.962740,2026-05-06 18:19:00,NOAA-20,CAMPOS DE JÚLIO,MATO GROSSO,Brasil,5102686,51,33,6,0.0,0.39,Cerrado,4.6
ee15841d-ec9b-3c9e-ae55-260bb8a993b7, -12.767070, -58.961150,2026-05-06 18:19:00,NOAA-20,CAMPOS DE JÚLIO,MATO GROSSO,Brasil,5102686,51,33,6,0.0,0.3,Cerrado,5.5
df78e2d9-bfc3-3375-83ba-ac6088aaa672, -14.437320, -59.244690,2026-05-06 18:19:00,NOAA-20,CONQUISTA D'OESTE,MATO GROSSO,Brasil,5103361,51,33,6,0.0,0.3,Cerrado,9.9
8c50dd7c-14b7-37ce-a2b0-e7461b3b5638, -12.758900, -58.985820,2026-05-06 18:19:00,NOAA-20,CAMPOS DE JÚLIO,MATO GROSSO,Brasil,5102686,51,33,6,0.0,0.31,Cerrado,116.9
496b4138-d1df-3aa6-b098-b33c7eb5b506, -14.556740, -58.935790,2026-05-06 18:19:00,NOAA-20,TANGARÁ DA SERRA,MATO GROSSO,Brasil,5107958,51,33,6,0.0,0.22,Cerrado,9.3
b8055f7b-a003-328e-ad4d-62bd6cc541b4, -13.725010, -57.491170,2026-05-06 18:19:00,NOAA-20,CAMPO NOVO DO PARECIS,MATO GROSSO,Brasil,5102637,51,33,6,0.0,0.22,Cerrado,13.2
9cf3ead5-585f-33a0-845d-01fb67be3551, -16.168320, -58.496000,2026-05-06 18:19:00,NOAA-20,CÁCERES,MATO GROSSO,Brasil,5102504,51,33,7,0.0,0.77,Pantanal,22.7
a3550c28-a49d-3ccc-9601-a4b490bd4d4e, -14.438350, -59.249510,2026-05-06 18:19:00,NOAA-20,CONQUISTA D'OESTE,MATO GROSSO,Brasil,5103361,51,33,6,0.0,0.31,Cerrado,17.0
291b9773-525a-3d2e-ab77-5e2555cec853, -12.762520, -58.959760,2026-05-06 18:19:00,NOAA-20,CAMPOS DE JÚLIO,MATO GROSSO,Brasil,5102686,51,33,6,0.0,0.3,Cerrado,8.7
eaa2b3a6-dda8-3db8-aeee-412d75f404f2, -14.429420, -59.240750,2026-05-06 18:19:00,NOAA-20,CONQUISTA D'OESTE,MATO GROSSO,Brasil,5103361,51,33,6,0.0,0.3,Cerrado,5.2
24868c58-c64b-30f5-bcd3-11e43de1dca6, -14.480100, -58.786670,2026-05-06 18:19:00,NOAA-20,TANGARÁ DA SERRA,MATO GROSSO,Brasil,5107958,51,33,6,0.0,0.34,Cerrado,8.7
14af8686-06f7-3040-9a59-103a75951451, -12.759980, -58.991170,2026-05-06 18:19:00,NOAA-20,CAMPOS DE JÚLIO,MATO GROSSO,Brasil,5102686,51,33,6,0.0,0.31,Cerrado,121.1
139fc81a-7ebd-36d5-951f-cbacb9ec1d1d, -12.759720, -58.977820,2026-05-06 18:19:00,NOAA-20,CAMPOS DE JÚLIO,MATO GROSSO,Brasil,5102686,51,33,6,0.0,0.31,Cerrado,29.4
4249c0f0-79fd-3a15-985a-c4faa83c771a, -12.500830, -58.482680,2026-05-06 18:19:00,NOAA-20,SAPEZAL,MATO GROSSO,Brasil,5107875,51,33,8,0.0,0.12,Cerrado,39.7
f36a99c5-7f8c-37b0-bd79-c6469df6d1d0, -16.167250, -58.491070,2026-05-06 18:19:00,NOAA-20,CÁCERES,MATO GROSSO,Brasil,5102504,51,33,7,0.0,0.39,Pantanal,22.7
ac496b34-cda7-327b-a6f1-dafb38e51b02, -14.506630, -59.274680,2026-05-06 18:19:00,NOAA-20,CONQUISTA D'OESTE,MATO GROSSO,Brasil,5103361,51,33,6,0.0,0.29,Cerrado,6.4
58f9d335-3404-3e2b-81de-d0e9c38d2174, -14.431270, -59.245890,2026-05-06 18:19:00,NOAA-20,CONQUISTA D'OESTE,MATO GROSSO,Brasil,5103361,51,33,6,0.0,0.31,Cerrado,9.9
43fe8108-1316-3f05-821c-cf732b019dc0, -14.564900, -58.944150,2026-05-06 18:19:00,NOAA-20,TANGARÁ DA SERRA,MATO GROSSO,Brasil,5107958,51,33,6,0.0,0.22,Cerrado,44.8
4de25e1b-8e6f-35c1-ae12-e753fc81ac9e, -12.494300, -58.484070,2026-05-06 18:19:00,NOAA-20,SAPEZAL,MATO GROSSO,Brasil,5107875,51,33,8,0.0,0.12,Cerrado,24.0
58cf3dc7-cef6-32af-bb94-128f40d096bf, -12.760870, -58.983260,2026-05-06 18:19:00,NOAA-20,CAMPOS DE JÚLIO,MATO GROSSO,Brasil,5102686,51,33,6,0.0,0.31,Cerrado,163.5
fcdcb67f-a203-3243-a863-2633ebc0ea9d, -14.399420, -57.385340,2026-05-06 18:19:00,NOAA-20,SANTO AFONSO,MATO GROSSO,Brasil,5107263,51,33,6,0.0,0.77,Amazônia,5.9
8c1c1d02-f6eb-3053-9447-cc01c62cc478, -12.760710, -58.962340,2026-05-06 18:19:00,NOAA-20,CAMPOS DE JÚLIO,MATO GROSSO,Brasil,5102686,51,33,6,0.0,0.3,Cerrado,5.5
8b6912d6-8635-3769-8a95-11e7c90522bf, -13.725510, -57.486400,2026-05-06 18:19:00,NOAA-20,CAMPO NOVO DO PARECIS,MATO GROSSO,Brasil,5102637,51,33,6,0.0,0.17,Cerrado,12.8
735fbb18-b158-383d-a8d1-a1f2930dc213, -14.430420, -59.245600,2026-05-06 18:19:00,NOAA-20,CONQUISTA D'OESTE,MATO GROSSO,Brasil,5103361,51,33,6,0.0,0.31,Cerrado,5.2
414ca519-df65-3204-9e5c-6bdee61f61bd, -12.773410, -58.959880,2026-05-06 18:19:00,NOAA-20,CAMPOS DE JÚLIO,MATO GROSSO,Brasil,5102686,51,33,6,0.0,0.3,Cerrado,13.9
743767fe-a017-340d-9b2e-f6a526d560ef, -14.563890, -58.939290,2026-05-06 18:19:00,NOAA-20,TANGARÁ DA SERRA,MATO GROSSO,Brasil,5107958,51,33,6,0.0,0.22,Cerrado,47.6
7cdfd074-4d91-3a35-8011-069257b7da34, -15.087470, -59.901050,2026-05-06 18:19:00,NOAA-20,VILA BELA DA SANTÍSSIMA TRINDADE,MATO GROSSO,Brasil,5105507,51,33,6,0.0,0.35,Amazônia,3.7
e48aaf6f-fe85-383d-8725-052648c9bf40, -12.763120, -58.993960,2026-05-06 18:19:00,NOAA-20,CAMPOS DE JÚLIO,MATO GROSSO,Brasil,5102686,51,33,6,0.0,0.31,Cerrado,132.8
27df6fc7-4e70-385b-b23f-68082800e5e4, -12.768880, -58.958610,2026-05-06 18:19:00,NOAA-20,CAMPOS DE JÚLIO,MATO GROSSO,Brasil,5102686,51,33,6,0.0,0.28,Cerrado,8.7
d8840398-7828-36de-bb98-bf959577dd9b, -10.893880, -68.429890,2026-05-06 18:19:00,NOAA-20,EPITACIOLÂNDIA,ACRE,Brasil,1200252,12,33,2,0.4,0.08,Amazônia,2.6
7e45a48e-822a-3912-97b5-0ebe2795e03c, -16.173370, -58.489700,2026-05-06 18:19:00,NOAA-20,CÁCERES,MATO GROSSO,Brasil,5102504,51,33,7,0.0,0.85,Pantanal,5.1
6c2907d0-0fc6-3b13-9bd0-0b24b9a700fc, -14.482510, -58.788640,2026-05-06 18:19:00,NOAA-20,TANGARÁ DA SERRA,MATO GROSSO,Brasil,5107958,51,33,6,0.0,0.34,Cerrado,7.5
6ab8e449-1cb2-3b0d-a59b-6c7bd925c09f, -12.766300, -58.989830,2026-05-06 18:19:00,NOAA-20,CAMPOS DE JÚLIO,MATO GROSSO,Brasil,5102686,51,33,6,0.0,0.31,Cerrado,5.2
43820d8d-bf1e-3d07-ac1d-e0b94a2e01fa, -16.110870, -60.134030,2026-05-06 18:19:00,NOAA-20,VILA BELA DA SANTÍSSIMA TRINDADE,MATO GROSSO,Brasil,5105507,51,33,11,0.0,1.0,Amazônia,2.4
965360ba-1066-3a5d-8100-0b184ab06a32, -12.493070, -58.478170,2026-05-06 18:19:00,NOAA-20,SAPEZAL,MATO GROSSO,Brasil,5107875,51,33,8,0.0,0.12,Cerrado,22.0
b758dde8-acde-3367-8ce0-d3b8ece48174, -14.436470, -59.244390,2026-05-06 18:19:00,NOAA-20,CONQUISTA D'OESTE,MATO GROSSO,Brasil,5103361,51,33,6,0.0,0.3,Cerrado,13.2
95ae1410-184a-3c1b-8d4f-b3a146873e6e, -14.437460, -59.249210,2026-05-06 18:19:00,NOAA-20,CONQUISTA D'OESTE,MATO GROSSO,Brasil,5103361,51,33,6,0.0,0.31,Cerrado,18.8
13e34223-e561-3a69-a2ac-32b64d71b5e7, -14.825860, -59.828670,2026-05-06 18:19:00,NOAA-20,VILA BELA DA SANTÍSSIMA TRINDADE,MATO GROSSO,Brasil,5105507,51,33,5,0.0,0.9,Amazônia,1.8
6721d577-bbd6-3d3b-9d56-47712e12b722, -12.761070, -58.996510,2026-05-06 18:19:00,NOAA-20,CAMPOS DE JÚLIO,MATO GROSSO,Brasil,5102686,51,33,6,0.0,0.31,Cerrado,121.1
7c86741a-f487-3339-94c3-79e3442ffb2d, -12.757810, -58.980460,2026-05-06 18:19:00,NOAA-20,CAMPOS DE JÚLIO,MATO GROSSO,Brasil,5102686,51,33,6,0.0,0.31,Cerrado,116.9
f8b9f771-db00-3cd7-a32e-7181c23559ea, -12.499610, -58.476800,2026-05-06 18:19:00,NOAA-20,SAPEZAL,MATO GROSSO,Brasil,5107875,51,33,8,0.0,0.12,Cerrado,56.5
500c0050-79b1-3b91-b076-b97b588a2b1d, -12.763010, -58.973610,2026-05-06 18:19:00,NOAA-20,CAMPOS DE JÚLIO,MATO GROSSO,Brasil,5102686,51,33,6,0.0,0.3,Cerrado,9.9
5d356314-2058-3183-896a-5fd2c3cc3047, -14.557740, -58.940560,2026-05-06 18:19:00,NOAA-20,TANGARÁ DA SERRA,MATO GROSSO,Brasil,5107958,51,33,6,0.0,0.22,Cerrado,9.3
0307d6fd-b78f-3833-a50c-745f7097e988, -14.404300, -57.385340,2026-05-06 18:19:00,NOAA-20,SANTO AFONSO,MATO GROSSO,Brasil,5107263,51,33,6,0.0,0.77,Amazônia,8.1
f1c95727-8bcf-31b8-adbd-2ef9388a0d84, -12.775220, -58.957330,2026-05-06 18:19:00,NOAA-20,CAMPOS DE JÚLIO,MATO GROSSO,Brasil,5102686,51,33,6,0.0,0.27,Cerrado,4.6
8c7eea32-9a62-3b05-b447-a86646e18c96, -12.762000, -58.988640,2026-05-06 18:19:00,NOAA-20,CAMPOS DE JÚLIO,MATO GROSSO,Brasil,5102686,51,33,6,0.0,0.31,Cerrado,163.5
67cf7a55-70de-377c-ba86-cd5e0827972e, -16.165500, -58.484200,2026-05-06 18:20:00,GOES-19,CÁCERES,MATO GROSSO,Brasil,5102504,51,33,7,0.0,0.12,Pantanal,81.3
e823e774-171a-3e64-997a-8487a956e576, -13.188200, -52.692200,2026-05-06 18:20:00,GOES-19,CANARANA,MATO GROSSO,Brasil,5102702,51,33,7,0.0,0.2,Amazônia,144.0
69077a9d-619e-3130-8e37-43434ef53061, -13.707100, -52.588300,2026-05-06 18:20:00,GOES-19,ÁGUA BOA,MATO GROSSO,Brasil,5100201,51,33,7,0.0,0.99,Cerrado,57.2
a917698a-5d6b-39dd-88fa-505e2d273b5a, -13.169000, -52.694400,2026-05-06 18:20:00,GOES-19,CANARANA,MATO GROSSO,Brasil,5102702,51,33,7,0.0,0.44,Amazônia,74.9
a90c1cc3-7135-36c9-866d-abcaf082813c, -16.165200, -58.504400,2026-05-06 18:20:00,GOES-19,CÁCERES,MATO GROSSO,Brasil,5102504,51,33,7,0.0,1.0,Pantanal,69.7
6e4eafbc-a31b-3f68-b5a1-2538043c1d5c, -19.128100, -54.564400,2026-05-06 18:20:00,GOES-19,SÃO GABRIEL DO OESTE,MATO GROSSO DO SUL,Brasil,5007695,50,33,9,0.0,0.16,Cerrado,57.2
a040dee8-5e38-3850-8c9c-e7b478be68c1, -12.351200, -50.005000,2026-05-06 18:20:00,GOES-19,SANDOLÂNDIA,TOCANTINS,Brasil,1718840,17,33,7,0.0,0.46,Cerrado,67.8
c7b111b7-f90a-3f39-9bd0-25af5f80dc65, -12.503500, -58.458200,2026-05-06 18:20:00,GOES-19,SAPEZAL,MATO GROSSO,Brasil,5107875,51,33,8,0.0,0.12,Cerrado,98.9
0b330405-c9a2-38e1-997e-346af304e3ba, -10.758700, -49.716700,2026-05-06 18:20:00,GOES-19,LAGOA DA CONFUSÃO,TOCANTINS,Brasil,1711902,17,33,6,0.0,0.75,Cerrado,57.0
00d04adc-7895-3f5f-a2d2-2a09707b1f03, -14.130700, -45.357700,2026-05-06 18:20:00,GOES-19,JABORANDI,BAHIA,Brasil,2917359,29,33,25,0.0,0.8,Cerrado,82.0
506afdf8-1300-3558-9d11-0246ac17e688,  -9.640600, -48.558100,2026-05-06 18:20:00,GOES-19,MIRACEMA DO TOCANTINS,TOCANTINS,Brasil,1713205,17,33,8,0.0,0.74,Cerrado,46.6
13fe713d-6870-36ed-bab0-4938ddcaa527, -14.557000, -58.939900,2026-05-06 18:20:00,GOES-19,TANGARÁ DA SERRA,MATO GROSSO,Brasil,5107958,51,33,6,0.0,0.22,Cerrado,130.4
78bc092d-1954-3f7a-9c20-4cfa2277a95e, -14.438100, -59.248800,2026-05-06 18:20:00,GOES-19,CONQUISTA D'OESTE,MATO GROSSO,Brasil,5103361,51,33,5,0.0,0.31,Cerrado,65.4
a8d84186-4227-3950-8de9-c9dbec005e5d, -13.687900, -52.590600,2026-05-06 18:20:00,GOES-19,ÁGUA BOA,MATO GROSSO,Brasil,5100201,51,33,7,0.0,0.8,Cerrado,54.0
79430fc1-0db4-3184-ab9a-cb438b60e9ff, -14.131200, -45.334400,2026-05-06 18:20:00,GOES-19,JABORANDI,BAHIA,Brasil,2917359,29,33,26,0.0,0.81,Cerrado,95.3
302766a4-edf9-3009-9b2c-74e3b8579171, -18.784900, -51.924700,2026-05-06 18:30:00,GOES-19,APORÉ,GOIÁS,Brasil,5201504,52,33,7,0.0,1.0,Cerrado,58.3
66daf11f-4285-32f7-ad9a-92e93eaf5922, -13.188200, -52.692200,2026-05-06 18:30:00,GOES-19,CANARANA,MATO GROSSO,Brasil,5102702,51,33,7,0.0,0.2,Amazônia,115.4
31013148-d8f7-3a52-9a05-cd9ea29c23ae, -16.165200, -58.504400,2026-05-06 18:30:00,GOES-19,CÁCERES,MATO GROSSO,Brasil,5102504,51,33,7,0.0,1.0,Pantanal,76.4
e0f030f6-49fd-36b4-b8b5-d75c44ced4af, -16.165500, -58.484200,2026-05-06 18:30:00,GOES-19,CÁCERES,MATO GROSSO,Brasil,5102504,51,33,7,0.0,0.12,Pantanal,96.4
4252e304-09ed-341c-ba49-4ab26353eb93, -18.447800, -54.709900,2026-05-06 18:30:00,GOES-19,COXIM,MATO GROSSO DO SUL,Brasil,5003306,50,33,8,0.0,1.0,Cerrado,80.5
690c55de-1dc2-33a9-8ad8-634253eb414c, -13.707100, -52.588300,2026-05-06 18:30:00,GOES-19,ÁGUA BOA,MATO GROSSO,Brasil,5100201,51,33,7,0.0,0.99,Cerrado,58.0
29aa8c69-464e-3792-90f1-43579f136cd1, -14.130700, -45.357700,2026-05-06 18:30:00,GOES-19,JABORANDI,BAHIA,Brasil,2917359,29,33,25,0.0,0.8,Cerrado,83.6
fa0196f6-6cc8-3a1d-88aa-66e16df6148d,  -6.322500, -44.631300,2026-05-06 18:30:00,GOES-19,MIRADOR,MARANHÃO,Brasil,2106706,21,33,3,0.0,0.3,Cerrado,77.2
d5dba7d6-2a29-3ce4-a6b4-6beea783c71e, -13.188500, -52.671100,2026-05-06 18:30:00,GOES-19,CANARANA,MATO GROSSO,Brasil,5102702,51,33,7,0.0,0.44,Amazônia,52.2
95d1b611-957a-3c74-a93e-d4ae720e2686, -13.687900, -52.590600,2026-05-06 18:30:00,GOES-19,ÁGUA BOA,MATO GROSSO,Brasil,5100201,51,33,7,0.0,0.8,Cerrado,55.1
17b86855-0b3a-3af0-97bf-06ad0354666f,  -8.925700, -44.146600,2026-05-06 18:30:00,GOES-19,SANTA LUZ,PIAUÍ,Brasil,2209302,22,33,12,0.0,0.72,Cerrado,64.8
f80f75a0-e302-3465-b73a-7a8d71ad57d8, -14.131200, -45.334400,2026-05-06 18:30:00,GOES-19,JABORANDI,BAHIA,Brasil,2917359,29,33,26,0.0,0.81,Cerrado,105.9
67d61e0e-d769-3e8c-92f6-41a8040bf697, -12.422700, -54.209400,2026-05-06 18:30:00,GOES-19,NOVA UBIRATÃ,MATO GROSSO,Brasil,5106240,51,33,6,0.0,0.79,Amazônia,88.6
6be92fff-3f96-3787-9d35-ba46e33e2141,  -9.640600, -48.558100,2026-05-06 18:30:00,GOES-19,MIRACEMA DO TOCANTINS,TOCANTINS,Brasil,1713205,17,33,8,0.0,0.74,Cerrado,56.6
207dff09-c79d-3ddf-8e80-8bfdcf4eb632, -14.557000, -58.939900,2026-05-06 18:30:00,GOES-19,TANGARÁ DA SERRA,MATO GROSSO,Brasil,5107958,51,33,6,0.0,0.22,Cerrado,97.1
2789a2cb-66cb-3193-90d1-b13f9df3cc43, -21.309820, -42.863790,2026-05-06 18:32:00,AQUA_M-T,ASTOLFO DUTRA,MINAS GERAIS,Brasil,3104601,31,33,2,0.0,1.0,Mata Atlântica,30.3
d4375403-6a65-326f-b373-7b9ae5696803, -23.767950, -49.160940,2026-05-06 18:32:00,AQUA_M-T,ITABERÁ,SÃO PAULO,Brasil,3521705,35,33,3,0.0,0.53,Cerrado,16.1
b10ae20c-2ac2-361d-886b-7ec37c57d6ea, -22.548000, -47.155770,2026-05-06 18:32:00,AQUA_M-T,ARTUR NOGUEIRA,SÃO PAULO,Brasil,3503802,35,33,7,0.0,1.0,Cerrado,8.9
2458b08e-9e04-3aea-8a97-38dcf10fcca6, -22.625730, -52.887270,2026-05-06 18:32:00,AQUA_M-T,DIAMANTE DO NORTE,PARANÁ,Brasil,4107108,41,33,3,0.0,0.74,Mata Atlântica,48.6
e5774475-00a6-3824-a8c8-59530a715a7e, -20.679580, -45.534010,2026-05-06 18:32:00,AQUA_M-T,FORMIGA,MINAS GERAIS,Brasil,3126109,31,33,19,0.0,1.0,Cerrado,16.8
cb8637e6-1e31-3c3f-bcde-9d460c2f8aef, -21.308270, -42.853940,2026-05-06 18:32:00,AQUA_M-T,ASTOLFO DUTRA,MINAS GERAIS,Brasil,3104601,31,33,2,0.0,1.0,Mata Atlântica,10.9
2f14cd62-cee8-3ad8-b34b-0cb7a366194f, -26.959760, -50.055380,2026-05-06 18:32:00,AQUA_M-T,SALETE,SANTA CATARINA,Brasil,4215307,42,33,2,0.0,0.02,Mata Atlântica,13.9
94e96ba7-bcaa-3922-8de7-83424a23ed4e, -22.231060, -45.828580,2026-05-06 18:32:00,AQUA_M-T,SANTA RITA DO SAPUCAÍ,MINAS GERAIS,Brasil,3159605,31,33,7,0.0,0.95,Mata Atlântica,19.5
908a3697-5e95-3646-a921-a83eef262e63, -22.232450, -45.838810,2026-05-06 18:32:00,AQUA_M-T,SANTA RITA DO SAPUCAÍ,MINAS GERAIS,Brasil,3159605,31,33,7,0.0,1.0,Mata Atlântica,26.3
eb6ebf73-e571-3299-86b0-4ee618f2d3a0, -20.224420, -46.852200,2026-05-06 18:32:00,AQUA_M-T,DELFINÓPOLIS,MINAS GERAIS,Brasil,3121209,31,33,21,0.0,0.47,Cerrado,6.7
abe5340a-d3e0-39c0-9624-6819a1ff5261, -21.764540, -45.645550,2026-05-06 18:32:00,AQUA_M-T,CORDISLÂNDIA,MINAS GERAIS,Brasil,3119005,31,33,3,0.0,1.0,Mata Atlântica,11.6
cca63490-f24f-30a1-8c31-28595d21b8c6, -21.510240, -51.848920,2026-05-06 18:32:00,AQUA_M-T,PANORAMA,SÃO PAULO,Brasil,3535408,35,33,4,0.0,0.97,Mata Atlântica,205.5
da88a359-bf2c-340a-a139-ff23769d6461, -22.612180, -52.893730,2026-05-06 18:32:00,AQUA_M-T,DIAMANTE DO NORTE,PARANÁ,Brasil,4107108,41,33,3,0.0,0.79,Mata Atlântica,64.9
bf4ebbb2-8688-3cfc-aa05-12dcab0e6005, -21.080530, -46.569340,2026-05-06 18:32:00,AQUA_M-T,SÃO PEDRO DA UNIÃO,MINAS GERAIS,Brasil,3163904,31,33,2,0.0,0.7,Mata Atlântica,5.2
5e44113f-13ab-3930-8d5f-3efcfad8cf1d, -20.951560, -44.149520,2026-05-06 18:32:00,AQUA_M-T,RESENDE COSTA,MINAS GERAIS,Brasil,3154200,31,33,8,0.0,0.99,Mata Atlântica,4.8
f21647fe-27c9-36eb-95d7-fcae7524dd06, -23.104060, -46.380420,2026-05-06 18:32:00,AQUA_M-T,PIRACAIA,SÃO PAULO,Brasil,3538600,35,33,2,0.0,0.17,Mata Atlântica,9.7
fb881c48-635f-31ee-a8be-561bd5955dd2, -24.282250, -47.408990,2026-05-06 18:32:00,AQUA_M-T,MIRACATU,SÃO PAULO,Brasil,3529906,35,33,3,0.0,0.13,Mata Atlântica,7.1
c2a0d03e-1a2e-3930-9551-d6f81819fe99, -11.945130, -49.697320,2026-05-06 18:34:00,AQUA_M-T,FORMOSO DO ARAGUAIA,TOCANTINS,Brasil,1708205,17,33,7,0.0,0.32,Cerrado,46.0
40216ac0-1919-31f3-9609-b789e827ec9d, -14.026930, -47.588850,2026-05-06 18:34:00,AQUA_M-T,CAVALCANTE,GOIÁS,Brasil,5205307,52,33,9,0.0,0.62,Cerrado,10.2
1ed89a4c-f82f-396f-a160-c075ded9d542, -13.695370, -52.599100,2026-05-06 18:34:00,AQUA_M-T,ÁGUA BOA,MATO GROSSO,Brasil,5100201,51,33,7,0.0,0.42,Cerrado,95.3
a9191bdf-40ad-3190-ac55-165f8d2ee0e1, -12.347240, -50.018420,2026-05-06 18:34:00,AQUA_M-T,SANDOLÂNDIA,TOCANTINS,Brasil,1718840,17,33,7,0.0,0.46,Cerrado,75.6
22aff2c2-9708-352e-8102-c856bb184a76, -12.411730, -49.666150,2026-05-06 18:34:00,AQUA_M-T,SANDOLÂNDIA,TOCANTINS,Brasil,1718840,17,33,9,0.0,0.6,Cerrado,8.1
6a28d2de-d8f5-3645-93b2-668dc748c289, -10.137850, -52.192830,2026-05-06 18:34:00,AQUA_M-T,SANTA CRUZ DO XINGU,MATO GROSSO,Brasil,5107743,51,33,2,0.0,0.1,Amazônia,37.5
d075ff8c-97ac-3bb8-ab71-0fd18e650d05, -13.693710, -52.583850,2026-05-06 18:34:00,AQUA_M-T,ÁGUA BOA,MATO GROSSO,Brasil,5100201,51,33,7,0.0,0.8,Cerrado,64.1
e0a2aba3-195d-38b7-82eb-9270a3dee776, -18.629580, -45.130910,2026-05-06 18:34:00,AQUA_M-T,FELIXLÂNDIA,MINAS GERAIS,Brasil,3125705,31,33,24,0.0,0.64,Cerrado,8.3
e3929649-3e5f-3d93-ad33-9d56f062d4c8, -10.677660, -47.005870,2026-05-06 18:34:00,AQUA_M-T,PONTE ALTA DO TOCANTINS,TOCANTINS,Brasil,1717909,17,33,8,0.0,0.47,Cerrado,12.3
5cfa9341-0ba7-33cd-91e9-04600e473b4c, -11.070720, -49.130910,2026-05-06 18:34:00,AQUA_M-T,SANTA RITA DO TOCANTINS,TOCANTINS,Brasil,1718899,17,33,7,0.0,0.67,Cerrado,15.4
d2d3871c-32fb-3b4f-a843-3b1ff2712061, -12.023840, -47.772300,2026-05-06 18:34:00,AQUA_M-T,NATIVIDADE,TOCANTINS,Brasil,1714203,17,33,9,0.0,0.43,Cerrado,12.0
389241c6-7f8d-3d0e-9b73-0b268aa1ba76, -10.676370, -46.996990,2026-05-06 18:34:00,AQUA_M-T,PONTE ALTA DO TOCANTINS,TOCANTINS,Brasil,1717909,17,33,8,0.0,0.47,Cerrado,11.5
5b1c079a-5a12-3191-a8fc-20c0660c79cf, -11.299290, -48.257750,2026-05-06 18:34:00,AQUA_M-T,SANTA ROSA DO TOCANTINS,TOCANTINS,Brasil,1718907,17,33,7,0.0,0.22,Cerrado,18.9
2a619d81-93aa-3316-aa03-3e8852056a4b, -18.789810, -51.926670,2026-05-06 18:34:00,AQUA_M-T,APORÉ,GOIÁS,Brasil,5201504,52,33,7,0.0,1.0,Cerrado,32.0
74b52180-2b77-3a2f-b06b-b57cdef2192c, -10.340210, -46.918470,2026-05-06 18:34:00,AQUA_M-T,MATEIROS,TOCANTINS,Brasil,1712702,17,33,10,0.0,0.55,Cerrado,11.6
8fd6df00-8a19-3e4c-9114-5404b8343907, -13.301730, -48.676780,2026-05-06 18:34:00,AQUA_M-T,MONTIVIDIU DO NORTE,GOIÁS,Brasil,5213772,52,33,8,0.0,0.32,Cerrado,7.2
144376c3-95bf-3af6-9527-ec85934c881a, -19.132770, -54.564270,2026-05-06 18:34:00,AQUA_M-T,SÃO GABRIEL DO OESTE,MATO GROSSO DO SUL,Brasil,5007695,50,33,9,0.0,0.16,Cerrado,43.4
5458a29f-8431-320f-a126-7a7c48d87db2, -14.146620, -45.352350,2026-05-06 18:34:00,AQUA_M-T,JABORANDI,BAHIA,Brasil,2917359,29,33,25,0.0,0.8,Cerrado,11.9
1ace16ed-3ba5-397e-a7f3-f75dba7b365c,  -9.646820, -48.567260,2026-05-06 18:34:00,AQUA_M-T,MIRACEMA DO TOCANTINS,TOCANTINS,Brasil,1713205,17,33,8,0.0,0.55,Cerrado,88.9
af3fc314-5983-3445-98a5-5bb73c1be6c9, -15.379170, -43.737280,2026-05-06 18:34:00,AQUA_M-T,JAÍBA,MINAS GERAIS,Brasil,3135050,31,33,19,0.0,1.0,Cerrado,8.5
9922e3df-2bd3-331a-b118-9e5601288408,  -8.926980, -44.147130,2026-05-06 18:34:00,AQUA_M-T,SANTA LUZ,PIAUÍ,Brasil,2209302,22,33,12,0.0,0.72,Cerrado,80.2
75101124-a59c-3211-afaf-0d1b95760d51, -14.136460, -45.344690,2026-05-06 18:34:00,AQUA_M-T,JABORANDI,BAHIA,Brasil,2917359,29,33,26,0.0,0.8,Cerrado,31.0
186278cf-3a52-3393-ba0a-1c5090abd42a, -11.200240, -46.789540,2026-05-06 18:34:00,AQUA_M-T,ALMAS,TOCANTINS,Brasil,1700400,17,33,8,0.0,0.37,Cerrado,6.6
e63e51be-3e69-3f30-bed7-f038ca110d76, -17.952580, -48.082940,2026-05-06 18:34:00,AQUA_M-T,CATALÃO,GOIÁS,Brasil,5205109,52,33,27,0.0,1.0,Cerrado,6.5
5209f0e0-b558-300b-9e6f-1c70a60a6245, -12.397080, -46.645720,2026-05-06 18:34:00,AQUA_M-T,TAGUATINGA,TOCANTINS,Brasil,1720903,17,33,9,0.0,0.46,Cerrado,8.6
64b23ae8-90ee-3d9b-be98-03fbe55a3097, -13.696230, -52.603930,2026-05-06 18:34:00,AQUA_M-T,ÁGUA BOA,MATO GROSSO,Brasil,5100201,51,33,7,0.0,0.42,Cerrado,71.0
a47576ea-5938-320f-8e55-2e13ba197bb5,  -8.925310, -44.136150,2026-05-06 18:34:00,AQUA_M-T,SANTA LUZ,PIAUÍ,Brasil,2209302,22,33,12,0.0,0.72,Cerrado,15.2
d811c029-d17d-3309-bb44-2e2d288d4802, -18.779100, -51.950260,2026-05-06 18:34:00,AQUA_M-T,APORÉ,GOIÁS,Brasil,5201504,52,33,7,0.0,1.0,Cerrado,84.8
5d544db5-3c56-3b1e-a201-b827e978a4be, -12.270850, -49.991620,2026-05-06 18:34:00,AQUA_M-T,SANDOLÂNDIA,TOCANTINS,Brasil,1718840,17,33,3,0.0,0.76,Cerrado,7.6
a319ce5a-0d94-34e8-b9ab-7d5dfcc6a54a, -10.105190, -48.814980,2026-05-06 18:34:00,AQUA_M-T,PARAÍSO DO TOCANTINS,TOCANTINS,Brasil,1716109,17,33,8,0.0,0.72,Cerrado,6.5
4f1e0960-5547-32ce-98a0-251637bebf4d, -10.115780, -48.823380,2026-05-06 18:34:00,AQUA_M-T,PARAÍSO DO TOCANTINS,TOCANTINS,Brasil,1716109,17,33,8,0.0,0.15,Cerrado,9.5
2a96955c-9e6a-34ab-b1f2-a3e2f49a85aa, -11.612800, -48.056140,2026-05-06 18:34:00,AQUA_M-T,CHAPADA DA NATIVIDADE,TOCANTINS,Brasil,1705102,17,33,8,0.0,0.44,Cerrado,105.9
9cd473b7-f1d5-3c43-a2a9-ae396555839e, -12.412560, -49.671430,2026-05-06 18:34:00,AQUA_M-T,SANDOLÂNDIA,TOCANTINS,Brasil,1718840,17,33,10,0.0,0.53,Cerrado,21.4
4fa63e20-98a1-3eab-8a41-76f0276b27d6, -12.272470, -50.003910,2026-05-06 18:34:00,AQUA_M-T,SANDOLÂNDIA,TOCANTINS,Brasil,1718840,17,33,3,0.0,0.66,Cerrado,10.7
76a9dcd1-6454-39bd-bb6e-46b1307ec473, -11.625370, -54.181400,2026-05-06 18:34:00,AQUA_M-T,UNIÃO DO SUL,MATO GROSSO,Brasil,5108303,51,33,8,0.0,0.06,Amazônia,25.7
dc626f95-0e31-3600-88f4-aa3ff36661f9, -12.503410, -45.426580,2026-05-06 18:34:00,AQUA_M-T,SÃO DESIDÉRIO,BAHIA,Brasil,2928901,29,33,17,0.0,0.63,Cerrado,5.4
1c8d47aa-a97c-391c-8d04-a3fd55724a00, -18.079030, -46.378500,2026-05-06 18:34:00,AQUA_M-T,PRESIDENTE OLEGÁRIO,MINAS GERAIS,Brasil,3153400,31,33,17,0.0,0.72,Cerrado,26.4
90915e96-2159-3752-b25e-d03b5bc3779b, -13.303170, -48.687360,2026-05-06 18:34:00,AQUA_M-T,MONTIVIDIU DO NORTE,GOIÁS,Brasil,5213772,52,33,8,0.0,0.83,Cerrado,16.2
909f6146-382d-3a71-bd2c-425fd5fd2e53, -11.614150, -48.065640,2026-05-06 18:34:00,AQUA_M-T,CHAPADA DA NATIVIDADE,TOCANTINS,Brasil,1705102,17,33,8,0.0,0.47,Cerrado,9.2
958616ff-cd58-3ccd-ba82-4d31415e75ed, -14.867260, -48.543300,2026-05-06 18:34:00,AQUA_M-T,NIQUELÂNDIA,GOIÁS,Brasil,5214606,52,33,24,0.0,0.48,Cerrado,8.8
f5c04f78-b296-33cc-b152-7b146e7de78a, -13.843210, -48.179240,2026-05-06 18:34:00,AQUA_M-T,COLINAS DO SUL,GOIÁS,Brasil,5205521,52,33,9,0.0,0.39,Cerrado,8.8
c126e1e8-190a-39f6-8624-24dd8cc71d51, -12.348930, -50.030800,2026-05-06 18:34:00,AQUA_M-T,SANDOLÂNDIA,TOCANTINS,Brasil,1718840,17,33,7,0.0,0.46,Cerrado,22.7
d38aec30-b0e1-316e-b5ac-4993e4ba9965, -10.986040, -44.507840,2026-05-06 18:34:00,AQUA_M-T,SANTA RITA DE CÁSSIA,BAHIA,Brasil,2928406,29,33,11,0.0,0.74,Cerrado,5.2
21940526-dcbd-3ff3-ba83-f8953e24e2fc, -14.068590, -47.752170,2026-05-06 18:34:00,AQUA_M-T,CAVALCANTE,GOIÁS,Brasil,5205307,52,33,8,0.0,0.31,Cerrado,7.6
b3080cb0-b333-3f09-a905-b6e4d15eaee9, -10.375710, -49.883020,2026-05-06 18:34:00,AQUA_M-T,PIUM,TOCANTINS,Brasil,1717503,17,33,7,0.0,0.22,Cerrado,9.7
09960ebc-7de8-32f6-9587-5cd5d4406b88, -14.893260, -49.271040,2026-05-06 18:34:00,AQUA_M-T,SÃO LUIZ DO NORTE,GOIÁS,Brasil,5220157,52,33,18,0.0,1.0,Cerrado,5.8
d4831ab2-7265-3567-a75b-21716c7f8bec, -17.233540, -46.857150,2026-05-06 18:34:00,AQUA_M-T,PARACATU,MINAS GERAIS,Brasil,3147006,31,33,26,0.0,-999.0,Cerrado,11.3
8b031425-8494-36ec-a51e-02422aa56888, -10.602260, -51.111990,2026-05-06 18:34:00,AQUA_M-T,SANTA TEREZINHA,MATO GROSSO,Brasil,5107776,51,33,2,0.0,0.11,Cerrado,15.2
113dc027-575a-3a09-b8d3-4974cd1433e0, -10.908400, -49.667650,2026-05-06 18:34:00,AQUA_M-T,LAGOA DA CONFUSÃO,TOCANTINS,Brasil,1711902,17,33,2,0.0,0.68,Cerrado,42.3
631cb08a-a38a-3508-9147-2cf54c8c26e3, -12.413290, -49.677890,2026-05-06 18:34:00,AQUA_M-T,SANDOLÂNDIA,TOCANTINS,Brasil,1718840,17,33,10,0.0,0.42,Cerrado,18.3
ac73bacd-004a-34df-9652-22d5ab685ed5, -14.891650, -49.258920,2026-05-06 18:34:00,AQUA_M-T,SÃO LUIZ DO NORTE,GOIÁS,Brasil,5220157,52,33,18,0.0,1.0,Cerrado,58.8
5281d5fc-c324-33ba-a514-5e038bc082a2, -10.812030, -49.326060,2026-05-06 18:34:00,AQUA_M-T,SANTA RITA DO TOCANTINS,TOCANTINS,Brasil,1718899,17,33,3,0.0,0.45,Cerrado,11.0
e09acdfc-5647-31b5-9e5e-73f173c94f38, -11.665700, -52.566170,2026-05-06 18:34:00,AQUA_M-T,SÃO FÉLIX DO ARAGUAIA,MATO GROSSO,Brasil,5107859,51,33,7,0.0,0.33,Amazônia,33.1
62a3262d-8d96-3e47-ab7b-269e1489c6af, -11.300630, -48.267370,2026-05-06 18:34:00,AQUA_M-T,SANTA ROSA DO TOCANTINS,TOCANTINS,Brasil,1718907,17,33,7,0.0,0.22,Cerrado,7.6
54ed79aa-70b7-31b8-b7c9-3a100cdcf023, -18.792290, -51.948750,2026-05-06 18:34:00,AQUA_M-T,APORÉ,GOIÁS,Brasil,5201504,52,33,7,0.0,0.5,Cerrado,106.6
cd0acb6b-8f80-33fe-b8c8-4ce681bfcafd, -19.128320, -54.592240,2026-05-06 18:34:00,AQUA_M-T,SÃO GABRIEL DO OESTE,MATO GROSSO DO SUL,Brasil,5007695,50,33,9,0.0,0.62,Cerrado,32.2
2515c79c-853f-3503-9ffa-43d3774b18b6, -14.127660, -45.346090,2026-05-06 18:34:00,AQUA_M-T,JABORANDI,BAHIA,Brasil,2917359,29,33,26,0.0,0.81,Cerrado,66.8
a4ad2ace-0d9a-36e0-b3f3-f38ddb3edd5f, -11.559310, -48.266170,2026-05-06 18:34:00,AQUA_M-T,SÃO VALÉRIO,TOCANTINS,Brasil,1720499,17,33,9,0.0,0.51,Cerrado,11.4
6aef0626-c9bd-3764-85c3-7415166a341f, -10.813490, -49.336730,2026-05-06 18:34:00,AQUA_M-T,SANTA RITA DO TOCANTINS,TOCANTINS,Brasil,1718899,17,33,3,0.0,0.2,Cerrado,16.5
e619a9bc-5d55-343c-8f27-5b42f78c8b87, -13.183260, -52.680680,2026-05-06 18:34:00,AQUA_M-T,CANARANA,MATO GROSSO,Brasil,5102702,51,33,7,0.0,0.2,Amazônia,92.4
21dbf03d-d88a-38de-a2e0-4da29082ed64, -10.753650, -49.736080,2026-05-06 18:34:00,AQUA_M-T,LAGOA DA CONFUSÃO,TOCANTINS,Brasil,1711902,17,33,6,0.0,0.76,Cerrado,11.1
03f82a3d-4a13-38bb-a653-0520fc6a1140,  -9.386680, -46.654830,2026-05-06 18:34:00,AQUA_M-T,BALSAS,MARANHÃO,Brasil,2101400,21,33,15,0.0,0.61,Cerrado,41.0
de8b6c26-d5e7-311d-9ee7-6360a86c9589, -14.129020, -45.355150,2026-05-06 18:34:00,AQUA_M-T,JABORANDI,BAHIA,Brasil,2917359,29,33,25,0.0,0.8,Cerrado,74.3
eba06464-42c4-3fe8-b573-167572dc1ef0, -10.517170, -49.646250,2026-05-06 18:34:00,AQUA_M-T,CRISTALÂNDIA,TOCANTINS,Brasil,1706100,17,33,7,0.0,0.81,Cerrado,44.2
03eb4f58-8f4a-31d4-bb13-927843b525b9, -10.600450, -51.098260,2026-05-06 18:34:00,AQUA_M-T,SANTA TEREZINHA,MATO GROSSO,Brasil,5107776,51,33,2,0.0,0.59,Cerrado,55.6
da70c292-96d8-30f2-895c-2fd8d2a94275, -14.120210, -45.356540,2026-05-06 18:34:00,AQUA_M-T,JABORANDI,BAHIA,Brasil,2917359,29,33,25,0.0,0.81,Cerrado,26.7
06a63d77-f9e8-3c8f-ae77-3f83cab6783d, -10.925170, -49.861270,2026-05-06 18:34:00,AQUA_M-T,LAGOA DA CONFUSÃO,TOCANTINS,Brasil,1711902,17,33,5,0.0,0.77,Cerrado,17.8
772274c4-0564-336c-a5f1-4a90db268f28, -12.421130, -54.207350,2026-05-06 18:34:00,AQUA_M-T,NOVA UBIRATÃ,MATO GROSSO,Brasil,5106240,51,33,6,0.0,0.65,Amazônia,66.4
fa5e510e-e264-3cc1-bdb6-8fcadac935bc, -11.786300, -43.642510,2026-05-06 18:34:00,AQUA_M-T,BARRA,BAHIA,Brasil,2902708,29,33,18,2.11,0.47,Cerrado,54.9
04226b4e-0660-3d28-8d57-7340d27344d4, -12.409330, -47.493430,2026-05-06 18:34:00,AQUA_M-T,CONCEIÇÃO DO TOCANTINS,TOCANTINS,Brasil,1705607,17,33,13,0.0,0.64,Cerrado,6.8
01517594-226f-3e29-a2f5-92d9073f591b, -11.603760, -48.057520,2026-05-06 18:34:00,AQUA_M-T,CHAPADA DA NATIVIDADE,TOCANTINS,Brasil,1705102,17,33,8,0.0,0.4,Cerrado,65.5
2a238a33-d853-3c05-b3d8-afe52ee79b4a,  -9.471770, -47.808700,2026-05-06 18:34:00,AQUA_M-T,RIO SONO,TOCANTINS,Brasil,1718758,17,33,8,0.0,0.41,Cerrado,21.1
7571d6f3-0e8e-3dcf-8213-0f78ba10690d, -10.793170, -49.793830,2026-05-06 18:34:00,AQUA_M-T,LAGOA DA CONFUSÃO,TOCANTINS,Brasil,1711902,17,33,3,0.0,0.55,Cerrado,10.8
686651f4-efb9-3598-a0a0-f6162006a094, -15.797090, -47.652870,2026-05-06 18:34:00,AQUA_M-T,BRASÍLIA,DISTRITO FEDERAL,Brasil,5300108,53,33,15,0.0,0.94,Cerrado,7.0
a7a66fc4-4797-3115-960d-aec5d3fa2bb2, -10.937960, -49.433750,2026-05-06 18:34:00,AQUA_M-T,SANTA RITA DO TOCANTINS,TOCANTINS,Brasil,1718899,17,33,2,0.0,0.26,Cerrado,12.2
304f3196-2c19-39a0-aa81-9fd92dfc0878, -13.024170, -43.592920,2026-05-06 18:34:00,AQUA_M-T,SÍTIO DO MATO,BAHIA,Brasil,2930758,29,33,17,0.0,0.98,Cerrado,47.0
a29a3f69-5f8d-3529-a01e-3f1a7291b3b4, -10.939460, -49.444630,2026-05-06 18:34:00,AQUA_M-T,SANTA RITA DO TOCANTINS,TOCANTINS,Brasil,1718899,17,33,2,0.0,0.27,Cerrado,15.3
163c162c-a6f8-3b10-86b7-f14f19c4a5f5, -13.186480, -52.705440,2026-05-06 18:34:00,AQUA_M-T,CANARANA,MATO GROSSO,Brasil,5102702,51,33,7,0.0,0.27,Amazônia,114.2
5c6d6de8-2fa6-31ba-acc5-0b85de65e5af, -14.857640, -48.544560,2026-05-06 18:34:00,AQUA_M-T,NIQUELÂNDIA,GOIÁS,Brasil,5214606,52,33,24,0.0,0.48,Cerrado,8.1
10708607-bb44-38e1-99ec-0154249a2906, -16.113500, -49.232420,2026-05-06 18:34:00,AQUA_M-T,PETROLINA DE GOIÁS,GOIÁS,Brasil,5216809,52,33,16,0.0,0.88,Cerrado,10.8
20db241b-6c90-39ca-a5f9-6ebf4baffc09, -14.137820, -45.353760,2026-05-06 18:34:00,AQUA_M-T,JABORANDI,BAHIA,Brasil,2917359,29,33,25,0.0,0.8,Cerrado,19.1
76b02f91-1478-3d66-a82b-92aa4480b67f, -13.693000, -52.579060,2026-05-06 18:34:00,AQUA_M-T,ÁGUA BOA,MATO GROSSO,Brasil,5100201,51,33,7,0.0,1.0,Cerrado,36.9
fe5fef1f-bce9-3697-be46-b2c58a92b32d, -19.124940, -54.556820,2026-05-06 18:34:00,AQUA_M-T,SÃO GABRIEL DO OESTE,MATO GROSSO DO SUL,Brasil,5007695,50,33,9,0.0,0.16,Cerrado,29.1
7c50e2e7-7eaa-31eb-b05a-c1494f3ecca0, -15.206770, -41.174570,2026-05-06 18:34:00,AQUA_M-T,CÂNDIDO SALES,BAHIA,Brasil,2906709,29,33,12,0.0,0.7,Mata Atlântica,13.5
8d3b0932-2166-34e6-98dd-94aec2047897, -15.910210, -41.605800,2026-05-06 18:34:00,AQUA_M-T,ÁGUAS VERMELHAS,MINAS GERAIS,Brasil,3101003,31,33,24,0.1,0.41,Mata Atlântica,8.4
05dffb18-3052-326e-b27e-38ca47cf70a0, -18.722430, -46.897820,2026-05-06 18:34:00,AQUA_M-T,COROMANDEL,MINAS GERAIS,Brasil,3119302,31,33,14,0.0,0.97,Cerrado,8.1
3fdec32f-97bf-376b-af74-ff47a981ad18, -14.409830, -44.586480,2026-05-06 18:34:00,AQUA_M-T,MONTALVÂNIA,MINAS GERAIS,Brasil,3142700,31,33,20,0.0,0.85,Cerrado,22.5
54b21fc4-532a-3135-8268-39c651e21cb7, -13.650240, -45.560780,2026-05-06 18:34:00,AQUA_M-T,CORRENTINA,BAHIA,Brasil,2909307,29,33,25,0.0,0.88,Cerrado,40.0
cadb0cfd-bfae-3003-918d-bd030cc9ead6, -12.678130, -45.479830,2026-05-06 18:34:00,AQUA_M-T,SÃO DESIDÉRIO,BAHIA,Brasil,2928901,29,33,15,0.0,0.64,Cerrado,17.7
b982defe-28fd-3584-997b-ab04e6af81ba, -12.041760, -40.307930,2026-05-06 18:34:00,AQUA_M-T,MACAJUBA,BAHIA,Brasil,2919603,29,33,13,0.4,0.89,Caatinga,15.2
fb353cb3-17fd-3337-9a82-609aefd60505, -12.002700, -45.415600,2026-05-06 18:34:00,AQUA_M-T,BARREIRAS,BAHIA,Brasil,2903201,29,33,18,0.0,0.7,Cerrado,6.2
1928d0b1-ae84-3db2-9606-bf7ea9294747, -10.482720, -50.899670,2026-05-06 18:34:00,AQUA_M-T,SANTA TEREZINHA,MATO GROSSO,Brasil,5107776,51,33,6,0.0,0.33,Cerrado,44.9
0301db43-826b-3d35-b056-9284560cb7ae, -11.159130, -43.624770,2026-05-06 18:34:00,AQUA_M-T,BARRA,BAHIA,Brasil,2902708,29,33,16,0.0,0.83,Cerrado,11.7
3a6a2a0e-072b-3df3-ad7e-b6cc7292655c, -12.339280, -44.590290,2026-05-06 18:34:00,AQUA_M-T,BAIANÓPOLIS,BAHIA,Brasil,2902500,29,33,18,0.0,0.63,Cerrado,13.9
25732393-0382-39c0-b008-930cc3a7c386, -14.679670, -46.157200,2026-05-06 18:34:00,AQUA_M-T,SÍTIO D'ABADIA,GOIÁS,Brasil,5220702,52,33,11,0.0,0.89,Cerrado,16.1
f4a14ef3-9b31-377d-9305-37d7b8661669,  -9.470460, -47.799710,2026-05-06 18:34:00,AQUA_M-T,RIO SONO,TOCANTINS,Brasil,1718758,17,33,8,0.0,0.41,Cerrado,23.8
27b10204-41b0-3af7-8fab-614692dc263e, -11.943520, -49.685760,2026-05-06 18:34:00,AQUA_M-T,FORMOSO DO ARAGUAIA,TOCANTINS,Brasil,1708205,17,33,7,0.0,0.81,Cerrado,51.8
d6c6b410-44a2-38f1-8c47-56c624e09464,  -9.630730, -49.446820,2026-05-06 18:34:00,AQUA_M-T,DIVINÓPOLIS DO TOCANTINS,TOCANTINS,Brasil,1707108,17,33,4,0.0,0.48,Cerrado,9.9
f66a26aa-931c-3952-a658-9e9e53dbb42b, -18.434570, -54.717100,2026-05-06 18:34:00,AQUA_M-T,COXIM,MATO GROSSO DO SUL,Brasil,5003306,50,33,9,0.0,0.6,Cerrado,32.5
6b070025-7131-3aff-a828-31e221d2cb29, -12.345550, -50.006080,2026-05-06 18:34:00,AQUA_M-T,SANDOLÂNDIA,TOCANTINS,Brasil,1718840,17,33,7,0.0,0.46,Cerrado,11.0
32a71d16-9e21-3cdd-bfe4-51d7c5e0cf79, -13.648900, -45.551760,2026-05-06 18:34:00,AQUA_M-T,CORRENTINA,BAHIA,Brasil,2909307,29,33,25,0.0,0.89,Cerrado,62.8
a6637718-2f3b-3633-b627-4067748f7c76, -11.424650, -49.695670,2026-05-06 18:34:00,AQUA_M-T,FORMOSO DO ARAGUAIA,TOCANTINS,Brasil,1708205,17,33,7,0.0,0.71,Cerrado,19.9
fa69a35f-8ce9-3003-8fad-26198f4c6bbe, -18.713550, -43.181420,2026-05-06 18:34:00,AQUA_M-T,SABINÓPOLIS,MINAS GERAIS,Brasil,3156809,31,33,21,0.0,0.19,Mata Atlântica,8.3
53d0e14a-a781-3448-8fa5-5d83e7f7f09c, -10.487800, -49.364520,2026-05-06 18:34:00,AQUA_M-T,CRISTALÂNDIA,TOCANTINS,Brasil,1706100,17,33,7,0.0,0.28,Cerrado,9.9
181556b8-3bdb-3f8a-824d-faa071d53187, -10.569240, -49.877970,2026-05-06 18:34:00,AQUA_M-T,LAGOA DA CONFUSÃO,TOCANTINS,Brasil,1711902,17,33,7,0.0,0.51,Cerrado,9.6
6cf49fbf-480e-37ee-b9ba-c159b6dc1271, -18.077670, -46.368840,2026-05-06 18:34:00,AQUA_M-T,PRESIDENTE OLEGÁRIO,MINAS GERAIS,Brasil,3153400,31,33,18,0.0,0.62,Cerrado,9.9
777ba5b6-af40-3a21-8b90-2d9887d2610e, -13.183900, -52.685390,2026-05-06 18:34:00,AQUA_M-T,CANARANA,MATO GROSSO,Brasil,5102702,51,33,7,0.0,0.2,Amazônia,132.8
7a52b5ad-918d-3af5-a1b2-a6e4c7528eb6, -14.280020, -46.649390,2026-05-06 18:34:00,AQUA_M-T,POSSE,GOIÁS,Brasil,5218300,52,33,24,0.0,1.0,Cerrado,25.0
50652a15-6a75-3dae-920f-ce5cc53e5b78, -15.204910, -41.180570,2026-05-06 18:34:00,AQUA_M-T,BELO CAMPO,BAHIA,Brasil,2903508,29,33,13,0.0,0.46,Mata Atlântica,19.9
f495049f-80a7-342d-8ec8-9e5557f5fde2, -10.114400, -48.813590,2026-05-06 18:34:00,AQUA_M-T,PARAÍSO DO TOCANTINS,TOCANTINS,Brasil,1716109,17,33,8,0.0,0.52,Cerrado,12.4
c49ca3cd-80b0-38cc-a3f3-dbddd16abaaf, -18.021090, -46.422440,2026-05-06 18:34:00,AQUA_M-T,PRESIDENTE OLEGÁRIO,MINAS GERAIS,Brasil,3153400,31,33,15,0.0,0.74,Cerrado,13.5
1306f0c7-cf94-35ed-a063-493940be13d8, -11.423110, -49.684280,2026-05-06 18:34:00,AQUA_M-T,FORMOSO DO ARAGUAIA,TOCANTINS,Brasil,1708205,17,33,7,0.0,0.32,Cerrado,7.6
790ef145-6c46-30cc-a18f-74129c47af98,  -9.385370, -46.645980,2026-05-06 18:34:00,AQUA_M-T,BALSAS,MARANHÃO,Brasil,2101400,21,33,15,0.0,0.62,Cerrado,4.5
e34fed6e-2af0-3994-ae97-d0bcbaad3c68, -11.616330, -54.175190,2026-05-06 18:34:00,AQUA_M-T,UNIÃO DO SUL,MATO GROSSO,Brasil,5108303,51,33,8,0.0,0.06,Amazônia,31.9
41b80e19-5ab6-3fd6-9c8a-b633ac15e662, -12.273570, -49.996810,2026-05-06 18:34:00,AQUA_M-T,SANDOLÂNDIA,TOCANTINS,Brasil,1718840,17,33,3,0.0,0.65,Cerrado,12.7
a7f26f14-c3e3-3d59-931a-ef4a72b6933f, -12.864140, -43.750910,2026-05-06 18:34:00,AQUA_M-T,SERRA DOURADA,BAHIA,Brasil,2930303,29,33,17,0.0,0.97,Cerrado,110.6
0add04df-d2c0-3e55-8e0f-276a47859367, -13.185680, -52.700630,2026-05-06 18:34:00,AQUA_M-T,CANARANA,MATO GROSSO,Brasil,5102702,51,33,7,0.0,0.2,Amazônia,251.4
573fc733-f1aa-3e0d-b642-93229ce6fa41, -14.145260, -45.343280,2026-05-06 18:34:00,AQUA_M-T,JABORANDI,BAHIA,Brasil,2917359,29,33,26,0.0,0.8,Cerrado,22.3
06d14d3d-7928-3af6-9bfe-c4329bf7f4ac, -10.642590, -46.972390,2026-05-06 18:34:00,AQUA_M-T,PONTE ALTA DO TOCANTINS,TOCANTINS,Brasil,1717909,17,33,8,0.0,0.48,Cerrado,5.3
e6a20427-ff51-3b35-8203-55bfff0007f9, -11.653320, -52.567620,2026-05-06 18:34:00,AQUA_M-T,SÃO FÉLIX DO ARAGUAIA,MATO GROSSO,Brasil,5107859,51,33,7,0.0,0.22,Amazônia,51.1
311b9fef-d57c-36f0-b9f8-d5a334f15719, -12.504780, -45.435680,2026-05-06 18:34:00,AQUA_M-T,SÃO DESIDÉRIO,BAHIA,Brasil,2928901,29,33,17,0.0,0.63,Cerrado,20.5
b371113e-6bfb-3dde-8e7a-12aeeff5d56e, -12.386390, -46.327820,2026-05-06 18:34:00,AQUA_M-T,TAGUATINGA,TOCANTINS,Brasil,1720903,17,33,8,0.0,0.4,Cerrado,4.8
c69f5993-2fcc-3ecc-8af5-20535fe037cc,  -8.521720, -47.055110,2026-05-06 18:36:00,AQUA_M-T,RECURSOLÂNDIA,TOCANTINS,Brasil,1718501,17,33,9,0.0,0.41,Cerrado,9.0
19fd60d1-b6f2-3936-8812-99b7eefae3b6,  -5.861910, -47.754930,2026-05-06 18:36:00,AQUA_M-T,SÃO BENTO DO TOCANTINS,TOCANTINS,Brasil,1720101,17,33,3,0.0,0.18,Cerrado,8.5
4ecc60a7-b52b-3dab-9039-d9caad77001d,  -9.138300, -49.672100,2026-05-06 18:36:00,AQUA_M-T,ARAGUACEMA,TOCANTINS,Brasil,1701903,17,33,3,0.0,0.16,Cerrado,13.2
c21e0770-63e5-343b-b227-6394195f9742,  -8.387160, -46.712190,2026-05-06 18:36:00,AQUA_M-T,RIACHÃO,MARANHÃO,Brasil,2109502,21,33,8,0.0,0.55,Cerrado,9.3
571101ee-66db-31f9-b44f-0adc6f89a379,  -9.184200, -48.627140,2026-05-06 18:36:00,AQUA_M-T,FORTALEZA DO TABOCÃO,TOCANTINS,Brasil,1708254,17,33,8,0.0,0.23,Cerrado,5.8
73a4f05a-f0a8-32a9-a4ad-3660c97a6bac,  -8.515400, -43.937600,2026-05-06 18:36:00,AQUA_M-T,ALVORADA DO GURGUÉIA,PIAUÍ,Brasil,2200459,22,33,12,0.0,0.99,Caatinga,25.1
33a01ffb-d1b3-3db8-bd6c-c20f9f4ed94a,  -5.775340, -45.132900,2026-05-06 18:36:00,AQUA_M-T,BARRA DO CORDA,MARANHÃO,Brasil,2101608,21,33,2,0.0,0.3,Cerrado,12.8
25a96fc0-fc60-3a58-89a8-c7adb9c162d2,  -9.367220, -48.812580,2026-05-06 18:36:00,AQUA_M-T,DOIS IRMÃOS DO TOCANTINS,TOCANTINS,Brasil,1707207,17,33,5,0.0,0.74,Cerrado,5.9
758fd26e-b2b8-363d-8b49-79cd75cda122,  -5.862300, -46.256640,2026-05-06 18:36:00,AQUA_M-T,GRAJAÚ,MARANHÃO,Brasil,2104800,21,33,3,0.0,0.72,Cerrado,9.0
fcf95498-2130-36f8-b4c2-4218880d5e29,  -5.773730, -45.122390,2026-05-06 18:36:00,AQUA_M-T,BARRA DO CORDA,MARANHÃO,Brasil,2101608,21,33,2,0.0,0.3,Cerrado,12.7
18ea0b21-597b-384e-a8a8-d74313539bd3,  -7.232800, -47.146600,2026-05-06 18:36:00,AQUA_M-T,CAROLINA,MARANHÃO,Brasil,2102804,21,33,4,0.0,0.38,Cerrado,6.1
889145b5-0ab1-3c56-8b08-16f12003014c,  -9.673890, -51.040280,2026-05-06 18:36:00,AQUA_M-T,SANTANA DO ARAGUAIA,PARÁ,Brasil,1506708,15,33,7,0.0,1.0,Amazônia,8.8
867d3fc6-892c-3d97-b711-88f24cf123a7,  -8.697840, -49.098020,2026-05-06 18:36:00,AQUA_M-T,GOIANORTE,TOCANTINS,Brasil,1708304,17,33,6,0.0,0.51,Cerrado,10.2
e8a68520-6d9e-3b63-b50d-4b9983d1add3,  -8.312600, -45.407330,2026-05-06 18:36:00,AQUA_M-T,BAIXA GRANDE DO RIBEIRO,PIAUÍ,Brasil,2201150,22,33,12,0.0,0.6,Cerrado,11.1
b89067f8-f566-31d4-84e8-f67762c60368,  -6.335510, -44.639510,2026-05-06 18:36:00,AQUA_M-T,MIRADOR,MARANHÃO,Brasil,2106706,21,33,3,0.0,0.29,Cerrado,21.2
d7dd8e9f-ed5b-3dfb-bcd7-87e827a1672f,  -8.517180, -43.949230,2026-05-06 18:36:00,AQUA_M-T,ALVORADA DO GURGUÉIA,PIAUÍ,Brasil,2200459,22,33,12,0.0,0.81,Cerrado,21.2
eb1e5a66-e19a-3d4e-936f-407a8ac2c01e,  -7.341110, -49.799050,2026-05-06 18:36:00,AQUA_M-T,FLORESTA DO ARAGUAIA,PARÁ,Brasil,1503044,15,33,3,0.0,0.3,Amazônia,5.7
9b0a6a56-70a1-3da0-8135-eedcd63058f4,  -7.273570, -46.800870,2026-05-06 18:36:00,AQUA_M-T,RIACHÃO,MARANHÃO,Brasil,2109502,21,33,5,0.0,0.37,Cerrado,10.0
9055d7bd-85fa-38ae-ab9a-c73f2ec1e419,  -8.478980, -46.449260,2026-05-06 18:36:00,AQUA_M-T,BALSAS,MARANHÃO,Brasil,2101400,21,33,11,0.0,0.48,Cerrado,11.5
c7bd96e9-da45-3455-9129-4dd88c26ea32,  -8.520430, -47.046310,2026-05-06 18:36:00,AQUA_M-T,RECURSOLÂNDIA,TOCANTINS,Brasil,1718501,17,33,9,0.0,0.42,Cerrado,6.8
4a22a743-5e4e-3ade-bf89-6f6deb98143c,  -9.263660, -49.252450,2026-05-06 18:36:00,AQUA_M-T,DOIS IRMÃOS DO TOCANTINS,TOCANTINS,Brasil,1707207,17,33,8,0.0,0.2,Cerrado,23.2
b66cb6c2-3bc3-380b-830a-92cc8d721b50,  -9.254340, -49.253840,2026-05-06 18:36:00,AQUA_M-T,DOIS IRMÃOS DO TOCANTINS,TOCANTINS,Brasil,1707207,17,33,8,0.0,0.2,Cerrado,10.0
6cfe4b9b-1c2e-3d3e-8459-69ad64c6c04d,  -8.551590, -51.575890,2026-05-06 18:36:00,AQUA_M-T,CUMARU DO NORTE,PARÁ,Brasil,1502764,15,33,2,0.0,0.37,Amazônia,13.7
121ea13d-7587-3583-b984-0b7cb8978a3d,  -8.696450, -49.088220,2026-05-06 18:36:00,AQUA_M-T,GOIANORTE,TOCANTINS,Brasil,1708304,17,33,6,0.0,0.17,Cerrado,8.7
c2d274c9-0187-3669-ab71-640a1ba94863,  -8.963210, -50.250110,2026-05-06 18:36:00,AQUA_M-T,SANTANA DO ARAGUAIA,PARÁ,Brasil,1506708,15,33,5,0.0,0.99,Amazônia,12.4
695d9fc4-1fc3-32a7-afb5-d7c921b3fdd9,  -5.040780, -48.379640,2026-05-06 18:36:00,AQUA_M-T,ABEL FIGUEIREDO,PARÁ,Brasil,1500131,15,33,2,0.0,0.31,Amazônia,6.9
a479ad77-d8fa-3531-8acf-470f974588da,  -9.136820, -49.661560,2026-05-06 18:36:00,AQUA_M-T,ARAGUACEMA,TOCANTINS,Brasil,1701903,17,33,3,0.0,0.16,Cerrado,13.5
7c1d56b8-48e3-30b0-9a75-01451d0bf5cf,  -7.229950, -47.943950,2026-05-06 18:36:00,AQUA_M-T,BABAÇULÂNDIA,TOCANTINS,Brasil,1703008,17,33,3,0.0,0.36,Cerrado,7.2
fb2de351-45b4-3bf1-9502-79c85250abf8,  -8.746790, -50.235430,2026-05-06 18:36:00,AQUA_M-T,SANTA MARIA DAS BARREIRAS,PARÁ,Brasil,1506583,15,33,5,0.0,0.81,Amazônia,58.0
abd064e0-7328-3114-9846-356dc174a6b4,  -8.892530, -48.392720,2026-05-06 18:36:00,AQUA_M-T,GUARAÍ,TOCANTINS,Brasil,1709302,17,33,8,0.0,0.28,Cerrado,9.3
c910c816-1127-384c-a197-796baa923c71,  -5.822070, -47.226190,2026-05-06 18:36:00,AQUA_M-T,MONTES ALTOS,MARANHÃO,Brasil,2107001,21,33,2,0.0,0.83,Cerrado,10.2
337d562d-ff15-376b-94d0-1438bbbf9faa,  -7.272250, -46.791980,2026-05-06 18:36:00,AQUA_M-T,RIACHÃO,MARANHÃO,Brasil,2109502,21,33,5,0.0,0.41,Cerrado,18.1
fdc2e227-fda4-3197-877d-54269096b530,  -8.629370, -49.531690,2026-05-06 18:36:00,AQUA_M-T,CONCEIÇÃO DO ARAGUAIA,PARÁ,Brasil,1502707,15,33,3,0.0,0.47,Amazônia,46.7
1a900b3a-f1b7-342e-b097-ca9bb3ffc3f7,  -8.874640, -49.760100,2026-05-06 18:36:00,AQUA_M-T,SANTA MARIA DAS BARREIRAS,PARÁ,Brasil,1506583,15,33,3,0.0,0.15,Amazônia,20.0
4f53f726-8751-31ef-87b0-6bda1087253b,  -8.311160, -45.397880,2026-05-06 18:36:00,AQUA_M-T,BAIXA GRANDE DO RIBEIRO,PIAUÍ,Brasil,2201150,22,33,12,0.0,0.61,Cerrado,38.2
1a03b9a5-8e9f-3c1d-a820-0436ace07015,  -8.511670, -47.047630,2026-05-06 18:36:00,AQUA_M-T,RECURSOLÂNDIA,TOCANTINS,Brasil,1718501,17,33,8,0.0,0.4,Cerrado,7.1
8a60897b-6cd9-38e3-9924-3a3a9e876631,  -5.042060, -48.388420,2026-05-06 18:36:00,AQUA_M-T,ABEL FIGUEIREDO,PARÁ,Brasil,1500131,15,33,2,0.0,0.31,Amazônia,8.3
3ed41f3a-6b3a-3529-a09a-b100a5d8ae3f,  -6.842670, -47.944970,2026-05-06 18:36:00,AQUA_M-T,WANDERLÂNDIA,TOCANTINS,Brasil,1722081,17,33,2,0.0,0.13,Cerrado,12.1
0a058f40-ca9b-3200-ab83-bfebb937f9d8,  -8.808670, -49.950810,2026-05-06 18:36:00,AQUA_M-T,SANTA MARIA DAS BARREIRAS,PARÁ,Brasil,1506583,15,33,3,0.0,0.52,Amazônia,13.4
4a6976e2-69a2-386f-ad25-1d9466b2da99,  -7.059970, -45.071140,2026-05-06 18:36:00,AQUA_M-T,LORETO,MARANHÃO,Brasil,2106102,21,33,5,0.0,0.48,Cerrado,9.2
0ab8668b-bfdb-34e3-97d3-1053afc98189,  -6.323380, -44.635600,2026-05-06 18:36:00,AQUA_M-T,MIRADOR,MARANHÃO,Brasil,2106706,21,33,3,0.0,0.3,Cerrado,59.0
ced812e1-0dae-3a33-9974-5c0bb0318598,  -9.422860, -50.698010,2026-05-06 18:36:00,AQUA_M-T,SANTANA DO ARAGUAIA,PARÁ,Brasil,1506708,15,33,6,0.0,0.25,Amazônia,10.5
d77f0895-5861-30a5-b983-0259fc3490ad,  -8.893860, -48.401950,2026-05-06 18:36:00,AQUA_M-T,GUARAÍ,TOCANTINS,Brasil,1709302,17,33,8,0.0,0.31,Cerrado,19.4
bf5ebc2c-d0c6-3421-9219-6bc71da013b6,  -7.540250, -45.423330,2026-05-06 18:36:00,AQUA_M-T,LORETO,MARANHÃO,Brasil,2106102,21,33,12,0.0,0.54,Cerrado,6.4
8ef75d98-f2ac-3c35-96a1-8510011ab1a6,  -6.654470, -47.554900,2026-05-06 18:36:00,AQUA_M-T,PALMEIRAS DO TOCANTINS,TOCANTINS,Brasil,1713809,17,33,3,0.0,0.2,Cerrado,33.9
2418b011-0007-3fee-8d1e-d72dc36fe915,  -6.337240, -46.398940,2026-05-06 18:36:00,AQUA_M-T,FORMOSA DA SERRA NEGRA,MARANHÃO,Brasil,2104099,21,33,4,0.0,0.37,Cerrado,11.3
a9a87404-b6a4-37eb-9755-9f1e7da73d13,  -6.825170, -50.546450,2026-05-06 18:36:00,AQUA_M-T,ÁGUA AZUL DO NORTE,PARÁ,Brasil,1500347,15,33,3,0.0,0.27,Amazônia,27.2
72682dca-55ce-34e4-b7af-cf4637ac23b7,  -5.783310, -45.121040,2026-05-06 18:36:00,AQUA_M-T,BARRA DO CORDA,MARANHÃO,Brasil,2101608,21,33,2,0.0,0.29,Cerrado,81.3
c323fe60-e2dc-3550-90dc-821cc3c86faa,  -7.282370, -46.799540,2026-05-06 18:36:00,AQUA_M-T,RIACHÃO,MARANHÃO,Brasil,2109502,21,33,6,0.0,0.41,Cerrado,31.0
87c0785b-72c9-3688-b2fa-ed55f87e14bd,  -8.549740, -51.562180,2026-05-06 18:36:00,AQUA_M-T,CUMARU DO NORTE,PARÁ,Brasil,1502764,15,33,2,0.0,0.38,Amazônia,19.2
4a0c495b-4e15-35f5-84e7-ce9191224494,  -7.281050, -46.790570,2026-05-06 18:36:00,AQUA_M-T,RIACHÃO,MARANHÃO,Brasil,2109502,21,33,5,0.0,0.41,Cerrado,26.4
9f22b2b7-5d99-3445-b988-f2c2594a8dd0,  -7.339660, -49.788890,2026-05-06 18:36:00,AQUA_M-T,FLORESTA DO ARAGUAIA,PARÁ,Brasil,1503044,15,33,3,0.0,0.16,Amazônia,13.3
61311be9-be9e-3984-aabd-54c62220a6ef,  -6.663230, -47.553590,2026-05-06 18:36:00,AQUA_M-T,PALMEIRAS DO TOCANTINS,TOCANTINS,Brasil,1713809,17,33,3,0.0,0.52,Cerrado,21.1
3c597c42-5198-3291-89e2-ac61c4c0b339,  -6.460190, -47.855810,2026-05-06 18:36:00,AQUA_M-T,ANGICO,TOCANTINS,Brasil,1701051,17,33,2,0.0,0.4,Cerrado,9.4
a2cb3ee7-33d0-3075-8aa2-ce38f9061bb6,  -9.255750, -49.263920,2026-05-06 18:36:00,AQUA_M-T,DOIS IRMÃOS DO TOCANTINS,TOCANTINS,Brasil,1707207,17,33,8,0.0,0.19,Cerrado,15.3
a1440fca-4047-35a4-9a33-dbc9b9d5ef6e,  -6.323990, -44.629910,2026-05-06 18:36:00,AQUA_M-T,MIRADOR,MARANHÃO,Brasil,2106706,21,33,3,0.0,0.3,Cerrado,57.5
371012be-2559-3f23-92db-6e8c5423335f,  -6.325720, -44.640940,2026-05-06 18:36:00,AQUA_M-T,MIRADOR,MARANHÃO,Brasil,2106706,21,33,3,0.0,0.29,Cerrado,38.8
1a1f90b4-ea17-3386-9c98-6027e7245f73,  -7.517970, -49.428250,2026-05-06 18:36:00,AQUA_M-T,FLORESTA DO ARAGUAIA,PARÁ,Brasil,1503044,15,33,3,0.0,0.43,Amazônia,11.1
54459980-6877-33cb-88fe-525d56d9565d,  -9.265090, -49.262600,2026-05-06 18:36:00,AQUA_M-T,DOIS IRMÃOS DO TOCANTINS,TOCANTINS,Brasil,1707207,17,33,8,0.0,0.22,Cerrado,19.6
b891bb79-ab35-3deb-8043-84dcc44c9b10, -18.784900, -51.924700,2026-05-06 18:40:00,GOES-19,APORÉ,GOIÁS,Brasil,5201504,52,33,7,0.0,1.0,Cerrado,61.6
f60a6dcb-b0ad-3a98-89b7-c0007908c5be, -13.188200, -52.692200,2026-05-06 18:40:00,GOES-19,CANARANA,MATO GROSSO,Brasil,5102702,51,33,7,0.0,0.2,Amazônia,228.0
ac426da2-98be-3499-923d-2e59df5df8e6, -12.503500, -58.458200,2026-05-06 18:40:00,GOES-19,SAPEZAL,MATO GROSSO,Brasil,5107875,51,33,8,0.0,0.12,Cerrado,180.0
d2e1cb38-a97b-3f67-af48-f49b2a003256, -13.169000, -52.694400,2026-05-06 18:40:00,GOES-19,CANARANA,MATO GROSSO,Brasil,5102702,51,33,7,0.0,0.44,Amazônia,124.9
882820a5-74c7-365a-9a8b-f90381209e92, -11.600500, -48.047200,2026-05-06 18:40:00,GOES-19,CHAPADA DA NATIVIDADE,TOCANTINS,Brasil,1705102,17,33,8,0.0,0.27,Cerrado,63.0
73267269-b46a-356e-948c-07266df39816, -12.350800, -50.026600,2026-05-06 18:40:00,GOES-19,SANDOLÂNDIA,TOCANTINS,Brasil,1718840,17,33,7,0.0,0.47,Cerrado,57.6
b1f518e2-f0c2-3d57-ae07-a5af8dca27d3, -18.447800, -54.709900,2026-05-06 18:40:00,GOES-19,COXIM,MATO GROSSO DO SUL,Brasil,5003306,50,33,8,0.0,1.0,Cerrado,86.5
37a10499-83a6-381c-ab94-8752672364df, -14.130700, -45.357700,2026-05-06 18:40:00,GOES-19,JABORANDI,BAHIA,Brasil,2917359,29,33,25,0.0,0.8,Cerrado,84.4
6a1513f5-70eb-3aa7-a173-578fdef025a0, -18.784400, -51.946700,2026-05-06 18:40:00,GOES-19,APORÉ,GOIÁS,Brasil,5201504,52,33,7,0.0,1.0,Cerrado,99.9
9676e4ec-da0e-3147-a1b2-b39dc9114de2, -12.522200, -58.476500,2026-05-06 18:40:00,GOES-19,SAPEZAL,MATO GROSSO,Brasil,5107875,51,33,8,0.0,0.13,Cerrado,54.4
5ebde8c1-ce14-3847-8791-170fea6ab5da,  -5.775200, -45.128000,2026-05-06 18:40:00,GOES-19,BARRA DO CORDA,MARANHÃO,Brasil,2101608,21,33,2,0.0,0.3,Cerrado,107.5
2c109bd7-d45f-3110-8f23-fa0f2715efd0,  -8.925700, -44.146600,2026-05-06 18:40:00,GOES-19,SANTA LUZ,PIAUÍ,Brasil,2209302,22,33,12,0.0,0.72,Cerrado,62.3
140f0b23-4888-3157-b315-7424005d43a4, -13.188500, -52.671100,2026-05-06 18:40:00,GOES-19,CANARANA,MATO GROSSO,Brasil,5102702,51,33,7,0.0,0.44,Amazônia,61.1
5d4638f6-ae3e-3a10-a68e-df46bfa21568, -14.131200, -45.334400,2026-05-06 18:40:00,GOES-19,JABORANDI,BAHIA,Brasil,2917359,29,33,26,0.0,0.81,Cerrado,95.2
523154e2-4717-323f-864e-943fecf1ecbc, -12.867000, -43.747800,2026-05-06 18:40:00,GOES-19,SERRA DOURADA,BAHIA,Brasil,2930303,29,33,17,0.0,0.98,Cerrado,165.4
ce5905e4-bbbf-3a99-95c8-5b40810d2acc, -14.557000, -58.939900,2026-05-06 18:40:00,GOES-19,TANGARÁ DA SERRA,MATO GROSSO,Brasil,5107958,51,33,6,0.0,0.22,Cerrado,177.7
36d1ad57-d698-3775-9bae-f84c72664223,  -8.755300, -50.233600,2026-05-06 18:40:00,GOES-19,SANTA MARIA DAS BARREIRAS,PARÁ,Brasil,1506583,15,33,5,0.0,0.81,Amazônia,50.8
021dd50a-680b-30a9-9f17-2feda70d3df8, -16.165200, -58.504400,2026-05-06 18:50:00,GOES-19,CÁCERES,MATO GROSSO,Brasil,5102504,51,33,7,0.0,1.0,Pantanal,106.0
957799fc-af97-3376-bb74-a687049f1283, -12.503500, -58.458200,2026-05-06 18:50:00,GOES-19,SAPEZAL,MATO GROSSO,Brasil,5107875,51,33,8,0.0,0.12,Cerrado,140.0
30a23c5c-0411-3be1-b87c-0fe159c48fdd, -16.165500, -58.484200,2026-05-06 18:50:00,GOES-19,CÁCERES,MATO GROSSO,Brasil,5102504,51,33,7,0.0,0.12,Pantanal,107.4
2650fc4f-fb06-337c-a74f-e911eba6c85e, -11.936600, -49.688500,2026-05-06 18:50:00,GOES-19,FORMOSO DO ARAGUAIA,TOCANTINS,Brasil,1708205,17,33,7,0.0,0.82,Cerrado,83.3
0f64f5de-7128-3a8e-a22e-1394750e54a6, -13.188200, -52.692200,2026-05-06 18:50:00,GOES-19,CANARANA,MATO GROSSO,Brasil,5102702,51,33,7,0.0,0.2,Amazônia,237.9
14100dc3-c927-3361-8545-2da2d66c4a49, -12.522200, -58.476500,2026-05-06 18:50:00,GOES-19,SAPEZAL,MATO GROSSO,Brasil,5107875,51,33,8,0.0,0.13,Cerrado,57.1
da997b9c-1420-3ebb-860d-465be388d3bb, -14.130700, -45.357700,2026-05-06 18:50:00,GOES-19,JABORANDI,BAHIA,Brasil,2917359,29,33,25,0.0,0.8,Cerrado,87.8
d0da2fd8-7aa8-35ff-a499-3123aa4e2a99, -12.484300, -58.479500,2026-05-06 18:50:00,GOES-19,SAPEZAL,MATO GROSSO,Brasil,5107875,51,33,8,0.0,-999.0,Cerrado,368.4
aafcfc7b-3255-3f28-81cd-59b25c323a09,  -6.322500, -44.631300,2026-05-06 18:50:00,GOES-19,MIRADOR,MARANHÃO,Brasil,2106706,21,33,3,0.0,0.3,Cerrado,72.4
00e80c65-f173-3d21-b6e0-0a03b9dc5ba3, -13.169000, -52.694400,2026-05-06 18:50:00,GOES-19,CANARANA,MATO GROSSO,Brasil,5102702,51,33,7,0.0,0.44,Amazônia,144.9
667d86b6-ba0a-3841-b4cc-7778ec5e4368, -10.758400, -49.738200,2026-05-06 18:50:00,GOES-19,LAGOA DA CONFUSÃO,TOCANTINS,Brasil,1711902,17,33,6,0.0,0.82,Cerrado,83.8
afe1aed0-de83-376f-bf39-802b4c8219ea, -11.600500, -48.047200,2026-05-06 18:50:00,GOES-19,CHAPADA DA NATIVIDADE,TOCANTINS,Brasil,1705102,17,33,8,0.0,0.27,Cerrado,59.4
8256b726-e4bf-33f7-87d0-dfeec51968c0, -18.447800, -54.709900,2026-05-06 18:50:00,GOES-19,COXIM,MATO GROSSO DO SUL,Brasil,5003306,50,33,8,0.0,1.0,Cerrado,79.2
55cc7106-61b7-326b-b92b-487b3fb0d519, -14.131200, -45.334400,2026-05-06 18:50:00,GOES-19,JABORANDI,BAHIA,Brasil,2917359,29,33,26,0.0,0.81,Cerrado,100.9
e02ebc9d-9d61-38fe-8c12-d60622c9ee8a,  -8.925700, -44.146600,2026-05-06 18:50:00,GOES-19,SANTA LUZ,PIAUÍ,Brasil,2209302,22,33,12,0.0,0.72,Cerrado,93.1
e9370c01-b73f-34fd-95e7-b64d2f27c3be, -13.169300, -52.673400,2026-05-06 18:50:00,GOES-19,CANARANA,MATO GROSSO,Brasil,5102702,51,33,7,0.0,0.19,Amazônia,61.4
a70b8efa-5250-3090-82d5-6ba659fa1f3c, -21.679500, -56.314200,2026-05-06 18:50:00,GOES-19,BELA VISTA,MATO GROSSO DO SUL,Brasil,5002100,50,33,3,0.0,1.0,Cerrado,87.5
779a707d-d6e8-318a-af0d-48133f514630,  -8.814700, -49.951700,2026-05-06 18:50:00,GOES-19,SANTA MARIA DAS BARREIRAS,PARÁ,Brasil,1506583,15,33,3,0.0,0.27,Amazônia,63.4
1c714212-ef5b-3453-ac5d-cdeec15d8f5b, -12.867000, -43.747800,2026-05-06 18:50:00,GOES-19,SERRA DOURADA,BAHIA,Brasil,2930303,29,33,17,0.0,0.98,Cerrado,134.5
64a7a5fe-85c7-36f3-8f95-10924a8d1ca8, -16.165200, -58.504400,2026-05-06 19:00:00,GOES-19,CÁCERES,MATO GROSSO,Brasil,5102504,51,33,7,0.0,1.0,Pantanal,106.2
f7841407-3676-3f89-9f15-2b2077436607, -13.188200, -52.692200,2026-05-06 19:00:00,GOES-19,CANARANA,MATO GROSSO,Brasil,5102702,51,33,7,0.0,0.2,Amazônia,155.2
c89ebb26-f013-3dcb-bb8a-9c9992093fb8, -18.447800, -54.709900,2026-05-06 19:00:00,GOES-19,COXIM,MATO GROSSO DO SUL,Brasil,5003306,50,33,8,0.0,1.0,Cerrado,94.0
77d50070-7323-3b99-aba1-39be4b0c8aec, -18.784400, -51.946700,2026-05-06 19:00:00,GOES-19,APORÉ,GOIÁS,Brasil,5201504,52,33,7,0.0,1.0,Cerrado,115.1
53fb1ef2-1c50-3e9c-b68b-30c5b0eaf773,  -5.775200, -45.128000,2026-05-06 19:00:00,GOES-19,BARRA DO CORDA,MARANHÃO,Brasil,2101608,21,33,2,0.0,0.3,Cerrado,123.5
4a1f4376-ad51-3f59-8863-307c1e7beea7, -12.484300, -58.479500,2026-05-06 19:00:00,GOES-19,SAPEZAL,MATO GROSSO,Brasil,5107875,51,33,8,0.0,-999.0,Cerrado,139.6
bec947fb-b531-3094-a14c-720428ea3505, -13.169000, -52.694400,2026-05-06 19:00:00,GOES-19,CANARANA,MATO GROSSO,Brasil,5102702,51,33,7,0.0,0.44,Amazônia,75.0
0a26b51b-46a5-31a9-9a4b-cc82e537a511, -16.165500, -58.484200,2026-05-06 19:00:00,GOES-19,CÁCERES,MATO GROSSO,Brasil,5102504,51,33,7,0.0,0.12,Pantanal,144.8
ff7636f0-b7b5-399b-b4d0-62f306c12786,  -6.322500, -44.631300,2026-05-06 19:00:00,GOES-19,MIRADOR,MARANHÃO,Brasil,2106706,21,33,3,0.0,0.3,Cerrado,76.0
a2162e9b-b84b-3510-b614-14a6b2e409c0, -14.130700, -45.357700,2026-05-06 19:00:00,GOES-19,JABORANDI,BAHIA,Brasil,2917359,29,33,25,0.0,0.8,Cerrado,60.9
40f0721b-72ea-3230-ad24-bd0baf75e2a3, -18.784900, -51.924700,2026-05-06 19:00:00,GOES-19,APORÉ,GOIÁS,Brasil,5201504,52,33,7,0.0,1.0,Cerrado,78.9
05a1d1cb-6789-340f-897a-86fb4b0b3116, -10.758400, -49.738200,2026-05-06 19:00:00,GOES-19,LAGOA DA CONFUSÃO,TOCANTINS,Brasil,1711902,17,33,6,0.0,0.82,Cerrado,88.6
40f4a195-099a-33cb-a214-075a1e0fee52, -11.619600, -48.044700,2026-05-06 19:00:00,GOES-19,CHAPADA DA NATIVIDADE,TOCANTINS,Brasil,1705102,17,33,8,0.0,0.31,Cerrado,67.4
f701a8e2-99ca-357d-9ad3-986d77862cfb, -12.503500, -58.458200,2026-05-06 19:00:00,GOES-19,SAPEZAL,MATO GROSSO,Brasil,5107875,51,33,8,0.0,0.12,Cerrado,131.2
9a65a90e-7366-3718-9464-fac897c89449, -12.867000, -43.747800,2026-05-06 19:00:00,GOES-19,SERRA DOURADA,BAHIA,Brasil,2930303,29,33,17,0.0,0.98,Cerrado,186.6
563bf937-2e99-31bf-91ea-01d65892a251,  -8.814700, -49.951700,2026-05-06 19:00:00,GOES-19,SANTA MARIA DAS BARREIRAS,PARÁ,Brasil,1506583,15,33,3,0.0,0.27,Amazônia,77.2
2d5bd700-9dcb-3a98-adc3-04c89d281f8d, -14.495400, -59.263600,2026-05-06 19:00:00,GOES-19,CONQUISTA D'OESTE,MATO GROSSO,Brasil,5103361,51,33,6,0.0,0.29,Cerrado,50.6
cd60e897-7dd9-3792-b05e-7f362ea3620d, -14.131200, -45.334400,2026-05-06 19:00:00,GOES-19,JABORANDI,BAHIA,Brasil,2917359,29,33,26,0.0,0.81,Cerrado,98.7
e8158568-2cae-3ab0-8089-14856d859b6a, -13.188500, -52.671100,2026-05-06 19:00:00,GOES-19,CANARANA,MATO GROSSO,Brasil,5102702,51,33,7,0.0,0.44,Amazônia,65.1
716bd8f5-62a8-3552-adce-d57935dfa40d,  -8.925700, -44.146600,2026-05-06 19:00:00,GOES-19,SANTA LUZ,PIAUÍ,Brasil,2209302,22,33,12,0.0,0.72,Cerrado,65.2
7b623855-23b1-3a41-96f9-ec6686a50fa1, -16.165200, -58.504400,2026-05-06 19:10:00,GOES-19,CÁCERES,MATO GROSSO,Brasil,5102504,51,33,7,0.0,1.0,Pantanal,102.1
ee8451a4-fe79-38f0-8aea-0070a2986af9, -10.758400, -49.738200,2026-05-06 19:10:00,GOES-19,LAGOA DA CONFUSÃO,TOCANTINS,Brasil,1711902,17,33,6,0.0,0.82,Cerrado,182.1
55160941-7d7e-39b2-8ad3-e55ca3b1c8a6, -11.619200, -48.066900,2026-05-06 19:10:00,GOES-19,CHAPADA DA NATIVIDADE,TOCANTINS,Brasil,1705102,17,33,8,0.0,0.48,Cerrado,59.2
b0a3f5e4-ed82-3102-a5d7-a106ff069016, -12.503500, -58.458200,2026-05-06 19:10:00,GOES-19,SAPEZAL,MATO GROSSO,Brasil,5107875,51,33,8,0.0,0.12,Cerrado,153.6
7743b356-729c-3539-bdeb-20c9dba41dfe, -16.165500, -58.484200,2026-05-06 19:10:00,GOES-19,CÁCERES,MATO GROSSO,Brasil,5102504,51,33,7,0.0,0.12,Pantanal,123.4
1f0c82a9-6163-3c60-bc8b-94f83e8f3dfa,  -6.322500, -44.631300,2026-05-06 19:10:00,GOES-19,MIRADOR,MARANHÃO,Brasil,2106706,21,33,3,0.0,0.3,Cerrado,83.3
a039a595-07f6-3581-b2ee-8a143615e0be, -18.784400, -51.946700,2026-05-06 19:10:00,GOES-19,APORÉ,GOIÁS,Brasil,5201504,52,33,7,0.0,1.0,Cerrado,99.6
b88f22ce-452a-3202-9cf1-439b048c7bcc, -18.447800, -54.709900,2026-05-06 19:10:00,GOES-19,COXIM,MATO GROSSO DO SUL,Brasil,5003306,50,33,8,0.0,1.0,Cerrado,94.5
6fd84be3-2ed3-383c-abd8-f08dbc29fe2d, -12.522200, -58.476500,2026-05-06 19:10:00,GOES-19,SAPEZAL,MATO GROSSO,Brasil,5107875,51,33,8,0.0,0.13,Cerrado,59.7
14df1314-945b-3732-92ca-35b3bc57d161,  -5.775200, -45.128000,2026-05-06 19:10:00,GOES-19,BARRA DO CORDA,MARANHÃO,Brasil,2101608,21,33,2,0.0,0.3,Cerrado,106.3
4b4dddd1-2c3e-371a-9aac-6bdddf2eaf4d, -18.784900, -51.924700,2026-05-06 19:10:00,GOES-19,APORÉ,GOIÁS,Brasil,5201504,52,33,7,0.0,1.0,Cerrado,66.9
cefdc785-27f0-3948-97db-77b8ac860ba2, -13.188200, -52.692200,2026-05-06 19:10:00,GOES-19,CANARANA,MATO GROSSO,Brasil,5102702,51,33,7,0.0,0.2,Amazônia,159.6
6b93a102-4e20-32cd-87b8-a19c58f444df, -12.484300, -58.479500,2026-05-06 19:10:00,GOES-19,SAPEZAL,MATO GROSSO,Brasil,5107875,51,33,8,0.0,-999.0,Cerrado,237.3
b3e43f6b-6cbc-364c-b301-7548e7b51e2f, -10.777400, -49.736200,2026-05-06 19:10:00,GOES-19,LAGOA DA CONFUSÃO,TOCANTINS,Brasil,1711902,17,33,5,0.0,0.82,Cerrado,54.4
ccb9ce16-91e3-3ecc-9c18-609b316f425b, -11.619600, -48.044700,2026-05-06 19:10:00,GOES-19,CHAPADA DA NATIVIDADE,TOCANTINS,Brasil,1705102,17,33,8,0.0,0.31,Cerrado,71.0
d29f2fb1-0085-36e1-bdcb-c05707692d6f, -12.867000, -43.747800,2026-05-06 19:10:00,GOES-19,SERRA DOURADA,BAHIA,Brasil,2930303,29,33,17,0.0,0.98,Cerrado,189.6
6af5a634-d8ee-3c46-ace5-032daaa4d882,  -9.383000, -46.644300,2026-05-06 19:10:00,GOES-19,BALSAS,MARANHÃO,Brasil,2101400,21,33,15,0.0,0.58,Cerrado,78.6
cf90cc20-eb09-326c-b3e7-ef4dc8b07e0b, -13.188500, -52.671100,2026-05-06 19:10:00,GOES-19,CANARANA,MATO GROSSO,Brasil,5102702,51,33,7,0.0,0.44,Amazônia,51.5
a74c9e2b-a550-3cbe-85a0-61bfa2857fbe, -14.131200, -45.334400,2026-05-06 19:10:00,GOES-19,JABORANDI,BAHIA,Brasil,2917359,29,33,26,0.0,0.81,Cerrado,97.1
3bf0513b-f8cd-3e12-a4f3-801fb64f1251,  -8.814700, -49.951700,2026-05-06 19:10:00,GOES-19,SANTA MARIA DAS BARREIRAS,PARÁ,Brasil,1506583,15,33,3,0.0,0.27,Amazônia,100.9
335a14a3-8c82-3d1e-9756-472370b416b5, -12.422700, -54.209400,2026-05-06 19:10:00,GOES-19,NOVA UBIRATÃ,MATO GROSSO,Brasil,5106240,51,33,6,0.0,0.79,Amazônia,75.8
78995d61-dae5-3cd3-a1ca-2e3ea704ba32, -12.503300, -58.478100,2026-05-06 19:20:00,GOES-19,SAPEZAL,MATO GROSSO,Brasil,5107875,51,33,8,0.0,0.12,Cerrado,326.0
d5556537-292d-3a93-851b-791cd2715fe6, -18.447800, -54.709900,2026-05-06 19:20:00,GOES-19,COXIM,MATO GROSSO DO SUL,Brasil,5003306,50,33,8,0.0,1.0,Cerrado,81.4
4c71222b-ab34-3039-bbc6-605dc9e6e002, -10.758400, -49.738200,2026-05-06 19:20:00,GOES-19,LAGOA DA CONFUSÃO,TOCANTINS,Brasil,1711902,17,33,6,0.0,0.82,Cerrado,66.7
23aa54d6-c45a-3cec-8a5f-0867505f48c7, -12.503500, -58.458200,2026-05-06 19:20:00,GOES-19,SAPEZAL,MATO GROSSO,Brasil,5107875,51,33,8,0.0,0.12,Cerrado,148.7
37b84145-4121-3d54-9abb-57c6173ba741, -18.784900, -51.924700,2026-05-06 19:20:00,GOES-19,APORÉ,GOIÁS,Brasil,5201504,52,33,7,0.0,1.0,Cerrado,106.1
66b02e58-45bf-371d-ae1b-8f85f22d607b, -16.165500, -58.484200,2026-05-06 19:20:00,GOES-19,CÁCERES,MATO GROSSO,Brasil,5102504,51,33,7,0.0,0.12,Pantanal,128.8
7aa992a9-1dd4-318d-a00a-1fafa10b7f53, -11.619600, -48.044700,2026-05-06 19:20:00,GOES-19,CHAPADA DA NATIVIDADE,TOCANTINS,Brasil,1705102,17,33,8,0.0,0.31,Cerrado,83.9
a8beb472-3ba6-32ef-b190-edd912b2d574, -14.130700, -45.357700,2026-05-06 19:20:00,GOES-19,JABORANDI,BAHIA,Brasil,2917359,29,33,25,0.0,0.8,Cerrado,64.5
6eb47438-6c87-372e-ba79-a1559538d3ad, -13.169000, -52.694400,2026-05-06 19:20:00,GOES-19,CANARANA,MATO GROSSO,Brasil,5102702,51,33,7,0.0,0.44,Amazônia,124.3
2931544c-592e-3f60-b65c-354971255830, -16.165200, -58.504400,2026-05-06 19:20:00,GOES-19,CÁCERES,MATO GROSSO,Brasil,5102504,51,33,7,0.0,1.0,Pantanal,122.9
aabc1df5-3088-3baa-b03d-a57dccbff96e, -13.188200, -52.692200,2026-05-06 19:20:00,GOES-19,CANARANA,MATO GROSSO,Brasil,5102702,51,33,7,0.0,0.2,Amazônia,190.3
33f2297e-55b2-3a92-b7c7-257cb7fea10c, -12.484300, -58.479500,2026-05-06 19:20:00,GOES-19,SAPEZAL,MATO GROSSO,Brasil,5107875,51,33,8,0.0,-999.0,Cerrado,245.4
48c0ae84-6cce-35ea-8fd7-e17b4445a191, -18.784400, -51.946700,2026-05-06 19:20:00,GOES-19,APORÉ,GOIÁS,Brasil,5201504,52,33,7,0.0,1.0,Cerrado,106.7
39a7e670-3acc-3178-98e0-84899d91d29d,  -6.322500, -44.631300,2026-05-06 19:20:00,GOES-19,MIRADOR,MARANHÃO,Brasil,2106706,21,33,3,0.0,0.3,Cerrado,87.1
7e773adb-f0ff-3008-9c11-7aee20b7c87a,  -8.814700, -49.951700,2026-05-06 19:20:00,GOES-19,SANTA MARIA DAS BARREIRAS,PARÁ,Brasil,1506583,15,33,3,0.0,0.27,Amazônia,114.4
8fd45100-52b5-32ab-9417-ccff61c19745, -12.763100, -58.991300,2026-05-06 19:20:00,GOES-19,CAMPOS DE JÚLIO,MATO GROSSO,Brasil,5102686,51,33,6,0.0,0.31,Cerrado,57.7
24baadae-691c-3811-a010-47aace70581f, -14.131200, -45.334400,2026-05-06 19:20:00,GOES-19,JABORANDI,BAHIA,Brasil,2917359,29,33,26,0.0,0.81,Cerrado,81.6
36e3f30a-0d5a-3610-823c-0ae5a51db1ad, -14.495400, -59.263600,2026-05-06 19:20:00,GOES-19,CONQUISTA D'OESTE,MATO GROSSO,Brasil,5103361,51,33,6,0.0,0.29,Cerrado,63.7
0389d4e9-43b7-31f2-9caf-8ac201212aa1, -14.557000, -58.939900,2026-05-06 19:20:00,GOES-19,TANGARÁ DA SERRA,MATO GROSSO,Brasil,5107958,51,33,6,0.0,0.22,Cerrado,93.5
ba571543-e67a-3357-a9eb-de5006d2ec19, -13.169000, -52.694400,2026-05-06 19:30:00,GOES-19,CANARANA,MATO GROSSO,Brasil,5102702,51,33,7,0.0,0.44,Amazônia,80.7
ecc9232d-e3c9-3554-9e55-2bd33aa3e2c1, -12.484300, -58.479500,2026-05-06 19:30:00,GOES-19,SAPEZAL,MATO GROSSO,Brasil,5107875,51,33,8,0.0,-999.0,Cerrado,175.1
87fda4fd-8382-3758-8f70-54feffc93e3f, -11.619600, -48.044700,2026-05-06 19:30:00,GOES-19,CHAPADA DA NATIVIDADE,TOCANTINS,Brasil,1705102,17,33,8,0.0,0.31,Cerrado,93.4
1794b38b-71f6-3db5-9f62-efbf47aa7134, -13.188200, -52.692200,2026-05-06 19:30:00,GOES-19,CANARANA,MATO GROSSO,Brasil,5102702,51,33,7,0.0,0.2,Amazônia,115.2
289d070e-01a1-3aff-8a53-802adf6fe373, -16.165200, -58.504400,2026-05-06 19:30:00,GOES-19,CÁCERES,MATO GROSSO,Brasil,5102504,51,33,7,0.0,1.0,Pantanal,129.4
52b491e7-0b30-312a-b861-8fc871c69c3a, -12.503500, -58.458200,2026-05-06 19:30:00,GOES-19,SAPEZAL,MATO GROSSO,Brasil,5107875,51,33,8,0.0,0.12,Cerrado,141.4
36fb7cc0-b34c-3f2a-9693-3859f36a709e, -11.619200, -48.066900,2026-05-06 19:30:00,GOES-19,CHAPADA DA NATIVIDADE,TOCANTINS,Brasil,1705102,17,33,8,0.0,0.48,Cerrado,63.0
72549593-544a-3ffc-ba83-812813d5b82d, -18.447800, -54.709900,2026-05-06 19:30:00,GOES-19,COXIM,MATO GROSSO DO SUL,Brasil,5003306,50,33,8,0.0,1.0,Cerrado,90.8
afec7dc5-54f6-3600-b54a-896c81b68480, -18.784400, -51.946700,2026-05-06 19:30:00,GOES-19,APORÉ,GOIÁS,Brasil,5201504,52,33,7,0.0,1.0,Cerrado,140.7
fc8d453f-d126-3bed-9d55-6e1b8cce4794, -16.165500, -58.484200,2026-05-06 19:30:00,GOES-19,CÁCERES,MATO GROSSO,Brasil,5102504,51,33,7,0.0,0.12,Pantanal,142.4
4c422c44-d641-32e6-bd9a-c96f39d3e4e1,  -5.775200, -45.128000,2026-05-06 19:30:00,GOES-19,BARRA DO CORDA,MARANHÃO,Brasil,2101608,21,33,2,0.0,0.3,Cerrado,94.2
f6972656-71dd-33a3-a963-dd3f9e995b56, -18.784900, -51.924700,2026-05-06 19:30:00,GOES-19,APORÉ,GOIÁS,Brasil,5201504,52,33,7,0.0,1.0,Cerrado,105.7
7530995b-d31f-39d1-a94b-139d38d19859, -14.131200, -45.334400,2026-05-06 19:30:00,GOES-19,JABORANDI,BAHIA,Brasil,2917359,29,33,26,0.0,0.81,Cerrado,81.6
6a30b369-6d7b-3897-9063-e26cd28da65e,  -8.814700, -49.951700,2026-05-06 19:30:00,GOES-19,SANTA MARIA DAS BARREIRAS,PARÁ,Brasil,1506583,15,33,3,0.0,0.27,Amazônia,93.0
429791a2-f3b9-3418-ab69-897c38485c04, -12.763100, -58.991300,2026-05-06 19:30:00,GOES-19,CAMPOS DE JÚLIO,MATO GROSSO,Brasil,5102686,51,33,6,0.0,0.31,Cerrado,68.8
e74ac43a-94b7-3051-979e-8a58fd45ec3f, -12.503300, -58.478100,2026-05-06 19:40:00,GOES-19,SAPEZAL,MATO GROSSO,Brasil,5107875,51,33,8,0.0,0.12,Cerrado,340.0
c7c55cd9-2d97-32b0-826c-bd815b5a732c, -16.165200, -58.504400,2026-05-06 19:40:00,GOES-19,CÁCERES,MATO GROSSO,Brasil,5102504,51,33,7,0.0,1.0,Pantanal,102.9
3039bc76-3f5d-3075-9e7d-874cff00c5a3, -18.447800, -54.709900,2026-05-06 19:40:00,GOES-19,COXIM,MATO GROSSO DO SUL,Brasil,5003306,50,33,8,0.0,1.0,Cerrado,88.4
5db0c60e-da7a-3d4d-8a8f-15e723130c44, -13.169000, -52.694400,2026-05-06 19:40:00,GOES-19,CANARANA,MATO GROSSO,Brasil,5102702,51,33,7,0.0,0.44,Amazônia,76.4
dd479ea5-611d-3c4e-a968-53b1fb7775eb, -10.758400, -49.738200,2026-05-06 19:40:00,GOES-19,LAGOA DA CONFUSÃO,TOCANTINS,Brasil,1711902,17,33,6,0.0,0.82,Cerrado,125.9
7f06772f-28fa-333d-92fd-ce6d34c94b20, -18.784400, -51.946700,2026-05-06 19:40:00,GOES-19,APORÉ,GOIÁS,Brasil,5201504,52,33,7,0.0,1.0,Cerrado,110.3
8d3f94d0-eb09-33b4-bff4-d75488d844a8, -12.484300, -58.479500,2026-05-06 19:40:00,GOES-19,SAPEZAL,MATO GROSSO,Brasil,5107875,51,33,8,0.0,-999.0,Cerrado,219.7
57dc9a13-b0ce-3681-9cfb-d1e8ba3f2028, -11.619200, -48.066900,2026-05-06 19:40:00,GOES-19,CHAPADA DA NATIVIDADE,TOCANTINS,Brasil,1705102,17,33,8,0.0,0.48,Cerrado,69.0
3ae7243f-1bf2-311f-b1ba-ca8e519cc088, -12.503500, -58.458200,2026-05-06 19:40:00,GOES-19,SAPEZAL,MATO GROSSO,Brasil,5107875,51,33,8,0.0,0.12,Cerrado,105.8
05a3bf9e-bc49-32c6-a40a-64e273f5d2ea, -16.165500, -58.484200,2026-05-06 19:40:00,GOES-19,CÁCERES,MATO GROSSO,Brasil,5102504,51,33,7,0.0,0.12,Pantanal,144.8
cda46715-be40-3e0e-a4eb-ac60ea632442, -13.188200, -52.692200,2026-05-06 19:40:00,GOES-19,CANARANA,MATO GROSSO,Brasil,5102702,51,33,7,0.0,0.2,Amazônia,137.6
7e8a57c0-5614-3b67-a3f1-0c21fe1c721c, -18.784900, -51.924700,2026-05-06 19:40:00,GOES-19,APORÉ,GOIÁS,Brasil,5201504,52,33,7,0.0,1.0,Cerrado,84.2
b8bc6b23-c9be-3287-b333-8c7399933fac, -11.619600, -48.044700,2026-05-06 19:40:00,GOES-19,CHAPADA DA NATIVIDADE,TOCANTINS,Brasil,1705102,17,33,8,0.0,0.31,Cerrado,86.9
cbb9cfd0-c608-3005-9cab-c14084580e89, -12.522200, -58.476500,2026-05-06 19:40:00,GOES-19,SAPEZAL,MATO GROSSO,Brasil,5107875,51,33,8,0.0,0.13,Cerrado,67.0
d5e57674-429b-3702-ab1a-0267037455e2,  -8.814700, -49.951700,2026-05-06 19:40:00,GOES-19,SANTA MARIA DAS BARREIRAS,PARÁ,Brasil,1506583,15,33,3,0.0,0.27,Amazônia,95.9
4c2dfe50-34e0-39b7-bc32-c6441a0292f5, -12.763100, -58.991300,2026-05-06 19:40:00,GOES-19,CAMPOS DE JÚLIO,MATO GROSSO,Brasil,5102686,51,33,6,0.0,0.31,Cerrado,72.0
e10b13c1-b8ba-3e50-a4d7-42596169192f, -14.131200, -45.334400,2026-05-06 19:40:00,GOES-19,JABORANDI,BAHIA,Brasil,2917359,29,33,26,0.0,0.81,Cerrado,72.9
0770c8e0-12a2-35e2-9faa-49fc3126e139,  -8.631800, -49.540300,2026-05-06 19:40:00,GOES-19,CONCEIÇÃO DO ARAGUAIA,PARÁ,Brasil,1502707,15,33,3,0.0,0.66,Amazônia,150.1
78c8f77e-4a3c-3a57-8a87-c7aa23172442, -12.867000, -43.747800,2026-05-06 19:40:00,GOES-19,SERRA DOURADA,BAHIA,Brasil,2930303,29,33,17,0.0,0.98,Cerrado,134.3
83a62814-1e42-3ea6-9efa-5eb7b4882dc7, -12.503300, -58.478100,2026-05-06 19:50:00,GOES-19,SAPEZAL,MATO GROSSO,Brasil,5107875,51,33,8,0.0,0.12,Cerrado,358.7
1aa2084b-b437-355b-9eb1-85582bbfa18c, -13.188500, -52.671100,2026-05-06 19:50:00,GOES-19,CANARANA,MATO GROSSO,Brasil,5102702,51,33,7,0.0,0.44,Amazônia,67.7
317255cd-8d4a-35b4-9f48-e430e74df45f, -18.447800, -54.709900,2026-05-06 19:50:00,GOES-19,COXIM,MATO GROSSO DO SUL,Brasil,5003306,50,33,8,0.0,1.0,Cerrado,74.4
b6185bf9-16ec-3ed1-89d1-0b28b11f69ea, -12.867000, -43.747800,2026-05-06 19:50:00,GOES-19,SERRA DOURADA,BAHIA,Brasil,2930303,29,33,17,0.0,0.98,Cerrado,150.3
69d68be8-5a2a-3456-ab00-ee3de74c0ab9, -16.165500, -58.484200,2026-05-06 19:50:00,GOES-19,CÁCERES,MATO GROSSO,Brasil,5102504,51,33,7,0.0,0.12,Pantanal,195.8
d1346300-a83b-3ea2-a6a9-68d6e6bb5163, -11.619600, -48.044700,2026-05-06 19:50:00,GOES-19,CHAPADA DA NATIVIDADE,TOCANTINS,Brasil,1705102,17,33,8,0.0,0.31,Cerrado,89.8
ee027389-7717-3cce-ba18-bbb8e612bf2c, -12.503500, -58.458200,2026-05-06 19:50:00,GOES-19,SAPEZAL,MATO GROSSO,Brasil,5107875,51,33,8,0.0,0.12,Cerrado,147.7
6dd36008-8dd4-3f06-9cb4-f56a94ad31f5,  -8.814700, -49.951700,2026-05-06 19:50:00,GOES-19,SANTA MARIA DAS BARREIRAS,PARÁ,Brasil,1506583,15,33,3,0.0,0.27,Amazônia,62.7
4335dbcc-2f77-30da-81c8-c10f5950b96f, -12.763100, -58.991300,2026-05-06 19:50:00,GOES-19,CAMPOS DE JÚLIO,MATO GROSSO,Brasil,5102686,51,33,6,0.0,0.31,Cerrado,124.0
441de576-4ebb-3774-9b7d-5ed3402e32a6, -13.169000, -52.694400,2026-05-06 19:50:00,GOES-19,CANARANA,MATO GROSSO,Brasil,5102702,51,33,7,0.0,0.44,Amazônia,59.0
7ce34026-5b44-34f6-8503-6c6ad759bcf3, -12.484300, -58.479500,2026-05-06 19:50:00,GOES-19,SAPEZAL,MATO GROSSO,Brasil,5107875,51,33,8,0.0,-999.0,Cerrado,146.5
f62e4865-d173-3d99-abb0-49885da4270f,  -8.631800, -49.540300,2026-05-06 19:50:00,GOES-19,CONCEIÇÃO DO ARAGUAIA,PARÁ,Brasil,1502707,15,33,3,0.0,0.66,Amazônia,176.1
a1c95e63-cde8-3267-9c5f-e199bb836aef, -18.784900, -51.924700,2026-05-06 19:50:00,GOES-19,APORÉ,GOIÁS,Brasil,5201504,52,33,7,0.0,1.0,Cerrado,80.1
567b95c1-ef09-3ca6-a890-b0fc0d35431a, -13.188200, -52.692200,2026-05-06 19:50:00,GOES-19,CANARANA,MATO GROSSO,Brasil,5102702,51,33,7,0.0,0.2,Amazônia,258.3
e65323f7-464c-3b8e-9543-c84c14fcdc4d, -16.165200, -58.504400,2026-05-06 19:50:00,GOES-19,CÁCERES,MATO GROSSO,Brasil,5102504,51,33,7,0.0,1.0,Pantanal,125.2
69123ccf-a06c-3b53-aff1-c9663fab7dec, -13.187800, -52.713200,2026-05-06 19:50:00,GOES-19,CANARANA,MATO GROSSO,Brasil,5102702,51,33,7,0.0,0.43,Amazônia,72.8
bf00fea1-13e1-3bfa-a8ba-29ff734c0049, -18.427900, -54.712900,2026-05-06 19:50:00,GOES-19,COXIM,MATO GROSSO DO SUL,Brasil,5003306,50,33,9,0.0,0.6,Cerrado,62.2
b71b1ad6-987f-38c2-9159-eeb1beffa165, -18.784400, -51.946700,2026-05-06 19:50:00,GOES-19,APORÉ,GOIÁS,Brasil,5201504,52,33,7,0.0,1.0,Cerrado,100.5
9f59bbc1-71be-35aa-acbf-9aac432066f8,  -8.632100, -49.518800,2026-05-06 19:50:00,GOES-19,CONCEIÇÃO DO ARAGUAIA,PARÁ,Brasil,1502707,15,33,4,0.0,0.6,Amazônia,59.2
5b02e1c9-4ba6-371b-a020-8acd2074ea63, -18.447800, -54.709900,2026-05-06 20:00:00,GOES-19,COXIM,MATO GROSSO DO SUL,Brasil,5003306,50,33,8,0.0,1.0,Cerrado,73.9
e7045971-34d3-3279-9bf7-5e33a30cb7d7, -12.503300, -58.478100,2026-05-06 20:00:00,GOES-19,SAPEZAL,MATO GROSSO,Brasil,5107875,51,33,8,0.0,0.12,Cerrado,312.2
6289ff9f-1b3e-3926-8f0c-69127fb6c55a, -12.782100, -58.989900,2026-05-06 20:00:00,GOES-19,CAMPOS DE JÚLIO,MATO GROSSO,Brasil,5102686,51,33,6,0.0,0.8,Cerrado,103.8
10e3a250-8f76-3042-b043-c62b512b0b26, -13.188200, -52.692200,2026-05-06 20:00:00,GOES-19,CANARANA,MATO GROSSO,Brasil,5102702,51,33,7,0.0,0.2,Amazônia,201.3
def41a52-684c-3ab2-ac13-4790ff0f62ba, -12.762900, -59.011100,2026-05-06 20:00:00,GOES-19,CAMPOS DE JÚLIO,MATO GROSSO,Brasil,5102686,51,33,6,0.0,0.25,Cerrado,216.1
5a2a423e-bd06-38ab-982c-20745a32e812, -12.867000, -43.747800,2026-05-06 20:00:00,GOES-19,SERRA DOURADA,BAHIA,Brasil,2930303,29,33,17,0.0,0.98,Cerrado,178.7
57722319-4704-3938-90ba-c1b403e4351f, -11.619600, -48.044700,2026-05-06 20:00:00,GOES-19,CHAPADA DA NATIVIDADE,TOCANTINS,Brasil,1705102,17,33,8,0.0,0.31,Cerrado,103.9
25216790-0fe8-3241-b82e-b6d1d11b4aec, -16.165500, -58.484200,2026-05-06 20:00:00,GOES-19,CÁCERES,MATO GROSSO,Brasil,5102504,51,33,7,0.0,0.12,Pantanal,184.5
b947263e-01c7-3d79-95d6-da1abba4989c, -11.751300, -54.786800,2026-05-06 20:00:00,GOES-19,CLÁUDIA,MATO GROSSO,Brasil,5103056,51,33,8,0.0,0.07,Amazônia,71.1
905e792d-4f69-35f6-a71d-a3ef1dde6e59, -12.763100, -58.991300,2026-05-06 20:00:00,GOES-19,CAMPOS DE JÚLIO,MATO GROSSO,Brasil,5102686,51,33,6,0.0,0.31,Cerrado,145.8
9deb0ade-87cc-3ce0-8285-563fa215fae8,  -8.814700, -49.951700,2026-05-06 20:00:00,GOES-19,SANTA MARIA DAS BARREIRAS,PARÁ,Brasil,1506583,15,33,3,0.0,0.27,Amazônia,78.1
c00ff348-e2c0-3526-9fdb-c8820616aca6, -18.784400, -51.946700,2026-05-06 20:00:00,GOES-19,APORÉ,GOIÁS,Brasil,5201504,52,33,7,0.0,1.0,Cerrado,91.7
18593f1f-6939-34d1-8ce9-2601c1f9be83,  -8.631800, -49.540300,2026-05-06 20:00:00,GOES-19,CONCEIÇÃO DO ARAGUAIA,PARÁ,Brasil,1502707,15,33,3,0.0,0.66,Amazônia,68.8
75ca68bc-46cc-36f0-8c06-715c17b939e3, -13.169000, -52.694400,2026-05-06 20:00:00,GOES-19,CANARANA,MATO GROSSO,Brasil,5102702,51,33,7,0.0,0.44,Amazônia,70.0
8e3be9ed-26da-3cbb-b8e6-7f28ff10faed, -16.165200, -58.504400,2026-05-06 20:00:00,GOES-19,CÁCERES,MATO GROSSO,Brasil,5102504,51,33,7,0.0,1.0,Pantanal,151.3
7c34be61-b333-3dee-a24a-8c03e9ded397, -18.784900, -51.924700,2026-05-06 20:00:00,GOES-19,APORÉ,GOIÁS,Brasil,5201504,52,33,7,0.0,1.0,Cerrado,93.6
31a11125-3853-3056-9bd0-852d1f91f967, -12.484300, -58.479500,2026-05-06 20:00:00,GOES-19,SAPEZAL,MATO GROSSO,Brasil,5107875,51,33,8,0.0,-999.0,Cerrado,126.2
65ff4691-e35d-335c-9d3c-e45d5bf067ae, -12.503500, -58.458200,2026-05-06 20:00:00,GOES-19,SAPEZAL,MATO GROSSO,Brasil,5107875,51,33,8,0.0,0.12,Cerrado,128.1
71034370-932c-33cf-a2e6-b2b0985ce35a, -12.866500, -43.771500,2026-05-06 20:00:00,GOES-19,SERRA DOURADA,BAHIA,Brasil,2930303,29,33,17,0.0,1.0,Cerrado,78.0
56b78882-e0ba-38e9-acc4-6c19f453d5d1, -11.751000, -54.807200,2026-05-06 20:00:00,GOES-19,CLÁUDIA,MATO GROSSO,Brasil,5103056,51,33,8,0.0,0.4,Amazônia,85.2
65efa8c6-dcab-35e7-ae04-23c248c7fe56, -12.158600, -46.654600,2026-05-06 20:00:00,GOES-19,PONTE ALTA DO BOM JESUS,TOCANTINS,Brasil,1717800,17,33,9,0.0,0.48,Cerrado,77.2
e8fd5a61-d129-33bd-89ff-ef0a7837d69c, -11.732100, -54.809000,2026-05-06 20:00:00,GOES-19,CLÁUDIA,MATO GROSSO,Brasil,5103056,51,33,8,0.0,0.07,Amazônia,85.9
15ce7342-5296-3e81-ae3c-48aae6da0d9e, -12.867000, -43.747800,2026-05-06 20:10:00,GOES-19,SERRA DOURADA,BAHIA,Brasil,2930303,29,33,17,0.0,0.98,Cerrado,159.5
3c899960-e368-3608-94f2-6a40b5d169f5, -12.782100, -58.989900,2026-05-06 20:10:00,GOES-19,CAMPOS DE JÚLIO,MATO GROSSO,Brasil,5102686,51,33,6,0.0,0.8,Cerrado,148.5
c279c8db-35fc-3246-9aba-a75b4f09e284, -12.503300, -58.478100,2026-05-06 20:10:00,GOES-19,SAPEZAL,MATO GROSSO,Brasil,5107875,51,33,8,0.0,0.12,Cerrado,297.5
404531a1-def5-30ea-ab4b-ee05510318fb, -16.165200, -58.504400,2026-05-06 20:10:00,GOES-19,CÁCERES,MATO GROSSO,Brasil,5102504,51,33,7,0.0,1.0,Pantanal,118.5
d3b224bf-5e6f-3138-bdea-54eb4a2e6f44, -18.784400, -51.946700,2026-05-06 20:10:00,GOES-19,APORÉ,GOIÁS,Brasil,5201504,52,33,7,0.0,1.0,Cerrado,100.7
adee9aa3-9b7f-3004-84d8-28b93a9d4a8e, -12.866500, -43.771500,2026-05-06 20:10:00,GOES-19,SERRA DOURADA,BAHIA,Brasil,2930303,29,33,17,0.0,1.0,Cerrado,85.9
6e927f2a-64de-3b16-8691-f7f11e9c66f5, -12.763100, -58.991300,2026-05-06 20:10:00,GOES-19,CAMPOS DE JÚLIO,MATO GROSSO,Brasil,5102686,51,33,6,0.0,0.31,Cerrado,166.9
2a443daf-c0f4-3b07-a6da-f39ca664bd4b, -11.619600, -48.044700,2026-05-06 20:10:00,GOES-19,CHAPADA DA NATIVIDADE,TOCANTINS,Brasil,1705102,17,33,8,0.0,0.31,Cerrado,86.8
c13e3e2b-1b40-34a3-adb8-ab265dd8dc0d, -16.165500, -58.484200,2026-05-06 20:10:00,GOES-19,CÁCERES,MATO GROSSO,Brasil,5102504,51,33,7,0.0,0.12,Pantanal,189.6
2e4a315f-b7d7-37a9-9b46-15c6c6c7a98c, -18.447800, -54.709900,2026-05-06 20:10:00,GOES-19,COXIM,MATO GROSSO DO SUL,Brasil,5003306,50,33,8,0.0,1.0,Cerrado,85.0
421b3f16-ce0f-3429-bf3c-21888b6b2551,  -8.814700, -49.951700,2026-05-06 20:10:00,GOES-19,SANTA MARIA DAS BARREIRAS,PARÁ,Brasil,1506583,15,33,3,0.0,0.27,Amazônia,75.6
0a562e2a-fd39-3b70-bb8e-068a0fd55ae7, -18.784900, -51.924700,2026-05-06 20:10:00,GOES-19,APORÉ,GOIÁS,Brasil,5201504,52,33,7,0.0,1.0,Cerrado,80.8
9a242f28-5347-31d3-a740-9af1824bee5a, -11.732300, -54.788500,2026-05-06 20:10:00,GOES-19,CLÁUDIA,MATO GROSSO,Brasil,5103056,51,33,8,0.0,0.07,Amazônia,57.1
47e7a2d4-a74a-39f0-b0ef-dcdbc4d2d491,  -8.631800, -49.540300,2026-05-06 20:10:00,GOES-19,CONCEIÇÃO DO ARAGUAIA,PARÁ,Brasil,1502707,15,33,3,0.0,0.66,Amazônia,62.8
3e080329-894d-3137-8b26-bd76b67c442c, -11.751300, -54.786800,2026-05-06 20:10:00,GOES-19,CLÁUDIA,MATO GROSSO,Brasil,5103056,51,33,8,0.0,0.07,Amazônia,93.8
94de0e62-7f20-34ea-b5a8-45b4600ae884, -12.503500, -58.458200,2026-05-06 20:10:00,GOES-19,SAPEZAL,MATO GROSSO,Brasil,5107875,51,33,8,0.0,0.12,Cerrado,93.7
e090fe28-d3cd-37b0-b3f9-2acadcea5ecd, -12.484300, -58.479500,2026-05-06 20:10:00,GOES-19,SAPEZAL,MATO GROSSO,Brasil,5107875,51,33,8,0.0,-999.0,Cerrado,139.1
bb92c62b-2d70-3fc6-8412-893b5ced7ceb, -12.762900, -59.011100,2026-05-06 20:10:00,GOES-19,CAMPOS DE JÚLIO,MATO GROSSO,Brasil,5102686,51,33,6,0.0,0.25,Cerrado,216.7
4c37f8f1-8192-30c9-b0cb-e4cf9f3995d5, -13.188200, -52.692200,2026-05-06 20:10:00,GOES-19,CANARANA,MATO GROSSO,Brasil,5102702,51,33,7,0.0,0.2,Amazônia,119.2
5273f3a8-8bb8-3dd6-8382-df975589104d,  -8.814700, -49.951700,2026-05-06 20:20:00,GOES-19,SANTA MARIA DAS BARREIRAS,PARÁ,Brasil,1506583,15,33,3,0.0,0.27,Amazônia,63.5
b34ba369-d931-3f8b-901f-639311d30f02, -12.867000, -43.747800,2026-05-06 20:20:00,GOES-19,SERRA DOURADA,BAHIA,Brasil,2930303,29,33,17,0.0,0.98,Cerrado,125.8
f06aa7e2-dc5e-3cda-84c5-122652b11fa4, -13.188200, -52.692200,2026-05-06 20:20:00,GOES-19,CANARANA,MATO GROSSO,Brasil,5102702,51,33,7,0.0,0.2,Amazônia,98.2
f7f6caa8-3e44-3a2b-ae1b-d3f57a7ca465, -11.619600, -48.044700,2026-05-06 20:20:00,GOES-19,CHAPADA DA NATIVIDADE,TOCANTINS,Brasil,1705102,17,33,8,0.0,0.31,Cerrado,74.2
41147895-cf90-3a96-9951-47f1a8ec29ec, -12.484300, -58.479500,2026-05-06 20:20:00,GOES-19,SAPEZAL,MATO GROSSO,Brasil,5107875,51,33,8,0.0,-999.0,Cerrado,186.0
c099a70b-fabd-3df1-81a0-970ce50a83b1, -12.503300, -58.478100,2026-05-06 20:20:00,GOES-19,SAPEZAL,MATO GROSSO,Brasil,5107875,51,33,8,0.0,0.12,Cerrado,218.8
373c8cb2-75a8-3dd3-87f9-2cccf18d18d4, -18.447800, -54.709900,2026-05-06 20:20:00,GOES-19,COXIM,MATO GROSSO DO SUL,Brasil,5003306,50,33,8,0.0,1.0,Cerrado,74.1
0ceac633-3aed-3dd2-9c4e-4fb7b1fa94ee, -11.713400, -54.790300,2026-05-06 20:20:00,GOES-19,CLÁUDIA,MATO GROSSO,Brasil,5103056,51,33,8,0.0,0.07,Amazônia,66.7
48b306f3-9696-384f-9756-5368478a7825, -16.165200, -58.504400,2026-05-06 20:20:00,GOES-19,CÁCERES,MATO GROSSO,Brasil,5102504,51,33,7,0.0,1.0,Pantanal,94.5
afd2c986-62fa-3a24-af3e-4b47762cfc5a, -11.732300, -54.788500,2026-05-06 20:20:00,GOES-19,CLÁUDIA,MATO GROSSO,Brasil,5103056,51,33,8,0.0,0.07,Amazônia,387.1
c9749b9d-500b-3e3f-b277-5c5e856bbcf6, -12.762900, -59.011100,2026-05-06 20:20:00,GOES-19,CAMPOS DE JÚLIO,MATO GROSSO,Brasil,5102686,51,33,6,0.0,0.25,Cerrado,126.3
e57a50bf-9989-3f56-9759-289eb78a0cb0, -12.484500, -58.459700,2026-05-06 20:20:00,GOES-19,SAPEZAL,MATO GROSSO,Brasil,5107875,51,33,8,0.0,0.12,Cerrado,67.3
34337ae7-a7ca-3a8b-8e47-55f40b1b8ec0, -18.784900, -51.924700,2026-05-06 20:20:00,GOES-19,APORÉ,GOIÁS,Brasil,5201504,52,33,7,0.0,1.0,Cerrado,71.7
107a442b-33a2-317c-856c-e4e138db6431, -13.169000, -52.694400,2026-05-06 20:20:00,GOES-19,CANARANA,MATO GROSSO,Brasil,5102702,51,33,7,0.0,0.44,Amazônia,60.4
0193075e-6392-3b12-92de-463f714406f5, -16.165500, -58.484200,2026-05-06 20:20:00,GOES-19,CÁCERES,MATO GROSSO,Brasil,5102504,51,33,7,0.0,0.12,Pantanal,150.9
a273f45f-882d-3253-a10d-efe3015878e3, -12.782100, -58.989900,2026-05-06 20:20:00,GOES-19,CAMPOS DE JÚLIO,MATO GROSSO,Brasil,5102686,51,33,6,0.0,0.8,Cerrado,129.1
9d369629-a093-3b79-b302-1e66bc3fdb8e, -16.185000, -58.482200,2026-05-06 20:20:00,GOES-19,CÁCERES,MATO GROSSO,Brasil,5102504,51,33,6,0.0,1.0,Pantanal,65.1
5a524351-9661-3bdd-83a7-50c8498c48ba, -12.503500, -58.458200,2026-05-06 20:20:00,GOES-19,SAPEZAL,MATO GROSSO,Brasil,5107875,51,33,8,0.0,0.12,Cerrado,74.0
8fbdf18b-8066-3118-ac93-da72d350b51e, -12.763100, -58.991300,2026-05-06 20:20:00,GOES-19,CAMPOS DE JÚLIO,MATO GROSSO,Brasil,5102686,51,33,6,0.0,0.31,Cerrado,120.9
029b3453-918a-3e5f-a4b5-9abaf0ca89ea, -11.751300, -54.786800,2026-05-06 20:20:00,GOES-19,CLÁUDIA,MATO GROSSO,Brasil,5103056,51,33,8,0.0,0.07,Amazônia,183.5
8c90d795-dfc9-3558-8007-c41350b014c3, -18.784400, -51.946700,2026-05-06 20:20:00,GOES-19,APORÉ,GOIÁS,Brasil,5201504,52,33,7,0.0,1.0,Cerrado,91.8
abc5bf8a-eb33-3c64-88fe-c119adeaf7fe, -14.978100, -44.899400,2026-05-06 20:30:00,GOES-19,BONITO DE MINAS,MINAS GERAIS,Brasil,3108255,31,33,23,0.0,0.67,Cerrado,116.3
79aef933-6761-310b-8a40-43a179b8181a, -12.484500, -58.459700,2026-05-06 20:30:00,GOES-19,SAPEZAL,MATO GROSSO,Brasil,5107875,51,33,8,0.0,0.12,Cerrado,73.3
da55c196-5ce2-3d13-8eca-113db0e797f0, -12.781900, -59.009600,2026-05-06 20:30:00,GOES-19,CAMPOS DE JÚLIO,MATO GROSSO,Brasil,5102686,51,33,6,0.0,0.73,Cerrado,344.7
047a5f5c-62cf-30eb-8b8f-f8962478106f, -11.619600, -48.044700,2026-05-06 20:30:00,GOES-19,CHAPADA DA NATIVIDADE,TOCANTINS,Brasil,1705102,17,33,8,0.0,0.31,Cerrado,72.9
749d6387-d6e3-36e3-9fca-9a379b1c6deb, -11.751000, -54.807200,2026-05-06 20:30:00,GOES-19,CLÁUDIA,MATO GROSSO,Brasil,5103056,51,33,8,0.0,0.4,Amazônia,188.2
08742951-c689-37d9-bd6f-17b847b8708d, -12.484300, -58.479500,2026-05-06 20:30:00,GOES-19,SAPEZAL,MATO GROSSO,Brasil,5107875,51,33,8,0.0,-999.0,Cerrado,156.5
42f39cba-ce0f-37c4-a79e-2212cef65618, -11.751300, -54.786800,2026-05-06 20:30:00,GOES-19,CLÁUDIA,MATO GROSSO,Brasil,5103056,51,33,8,0.0,0.07,Amazônia,244.5
d833f094-585a-3264-a30d-9a34390de61d, -16.185000, -58.482200,2026-05-06 20:30:00,GOES-19,CÁCERES,MATO GROSSO,Brasil,5102504,51,33,6,0.0,1.0,Pantanal,63.6
9adee3b4-72c7-38e4-81b4-badc3135b830, -12.847700, -43.751100,2026-05-06 20:30:00,GOES-19,SERRA DOURADA,BAHIA,Brasil,2930303,29,33,17,0.0,1.0,Cerrado,84.0
8d019ce2-6b15-3c7a-b850-15836424e15a, -11.713400, -54.790300,2026-05-06 20:30:00,GOES-19,CLÁUDIA,MATO GROSSO,Brasil,5103056,51,33,8,0.0,0.07,Amazônia,67.7
a89f7531-75f6-3e93-ab8b-3bfaae8662f5, -18.784400, -51.946700,2026-05-06 20:30:00,GOES-19,APORÉ,GOIÁS,Brasil,5201504,52,33,7,0.0,1.0,Cerrado,82.5
3a1646a6-4ef5-3027-b6b1-c114156c4b0e, -16.165500, -58.484200,2026-05-06 20:30:00,GOES-19,CÁCERES,MATO GROSSO,Brasil,5102504,51,33,7,0.0,0.12,Pantanal,138.9
145c280f-5a8c-3f4f-bbd2-8912e903343d, -13.188200, -52.692200,2026-05-06 20:30:00,GOES-19,CANARANA,MATO GROSSO,Brasil,5102702,51,33,7,0.0,0.2,Amazônia,103.4
78178700-a99a-3e11-8bb6-dbaf9fc90575, -10.053400, -51.678600,2026-05-06 20:30:00,GOES-19,VILA RICA,MATO GROSSO,Brasil,5108600,51,33,7,0.0,0.2,Amazônia,70.6
1b349b78-c0f5-39e8-891d-dce8a0758b6a, -11.732300, -54.788500,2026-05-06 20:30:00,GOES-19,CLÁUDIA,MATO GROSSO,Brasil,5103056,51,33,8,0.0,0.07,Amazônia,864.4
c2cd09ac-ad29-333f-a070-7b54ac8bc202, -12.763100, -58.991300,2026-05-06 20:30:00,GOES-19,CAMPOS DE JÚLIO,MATO GROSSO,Brasil,5102686,51,33,6,0.0,0.31,Cerrado,133.3
d697de7a-51eb-3733-9191-8b93870dfa6c, -12.503300, -58.478100,2026-05-06 20:30:00,GOES-19,SAPEZAL,MATO GROSSO,Brasil,5107875,51,33,8,0.0,0.12,Cerrado,200.9
64f3cacb-a10d-330b-8747-a8936b302f92, -14.997800, -44.895700,2026-05-06 20:30:00,GOES-19,BONITO DE MINAS,MINAS GERAIS,Brasil,3108255,31,33,23,0.0,0.57,Cerrado,101.8
95033377-61bb-3857-8372-64789b4d7801, -10.034600, -51.680400,2026-05-06 20:30:00,GOES-19,VILA RICA,MATO GROSSO,Brasil,5108600,51,33,7,0.0,0.85,Amazônia,76.2
8f1d5b13-f8d2-3f51-b72c-44a54edcc117, -12.762900, -59.011100,2026-05-06 20:30:00,GOES-19,CAMPOS DE JÚLIO,MATO GROSSO,Brasil,5102686,51,33,6,0.0,0.25,Cerrado,182.0
c8b8e192-f84c-3175-84bb-169ba35c11c1, -12.503500, -58.458200,2026-05-06 20:30:00,GOES-19,SAPEZAL,MATO GROSSO,Brasil,5107875,51,33,8,0.0,0.12,Cerrado,87.0
f05c2e7c-5131-34dd-8c56-7bd3f9a48bbd, -18.447800, -54.709900,2026-05-06 20:30:00,GOES-19,COXIM,MATO GROSSO DO SUL,Brasil,5003306,50,33,8,0.0,1.0,Cerrado,79.2
47cce138-4b23-3743-aa41-9f672869ae3f, -12.782100, -58.989900,2026-05-06 20:30:00,GOES-19,CAMPOS DE JÚLIO,MATO GROSSO,Brasil,5102686,51,33,6,0.0,0.8,Cerrado,184.3
ce1f36ac-6655-335f-b2e7-615628a43599, -11.713100, -54.810700,2026-05-06 20:30:00,GOES-19,CLÁUDIA,MATO GROSSO,Brasil,5103056,51,33,8,0.0,0.07,Amazônia,62.8
4ecf3a74-2e08-3068-bdda-05e63c5d5a92, -12.867000, -43.747800,2026-05-06 20:30:00,GOES-19,SERRA DOURADA,BAHIA,Brasil,2930303,29,33,17,0.0,0.98,Cerrado,133.8
72b4b419-28e7-3a74-9de7-2d9e3004c8a8, -16.165200, -58.504400,2026-05-06 20:30:00,GOES-19,CÁCERES,MATO GROSSO,Brasil,5102504,51,33,7,0.0,1.0,Pantanal,92.4
3ac753d3-7d82-3843-a294-cbcc4f34b8b6, -16.165200, -58.504400,2026-05-06 20:40:00,GOES-19,CÁCERES,MATO GROSSO,Brasil,5102504,51,33,7,0.0,1.0,Pantanal,129.2
f0fdc795-8305-3a24-a3d7-c01221e5ff42, -10.053400, -51.678600,2026-05-06 20:40:00,GOES-19,VILA RICA,MATO GROSSO,Brasil,5108600,51,33,7,0.0,0.2,Amazônia,59.9
93d7e42e-edf5-3477-8f55-eca80ce864dd, -12.763100, -58.991300,2026-05-06 20:40:00,GOES-19,CAMPOS DE JÚLIO,MATO GROSSO,Brasil,5102686,51,33,6,0.0,0.31,Cerrado,158.9
4a8b0e3a-391a-3a8a-bb0c-15e565d809e5, -18.447800, -54.709900,2026-05-06 20:40:00,GOES-19,COXIM,MATO GROSSO DO SUL,Brasil,5003306,50,33,8,0.0,1.0,Cerrado,69.3
7213e2d1-7eb3-3678-a9cb-cb5808618b83, -12.800900, -59.008100,2026-05-06 20:40:00,GOES-19,CAMPOS DE JÚLIO,MATO GROSSO,Brasil,5102686,51,33,6,0.0,0.5,Cerrado,72.8
c7455db3-ba8e-3dfe-bdb9-04a5d1053003, -12.503500, -58.458200,2026-05-06 20:40:00,GOES-19,SAPEZAL,MATO GROSSO,Brasil,5107875,51,33,8,0.0,0.12,Cerrado,88.7
18146ebb-fed9-3d8a-9482-e7f3a04bbb15, -12.782100, -58.989900,2026-05-06 20:40:00,GOES-19,CAMPOS DE JÚLIO,MATO GROSSO,Brasil,5102686,51,33,6,0.0,0.8,Cerrado,234.5
d6ff31f9-efb4-3370-89f0-67a378ba14ed, -10.034600, -51.680400,2026-05-06 20:40:00,GOES-19,VILA RICA,MATO GROSSO,Brasil,5108600,51,33,7,0.0,0.85,Amazônia,167.9
5aca931a-6754-3ebe-86fa-108f672e274e, -12.762900, -59.011100,2026-05-06 20:40:00,GOES-19,CAMPOS DE JÚLIO,MATO GROSSO,Brasil,5102686,51,33,6,0.0,0.25,Cerrado,218.8
1b14f3d3-c52c-377d-b5a5-ffe6e013a62d, -13.188200, -52.692200,2026-05-06 20:40:00,GOES-19,CANARANA,MATO GROSSO,Brasil,5102702,51,33,7,0.0,0.2,Amazônia,85.2
e7fcb0f3-6c56-3a99-bcd0-70e5aff7c0e0, -16.165500, -58.484200,2026-05-06 20:40:00,GOES-19,CÁCERES,MATO GROSSO,Brasil,5102504,51,33,7,0.0,0.12,Pantanal,175.1
dfccd60b-3ac8-35fa-867b-34df7e5bd9d4, -11.619600, -48.044700,2026-05-06 20:40:00,GOES-19,CHAPADA DA NATIVIDADE,TOCANTINS,Brasil,1705102,17,33,8,0.0,0.31,Cerrado,74.9
dcaa015e-2f10-3b89-af81-da1266b7a7d8, -12.503300, -58.478100,2026-05-06 20:40:00,GOES-19,SAPEZAL,MATO GROSSO,Brasil,5107875,51,33,8,0.0,0.12,Cerrado,219.8
4c615fac-46bd-3220-a1bf-703609704352, -12.484300, -58.479500,2026-05-06 20:40:00,GOES-19,SAPEZAL,MATO GROSSO,Brasil,5107875,51,33,8,0.0,-999.0,Cerrado,101.6
84c243bc-f7b6-3de7-935d-5c5d881568d5, -12.762900, -59.011100,2026-05-06 20:50:00,GOES-19,CAMPOS DE JÚLIO,MATO GROSSO,Brasil,5102686,51,33,6,0.0,0.25,Cerrado,134.9
70576cb4-42c6-35b3-ade1-59ea90684368, -10.034800, -51.659400,2026-05-06 20:50:00,GOES-19,VILA RICA,MATO GROSSO,Brasil,5108600,51,33,7,0.0,0.11,Amazônia,76.1
49578d34-b5c4-3b40-8226-e26eba1e4aec, -10.034600, -51.680400,2026-05-06 20:50:00,GOES-19,VILA RICA,MATO GROSSO,Brasil,5108600,51,33,7,0.0,0.85,Amazônia,304.1
9ce15889-4150-36a6-baf9-5ca3fc00994d, -10.053400, -51.678600,2026-05-06 20:50:00,GOES-19,VILA RICA,MATO GROSSO,Brasil,5108600,51,33,7,0.0,0.2,Amazônia,240.0
e951e121-2f0d-33dd-8a71-97bef5b0f26e, -10.053100, -51.699600,2026-05-06 20:50:00,GOES-19,VILA RICA,MATO GROSSO,Brasil,5108600,51,33,7,0.0,0.88,Amazônia,65.9
7430ba95-f30d-3613-88df-e203a2a1ea58, -18.447800, -54.709900,2026-05-06 20:50:00,GOES-19,COXIM,MATO GROSSO DO SUL,Brasil,5003306,50,33,8,0.0,1.0,Cerrado,71.7
67164e62-e001-367f-afda-464c6b239c05, -16.165200, -58.504400,2026-05-06 20:50:00,GOES-19,CÁCERES,MATO GROSSO,Brasil,5102504,51,33,7,0.0,1.0,Pantanal,84.3
30a2c7a8-017a-3b82-b3ee-4228ae2fa0ca, -12.763100, -58.991300,2026-05-06 20:50:00,GOES-19,CAMPOS DE JÚLIO,MATO GROSSO,Brasil,5102686,51,33,6,0.0,0.31,Cerrado,112.8
383ec9e3-9f91-3784-9398-b645075f9619, -16.185000, -58.482200,2026-05-06 20:50:00,GOES-19,CÁCERES,MATO GROSSO,Brasil,5102504,51,33,6,0.0,1.0,Pantanal,81.1
917cdd58-de63-3ac6-8f4d-cc5b4afdc792, -13.188200, -52.692200,2026-05-06 20:50:00,GOES-19,CANARANA,MATO GROSSO,Brasil,5102702,51,33,7,0.0,0.2,Amazônia,73.6
36178904-b413-351d-a0ef-6bc649094327, -12.781900, -59.009600,2026-05-06 20:50:00,GOES-19,CAMPOS DE JÚLIO,MATO GROSSO,Brasil,5102686,51,33,6,0.0,0.73,Cerrado,235.6
bba74949-cf40-33d4-a83f-8cef624f361f, -12.503300, -58.478100,2026-05-06 20:50:00,GOES-19,SAPEZAL,MATO GROSSO,Brasil,5107875,51,33,8,0.0,0.12,Cerrado,184.4
c7f2c7d8-c4bc-3245-990c-8428a465a15d, -12.782100, -58.989900,2026-05-06 20:50:00,GOES-19,CAMPOS DE JÚLIO,MATO GROSSO,Brasil,5102686,51,33,6,0.0,0.8,Cerrado,162.2
36c1f296-b453-3841-b561-18487768042d, -12.484300, -58.479500,2026-05-06 20:50:00,GOES-19,SAPEZAL,MATO GROSSO,Brasil,5107875,51,33,8,0.0,-999.0,Cerrado,134.4
c7c4b558-0e75-399e-b40b-8f119747934f, -10.034300, -51.701400,2026-05-06 20:50:00,GOES-19,VILA RICA,MATO GROSSO,Brasil,5108600,51,33,7,0.0,0.86,Amazônia,94.2
76badddc-44b2-3e6a-aed6-15ff63261b72, -16.165500, -58.484200,2026-05-06 20:50:00,GOES-19,CÁCERES,MATO GROSSO,Brasil,5102504,51,33,7,0.0,0.12,Pantanal,149.2
b94cc8ef-546a-3081-ba46-1854e2107c1f, -12.781900, -59.009600,2026-05-06 21:00:00,GOES-19,CAMPOS DE JÚLIO,MATO GROSSO,Brasil,5102686,51,33,6,0.0,0.73,Cerrado,316.0
d6d8f2f3-5b21-3e9b-bd2d-a3bc8a196c98, -11.732100, -54.809000,2026-05-06 21:00:00,GOES-19,CLÁUDIA,MATO GROSSO,Brasil,5103056,51,33,8,0.0,0.07,Amazônia,1447.6
2c4648dc-48f3-33d2-8e4b-094eb9df9066, -12.762900, -59.011100,2026-05-06 21:00:00,GOES-19,CAMPOS DE JÚLIO,MATO GROSSO,Brasil,5102686,51,33,6,0.0,0.25,Cerrado,175.3
9cfc0f34-f4b2-315e-acfc-85cdae2656e0, -11.713400, -54.790300,2026-05-06 21:00:00,GOES-19,CLÁUDIA,MATO GROSSO,Brasil,5103056,51,33,8,0.0,0.07,Amazônia,176.0
52dbc78c-2f47-3ed6-99aa-a5f27f235a14, -11.751000, -54.807200,2026-05-06 21:00:00,GOES-19,CLÁUDIA,MATO GROSSO,Brasil,5103056,51,33,8,0.0,0.4,Amazônia,270.7
9528dd7c-0ae4-31e5-8ed1-4700ea5ff86a, -10.053400, -51.678600,2026-05-06 21:00:00,GOES-19,VILA RICA,MATO GROSSO,Brasil,5108600,51,33,7,0.0,0.2,Amazônia,130.8
32de3276-7634-3cdc-b679-244929a42293, -11.732300, -54.788500,2026-05-06 21:00:00,GOES-19,CLÁUDIA,MATO GROSSO,Brasil,5103056,51,33,8,0.0,0.07,Amazônia,729.1
917451ec-43f2-3dba-9774-3046c74d8838, -12.782100, -58.989900,2026-05-06 21:00:00,GOES-19,CAMPOS DE JÚLIO,MATO GROSSO,Brasil,5102686,51,33,6,0.0,0.8,Cerrado,138.1
c6e44ffb-47e7-3bed-9dbd-0412477d627f, -12.763100, -58.991300,2026-05-06 21:00:00,GOES-19,CAMPOS DE JÚLIO,MATO GROSSO,Brasil,5102686,51,33,6,0.0,0.31,Cerrado,98.9
7ecb7b21-30f5-36e8-bdb3-be9a41baecaf, -10.034800, -51.659400,2026-05-06 21:00:00,GOES-19,VILA RICA,MATO GROSSO,Brasil,5108600,51,33,7,0.0,0.11,Amazônia,95.3
0393dcc9-988b-3969-b2c4-287bf208cdd1, -12.484300, -58.479500,2026-05-06 21:00:00,GOES-19,SAPEZAL,MATO GROSSO,Brasil,5107875,51,33,8,0.0,-999.0,Cerrado,95.5
9dc301b3-a7b9-3d25-80ca-888ac4dc6f95, -16.165200, -58.504400,2026-05-06 21:00:00,GOES-19,CÁCERES,MATO GROSSO,Brasil,5102504,51,33,7,0.0,1.0,Pantanal,102.2
e067e0be-9386-34d2-8c36-47c40f525773, -11.713100, -54.810700,2026-05-06 21:00:00,GOES-19,CLÁUDIA,MATO GROSSO,Brasil,5103056,51,33,8,0.0,0.07,Amazônia,261.8
e0d6723d-daec-3265-af07-b677f66f6392, -10.034600, -51.680400,2026-05-06 21:00:00,GOES-19,VILA RICA,MATO GROSSO,Brasil,5108600,51,33,7,0.0,0.85,Amazônia,233.6
02492c42-3b0b-3414-bd73-06cf291382e1, -12.503300, -58.478100,2026-05-06 21:00:00,GOES-19,SAPEZAL,MATO GROSSO,Brasil,5107875,51,33,8,0.0,0.12,Cerrado,121.9
d3ebd128-b9ce-33db-8700-f727277c24fa, -11.751300, -54.786800,2026-05-06 21:00:00,GOES-19,CLÁUDIA,MATO GROSSO,Brasil,5103056,51,33,8,0.0,0.07,Amazônia,168.5
ecc50eb2-ef5e-3bcb-9689-1d01cf8643f9, -16.165500, -58.484200,2026-05-06 21:00:00,GOES-19,CÁCERES,MATO GROSSO,Brasil,5102504,51,33,7,0.0,0.12,Pantanal,124.3
5422e9fa-7a6f-37d5-b794-0cfdb8014e0f, -12.782100, -58.989900,2026-05-06 21:10:00,GOES-19,CAMPOS DE JÚLIO,MATO GROSSO,Brasil,5102686,51,33,6,0.0,0.8,Cerrado,161.3
ee0c61c5-67e4-36b8-a813-9d7db7a5807f, -12.484300, -58.479500,2026-05-06 21:10:00,GOES-19,SAPEZAL,MATO GROSSO,Brasil,5107875,51,33,8,0.0,-999.0,Cerrado,102.2
a1382082-6313-3c49-b2df-e73a6e8fac0e, -16.185000, -58.482200,2026-05-06 21:10:00,GOES-19,CÁCERES,MATO GROSSO,Brasil,5102504,51,33,6,0.0,1.0,Pantanal,72.4
ab6bb84a-be4c-352c-ab59-e191420ee92c, -13.188200, -52.692200,2026-05-06 21:10:00,GOES-19,CANARANA,MATO GROSSO,Brasil,5102702,51,33,7,0.0,0.2,Amazônia,71.7
66126e55-5197-335f-99af-638b66626666, -16.165500, -58.484200,2026-05-06 21:10:00,GOES-19,CÁCERES,MATO GROSSO,Brasil,5102504,51,33,7,0.0,0.12,Pantanal,130.2
cca4d5e5-3e86-3060-9937-37833a3d7f61, -12.781900, -59.009600,2026-05-06 21:10:00,GOES-19,CAMPOS DE JÚLIO,MATO GROSSO,Brasil,5102686,51,33,6,0.0,0.73,Cerrado,276.3
100e10cf-6725-36c0-a208-68eda68e58ad, -10.034600, -51.680400,2026-05-06 21:10:00,GOES-19,VILA RICA,MATO GROSSO,Brasil,5108600,51,33,7,0.0,0.85,Amazônia,93.9
a8d0b384-1c06-3fcc-b53d-9555efdbf123, -16.165200, -58.504400,2026-05-06 21:10:00,GOES-19,CÁCERES,MATO GROSSO,Brasil,5102504,51,33,7,0.0,1.0,Pantanal,87.5
b270dadc-7439-344b-8e10-36877801537f, -10.034800, -51.659400,2026-05-06 21:10:00,GOES-19,VILA RICA,MATO GROSSO,Brasil,5108600,51,33,7,0.0,0.11,Amazônia,65.4
99899c84-9c85-3871-9b45-b01fc642180b, -12.763100, -58.991300,2026-05-06 21:10:00,GOES-19,CAMPOS DE JÚLIO,MATO GROSSO,Brasil,5102686,51,33,6,0.0,0.31,Cerrado,95.6
090cd9f5-a9b7-3f30-8361-feaaa29085d4, -12.503300, -58.478100,2026-05-06 21:10:00,GOES-19,SAPEZAL,MATO GROSSO,Brasil,5107875,51,33,8,0.0,0.12,Cerrado,140.9
898f12f5-38a0-3cac-a4e6-0ff2e3239aa4, -12.762900, -59.011100,2026-05-06 21:10:00,GOES-19,CAMPOS DE JÚLIO,MATO GROSSO,Brasil,5102686,51,33,6,0.0,0.25,Cerrado,131.1
352a97c8-e4a2-3e67-a88e-d747200144b0, -11.713100, -54.810700,2026-05-06 21:20:00,GOES-19,CLÁUDIA,MATO GROSSO,Brasil,5103056,51,33,8,0.0,0.07,Amazônia,115.5
92bdbb28-2e7c-3221-8f89-2f17c0529d84, -12.484300, -58.479500,2026-05-06 21:20:00,GOES-19,SAPEZAL,MATO GROSSO,Brasil,5107875,51,33,8,0.0,-999.0,Cerrado,100.3
24f5b9f8-92b2-38f0-b719-ab6297b9bff5, -12.847700, -43.751100,2026-05-06 21:20:00,GOES-19,SERRA DOURADA,BAHIA,Brasil,2930303,29,33,17,0.0,1.0,Cerrado,104.8
f7a61ce1-ef23-35e2-8ce2-491a28920b79, -11.732300, -54.788500,2026-05-06 21:20:00,GOES-19,CLÁUDIA,MATO GROSSO,Brasil,5103056,51,33,8,0.0,0.07,Amazônia,381.7
aa51ba3b-54f0-3773-9edd-cb4b3644b1b1, -12.847200, -43.774800,2026-05-06 21:20:00,GOES-19,SERRA DOURADA,BAHIA,Brasil,2930303,29,33,17,0.0,0.98,Cerrado,53.6
038d2114-b062-3420-bab4-e44537f2016e, -12.867000, -43.747800,2026-05-06 21:20:00,GOES-19,SERRA DOURADA,BAHIA,Brasil,2930303,29,33,17,0.0,0.98,Cerrado,85.1
dc68cf56-703b-3390-b89c-841167cce0c4, -11.751300, -54.786800,2026-05-06 21:20:00,GOES-19,CLÁUDIA,MATO GROSSO,Brasil,5103056,51,33,8,0.0,0.07,Amazônia,119.0
c79fdca6-cc77-3a92-b76d-e79794a19c72, -12.503300, -58.478100,2026-05-06 21:20:00,GOES-19,SAPEZAL,MATO GROSSO,Brasil,5107875,51,33,8,0.0,0.12,Cerrado,149.7
49cc837d-c3fa-376d-8af6-39ee4ef7a079, -12.345400, -43.811100,2026-05-06 21:20:00,GOES-19,BREJOLÂNDIA,BAHIA,Brasil,2904407,29,33,16,3.37,1.0,Cerrado,63.2
8c169aa6-abb5-3db6-97c5-9a32340cdbbe, -16.185000, -58.482200,2026-05-06 21:20:00,GOES-19,CÁCERES,MATO GROSSO,Brasil,5102504,51,33,6,0.0,1.0,Pantanal,66.5
181bc2c6-2050-30c5-9240-e91352a4ebbf, -16.165200, -58.504400,2026-05-06 21:20:00,GOES-19,CÁCERES,MATO GROSSO,Brasil,5102504,51,33,7,0.0,1.0,Pantanal,76.4
3d05a512-a709-38cd-9d34-ab6df07f21c7, -16.165500, -58.484200,2026-05-06 21:20:00,GOES-19,CÁCERES,MATO GROSSO,Brasil,5102504,51,33,7,0.0,0.12,Pantanal,137.4
4dab093f-c45a-3d4f-9132-ca3a5c39e159, -11.732100, -54.809000,2026-05-06 21:20:00,GOES-19,CLÁUDIA,MATO GROSSO,Brasil,5103056,51,33,8,0.0,0.07,Amazônia,906.0
44f490de-2de7-346b-b83e-bfb04792e8f6, -12.762900, -59.011100,2026-05-06 21:20:00,GOES-19,CAMPOS DE JÚLIO,MATO GROSSO,Brasil,5102686,51,33,6,0.0,0.25,Cerrado,106.0
52e3850f-3762-355b-94b1-aec97eaf9785, -12.763100, -58.991300,2026-05-06 21:20:00,GOES-19,CAMPOS DE JÚLIO,MATO GROSSO,Brasil,5102686,51,33,6,0.0,0.31,Cerrado,80.9
bd4553e2-0011-3568-b212-7f8505a778f1, -12.781900, -59.009600,2026-05-06 21:20:00,GOES-19,CAMPOS DE JÚLIO,MATO GROSSO,Brasil,5102686,51,33,6,0.0,0.73,Cerrado,192.2
0536bd3e-b598-351c-b47e-22395379d7b9, -12.782100, -58.989900,2026-05-06 21:20:00,GOES-19,CAMPOS DE JÚLIO,MATO GROSSO,Brasil,5102686,51,33,6,0.0,0.8,Cerrado,126.2
6418f4a6-4244-3898-b11a-fd71a9940733, -11.751000, -54.807200,2026-05-06 21:20:00,GOES-19,CLÁUDIA,MATO GROSSO,Brasil,5103056,51,33,8,0.0,0.4,Amazônia,330.6
1f675aa6-f728-3bae-9e3e-dacc4afe3274, -12.484300, -58.479500,2026-05-06 21:30:00,GOES-19,SAPEZAL,MATO GROSSO,Brasil,5107875,51,33,8,0.0,-999.0,Cerrado,83.1
dd9e0291-cc90-373d-bd73-1a903aeecce4, -12.847700, -43.751100,2026-05-06 21:30:00,GOES-19,SERRA DOURADA,BAHIA,Brasil,2930303,29,33,17,0.0,1.0,Cerrado,97.9
91745f1b-7d3c-3a52-834f-0eea3617f3c0, -16.165500, -58.484200,2026-05-06 21:30:00,GOES-19,CÁCERES,MATO GROSSO,Brasil,5102504,51,33,7,0.0,0.12,Pantanal,119.4
6be7fc1f-4845-331a-b4cc-22c04a527537, -12.503300, -58.478100,2026-05-06 21:30:00,GOES-19,SAPEZAL,MATO GROSSO,Brasil,5107875,51,33,8,0.0,0.12,Cerrado,136.4
c3229f10-adb1-373e-82be-f8479fecbf5f, -12.781900, -59.009600,2026-05-06 21:30:00,GOES-19,CAMPOS DE JÚLIO,MATO GROSSO,Brasil,5102686,51,33,6,0.0,0.73,Cerrado,197.0
09800e10-9e73-3d37-aa32-26ada4010654, -12.762900, -59.011100,2026-05-06 21:30:00,GOES-19,CAMPOS DE JÚLIO,MATO GROSSO,Brasil,5102686,51,33,6,0.0,0.25,Cerrado,94.9
fc1ae32d-a3fb-3c31-913b-94384525525a, -12.782100, -58.989900,2026-05-06 21:30:00,GOES-19,CAMPOS DE JÚLIO,MATO GROSSO,Brasil,5102686,51,33,6,0.0,0.8,Cerrado,92.8
f48ceba5-69cc-3471-90d1-e5fcd01b074c, -12.867000, -43.747800,2026-05-06 21:30:00,GOES-19,SERRA DOURADA,BAHIA,Brasil,2930303,29,33,17,0.0,0.98,Cerrado,119.6
93d2ab31-c58d-34d8-92ab-89b299f94e34, -16.165200, -58.504400,2026-05-06 21:30:00,GOES-19,CÁCERES,MATO GROSSO,Brasil,5102504,51,33,7,0.0,1.0,Pantanal,82.8
286aa9a4-12ab-3d8f-9abe-385e69f00115, -12.867000, -43.747800,2026-05-06 21:40:00,GOES-19,SERRA DOURADA,BAHIA,Brasil,2930303,29,33,17,0.0,0.98,Cerrado,61.7
61e5cb04-5721-39c6-97da-7953254d6df2, -21.322300, -47.076500,2026-05-06 21:40:00,GOES-19,MOCOCA,SÃO PAULO,Brasil,3530508,35,33,7,0.0,1.0,Cerrado,51.7
5caf18a6-f1ff-3085-8e36-70de80e527c6, -21.322300, -47.076500,2026-05-06 21:50:00,GOES-19,MOCOCA,SÃO PAULO,Brasil,3530508,35,33,7,0.0,1.0,Cerrado,69.4
b6e5f560-0a4c-3b35-85bf-6d4090ef6cdc, -12.866500, -43.771500,2026-05-06 21:50:00,GOES-19,SERRA DOURADA,BAHIA,Brasil,2930303,29,33,17,0.0,1.0,Cerrado,36.8
8f96049e-3c48-3d6a-a98b-8e5757e197b5, -12.847700, -43.751100,2026-05-06 21:50:00,GOES-19,SERRA DOURADA,BAHIA,Brasil,2930303,29,33,17,0.0,1.0,Cerrado,65.4
29114789-f61f-3b8b-9ce8-4bc234c77f2c, -21.343000, -47.071300,2026-05-06 21:50:00,GOES-19,MOCOCA,SÃO PAULO,Brasil,3530508,35,33,7,0.0,0.52,Cerrado,90.7
ecaa8ee8-e5e3-3df0-9b84-f93db632fbc4, -12.867000, -43.747800,2026-05-06 21:50:00,GOES-19,SERRA DOURADA,BAHIA,Brasil,2930303,29,33,17,0.0,0.98,Cerrado,86.7
0d8865ce-31cc-317e-b5ac-09d54f0a8cd8, -12.847700, -43.751100,2026-05-06 22:00:00,GOES-19,SERRA DOURADA,BAHIA,Brasil,2930303,29,33,17,0.0,1.0,Cerrado,79.4
01e99f5b-1a98-3f00-a563-1ee2405fc6d5, -21.322300, -47.076500,2026-05-06 22:00:00,GOES-19,MOCOCA,SÃO PAULO,Brasil,3530508,35,33,7,0.0,1.0,Cerrado,70.9
3f04e433-ed28-399d-837d-c7bec9c14b67, -12.867000, -43.747800,2026-05-06 22:00:00,GOES-19,SERRA DOURADA,BAHIA,Brasil,2930303,29,33,17,0.0,0.98,Cerrado,90.3
e968090a-f300-3efa-8bcb-235044845d07, -18.447800, -54.709900,2026-05-06 22:00:00,GOES-19,COXIM,MATO GROSSO DO SUL,Brasil,5003306,50,33,8,0.0,1.0,Cerrado,57.5
fa248b0d-e471-34b1-94f4-abe40c19777f, -21.343000, -47.071300,2026-05-06 22:00:00,GOES-19,MOCOCA,SÃO PAULO,Brasil,3530508,35,33,7,0.0,0.52,Cerrado,81.2
19fcd99f-cc00-3c6f-8850-47ea3741756c, -11.732100, -54.809000,2026-05-06 22:10:00,GOES-19,CLÁUDIA,MATO GROSSO,Brasil,5103056,51,33,8,0.0,0.07,Amazônia,107.2
b31f61c3-cb46-3da4-b95e-e61b53281118, -11.732300, -54.788500,2026-05-06 22:10:00,GOES-19,CLÁUDIA,MATO GROSSO,Brasil,5103056,51,33,8,0.0,0.07,Amazônia,50.0
4e328485-d9f7-305d-9841-9388eebe6624, -11.751000, -54.807200,2026-05-06 22:10:00,GOES-19,CLÁUDIA,MATO GROSSO,Brasil,5103056,51,33,8,0.0,0.4,Amazônia,77.8
09532d8e-7eda-3c42-a99c-3c87b5c7f2e6, -21.343000, -47.071300,2026-05-06 22:10:00,GOES-19,MOCOCA,SÃO PAULO,Brasil,3530508,35,33,7,0.0,0.52,Cerrado,76.0
16d61e1e-eb59-325c-8126-8f40c59e0e73, -18.447800, -54.709900,2026-05-06 22:10:00,GOES-19,COXIM,MATO GROSSO DO SUL,Brasil,5003306,50,33,8,0.0,1.0,Cerrado,57.7
6fa8a9c3-4864-383a-b52e-8d987aa0d1d3, -12.867000, -43.747800,2026-05-06 22:10:00,GOES-19,SERRA DOURADA,BAHIA,Brasil,2930303,29,33,17,0.0,0.98,Cerrado,88.9
71e9e1b8-b2be-33ac-b6db-a3b3791fd07c, -12.782100, -58.989900,2026-05-06 22:20:00,GOES-19,CAMPOS DE JÚLIO,MATO GROSSO,Brasil,5102686,51,33,6,0.0,0.8,Cerrado,36.7
b64dc557-ab7f-347f-9680-60b459d5b6b2, -11.732300, -54.788500,2026-05-06 22:20:00,GOES-19,CLÁUDIA,MATO GROSSO,Brasil,5103056,51,33,8,0.0,0.07,Amazônia,47.0
fef4bfdb-41b7-38eb-a502-3b2250ba8dd2, -11.732100, -54.809000,2026-05-06 22:20:00,GOES-19,CLÁUDIA,MATO GROSSO,Brasil,5103056,51,33,8,0.0,0.07,Amazônia,91.6
8d754b9a-54c6-3989-94fd-1d62c2dc2c2b, -12.781900, -59.009600,2026-05-06 22:20:00,GOES-19,CAMPOS DE JÚLIO,MATO GROSSO,Brasil,5102686,51,33,6,0.0,0.73,Cerrado,61.9
b5690505-403e-3f12-8068-fadbe9bcfd4f, -12.762900, -59.011100,2026-05-06 22:20:00,GOES-19,CAMPOS DE JÚLIO,MATO GROSSO,Brasil,5102686,51,33,6,0.0,0.25,Cerrado,33.4
af45e44d-a66d-36a3-832f-4406e38b37b3, -12.867000, -43.747800,2026-05-06 22:20:00,GOES-19,SERRA DOURADA,BAHIA,Brasil,2930303,29,33,17,0.0,0.98,Cerrado,83.7
9cde0059-4c82-338b-8014-53c43c1e1d67, -12.503300, -58.478100,2026-05-06 22:20:00,GOES-19,SAPEZAL,MATO GROSSO,Brasil,5107875,51,33,8,0.0,0.12,Cerrado,124.1
37c3814d-a4e1-3175-a408-bc2b130f5148, -16.165200, -58.504400,2026-05-06 22:20:00,GOES-19,CÁCERES,MATO GROSSO,Brasil,5102504,51,33,7,0.0,1.0,Pantanal,67.3
68f9e381-e834-35d9-9b6d-524cf59ae143, -16.165500, -58.484200,2026-05-06 22:20:00,GOES-19,CÁCERES,MATO GROSSO,Brasil,5102504,51,33,7,0.0,0.12,Pantanal,103.3
01d08f7f-cd73-36fb-a778-2b78221935d2, -11.751000, -54.807200,2026-05-06 22:20:00,GOES-19,CLÁUDIA,MATO GROSSO,Brasil,5103056,51,33,8,0.0,0.4,Amazônia,65.2
0e16ae4e-a326-3e10-b33c-269cd13ce6d1, -12.762900, -59.011100,2026-05-06 22:30:00,GOES-19,CAMPOS DE JÚLIO,MATO GROSSO,Brasil,5102686,51,33,6,0.0,0.25,Cerrado,38.9
4e3909d9-db9b-3693-9b74-57e942b7c29a, -12.503300, -58.478100,2026-05-06 22:30:00,GOES-19,SAPEZAL,MATO GROSSO,Brasil,5107875,51,33,8,0.0,0.12,Cerrado,92.6
24c45fc2-9e42-3773-a3db-6db4eea0be46, -12.484300, -58.479500,2026-05-06 22:30:00,GOES-19,SAPEZAL,MATO GROSSO,Brasil,5107875,51,33,8,0.0,-999.0,Cerrado,65.3
5d103777-8017-3e56-8556-d0e4a78d78bd, -16.165200, -58.504400,2026-05-06 22:30:00,GOES-19,CÁCERES,MATO GROSSO,Brasil,5102504,51,33,7,0.0,1.0,Pantanal,57.8
44fc2bd4-4bbf-3474-852b-e9316452ca78, -11.732100, -54.809000,2026-05-06 22:30:00,GOES-19,CLÁUDIA,MATO GROSSO,Brasil,5103056,51,33,8,0.0,0.07,Amazônia,72.2
1e42cf65-18ad-344e-a3f8-6d9e13afa0e6, -11.732300, -54.788500,2026-05-06 22:30:00,GOES-19,CLÁUDIA,MATO GROSSO,Brasil,5103056,51,33,8,0.0,0.07,Amazônia,44.8
279b1252-6b4f-374e-817b-4eeae293b4ad, -12.847700, -43.751100,2026-05-06 22:30:00,GOES-19,SERRA DOURADA,BAHIA,Brasil,2930303,29,33,17,0.0,1.0,Cerrado,67.8
ee8d2483-fab6-396f-8d15-3a6849448222, -12.782100, -58.989900,2026-05-06 22:30:00,GOES-19,CAMPOS DE JÚLIO,MATO GROSSO,Brasil,5102686,51,33,6,0.0,0.8,Cerrado,34.1
90f54d1f-2310-3d41-8c02-fdf4acf0162a, -16.165500, -58.484200,2026-05-06 22:30:00,GOES-19,CÁCERES,MATO GROSSO,Brasil,5102504,51,33,7,0.0,0.12,Pantanal,78.8
7bfe4d04-df61-3637-a899-1765fb09c649, -12.867000, -43.747800,2026-05-06 22:30:00,GOES-19,SERRA DOURADA,BAHIA,Brasil,2930303,29,33,17,0.0,0.98,Cerrado,72.6
ae3cfc52-b1f9-3afe-b1a6-524a049bea8b, -12.781900, -59.009600,2026-05-06 22:30:00,GOES-19,CAMPOS DE JÚLIO,MATO GROSSO,Brasil,5102686,51,33,6,0.0,0.73,Cerrado,88.6
326cea8e-7f7c-3835-8f0e-90ab8ed04fb0, -12.503300, -58.478100,2026-05-06 22:40:00,GOES-19,SAPEZAL,MATO GROSSO,Brasil,5107875,51,33,8,0.0,0.12,Cerrado,84.1
8a5a4518-d7e1-3c2b-94e0-f65031305295, -12.762900, -59.011100,2026-05-06 22:40:00,GOES-19,CAMPOS DE JÚLIO,MATO GROSSO,Brasil,5102686,51,33,6,0.0,0.25,Cerrado,41.0
f86d6ef6-b932-3420-a1e0-acebb8a304be, -11.732100, -54.809000,2026-05-06 22:40:00,GOES-19,CLÁUDIA,MATO GROSSO,Brasil,5103056,51,33,8,0.0,0.07,Amazônia,61.2
e8b0abe7-f5aa-3884-81f4-f2ad131ef16b, -12.484300, -58.479500,2026-05-06 22:40:00,GOES-19,SAPEZAL,MATO GROSSO,Brasil,5107875,51,33,8,0.0,-999.0,Cerrado,57.1
41e2cf8c-6b6e-3d99-9217-26af477b26b1, -12.781900, -59.009600,2026-05-06 22:40:00,GOES-19,CAMPOS DE JÚLIO,MATO GROSSO,Brasil,5102686,51,33,6,0.0,0.73,Cerrado,65.3
cf51aa67-5e14-3e2f-8f4f-d563997bcbe5, -16.165500, -58.484200,2026-05-06 22:40:00,GOES-19,CÁCERES,MATO GROSSO,Brasil,5102504,51,33,7,0.0,0.12,Pantanal,68.0
4c51b139-054f-32e9-873d-8e2946a07941, -16.165200, -58.504400,2026-05-06 22:40:00,GOES-19,CÁCERES,MATO GROSSO,Brasil,5102504,51,33,7,0.0,1.0,Pantanal,53.2
13075bdc-cca1-3831-b74c-1bdb2ab06497, -16.165200, -58.504400,2026-05-06 22:50:00,GOES-19,CÁCERES,MATO GROSSO,Brasil,5102504,51,33,7,0.0,1.0,Pantanal,54.1
46fec694-1ab5-3e38-aade-7d187c461864, -11.732100, -54.809000,2026-05-06 22:50:00,GOES-19,CLÁUDIA,MATO GROSSO,Brasil,5103056,51,33,8,0.0,0.07,Amazônia,50.9
8dadd7c3-4deb-38d4-87d5-660e8e2ef102, -12.781900, -59.009600,2026-05-06 22:50:00,GOES-19,CAMPOS DE JÚLIO,MATO GROSSO,Brasil,5102686,51,33,6,0.0,0.73,Cerrado,55.3
6024bdd5-3dd1-37fa-8d34-1ead8d2ed0a0, -16.165500, -58.484200,2026-05-06 22:50:00,GOES-19,CÁCERES,MATO GROSSO,Brasil,5102504,51,33,7,0.0,0.12,Pantanal,91.1
a07b7405-2bfc-3ad9-b1d6-907497a6b188, -12.503300, -58.478100,2026-05-06 22:50:00,GOES-19,SAPEZAL,MATO GROSSO,Brasil,5107875,51,33,8,0.0,0.12,Cerrado,112.2
6d302580-3192-3c05-bb38-8bea3fe2efec, -16.165500, -58.484200,2026-05-06 23:00:00,GOES-19,CÁCERES,MATO GROSSO,Brasil,5102504,51,33,7,0.0,0.12,Pantanal,76.0
3a465df7-7ae3-32b7-a466-95a4e2acb4b8, -12.781900, -59.009600,2026-05-06 23:00:00,GOES-19,CAMPOS DE JÚLIO,MATO GROSSO,Brasil,5102686,51,33,6,0.0,0.73,Cerrado,55.7
23b97fc6-ac0e-3742-aab0-a9debe20659a, -12.503300, -58.478100,2026-05-06 23:00:00,GOES-19,SAPEZAL,MATO GROSSO,Brasil,5107875,51,33,8,0.0,0.12,Cerrado,104.3
4149d9ce-fd3a-3973-b7a0-358b9154e643, -12.781900, -59.009600,2026-05-06 23:10:00,GOES-19,CAMPOS DE JÚLIO,MATO GROSSO,Brasil,5102686,51,33,6,0.0,0.73,Cerrado,42.3
291fd4af-11f3-31fc-af12-f9bdd337ce02, -16.165500, -58.484200,2026-05-06 23:10:00,GOES-19,CÁCERES,MATO GROSSO,Brasil,5102504,51,33,7,0.0,0.12,Pantanal,59.5
491323a8-185a-331e-b3fe-8759cbe6dbc5, -12.503300, -58.478100,2026-05-06 23:10:00,GOES-19,SAPEZAL,MATO GROSSO,Brasil,5107875,51,33,8,0.0,0.12,Cerrado,79.6
2a0e54be-a338-34a5-8fc7-5c751ad94cd5, -16.165500, -58.484200,2026-05-06 23:20:00,GOES-19,CÁCERES,MATO GROSSO,Brasil,5102504,51,33,7,0.0,0.12,Pantanal,57.6
3561001a-f033-359b-bd82-e0a79ea0963b, -12.503300, -58.478100,2026-05-06 23:20:00,GOES-19,SAPEZAL,MATO GROSSO,Brasil,5107875,51,33,8,0.0,0.12,Cerrado,47.2
5701e7f2-5288-37c5-852c-2dcad7075f3e, -12.484300, -58.479500,2026-05-06 23:20:00,GOES-19,SAPEZAL,MATO GROSSO,Brasil,5107875,51,33,8,0.0,-999.0,Cerrado,30.9
5a0ef9cb-b94d-3861-bf50-1acd69209b75, -12.781900, -59.009600,2026-05-06 23:20:00,GOES-19,CAMPOS DE JÚLIO,MATO GROSSO,Brasil,5102686,51,33,6,0.0,0.73,Cerrado,52.1
435527b8-1a28-306c-baa9-1378aefb40b1, -16.165500, -58.484200,2026-05-06 23:30:00,GOES-19,CÁCERES,MATO GROSSO,Brasil,5102504,51,33,7,0.0,0.12,Pantanal,55.3
e160e133-b393-3c2e-b2fe-85fa8c17726f, -12.781900, -59.009600,2026-05-06 23:30:00,GOES-19,CAMPOS DE JÚLIO,MATO GROSSO,Brasil,5102686,51,33,6,0.0,0.73,Cerrado,54.5
d810957f-9072-3f5c-a72a-fee8622ac901, -12.484300, -58.479500,2026-05-06 23:30:00,GOES-19,SAPEZAL,MATO GROSSO,Brasil,5107875,51,33,8,0.0,-999.0,Cerrado,34.9
9084b596-623e-3ee8-99c5-20883f2c6199, -12.503300, -58.478100,2026-05-06 23:30:00,GOES-19,SAPEZAL,MATO GROSSO,Brasil,5107875,51,33,8,0.0,0.12,Cerrado,58.1
29fb9580-a963-3ec9-a857-b8ccac43c69c, -10.557700, -42.435760,2026-05-06 23:33:00,TERRA_M-T,XIQUE-XIQUE,BAHIA,Brasil,2933604,29,33,16,0.0,0.96,Caatinga,41.1
1c6c0a04-ca7a-32db-89cb-39ba6388a2f1, -14.856050, -48.565950,2026-05-06 23:33:00,TERRA_M-T,NIQUELÂNDIA,GOIÁS,Brasil,5214606,52,33,22,0.0,0.47,Cerrado,54.9
49895e3f-626a-38e8-b6f1-5dafc87b22b2, -14.854830, -48.571540,2026-05-06 23:33:00,TERRA_M-T,NIQUELÂNDIA,GOIÁS,Brasil,5214606,52,33,21,0.0,0.47,Cerrado,40.6
43b0212c-806a-3932-9aa4-7f7d09ca28cd, -14.128540, -45.345660,2026-05-06 23:33:00,TERRA_M-T,JABORANDI,BAHIA,Brasil,2917359,29,33,26,0.0,0.81,Cerrado,16.1
b0d50eba-73bc-3e76-a897-9de147a7bedd,  -8.523110, -41.031960,2026-05-06 23:35:00,TERRA_M-T,AFRÂNIO,PERNAMBUCO,Brasil,2600203,26,33,3,0.0,0.97,Caatinga,6.6
fca7ed95-7141-35a2-9694-28348284bddb,  -8.521820, -41.022370,2026-05-06 23:35:00,TERRA_M-T,AFRÂNIO,PERNAMBUCO,Brasil,2600203,26,33,3,0.0,0.88,Caatinga,8.5
a2c59e86-1e0c-3af8-b04e-a284ed3743bc,  -5.527610, -35.518940,2026-05-06 23:35:00,TERRA_M-T,TAIPU,RIO GRANDE DO NORTE,Brasil,2413904,24,33,-999,0.9,0.04,Caatinga,16.5
a2ad2f34-ead9-3752-8b22-47cf176cc011,  -6.021160, -35.492780,2026-05-06 23:35:00,TERRA_M-T,MACAÍBA,RIO GRANDE DO NORTE,Brasil,2407104,24,33,0,0.0,0.1,Caatinga,5.4
4f81ec28-88c3-339c-8153-f893a4060c6c,  -5.529620, -35.532770,2026-05-06 23:35:00,TERRA_M-T,TAIPU,RIO GRANDE DO NORTE,Brasil,2413904,24,33,-999,0.95,0.05,Caatinga,13.8
1e3c1391-e113-3ff3-9d3c-e4c386dd2e37,  -8.723070, -47.987050,2026-05-06 23:35:00,TERRA_M-T,SANTA MARIA DO TOCANTINS,TOCANTINS,Brasil,1718881,17,33,4,0.0,0.24,Cerrado,29.5
5e707e6e-7026-3395-8211-5c9dee3d52ff,  -8.307850, -45.407560,2026-05-06 23:35:00,TERRA_M-T,BAIXA GRANDE DO RIBEIRO,PIAUÍ,Brasil,2201150,22,33,12,0.0,0.6,Cerrado,13.3
d3837f66-40be-3a47-a719-255332036e1d,  -9.009560, -41.995400,2026-05-06 23:35:00,TERRA_M-T,DOM INOCÊNCIO,PIAUÍ,Brasil,2203453,22,33,3,0.0,0.84,Caatinga,9.2
422809d7-c55f-3595-bc72-c43be5e8fde0,  -5.781200, -45.131950,2026-05-06 23:37:00,TERRA_M-T,BARRA DO CORDA,MARANHÃO,Brasil,2101608,21,33,2,0.0,0.3,Cerrado,13.4
fc54c41b-543c-32ba-a495-b21ca027abe8,  -5.777440, -45.126220,2026-05-06 23:37:00,TERRA_M-T,BARRA DO CORDA,MARANHÃO,Brasil,2101608,21,33,2,0.0,0.3,Cerrado,16.9
57c46e2a-162b-3ad0-b74b-35818b192d5c, -12.781900, -59.009600,2026-05-06 23:40:00,GOES-19,CAMPOS DE JÚLIO,MATO GROSSO,Brasil,5102686,51,33,6,0.0,0.73,Cerrado,43.0
6aedc005-4aa6-3cba-9a3c-41fb05e20c6d, -12.503300, -58.478100,2026-05-06 23:40:00,GOES-19,SAPEZAL,MATO GROSSO,Brasil,5107875,51,33,8,0.0,0.12,Cerrado,58.9
0731856b-32a1-3d95-9427-1ac0bce7cc0d, -12.503300, -58.478100,2026-05-06 23:50:00,GOES-19,SAPEZAL,MATO GROSSO,Brasil,5107875,51,33,8,0.0,0.12,Cerrado,57.0
