id,lat,lon,data_hora_gmt,satelite,municipio,estado,pais,municipio_id,estado_id,pais_id,numero_dias_sem_chuva,precipitacao,risco_fogo,bioma,frp
fb779095-c60e-3e7b-a90c-b6c14ce93f6f, -16.434900, -52.796300,2026-05-08 00:00:00,GOES-19,TORIXORÉU,MATO GROSSO,Brasil,5108204,51,33,,,,Cerrado,47.8
604837ca-953b-388d-8f54-07b57e5d6cba, -21.432900, -47.056200,2026-05-08 00:09:00,TERRA_M-M,MOCOCA,SÃO PAULO,Brasil,3530508,35,33,,,,Cerrado,4.9
116d6fa3-bad1-3227-9fcf-1df96a819c84, -21.434180, -47.065760,2026-05-08 00:09:00,TERRA_M-M,MOCOCA,SÃO PAULO,Brasil,3530508,35,33,,,,Cerrado,10.2
d78620d5-8dfc-391d-8fc0-a5e6a3168fbb, -23.143140, -47.544820,2026-05-08 00:09:00,TERRA_M-M,PORTO FELIZ,SÃO PAULO,Brasil,3540606,35,33,,,,Mata Atlântica,8.8
ce33471d-036f-3fd3-bce5-3eca15e360a0, -21.425300, -47.067140,2026-05-08 00:09:00,TERRA_M-M,MOCOCA,SÃO PAULO,Brasil,3530508,35,33,,,,Cerrado,4.0
400b0658-aa58-3f9a-9a3a-5b9273f2d0e3, -22.937150, -48.916740,2026-05-08 00:09:00,TERRA_M-M,AVARÉ,SÃO PAULO,Brasil,3504503,35,33,,,,Cerrado,9.8
43b029a4-5e91-36ea-8d38-d187dff5ef4e, -21.701330, -48.410590,2026-05-08 00:09:00,TERRA_M-M,MATÃO,SÃO PAULO,Brasil,3529302,35,33,,,,Cerrado,30.2
a1d9397a-7758-3eb2-b385-4385749f5bd8, -21.702650, -48.421070,2026-05-08 00:09:00,TERRA_M-M,MATÃO,SÃO PAULO,Brasil,3529302,35,33,,,,Cerrado,41.1
97620e6b-fbfa-3534-a6ae-45912b6ce01d, -22.935780, -48.905320,2026-05-08 00:09:00,TERRA_M-M,AVARÉ,SÃO PAULO,Brasil,3504503,35,33,,,,Cerrado,9.0
1f8c9877-9046-3455-9e41-28ecc74b8769, -13.788930, -44.083490,2026-05-08 00:11:00,TERRA_M-M,CORIBE,BAHIA,Brasil,2909109,29,33,,,,Cerrado,16.2
09112a94-699b-337c-b6c1-786d934acd21, -12.865320, -43.767830,2026-05-08 00:11:00,TERRA_M-M,SERRA DOURADA,BAHIA,Brasil,2930303,29,33,,,,Cerrado,9.1
184405c5-bd66-3a04-ae7d-ef557fcb6426, -12.854500, -43.769590,2026-05-08 00:11:00,TERRA_M-M,SERRA DOURADA,BAHIA,Brasil,2930303,29,33,,,,Cerrado,17.9
9f0fb32f-3877-330b-8dd3-df5aaa838447, -16.422410, -52.787750,2026-05-08 00:11:00,TERRA_M-M,TORIXORÉU,MATO GROSSO,Brasil,5108204,51,33,,,,Cerrado,31.7
27505090-bce1-3e34-975c-ec36aaf2defe, -18.511290, -55.513810,2026-05-08 00:11:00,TERRA_M-M,CORUMBÁ,MATO GROSSO DO SUL,Brasil,5003207,50,33,,,,Pantanal,32.7
95834a64-896d-3928-81ee-13429b05d20c, -17.812250, -46.714970,2026-05-08 00:11:00,TERRA_M-M,VAZANTE,MINAS GERAIS,Brasil,3171006,31,33,,,,Cerrado,4.7
59f0c132-8f61-340e-8f30-9fef558d1c46, -21.377090, -48.551630,2026-05-08 00:11:00,TERRA_M-M,TAQUARITINGA,SÃO PAULO,Brasil,3553708,35,33,,,,Mata Atlântica,28.6
c76006ec-ef6e-3a23-9697-16d9e2480c35, -12.849720, -43.762520,2026-05-08 00:11:00,TERRA_M-M,SERRA DOURADA,BAHIA,Brasil,2930303,29,33,,,,Cerrado,26.2
20514d2a-c37c-3bc0-b2a5-cd59468a48d0, -20.223820, -46.832340,2026-05-08 00:11:00,TERRA_M-M,DELFINÓPOLIS,MINAS GERAIS,Brasil,3121209,31,33,,,,Cerrado,5.5
17287d35-1aac-31f6-96a7-b058f5f8260b, -12.860550, -43.760740,2026-05-08 00:11:00,TERRA_M-M,SERRA DOURADA,BAHIA,Brasil,2930303,29,33,,,,Cerrado,24.0
5d58c2e3-5c6c-379f-a7a4-395fb83032b3, -21.375790, -48.541010,2026-05-08 00:11:00,TERRA_M-M,TAQUARITINGA,SÃO PAULO,Brasil,3553708,35,33,,,,Mata Atlântica,12.5
3bd6f3b3-28c8-3b47-8ac4-de41a60ae018, -19.180820, -47.353390,2026-05-08 00:11:00,TERRA_M-M,PERDIZES,MINAS GERAIS,Brasil,3149804,31,33,,,,Cerrado,6.1
d0bd0aae-6e6e-34f0-83c1-51b5af14bfbe, -14.135260, -45.342530,2026-05-08 00:11:00,TERRA_M-M,JABORANDI,BAHIA,Brasil,2917359,29,33,,,,Cerrado,8.0
9f243245-f05b-360d-949e-b0f75795f9b6, -12.852260, -43.755560,2026-05-08 00:11:00,TERRA_M-M,SERRA DOURADA,BAHIA,Brasil,2930303,29,33,,,,Cerrado,18.8
310396ce-cc77-3c0c-867b-0281343b9d02, -16.424260, -52.804070,2026-05-08 00:11:00,TERRA_M-M,TORIXORÉU,MATO GROSSO,Brasil,5108204,51,33,,,,Cerrado,64.7
06e5f380-ab29-3c05-9f67-499c400c5b68, -12.863080, -43.753790,2026-05-08 00:11:00,TERRA_M-M,SERRA DOURADA,BAHIA,Brasil,2930303,29,33,,,,Cerrado,13.7
448b620f-2d1d-3dba-b97c-2d4fea1409ac, -21.386410, -48.550150,2026-05-08 00:11:00,TERRA_M-M,TAQUARITINGA,SÃO PAULO,Brasil,3553708,35,33,,,,Mata Atlântica,11.4
b641e56c-4f25-397d-a692-994d424b88e5, -18.511190, -55.519360,2026-05-08 00:11:00,TERRA_M-M,CORUMBÁ,MATO GROSSO DO SUL,Brasil,5003207,50,33,,,,Pantanal,28.3
4ac97a55-3e2d-3557-ab74-ed8fd8d368c9, -11.069360, -49.472940,2026-05-08 00:13:00,TERRA_M-M,SANTA RITA DO TOCANTINS,TOCANTINS,Brasil,1718899,17,33,,,,Cerrado,24.2
4f69e318-6708-3ab1-9bcb-ce3c15bda7a3, -12.349440, -50.023860,2026-05-08 00:13:00,TERRA_M-M,SANDOLÂNDIA,TOCANTINS,Brasil,1718840,17,33,,,,Cerrado,21.7
33227c73-d358-3f1d-873c-103e5f6a0f2d, -11.473940, -52.913590,2026-05-08 00:13:00,TERRA_M-M,SÃO FÉLIX DO ARAGUAIA,MATO GROSSO,Brasil,5107859,51,33,,,,Amazônia,9.5
ffec5cd0-4d40-3e33-9523-c8e10ea30e14, -11.126780, -45.117240,2026-05-08 00:13:00,TERRA_M-M,FORMOSA DO RIO PRETO,BAHIA,Brasil,2911105,29,33,,,,Cerrado,13.1
547d4740-b59f-3d39-9696-d45691e5d117,  -9.408740, -50.681160,2026-05-08 00:13:00,TERRA_M-M,SANTANA DO ARAGUAIA,PARÁ,Brasil,1506708,15,33,,,,Amazônia,26.2
b076662e-1df5-37ee-b3af-c27a4f739621,  -9.307000, -48.587310,2026-05-08 00:13:00,TERRA_M-M,RIO DOS BOIS,TOCANTINS,Brasil,1718709,17,33,,,,Cerrado,51.0
c68fa24c-1fc8-30d1-89f2-c8dd6e241208, -10.957160, -48.847260,2026-05-08 00:13:00,TERRA_M-M,FÁTIMA,TOCANTINS,Brasil,1707553,17,33,,,,Cerrado,6.0
a332bc6f-0e6f-348b-aa2d-95e1080ef5fc, -11.421310, -47.093380,2026-05-08 00:13:00,TERRA_M-M,ALMAS,TOCANTINS,Brasil,1700400,17,33,,,,Cerrado,7.0
2c67bf73-6bd9-3570-8111-55244f5f7317,  -8.686330, -49.089510,2026-05-08 00:13:00,TERRA_M-M,GOIANORTE,TOCANTINS,Brasil,1708304,17,33,,,,Cerrado,4.7
1ddede73-050c-3721-828f-61e883e90bdd,  -9.475950, -46.146240,2026-05-08 00:13:00,TERRA_M-M,ALTO PARNAÍBA,MARANHÃO,Brasil,2100501,21,33,,,,Cerrado,6.8
f15f5403-18af-351e-bd6f-090af0f78a51,  -9.298190, -48.588580,2026-05-08 00:13:00,TERRA_M-M,MIRANORTE,TOCANTINS,Brasil,1713304,17,33,,,,Cerrado,37.4
df026c30-4dc7-396f-adfa-10d1bd0fce3e, -12.350730, -50.033550,2026-05-08 00:13:00,TERRA_M-M,SANDOLÂNDIA,TOCANTINS,Brasil,1718840,17,33,,,,Cerrado,17.2
acd14b29-ad1d-3563-88a0-d7e9ed90d798,  -9.410040, -50.690770,2026-05-08 00:13:00,TERRA_M-M,SANTANA DO ARAGUAIA,PARÁ,Brasil,1506708,15,33,,,,Amazônia,55.5
e29311de-0b41-3622-9791-2bb31622c5df,  -8.783170, -44.839820,2026-05-08 00:13:00,TERRA_M-M,CURRAIS,PIAUÍ,Brasil,2203230,22,33,,,,Cerrado,9.3
c33051c3-65df-307b-b38e-ef1097241db9,  -9.315810, -48.586030,2026-05-08 00:13:00,TERRA_M-M,RIO DOS BOIS,TOCANTINS,Brasil,1718709,17,33,,,,Cerrado,13.1
2eb67852-2570-34f8-aa1b-e4389a4f63c7, -11.627360, -47.891710,2026-05-08 00:13:00,TERRA_M-M,CHAPADA DA NATIVIDADE,TOCANTINS,Brasil,1705102,17,33,,,,Cerrado,11.8
3ec4dfeb-9417-3dc3-9fda-89b6e560cdd9, -10.054420, -51.678740,2026-05-08 00:13:00,TERRA_M-M,VILA RICA,MATO GROSSO,Brasil,5108600,51,33,,,,Amazônia,8.6
b9b4b9c2-c9f5-3761-9a51-93d22d0d27f5,  -8.702700, -49.078160,2026-05-08 00:13:00,TERRA_M-M,GOIANORTE,TOCANTINS,Brasil,1708304,17,33,,,,Cerrado,8.2
f9c32daa-f5e2-3171-acb4-99bebcd37e66, -11.126600, -45.110810,2026-05-08 00:13:00,TERRA_M-M,FORMOSA DO RIO PRETO,BAHIA,Brasil,2911105,29,33,,,,Cerrado,6.5
20fb07c6-5be7-3944-bef3-0c1af30fa00b, -11.634940, -47.881390,2026-05-08 00:13:00,TERRA_M-M,CHAPADA DA NATIVIDADE,TOCANTINS,Brasil,1705102,17,33,,,,Cerrado,8.1
cbbb5bb6-5090-31c4-b30b-28a1fd6668ec, -10.668030, -49.708710,2026-05-08 00:13:00,TERRA_M-M,LAGOA DA CONFUSÃO,TOCANTINS,Brasil,1711902,17,33,,,,Cerrado,9.2
1270e1a0-bebe-3c88-ba55-ed9c9889ec8a,  -8.711490, -49.076900,2026-05-08 00:13:00,TERRA_M-M,GOIANORTE,TOCANTINS,Brasil,1708304,17,33,,,,Cerrado,7.7
4f089165-44a8-3cf3-94c1-88aaa5a2dbcd, -11.801540, -47.107490,2026-05-08 00:13:00,TERRA_M-M,DIANÓPOLIS,TOCANTINS,Brasil,1707009,17,33,,,,Cerrado,8.0
4ae64850-bbac-3839-8399-16efd7a71b8e, -10.676090, -49.692420,2026-05-08 00:13:00,TERRA_M-M,LAGOA DA CONFUSÃO,TOCANTINS,Brasil,1711902,17,33,,,,Cerrado,14.5
6870a5e1-a498-3c31-9b1c-499c278eed1b,  -7.294450, -49.627690,2026-05-08 00:13:00,TERRA_M-M,RIO MARIA,PARÁ,Brasil,1506161,15,33,,,,Amazônia,5.8
65ff85fe-6e8d-3a6e-9ba9-c1a571398869, -13.189330, -52.706800,2026-05-08 00:13:00,TERRA_M-M,CANARANA,MATO GROSSO,Brasil,5102702,51,33,,,,Amazônia,11.4
561fc9a5-c06f-39cf-b977-149b042c2201,  -8.695120, -49.088250,2026-05-08 00:13:00,TERRA_M-M,GOIANORTE,TOCANTINS,Brasil,1708304,17,33,,,,Cerrado,19.7
bd3adb3a-f818-3e87-95eb-ef2bcc44cbb4,  -8.687550, -49.098350,2026-05-08 00:13:00,TERRA_M-M,GOIANORTE,TOCANTINS,Brasil,1708304,17,33,,,,Cerrado,10.2
a2617061-48b5-3ab9-a7ce-c9bbb8ae7e8c,  -8.712710, -49.085740,2026-05-08 00:13:00,TERRA_M-M,GOIANORTE,TOCANTINS,Brasil,1708304,17,33,,,,Cerrado,17.7
2d4802cd-323c-3887-a4d9-bf0c2ffa9f2a, -10.936930, -49.442000,2026-05-08 00:13:00,TERRA_M-M,SANTA RITA DO TOCANTINS,TOCANTINS,Brasil,1718899,17,33,,,,Cerrado,11.6
4e6bd2cf-1c0f-3a38-935d-55a6607ec398, -13.187630, -52.692540,2026-05-08 00:13:00,TERRA_M-M,CANARANA,MATO GROSSO,Brasil,5102702,51,33,,,,Amazônia,14.9
6764a07f-5d53-3feb-b8fd-ffbbb1ced456, -10.938160, -49.451080,2026-05-08 00:13:00,TERRA_M-M,SANTA RITA DO TOCANTINS,TOCANTINS,Brasil,1718899,17,33,,,,Cerrado,15.3
0c54c694-339b-38c9-ba14-cfb2572fe4ac, -12.406490, -46.759790,2026-05-08 00:13:00,TERRA_M-M,TAGUATINGA,TOCANTINS,Brasil,1720903,17,33,,,,Cerrado,14.8
9ebea743-9381-3e7f-ac41-d970e5fc29d4,  -9.562700, -44.577630,2026-05-08 00:13:00,TERRA_M-M,REDENÇÃO DO GURGUÉIA,PIAUÍ,Brasil,2208700,22,33,,,,Cerrado,29.4
7909f6e4-9c2a-31d0-9fc4-e0feac3a9e02,  -8.696340, -49.097100,2026-05-08 00:13:00,TERRA_M-M,GOIANORTE,TOCANTINS,Brasil,1708304,17,33,,,,Cerrado,52.0
a52408e2-623d-30cc-a287-9f9e1ce8f0e1, -11.800190, -47.098130,2026-05-08 00:13:00,TERRA_M-M,DIANÓPOLIS,TOCANTINS,Brasil,1707009,17,33,,,,Cerrado,36.6
e00332e6-be16-3094-9554-f139b79609c9, -11.128380, -45.122940,2026-05-08 00:13:00,TERRA_M-M,FORMOSA DO RIO PRETO,BAHIA,Brasil,2911105,29,33,,,,Cerrado,8.0
f971187f-fb88-3071-97f1-8b374b098605, -11.949970, -43.379510,2026-05-08 00:13:00,TERRA_M-M,MUQUÉM DO SÃO FRANCISCO,BAHIA,Brasil,2922250,29,33,,,,Cerrado,9.8
f31c8b2c-1bf1-3a10-91e3-606f7a11d755, -10.053010, -51.667830,2026-05-08 00:13:00,TERRA_M-M,VILA RICA,MATO GROSSO,Brasil,5108600,51,33,,,,Amazônia,20.8
10ae0bec-e87b-3f41-9cdc-dce3f63c62e1, -12.153900, -46.669710,2026-05-08 00:13:00,TERRA_M-M,PONTE ALTA DO BOM JESUS,TOCANTINS,Brasil,1717800,17,33,,,,Cerrado,10.2
2349071d-597e-3b53-8f9e-9a4fe676a322, -10.043290, -51.669090,2026-05-08 00:13:00,TERRA_M-M,VILA RICA,MATO GROSSO,Brasil,5108600,51,33,,,,Amazônia,40.5
db46ce56-dd22-3533-a195-25cce0cae39e, -13.481100, -48.917510,2026-05-08 00:13:00,TERRA_M-M,SANTA TEREZA DE GOIÁS,GOIÁS,Brasil,5219605,52,33,,,,Cerrado,5.3
bd8243da-99ce-33b9-99e0-f46cd8bb7d15, -11.815620, -47.339410,2026-05-08 00:13:00,TERRA_M-M,ALMAS,TOCANTINS,Brasil,1700400,17,33,,,,Cerrado,6.9
df9de229-6b3a-3273-8db6-fe0f043bd8fb, -10.237590, -52.227950,2026-05-08 00:13:00,TERRA_M-M,SANTA CRUZ DO XINGU,MATO GROSSO,Brasil,5107743,51,33,,,,Amazônia,15.4
d1c326b6-c12e-3870-89d1-61f1b145033b,  -9.565640, -44.571480,2026-05-08 00:13:00,TERRA_M-M,REDENÇÃO DO GURGUÉIA,PIAUÍ,Brasil,2208700,22,33,,,,Cerrado,22.2
a185033b-e17a-3e30-9160-e43f8094d59f, -12.152510, -46.660020,2026-05-08 00:13:00,TERRA_M-M,PONTE ALTA DO BOM JESUS,TOCANTINS,Brasil,1717800,17,33,,,,Cerrado,8.8
94a33630-eb0c-30bf-ae5d-5900f906a340, -11.130490, -45.141380,2026-05-08 00:13:00,TERRA_M-M,FORMOSA DO RIO PRETO,BAHIA,Brasil,2911105,29,33,,,,Cerrado,8.7
30a3fae7-3105-3f85-b46a-3e3732d3efea,  -8.370250, -48.080110,2026-05-08 00:13:00,TERRA_M-M,ITAPIRATINS,TOCANTINS,Brasil,1710904,17,33,,,,Cerrado,5.3
fed870f8-5521-367e-a37e-c001299e6130,  -9.567760, -44.585100,2026-05-08 00:13:00,TERRA_M-M,REDENÇÃO DO GURGUÉIA,PIAUÍ,Brasil,2208700,22,33,,,,Cerrado,11.0
1f29b50c-cf47-3bb4-88b8-6825b7521c4b, -11.614010, -54.186800,2026-05-08 00:13:00,TERRA_M-M,UNIÃO DO SUL,MATO GROSSO,Brasil,5108303,51,33,,,,Amazônia,13.2
03984e5c-525d-32ca-9ce4-27a8999c70fe, -11.825930, -47.341400,2026-05-08 00:13:00,TERRA_M-M,ALMAS,TOCANTINS,Brasil,1700400,17,33,,,,Cerrado,30.5
eabe5f70-afb3-3dd2-9afa-cb2fe1fb9c9f, -11.798840, -47.088730,2026-05-08 00:13:00,TERRA_M-M,DIANÓPOLIS,TOCANTINS,Brasil,1707009,17,33,,,,Cerrado,7.0
939799cd-538f-3a12-9212-a2009e16a054,  -9.296960, -48.579690,2026-05-08 00:13:00,TERRA_M-M,RIO DOS BOIS,TOCANTINS,Brasil,1718709,17,33,,,,Cerrado,24.3
9fc67e4c-1ace-3b76-89ec-105300c83750,  -7.343890, -49.791830,2026-05-08 00:13:00,TERRA_M-M,FLORESTA DO ARAGUAIA,PARÁ,Brasil,1503044,15,33,,,,Amazônia,5.1
98315cec-0f6d-327e-99f7-447e658ce5db,  -8.692680, -49.070570,2026-05-08 00:13:00,TERRA_M-M,GOIANORTE,TOCANTINS,Brasil,1708304,17,33,,,,Cerrado,4.7
88f6efe1-6aca-3541-b713-f1ddfcdef7df, -11.475640, -52.927500,2026-05-08 00:13:00,TERRA_M-M,SÃO FÉLIX DO ARAGUAIA,MATO GROSSO,Brasil,5107859,51,33,,,,Amazônia,10.6
5036d095-36fc-3892-9fe1-e9dedfe6b141, -11.791190, -47.099490,2026-05-08 00:13:00,TERRA_M-M,DIANÓPOLIS,TOCANTINS,Brasil,1707009,17,33,,,,Cerrado,16.0
5405a4ca-3565-3509-af2e-d2d07f71acee, -11.977070, -46.787740,2026-05-08 00:13:00,TERRA_M-M,DIANÓPOLIS,TOCANTINS,Brasil,1707009,17,33,,,,Cerrado,7.8
04e785bc-ce68-3685-8ad8-e364b878fb79,  -8.786800, -44.833000,2026-05-08 00:13:00,TERRA_M-M,CURRAIS,PIAUÍ,Brasil,2203230,22,33,,,,Cerrado,16.5
7dd0ab00-b47e-39f1-859a-c8c73a4662a2,  -8.693900, -49.079410,2026-05-08 00:13:00,TERRA_M-M,GOIANORTE,TOCANTINS,Brasil,1708304,17,33,,,,Cerrado,7.9
5ac4db48-6c46-37a2-b51e-415f8739011a, -11.125300, -45.123299,2026-05-08 00:16:00,METOP-C,FORMOSA DO RIO PRETO,BAHIA,Brasil,2911105,29,33,,,,Cerrado,
e798d568-1443-3d1e-a0f0-194c827f30d2,  -9.301100, -48.582500,2026-05-08 00:16:00,METOP-C,RIO DOS BOIS,TOCANTINS,Brasil,1718709,17,33,,,,Cerrado,
6c75a4b1-b155-3ac6-bff0-fbae96c83b71, -11.792500, -47.090500,2026-05-08 00:16:00,METOP-C,DIANÓPOLIS,TOCANTINS,Brasil,1707009,17,33,,,,Cerrado,
7321acc7-3322-35f4-94ba-892868b01b23, -10.039000, -51.663101,2026-05-08 00:16:00,METOP-C,VILA RICA,MATO GROSSO,Brasil,5108600,51,33,,,,Amazônia,
1eef7f8f-e1e3-315c-907c-450d911a032b,  -9.291400, -48.584499,2026-05-08 00:16:00,METOP-C,RIO DOS BOIS,TOCANTINS,Brasil,1718709,17,33,,,,Cerrado,
4ef4d042-11a3-38a9-ab3d-86a547d56c3d, -11.814000, -47.344601,2026-05-08 00:16:00,METOP-C,ALMAS,TOCANTINS,Brasil,1700400,17,33,,,,Cerrado,
9d0bf6c0-d8be-37a1-af5b-00978883896f, -12.851800, -43.755199,2026-05-08 00:16:00,METOP-C,SERRA DOURADA,BAHIA,Brasil,2930303,29,33,,,,Cerrado,
9f6f5e58-3db2-305c-b1b5-0104701683d5,  -8.784900, -44.828499,2026-05-08 00:16:00,METOP-C,CURRAIS,PIAUÍ,Brasil,2203230,22,33,,,,Cerrado,
08ab59e5-d002-3d9a-bdc7-2bd54f3ff6b2, -18.084400, -50.421902,2026-05-08 00:16:00,METOP-C,MAURILÂNDIA,GOIÁS,Brasil,5213004,52,33,,,,Cerrado,
10bfcfb5-64bb-3bd6-939f-a8ad0bcaaeae,  -9.400900, -50.695202,2026-05-08 00:16:00,METOP-C,SANTANA DO ARAGUAIA,PARÁ,Brasil,1506708,15,33,,,,Amazônia,
0d0ac3e0-46e2-3a19-b957-a3070f5600a5,  -5.781300, -45.139500,2026-05-08 00:16:00,METOP-C,BARRA DO CORDA,MARANHÃO,Brasil,2101608,21,33,,,,Cerrado,
0a28444a-f4f4-3f2c-afa0-8d1494f8d5f0,  -9.396900, -50.675598,2026-05-08 00:16:00,METOP-C,SANTANA DO ARAGUAIA,PARÁ,Brasil,1506708,15,33,,,,Amazônia,
fbc4a593-fa6e-39df-9825-b6b53fe1db9f,  -8.786700, -44.836601,2026-05-08 00:16:00,METOP-C,CURRAIS,PIAUÍ,Brasil,2203230,22,33,,,,Cerrado,
7f3dd599-4d6e-315a-849c-2b42299e9208,  -9.304100, -48.596500,2026-05-08 00:16:00,METOP-C,MIRANORTE,TOCANTINS,Brasil,1713304,17,33,,,,Cerrado,
0434f445-1def-3551-8915-24256d66032f,  -5.785800, -45.113899,2026-05-08 00:16:00,METOP-C,BARRA DO CORDA,MARANHÃO,Brasil,2101608,21,33,,,,Cerrado,
6fcfaf8d-f365-3047-a14b-019113d8fc86, -10.029400, -51.665001,2026-05-08 00:16:00,METOP-C,VILA RICA,MATO GROSSO,Brasil,5108600,51,33,,,,Amazônia,
3128a452-6504-3909-9fb0-1fe1a80e7815, -11.123300, -45.114201,2026-05-08 00:16:00,METOP-C,FORMOSA DO RIO PRETO,BAHIA,Brasil,2911105,29,33,,,,Cerrado,
6c313fdc-b272-3e5d-8a4b-9b2fb96d30b2,  -6.318100, -44.641998,2026-05-08 00:16:00,METOP-C,MIRADOR,MARANHÃO,Brasil,2106706,21,33,,,,Cerrado,
ccd21674-5f46-31b3-9fbc-72766a747829, -21.691999, -48.399399,2026-05-08 00:16:00,METOP-C,MATÃO,SÃO PAULO,Brasil,3529302,35,33,,,,Cerrado,
e0e03ca3-c439-34a4-9916-7111dec59e07,  -5.777800, -45.123798,2026-05-08 00:16:00,METOP-C,BARRA DO CORDA,MARANHÃO,Brasil,2101608,21,33,,,,Cerrado,
28663342-fcfc-37ca-95ad-6945275ebc07, -11.629900, -47.888901,2026-05-08 00:16:00,METOP-C,CHAPADA DA NATIVIDADE,TOCANTINS,Brasil,1705102,17,33,,,,Cerrado,
671525dc-c3b8-3877-8799-f939ff7d56d5,  -8.703300, -49.081501,2026-05-08 00:16:00,METOP-C,GOIANORTE,TOCANTINS,Brasil,1708304,17,33,,,,Cerrado,
a77da51a-1877-3268-b98e-7c7928cbe4b2,  -8.683800, -49.085499,2026-05-08 00:16:00,METOP-C,GOIANORTE,TOCANTINS,Brasil,1708304,17,33,,,,Cerrado,
ae65e6fa-1e8d-3cc5-9c5e-7e9007b23ea5,  -9.406600, -50.673599,2026-05-08 00:16:00,METOP-C,SANTANA DO ARAGUAIA,PARÁ,Brasil,1506708,15,33,,,,Amazônia,
d798065f-2f36-3d7e-b962-4dcbd373c0e7,  -9.410600, -50.693199,2026-05-08 00:16:00,METOP-C,SANTANA DO ARAGUAIA,PARÁ,Brasil,1506708,15,33,,,,Amazônia,
ccbf5394-b74f-36a7-b68a-9c1bb8e076c2,  -8.696600, -49.098301,2026-05-08 00:16:00,METOP-C,GOIANORTE,TOCANTINS,Brasil,1708304,17,33,,,,Cerrado,
a8644dbf-7ace-368b-8234-4f4fbcde23c4,  -9.310900, -48.580502,2026-05-08 00:16:00,METOP-C,RIO DOS BOIS,TOCANTINS,Brasil,1718709,17,33,,,,Cerrado,
8666113e-e16f-3800-bc6c-fa7a72f8f50e,  -5.779500, -45.131599,2026-05-08 00:16:00,METOP-C,BARRA DO CORDA,MARANHÃO,Brasil,2101608,21,33,,,,Cerrado,
ed0c2b46-fe56-3e68-8677-5b9387ec0d82,  -9.288500, -48.570499,2026-05-08 00:16:00,METOP-C,RIO DOS BOIS,TOCANTINS,Brasil,1718709,17,33,,,,Cerrado,
78464c9c-4221-38e3-9628-c4b07e5cf7c3, -11.129100, -45.141399,2026-05-08 00:16:00,METOP-C,FORMOSA DO RIO PRETO,BAHIA,Brasil,2911105,29,33,,,,Cerrado,
27de2a83-5367-33e9-b261-f9a9bb3a22f4,  -8.686900, -49.100300,2026-05-08 00:16:00,METOP-C,GOIANORTE,TOCANTINS,Brasil,1708304,17,33,,,,Cerrado,
b1ad0657-93ed-3ae8-9c9d-381f15316d41,  -5.776000, -45.116001,2026-05-08 00:16:00,METOP-C,BARRA DO CORDA,MARANHÃO,Brasil,2101608,21,33,,,,Cerrado,
d0064ddc-d607-35e5-82ba-f01b14b88286, -11.811400, -47.332001,2026-05-08 00:16:00,METOP-C,ALMAS,TOCANTINS,Brasil,1700400,17,33,,,,Cerrado,
febc8d46-bac0-345b-bb03-c7acd2082b5d, -18.080099, -50.396400,2026-05-08 00:16:00,METOP-C,MAURILÂNDIA,GOIÁS,Brasil,5213004,52,33,,,,Cerrado,
9d9cbbbb-be81-39e2-bcbb-1c845e3442cc, -21.695400, -48.420601,2026-05-08 00:16:00,METOP-C,MATÃO,SÃO PAULO,Brasil,3529302,35,33,,,,Cerrado,
127f8c84-794d-3449-96a7-7ca556cfac18, -11.795000, -47.102699,2026-05-08 00:16:00,METOP-C,DIANÓPOLIS,TOCANTINS,Brasil,1707009,17,33,,,,Cerrado,
809df887-98aa-369c-b98a-58e7a7819a9e,  -5.787600, -45.121700,2026-05-08 00:16:00,METOP-C,BARRA DO CORDA,MARANHÃO,Brasil,2101608,21,33,,,,Cerrado,
3b3ff071-3561-391c-a21a-c746625ab7da, -13.354600, -43.087399,2026-05-08 00:16:00,METOP-C,RIACHO DE SANTANA,BAHIA,Brasil,2926400,29,33,,,,Caatinga,
d75284bd-a2b0-3acd-aea5-5a6e573d79aa, -11.823700, -47.342602,2026-05-08 00:16:00,METOP-C,ALMAS,TOCANTINS,Brasil,1700400,17,33,,,,Cerrado,
e53ea43e-6ec9-3b1a-b50e-d8ba05eca76c,  -6.894900, -42.857899,2026-05-08 00:16:00,METOP-C,FLORIANO,PIAUÍ,Brasil,2203909,22,33,,,,Caatinga,
6b2ec4bd-10ea-3ffb-8761-315253bf87de,  -9.560900, -44.574200,2026-05-08 00:16:00,METOP-C,REDENÇÃO DO GURGUÉIA,PIAUÍ,Brasil,2208700,22,33,,,,Cerrado,
51a5452f-08d4-3c00-b977-dd1f70905bb1, -11.804800, -47.100700,2026-05-08 00:16:00,METOP-C,DIANÓPOLIS,TOCANTINS,Brasil,1707009,17,33,,,,Cerrado,
d75468d8-a190-3fe0-bed4-7747f087f67b, -12.853500, -43.763302,2026-05-08 00:16:00,METOP-C,SERRA DOURADA,BAHIA,Brasil,2930303,29,33,,,,Cerrado,
d500e418-7bcd-3409-be93-9f162d8c8b2f,  -8.693500, -49.083500,2026-05-08 00:16:00,METOP-C,GOIANORTE,TOCANTINS,Brasil,1708304,17,33,,,,Cerrado,
83b3be15-058f-3253-b82c-c5ba0a3adfc5, -21.375799, -48.543400,2026-05-08 00:16:00,METOP-C,TAQUARITINGA,SÃO PAULO,Brasil,3553708,35,33,,,,Mata Atlântica,
4ea8cda9-a00e-3ccb-b530-68a58d3bf630,  -9.562600, -44.582401,2026-05-08 00:16:00,METOP-C,REDENÇÃO DO GURGUÉIA,PIAUÍ,Brasil,2208700,22,33,,,,Cerrado,
75b2f75d-882c-3345-a0e3-c44d0ccba71a,  -5.785410, -45.116170,2026-05-08 00:16:00,TERRA_M-M,BARRA DO CORDA,MARANHÃO,Brasil,2101608,21,33,,,,Cerrado,19.4
90798fdc-f85c-3de5-b42b-37a81894edc9,  -5.776390, -45.131820,2026-05-08 00:16:00,TERRA_M-M,BARRA DO CORDA,MARANHÃO,Brasil,2101608,21,33,,,,Cerrado,19.8
6945c450-3bc0-3c22-a3fa-9efe8e14ba41,  -5.788490, -45.124480,2026-05-08 00:16:00,TERRA_M-M,BARRA DO CORDA,MARANHÃO,Brasil,2101608,21,33,,,,Cerrado,32.1
0ca250f2-f821-3946-995c-4ebec0b8331e,  -5.787440, -45.130350,2026-05-08 00:16:00,TERRA_M-M,BARRA DO CORDA,MARANHÃO,Brasil,2101608,21,33,,,,Cerrado,37.0
ccb31719-0875-39e8-a0fc-70ebd099523f,  -5.779560, -45.140000,2026-05-08 00:16:00,TERRA_M-M,BARRA DO CORDA,MARANHÃO,Brasil,2101608,21,33,,,,Cerrado,14.6
fe628c26-5025-38df-8540-549c54fd2b49,  -5.777440, -45.125960,2026-05-08 00:16:00,TERRA_M-M,BARRA DO CORDA,MARANHÃO,Brasil,2101608,21,33,,,,Cerrado,29.6
8337029c-be62-30f5-908d-2aa8d36492ae,  -9.407100, -50.684700,2026-05-08 00:20:00,GOES-19,SANTANA DO ARAGUAIA,PARÁ,Brasil,1506708,15,33,,,,Amazônia,55.1
eee3708a-61d5-375f-b343-af1f8592e879, -21.715000, -48.412600,2026-05-08 01:00:00,GOES-19,GAVIÃO PEIXOTO,SÃO PAULO,Brasil,3516853,35,33,,,,Cerrado,53.7
7508b313-5159-366b-8429-d0e78e317026, -20.719200, -55.160099,2026-05-08 01:24:00,METOP-B,SIDROLÂNDIA,MATO GROSSO DO SUL,Brasil,5007901,50,33,,,,Cerrado,
21c54c06-b203-3794-b933-d8a611c6d69d, -16.151699, -58.469101,2026-05-08 01:24:00,METOP-B,CÁCERES,MATO GROSSO,Brasil,5102504,51,33,,,,Pantanal,
1dd21806-29e1-345c-91f4-3696587fa652, -16.155500, -58.483700,2026-05-08 01:24:00,METOP-B,CÁCERES,MATO GROSSO,Brasil,5102504,51,33,,,,Pantanal,
309d49eb-b156-3473-a7af-799910418558, -21.845700, -50.340200,2026-05-08 01:50:00,GOES-19,HERCULÂNDIA,SÃO PAULO,Brasil,3519006,35,33,,,,Mata Atlântica,75.1
cd6d5696-2d24-332f-a6eb-0569038a7ae6, -21.845100, -50.363100,2026-05-08 01:50:00,GOES-19,TUPÃ,SÃO PAULO,Brasil,3555000,35,33,,,,Mata Atlântica,92.2
f9cf28ec-3a08-39d1-9997-5864befdb1fd, -16.160101, -58.492100,2026-05-08 01:55:00,METOP-C,CÁCERES,MATO GROSSO,Brasil,5102504,51,33,,,,Pantanal,
71a0fcef-7b13-3e2f-94ac-f064f3ec08a1, -21.853100, -50.346401,2026-05-08 01:55:00,METOP-C,HERCULÂNDIA,SÃO PAULO,Brasil,3519006,35,33,,,,Mata Atlântica,
9f3f39ea-ab10-3b6d-9fa8-2789566f4e66,  -8.787690, -44.837550,2026-05-08 03:25:00,NOAA-20,CURRAIS,PIAUÍ,Brasil,2203230,22,33,,,,Cerrado,3.2
4373dfe7-e9ad-3aaf-86d7-35810d7e7a4f,  -8.786080, -44.845740,2026-05-08 03:25:00,NOAA-20,CURRAIS,PIAUÍ,Brasil,2203230,22,33,,,,Cerrado,2.4
d99b9eb3-29ee-3f50-9f12-700f56335317, -14.130000, -45.343510,2026-05-08 03:28:00,NOAA-20,JABORANDI,BAHIA,Brasil,2917359,29,33,,,,Cerrado,2.2
bd391404-9560-389f-a242-49d09b288fd1, -15.614100, -46.520980,2026-05-08 03:28:00,NOAA-20,BURITIS,MINAS GERAIS,Brasil,3109303,31,33,,,,Cerrado,14.2
e0551087-9b6a-3630-a34b-48442a214295, -11.943310, -43.379600,2026-05-08 03:28:00,NOAA-20,MUQUÉM DO SÃO FRANCISCO,BAHIA,Brasil,2922250,29,33,,,,Cerrado,2.7
1e91037c-b6c5-3468-87a3-4ceba1ae77a2, -12.848030, -43.763680,2026-05-08 03:28:00,NOAA-20,SERRA DOURADA,BAHIA,Brasil,2930303,29,33,,,,Cerrado,2.3
48075242-16ef-3357-9ecb-421d6d09d1de, -14.136650, -45.345030,2026-05-08 03:28:00,NOAA-20,JABORANDI,BAHIA,Brasil,2917359,29,33,,,,Cerrado,2.0
27b996cf-460a-35ae-b754-de8cb7e3a3c8, -14.135360, -45.383130,2026-05-08 03:28:00,NOAA-20,JABORANDI,BAHIA,Brasil,2917359,29,33,,,,Cerrado,1.4
220397f6-5f39-3e13-a093-26a6c3bd6909, -15.615600, -46.514320,2026-05-08 03:28:00,NOAA-20,BURITIS,MINAS GERAIS,Brasil,3109303,31,33,,,,Cerrado,14.2
493776e5-e75d-307d-97ad-8b7d143cd9ad, -12.854240, -43.765000,2026-05-08 03:28:00,NOAA-20,SERRA DOURADA,BAHIA,Brasil,2930303,29,33,,,,Cerrado,2.9
1baa227b-22b1-3caa-930c-696c23c95a79, -15.607260, -46.519030,2026-05-08 03:28:00,NOAA-20,BURITIS,MINAS GERAIS,Brasil,3109303,31,33,,,,Cerrado,1.6
c00f4ae8-f5aa-3c1e-b24f-2e945d4734d0, -12.855270, -43.760030,2026-05-08 03:28:00,NOAA-20,SERRA DOURADA,BAHIA,Brasil,2930303,29,33,,,,Cerrado,2.1
7af40e21-7920-3de9-bb9a-ae3e4684dd21, -11.767030, -43.651540,2026-05-08 03:28:00,NOAA-20,BARRA,BAHIA,Brasil,2902708,29,33,,,,Cerrado,3.3
2c3f7003-f229-3f33-97b4-a5470c49b42b, -12.862510, -43.756370,2026-05-08 03:28:00,NOAA-20,SERRA DOURADA,BAHIA,Brasil,2930303,29,33,,,,Cerrado,2.1
9cbf0df3-4239-3ae1-8711-ade0cfc097ef, -14.134070, -45.389110,2026-05-08 03:28:00,NOAA-20,JABORANDI,BAHIA,Brasil,2917359,29,33,,,,Cerrado,1.4
93a72cc8-920a-390f-afb8-e085f15d2e77, -12.861480, -43.761340,2026-05-08 03:28:00,NOAA-20,SERRA DOURADA,BAHIA,Brasil,2930303,29,33,,,,Cerrado,2.1
d59b9b45-2905-320b-ac47-44cdd4e81834, -21.430470, -47.065190,2026-05-08 03:30:00,NOAA-20,MOCOCA,SÃO PAULO,Brasil,3530508,35,33,,,,Cerrado,1.1
25c05378-3af2-314a-8bc4-6c5b8e865d1a, -20.220580, -46.834300,2026-05-08 03:30:00,NOAA-20,DELFINÓPOLIS,MINAS GERAIS,Brasil,3121209,31,33,,,,Cerrado,1.3
8bdf47c1-c22f-308c-8b64-96f56f1223df, -21.699200, -48.415390,2026-05-08 03:30:00,NOAA-20,MATÃO,SÃO PAULO,Brasil,3529302,35,33,,,,Cerrado,2.2
5635bfd2-d653-3aba-8a2c-80ef6572d95f, -21.706550, -48.415880,2026-05-08 03:30:00,NOAA-20,MATÃO,SÃO PAULO,Brasil,3529302,35,33,,,,Cerrado,2.2
548f6ee6-bcb7-344f-bec7-18508921d4bd, -20.214240, -46.836100,2026-05-08 03:30:00,NOAA-20,DELFINÓPOLIS,MINAS GERAIS,Brasil,3121209,31,33,,,,Cerrado,1.4
dc353b64-2de5-36ff-8a39-fc1eb07ae317, -20.222150, -46.827790,2026-05-08 03:30:00,NOAA-20,DELFINÓPOLIS,MINAS GERAIS,Brasil,3121209,31,33,,,,Cerrado,1.3
cb3881ad-8aca-3505-928f-5000121650b3, -21.704970, -48.422210,2026-05-08 03:30:00,NOAA-20,MATÃO,SÃO PAULO,Brasil,3529302,35,33,,,,Cerrado,2.2
171b43f2-1907-3d7a-a678-3fc775deb65a, -21.698220, -48.420140,2026-05-08 03:30:00,NOAA-20,MATÃO,SÃO PAULO,Brasil,3529302,35,33,,,,Cerrado,2.2
77286fe4-17dd-3ed6-8f3f-974b8f0a5c46, -21.704360, -48.423690,2026-05-08 03:30:00,NOAA-20,MATÃO,SÃO PAULO,Brasil,3529302,35,33,,,,Cerrado,2.4
6cbf9608-3eda-323d-bbcf-5d60c7317492, -21.699780, -48.413840,2026-05-08 03:30:00,NOAA-20,MATÃO,SÃO PAULO,Brasil,3529302,35,33,,,,Cerrado,2.2
e0efbefb-b584-3dd1-a5a8-e291823afe89, -21.705970, -48.417390,2026-05-08 03:30:00,NOAA-20,MATÃO,SÃO PAULO,Brasil,3529302,35,33,,,,Cerrado,2.5
62e7d310-1264-3b23-94f5-6f1aeab07565, -20.003110, -44.214070,2026-05-08 03:30:00,NOAA-20,BETIM,MINAS GERAIS,Brasil,3106705,31,33,,,,Mata Atlântica,1.4
eef83f95-557f-3a73-9344-e18fd6a8aad3, -20.222300, -46.830920,2026-05-08 03:30:00,NOAA-20,DELFINÓPOLIS,MINAS GERAIS,Brasil,3121209,31,33,,,,Cerrado,1.9
209d6480-f9ea-3161-b358-1389414e39a2, -20.218810, -46.841580,2026-05-08 03:30:00,NOAA-20,DELFINÓPOLIS,MINAS GERAIS,Brasil,3121209,31,33,,,,Cerrado,1.5
89acbf86-5913-39de-8795-92757c887cd8, -21.034160, -48.945800,2026-05-08 03:30:00,NOAA-20,NOVAIS,SÃO PAULO,Brasil,3533254,35,33,,,,Mata Atlântica,4.8
2be68922-3e7d-3abb-a6b8-9dbd408fe276, -21.424140, -47.063310,2026-05-08 03:30:00,NOAA-20,MOCOCA,SÃO PAULO,Brasil,3530508,35,33,,,,Cerrado,0.5
45ef8b85-d14c-3652-b893-304f96b68ab1, -21.697600, -48.421670,2026-05-08 03:30:00,NOAA-20,MATÃO,SÃO PAULO,Brasil,3529302,35,33,,,,Cerrado,2.2
d5f4f292-7145-31b3-a89b-dde99fd9454d, -27.946090, -51.067020,2026-05-08 03:32:00,NOAA-20,ESMERALDA,RIO GRANDE DO SUL,Brasil,4307401,43,33,,,,Mata Atlântica,3.0
b4215a72-5552-3c8e-9e6b-bbece521846e,  -7.337170, -49.789180,2026-05-08 04:14:00,NOAA-21,FLORESTA DO ARAGUAIA,PARÁ,Brasil,1503044,15,33,,,,Amazônia,2.5
83c72972-130a-38fc-9a25-d05f460513f7,  -6.662690, -47.546040,2026-05-08 04:14:00,NOAA-21,PALMEIRAS DO TOCANTINS,TOCANTINS,Brasil,1713809,17,33,,,,Cerrado,0.8
78c31781-0318-328d-9b31-a8466d735c62,  -5.730800, -43.237630,2026-05-08 04:14:00,NOAA-21,PARNARAMA,MARANHÃO,Brasil,2107803,21,33,,,,Cerrado,0.8
d93534da-30b1-3e96-b77a-d6006704eb88,  -6.255510, -42.577800,2026-05-08 04:14:00,NOAA-21,REGENERAÇÃO,PIAUÍ,Brasil,2208809,22,33,,,,Caatinga,1.5
365a5bed-74f8-3948-928f-ad125fdddea3,  -6.024120, -44.224770,2026-05-08 04:14:00,NOAA-21,COLINAS,MARANHÃO,Brasil,2103505,21,33,,,,Cerrado,0.9
b7344b95-114b-3295-aaeb-e4a68ca197d5,  -7.457730, -43.288010,2026-05-08 04:14:00,NOAA-21,ITAUEIRA,PIAUÍ,Brasil,2205102,22,33,,,,Cerrado,0.6
f204571e-3235-3191-a55a-dac3bfe90de3,  -7.291680, -49.628090,2026-05-08 04:14:00,NOAA-21,RIO MARIA,PARÁ,Brasil,1506161,15,33,,,,Amazônia,1.8
74eaf1a2-7853-3031-a800-cc39213a730c,  -6.312490, -44.639670,2026-05-08 04:14:00,NOAA-21,MIRADOR,MARANHÃO,Brasil,2106706,21,33,,,,Cerrado,1.0
835d49f9-be58-3cbc-b731-b719392a99f4,  -6.319850, -44.637060,2026-05-08 04:14:00,NOAA-21,MIRADOR,MARANHÃO,Brasil,2106706,21,33,,,,Cerrado,0.9
d92e2215-cb47-39d1-8c66-79b0b9a54273,  -7.340430, -49.788080,2026-05-08 04:14:00,NOAA-21,FLORESTA DO ARAGUAIA,PARÁ,Brasil,1503044,15,33,,,,Amazônia,3.0
d0d8db29-4e2e-3ace-ae16-1a973daf8967,  -6.322660, -44.641240,2026-05-08 04:14:00,NOAA-21,MIRADOR,MARANHÃO,Brasil,2106706,21,33,,,,Cerrado,0.9
7114b685-91c8-30e9-9259-54d34922e1b1,  -5.727490, -43.237110,2026-05-08 04:14:00,NOAA-21,PARNARAMA,MARANHÃO,Brasil,2107803,21,33,,,,Cerrado,0.8
bb43ca1f-085e-33df-8644-996640a6e966,  -6.315880, -44.640190,2026-05-08 04:14:00,NOAA-21,MIRADOR,MARANHÃO,Brasil,2106706,21,33,,,,Cerrado,0.9
4fc69af8-0558-3454-9597-03fa38e2ed3f,  -6.891960, -42.858480,2026-05-08 04:14:00,NOAA-21,FLORIANO,PIAUÍ,Brasil,2203909,22,33,,,,Caatinga,0.8
30aeddf7-c7ba-32e2-ab96-d1eaabb05b36,  -6.771980, -46.820340,2026-05-08 04:14:00,NOAA-21,SÃO PEDRO DOS CRENTES,MARANHÃO,Brasil,2111573,21,33,,,,Cerrado,1.5
dca2361b-2a6f-376c-969c-6e4edcc05bd7,  -6.319270, -44.640710,2026-05-08 04:14:00,NOAA-21,MIRADOR,MARANHÃO,Brasil,2106706,21,33,,,,Cerrado,0.9
4d99bf6d-8611-349d-8945-ad936a7d5719, -14.176920, -52.880700,2026-05-08 04:17:00,NOAA-21,ÁGUA BOA,MATO GROSSO,Brasil,5100201,51,33,,,,Cerrado,5.3
e42ce996-d1d6-3ac8-8965-f2523fe3f84c, -12.402360, -46.759360,2026-05-08 04:17:00,NOAA-21,TAGUATINGA,TOCANTINS,Brasil,1720903,17,33,,,,Cerrado,1.1
a74b8ab1-1aad-383c-90fc-b4c2cdd2b8ad,  -9.471430, -46.144100,2026-05-08 04:17:00,NOAA-21,ALTO PARNAÍBA,MARANHÃO,Brasil,2100501,21,33,,,,Cerrado,0.9
cb7f740d-e93e-3208-aff9-a115487a9b05, -11.793930, -43.630200,2026-05-08 04:17:00,NOAA-21,BARRA,BAHIA,Brasil,2902708,29,33,,,,Cerrado,0.7
68daf63e-33d5-3725-83bc-ecd77339c3e7, -21.428840, -47.059040,2026-05-08 04:17:00,NOAA-21,MOCOCA,SÃO PAULO,Brasil,3530508,35,33,,,,Cerrado,1.2
af01b82a-24ee-3b86-8192-557389cbc9d5,  -8.788560, -44.837770,2026-05-08 04:17:00,NOAA-21,CURRAIS,PIAUÍ,Brasil,2203230,22,33,,,,Cerrado,4.7
59154bb1-cd4f-3b6c-bc02-87a0b5d87aef, -21.041750, -48.943510,2026-05-08 04:17:00,NOAA-21,NOVAIS,SÃO PAULO,Brasil,3533254,35,33,,,,Mata Atlântica,27.6
419b59c3-5443-3e03-9ca6-a7b9b6b1e370, -12.850980, -43.762410,2026-05-08 04:17:00,NOAA-21,SERRA DOURADA,BAHIA,Brasil,2930303,29,33,,,,Cerrado,1.3
8e6703db-6615-3d54-9f97-74ab2a843be8, -14.136480, -45.375820,2026-05-08 04:17:00,NOAA-21,JABORANDI,BAHIA,Brasil,2917359,29,33,,,,Cerrado,1.1
3d00a982-d455-33ce-8793-0577613021f6, -13.479070, -48.918330,2026-05-08 04:17:00,NOAA-21,SANTA TEREZA DE GOIÁS,GOIÁS,Brasil,5219605,52,33,,,,Cerrado,3.1
c01539e0-3f79-3a70-9d09-b592a1d56827, -10.991670, -43.718750,2026-05-08 04:17:00,NOAA-21,BARRA,BAHIA,Brasil,2902708,29,33,,,,Cerrado,0.6
3d041438-605c-3c58-a8bf-7c5285ddce6e,  -9.411260, -50.679670,2026-05-08 04:17:00,NOAA-21,SANTANA DO ARAGUAIA,PARÁ,Brasil,1506708,15,33,,,,Amazônia,2.1
b79c8f2c-7809-32d0-8920-0e9751b3d2df, -20.218490, -46.840140,2026-05-08 04:17:00,NOAA-21,DELFINÓPOLIS,MINAS GERAIS,Brasil,3121209,31,33,,,,Cerrado,6.4
63af02ab-825d-3d24-9375-778e51a3d070, -20.776370, -49.215960,2026-05-08 04:17:00,NOAA-21,GUAPIAÇU,SÃO PAULO,Brasil,3517505,35,33,,,,Mata Atlântica,0.8
b88ce393-f5fc-3b91-9952-c3620763a3c4, -14.173550, -52.883820,2026-05-08 04:17:00,NOAA-21,ÁGUA BOA,MATO GROSSO,Brasil,5100201,51,33,,,,Cerrado,4.6
7b84db22-f2a4-3ed2-acc4-b2861667a36c, -10.406180, -44.934590,2026-05-08 04:17:00,NOAA-21,CORRENTE,PIAUÍ,Brasil,2202901,22,33,,,,Cerrado,0.8
3306e89e-3095-3eee-a55c-45db79e1ad90, -12.854840, -43.759380,2026-05-08 04:17:00,NOAA-21,SERRA DOURADA,BAHIA,Brasil,2930303,29,33,,,,Cerrado,1.7
a920c16b-8d16-379d-b775-f5c8054d4c05, -14.134930, -45.342660,2026-05-08 04:17:00,NOAA-21,JABORANDI,BAHIA,Brasil,2917359,29,33,,,,Cerrado,0.7
0fe53cca-a17d-3af4-8a55-9c939dea0d4a, -14.135490, -45.339090,2026-05-08 04:17:00,NOAA-21,JABORANDI,BAHIA,Brasil,2917359,29,33,,,,Cerrado,0.7
270aa1e0-6360-3fbf-9096-6510a10f28c8, -14.138660, -45.383500,2026-05-08 04:17:00,NOAA-21,JABORANDI,BAHIA,Brasil,2917359,29,33,,,,Cerrado,0.9
8f4781c9-28a6-3b22-a852-6dd111a739fd, -11.826630, -47.340730,2026-05-08 04:17:00,NOAA-21,ALMAS,TOCANTINS,Brasil,1700400,17,33,,,,Cerrado,8.4
aadcb693-c1da-3860-a5ae-8d9b671ecf96, -10.934620, -49.435870,2026-05-08 04:17:00,NOAA-21,SANTA RITA DO TOCANTINS,TOCANTINS,Brasil,1718899,17,33,,,,Cerrado,4.1
fb6db32b-1b68-3c8a-9f05-c4099a004807, -11.794620, -47.098600,2026-05-08 04:17:00,NOAA-21,DIANÓPOLIS,TOCANTINS,Brasil,1707009,17,33,,,,Cerrado,1.7
1cdf0932-2654-38a1-ac03-cc428966c182, -11.477960, -52.919240,2026-05-08 04:17:00,NOAA-21,SÃO FÉLIX DO ARAGUAIA,MATO GROSSO,Brasil,5107859,51,33,,,,Amazônia,1.4
4431501e-3731-3344-9ed9-8955fa919c60, -11.067060, -49.470210,2026-05-08 04:17:00,NOAA-21,SANTA RITA DO TOCANTINS,TOCANTINS,Brasil,1718899,17,33,,,,Cerrado,1.9
1c1b4e49-47ee-3b6c-862c-e7d8c042d573, -21.431560, -47.063350,2026-05-08 04:17:00,NOAA-21,MOCOCA,SÃO PAULO,Brasil,3530508,35,33,,,,Cerrado,1.1
56f2466a-01ad-3080-98f5-a0aabff9f22d,  -8.366580, -48.077560,2026-05-08 04:17:00,NOAA-21,ITAPIRATINS,TOCANTINS,Brasil,1710904,17,33,,,,Cerrado,2.7
1a8f6e31-0de6-3659-b23f-312cfe6fcae4, -19.701280, -50.678200,2026-05-08 04:17:00,NOAA-21,CARNEIRINHO,MINAS GERAIS,Brasil,3114550,31,33,,,,Cerrado,2.1
97251c18-0736-3d8c-83b4-ca4ce0cc4f45, -15.614330, -46.518520,2026-05-08 04:17:00,NOAA-21,BURITIS,MINAS GERAIS,Brasil,3109303,31,33,,,,Cerrado,9.2
2d60c30e-f5b3-3d1e-87bc-57e105ae09b1, -14.117230, -45.347050,2026-05-08 04:17:00,NOAA-21,JABORANDI,BAHIA,Brasil,2917359,29,33,,,,Cerrado,1.9
21b50ce8-fa58-343b-a3c6-dde244c5765a, -10.941510, -49.444860,2026-05-08 04:17:00,NOAA-21,SANTA RITA DO TOCANTINS,TOCANTINS,Brasil,1718899,17,33,,,,Cerrado,3.7
a5476707-65ac-3c0a-9643-14af5dc22efd, -11.798840, -47.095140,2026-05-08 04:17:00,NOAA-21,DIANÓPOLIS,TOCANTINS,Brasil,1707009,17,33,,,,Cerrado,2.4
75fb4433-c976-3e07-9436-6ff277dfa8e7, -20.723480, -55.174990,2026-05-08 04:17:00,NOAA-21,SIDROLÂNDIA,MATO GROSSO DO SUL,Brasil,5007901,50,33,,,,Cerrado,3.5
2742ce58-2be3-354c-9cb9-3eb1e1eed318,  -9.472060, -46.140200,2026-05-08 04:17:00,NOAA-21,ALTO PARNAÍBA,MARANHÃO,Brasil,2100501,21,33,,,,Cerrado,0.9
04669a4d-3075-364d-8526-98549ddcbfca, -13.480520, -48.916280,2026-05-08 04:17:00,NOAA-21,SANTA TEREZA DE GOIÁS,GOIÁS,Brasil,5219605,52,33,,,,Cerrado,4.8
32fd99a2-ebd0-3279-a03e-a4de17d5d72d, -20.902190, -45.252860,2026-05-08 04:17:00,NOAA-21,CAMPO BELO,MINAS GERAIS,Brasil,3111200,31,33,,,,Mata Atlântica,0.4
eb89fa69-32ad-3116-bfa9-40873def31ec, -11.866770, -43.862460,2026-05-08 04:17:00,NOAA-21,WANDERLEY,BAHIA,Brasil,2933455,29,33,,,,Cerrado,1.1
8a935313-e645-338b-bd19-f7f3e76c1c72, -12.426760, -54.214390,2026-05-08 04:17:00,NOAA-21,NOVA UBIRATÃ,MATO GROSSO,Brasil,5106240,51,33,,,,Amazônia,1.8
0877dfb8-a527-3d16-a704-7dbd38138afe, -22.156910, -47.400590,2026-05-08 04:17:00,NOAA-21,LEME,SÃO PAULO,Brasil,3526704,35,33,,,,Mata Atlântica,0.8
b9ea9494-1a75-3864-a3da-6fae6390c996, -11.477380, -52.922330,2026-05-08 04:17:00,NOAA-21,SÃO FÉLIX DO ARAGUAIA,MATO GROSSO,Brasil,5107859,51,33,,,,Amazônia,0.6
4ab7d50f-0336-3181-a7f8-cd3a79319856, -20.724140, -55.171890,2026-05-08 04:17:00,NOAA-21,SIDROLÂNDIA,MATO GROSSO DO SUL,Brasil,5007901,50,33,,,,Cerrado,3.5
793c47a2-4680-3b10-9e33-11099aa52d37, -18.387320, -51.436100,2026-05-08 04:17:00,NOAA-21,JATAÍ,GOIÁS,Brasil,5211909,52,33,,,,Cerrado,1.0
3c90d514-3578-3c81-b670-b3bd50580f1e,  -9.565360, -44.572700,2026-05-08 04:17:00,NOAA-21,REDENÇÃO DO GURGUÉIA,PIAUÍ,Brasil,2208700,22,33,,,,Cerrado,2.0
eb761772-27e7-3bfb-b173-ba3b01c6b1b4,  -8.394730, -46.228560,2026-05-08 04:17:00,NOAA-21,BALSAS,MARANHÃO,Brasil,2101400,21,33,,,,Cerrado,1.1
eb718ac0-b781-35e9-9b38-1417c8265b11, -10.039240, -51.666530,2026-05-08 04:17:00,NOAA-21,VILA RICA,MATO GROSSO,Brasil,5108600,51,33,,,,Amazônia,5.2
12397da1-466e-32d3-b547-d4f48d299b5a, -11.766920, -43.651230,2026-05-08 04:17:00,NOAA-21,BARRA,BAHIA,Brasil,2902708,29,33,,,,Cerrado,3.0
35989afc-6bb1-3ce3-814b-d2101ce80c4c, -14.041620, -47.584890,2026-05-08 04:17:00,NOAA-21,CAVALCANTE,GOIÁS,Brasil,5205307,52,33,,,,Cerrado,1.0
4efa42ab-4399-3af4-987e-c92c46050a5c, -16.600930, -58.240790,2026-05-08 04:17:00,NOAA-21,CÁCERES,MATO GROSSO,Brasil,5102504,51,33,,,,Pantanal,6.2
c1eb7f4b-0629-384a-a4de-d4796010ed27, -12.861480, -43.760440,2026-05-08 04:17:00,NOAA-21,SERRA DOURADA,BAHIA,Brasil,2930303,29,33,,,,Cerrado,1.4
d06b782f-5534-3c9a-894f-5e3d8ad09905, -13.640680, -44.284750,2026-05-08 04:17:00,NOAA-21,CORIBE,BAHIA,Brasil,2909109,29,33,,,,Cerrado,1.3
47948ecf-8fb3-320a-a876-3ea74bf89970, -20.223570, -46.829630,2026-05-08 04:17:00,NOAA-21,DELFINÓPOLIS,MINAS GERAIS,Brasil,3121209,31,33,,,,Cerrado,2.4
9d6cadd2-0c8c-3ff5-833b-04d23bd6b335, -10.586700, -53.516120,2026-05-08 04:17:00,NOAA-21,MARCELÂNDIA,MATO GROSSO,Brasil,5105580,51,33,,,,Amazônia,1.1
aed161dd-39e9-32d5-a2c0-e57be9d92a8c, -14.133730, -45.371710,2026-05-08 04:17:00,NOAA-21,JABORANDI,BAHIA,Brasil,2917359,29,33,,,,Cerrado,0.7
092269c5-fb1e-33c3-a826-91cda0b4d441,  -9.414160, -50.689910,2026-05-08 04:17:00,NOAA-21,SANTANA DO ARAGUAIA,PARÁ,Brasil,1506708,15,33,,,,Amazônia,1.7
5331507c-5977-3246-a135-af3ed25b8e13, -21.428250, -47.062740,2026-05-08 04:17:00,NOAA-21,MOCOCA,SÃO PAULO,Brasil,3530508,35,33,,,,Cerrado,1.1
8b05fe19-3a11-3ffa-9627-cb01efc71a25, -21.038280, -48.942840,2026-05-08 04:17:00,NOAA-21,NOVAIS,SÃO PAULO,Brasil,3533254,35,33,,,,Mata Atlântica,27.6
4329e867-e4b6-3c8e-b912-9a094edd7cbc,  -9.568130, -44.576770,2026-05-08 04:17:00,NOAA-21,REDENÇÃO DO GURGUÉIA,PIAUÍ,Brasil,2208700,22,33,,,,Cerrado,2.1
5ea5edc8-416c-351a-9484-30cde7763427, -20.078040, -45.357730,2026-05-08 04:17:00,NOAA-21,SANTO ANTÔNIO DO MONTE,MINAS GERAIS,Brasil,3160405,31,33,,,,Cerrado,1.0
3409fcc8-637d-3536-8993-67a4515534a0, -10.045020, -51.662070,2026-05-08 04:17:00,NOAA-21,VILA RICA,MATO GROSSO,Brasil,5108600,51,33,,,,Amazônia,5.5
f1986529-ea9a-3534-8603-58790f17eb57, -11.947370, -43.382720,2026-05-08 04:17:00,NOAA-21,MUQUÉM DO SÃO FRANCISCO,BAHIA,Brasil,2922250,29,33,,,,Cerrado,0.9
0a006d4e-2147-3049-a2b6-3979173ff052,  -9.295670, -48.583070,2026-05-08 04:17:00,NOAA-21,RIO DOS BOIS,TOCANTINS,Brasil,1718709,17,33,,,,Cerrado,2.6
028c42a1-4ebc-31e0-8e31-a1c12ef6d551, -13.007180, -42.467950,2026-05-08 04:17:00,NOAA-21,MACAÚBAS,BAHIA,Brasil,2919801,29,33,,,,Caatinga,0.8
2e145feb-73b6-3384-b277-d997eb312261, -21.034100, -48.946290,2026-05-08 04:17:00,NOAA-21,NOVAIS,SÃO PAULO,Brasil,3533254,35,33,,,,Mata Atlântica,1.7
b8ac9ddc-476a-3694-94fe-b6fa60d8a4f8, -10.243320, -47.419940,2026-05-08 04:17:00,NOAA-21,LAGOA DO TOCANTINS,TOCANTINS,Brasil,1711951,17,33,,,,Cerrado,1.3
ac1abe79-56d5-39fb-a0ff-8ff90d9e9ada, -21.380060, -48.549200,2026-05-08 04:17:00,NOAA-21,TAQUARITINGA,SÃO PAULO,Brasil,3553708,35,33,,,,Mata Atlântica,2.9
10ff64a8-5880-3d26-a6cb-2acc40c72745, -10.670160, -49.703650,2026-05-08 04:17:00,NOAA-21,LAGOA DA CONFUSÃO,TOCANTINS,Brasil,1711902,17,33,,,,Cerrado,2.4
9c0acbe4-9c72-3045-9f52-391d8879c6c4, -15.617690, -46.519110,2026-05-08 04:17:00,NOAA-21,BURITIS,MINAS GERAIS,Brasil,3109303,31,33,,,,Cerrado,4.1
6347c15e-f052-3a85-8a61-239d80dbac08, -10.051130, -51.676270,2026-05-08 04:17:00,NOAA-21,VILA RICA,MATO GROSSO,Brasil,5108600,51,33,,,,Amazônia,3.6
377e72e6-0771-3311-be06-7df85eb36717, -21.704580, -48.417990,2026-05-08 04:17:00,NOAA-21,MATÃO,SÃO PAULO,Brasil,3529302,35,33,,,,Cerrado,2.6
c1407889-5407-3f93-8182-b5d7ba96e124, -12.405840, -46.759950,2026-05-08 04:17:00,NOAA-21,TAGUATINGA,TOCANTINS,Brasil,1720903,17,33,,,,Cerrado,1.4
03e8bcc6-12a4-3044-baf2-4421e18ab8d1, -12.350150, -50.027780,2026-05-08 04:17:00,NOAA-21,SANDOLÂNDIA,TOCANTINS,Brasil,1718840,17,33,,,,Cerrado,8.2
6eab3755-3946-3d87-b09a-eea8e2273f67, -19.136410, -44.620000,2026-05-08 04:17:00,NOAA-21,CURVELO,MINAS GERAIS,Brasil,3120904,31,33,,,,Cerrado,0.7
a19b9c5a-1e6e-31c0-a82e-339247234dd2, -21.708620, -48.414750,2026-05-08 04:17:00,NOAA-21,MATÃO,SÃO PAULO,Brasil,3529302,35,33,,,,Cerrado,1.5
54f5bb9b-e8d0-386a-953c-036d517ded18, -10.237490, -52.230670,2026-05-08 04:17:00,NOAA-21,SANTA CRUZ DO XINGU,MATO GROSSO,Brasil,5107743,51,33,,,,Amazônia,1.1
f55317a8-3f38-3c10-88fb-801e8aea52d2, -11.769690, -43.655290,2026-05-08 04:17:00,NOAA-21,BARRA,BAHIA,Brasil,2902708,29,33,,,,Cerrado,2.3
2552406a-7ed4-39b4-922d-e8fa68b21df1,  -9.415000, -50.685180,2026-05-08 04:17:00,NOAA-21,SANTANA DO ARAGUAIA,PARÁ,Brasil,1506708,15,33,,,,Amazônia,1.7
9c0681a9-7cf3-3964-a68b-2c98715136e7, -21.031330, -48.941510,2026-05-08 04:17:00,NOAA-21,NOVAIS,SÃO PAULO,Brasil,3533254,35,33,,,,Mata Atlântica,30.9
aaacd5b3-bf02-3582-b511-05de864ea190, -12.413670, -49.669730,2026-05-08 04:17:00,NOAA-21,SANDOLÂNDIA,TOCANTINS,Brasil,1718840,17,33,,,,Cerrado,2.1
a6c37966-6f31-3eaf-923c-761f0bffe0ee,  -9.303030, -48.587930,2026-05-08 04:17:00,NOAA-21,RIO DOS BOIS,TOCANTINS,Brasil,1718709,17,33,,,,Cerrado,5.4
3d0541de-cfe7-3181-910d-f59f104ace6c,  -9.307010, -48.588640,2026-05-08 04:17:00,NOAA-21,RIO DOS BOIS,TOCANTINS,Brasil,1718709,17,33,,,,Cerrado,4.1
fa2fd709-bbd7-3d85-af5e-215c2d42e340, -11.467740, -52.917300,2026-05-08 04:17:00,NOAA-21,SÃO FÉLIX DO ARAGUAIA,MATO GROSSO,Brasil,5107859,51,33,,,,Amazônia,1.7
3ed6506c-1166-3318-bdad-0719d9814c9a,  -9.299650, -48.583760,2026-05-08 04:17:00,NOAA-21,RIO DOS BOIS,TOCANTINS,Brasil,1718709,17,33,,,,Cerrado,5.4
be82d32e-659b-3e85-a9be-22d21c9ab7b6, -11.798170, -47.099210,2026-05-08 04:17:00,NOAA-21,DIANÓPOLIS,TOCANTINS,Brasil,1707009,17,33,,,,Cerrado,2.4
8e425b60-f7d3-329a-ab92-27032576d3bc, -14.175860, -52.886150,2026-05-08 04:17:00,NOAA-21,ÁGUA BOA,MATO GROSSO,Brasil,5100201,51,33,,,,Cerrado,5.3
c5237704-917c-3df4-b102-a6dfa863bcd7,  -9.293640, -48.582390,2026-05-08 04:17:00,NOAA-21,RIO DOS BOIS,TOCANTINS,Brasil,1718709,17,33,,,,Cerrado,2.9
907c57ca-79ba-3c82-b305-e8efa4077993, -12.426040, -54.218040,2026-05-08 04:17:00,NOAA-21,NOVA UBIRATÃ,MATO GROSSO,Brasil,5106240,51,33,,,,Amazônia,2.5
3ef25e78-0983-3b34-b530-383163a78754,  -9.295060, -48.586570,2026-05-08 04:17:00,NOAA-21,RIO DOS BOIS,TOCANTINS,Brasil,1718709,17,33,,,,Cerrado,2.6
6fa7ff27-a7a6-306c-94c2-fdf82451aba2, -10.052110, -51.670950,2026-05-08 04:17:00,NOAA-21,VILA RICA,MATO GROSSO,Brasil,5108600,51,33,,,,Amazônia,3.6
274a2789-3918-3856-9f53-a5bed2295999, -21.711360, -48.419320,2026-05-08 04:17:00,NOAA-21,MATÃO,SÃO PAULO,Brasil,3529302,35,33,,,,Cerrado,4.9
09454c80-3527-3ada-aaaa-1a8fcb814925, -21.380730, -48.545220,2026-05-08 04:17:00,NOAA-21,TAQUARITINGA,SÃO PAULO,Brasil,3553708,35,33,,,,Mata Atlântica,2.9
6bb320a3-cff2-3ab5-83d3-f8720ad6be34, -11.017570, -45.132850,2026-05-08 04:17:00,NOAA-21,FORMOSA DO RIO PRETO,BAHIA,Brasil,2911105,29,33,,,,Cerrado,1.4
60cf6f79-b594-398b-9cea-6b4bc694d97c, -10.043460, -51.663810,2026-05-08 04:17:00,NOAA-21,VILA RICA,MATO GROSSO,Brasil,5108600,51,33,,,,Amazônia,4.2
39d71d4d-3f69-3b5b-afcd-9445d6013d6d, -19.969740, -47.203250,2026-05-08 04:17:00,NOAA-21,SACRAMENTO,MINAS GERAIS,Brasil,3156908,31,33,,,,Cerrado,0.5
e6f0e6ca-888c-312f-8ab5-b6b3b34e65e7, -12.858160, -43.759910,2026-05-08 04:17:00,NOAA-21,SERRA DOURADA,BAHIA,Brasil,2930303,29,33,,,,Cerrado,1.7
cc7de113-d55f-36b3-85fe-498e2f140aac,  -9.009510, -41.997310,2026-05-08 04:17:00,NOAA-21,DOM INOCÊNCIO,PIAUÍ,Brasil,2203453,22,33,,,,Caatinga,3.2
0a6669b7-24ea-31e3-a48f-022678704bb4,  -8.688350, -49.093480,2026-05-08 04:17:00,NOAA-21,GOIANORTE,TOCANTINS,Brasil,1708304,17,33,,,,Cerrado,2.8
658d0377-41cb-37d9-a87d-3edd2f10b901, -11.946830, -43.386270,2026-05-08 04:17:00,NOAA-21,MUQUÉM DO SÃO FRANCISCO,BAHIA,Brasil,2922250,29,33,,,,Cerrado,0.9
402c7b9f-594e-363b-9462-cabc282185b4, -20.224160, -46.825940,2026-05-08 04:17:00,NOAA-21,DELFINÓPOLIS,MINAS GERAIS,Brasil,3121209,31,33,,,,Cerrado,2.4
b08cf314-ea52-30bb-96d6-67b1a50ec1bf, -11.388400, -47.819320,2026-05-08 04:17:00,NOAA-21,CHAPADA DA NATIVIDADE,TOCANTINS,Brasil,1705102,17,33,,,,Cerrado,0.6
9bc379b8-54cd-3c4a-9e3e-f5998a8af8d1, -21.707970, -48.418650,2026-05-08 04:17:00,NOAA-21,MATÃO,SÃO PAULO,Brasil,3529302,35,33,,,,Cerrado,4.9
86bb04cd-043c-3eaa-a9ed-64fb4a130ac1, -19.179530, -47.352260,2026-05-08 04:17:00,NOAA-21,PERDIZES,MINAS GERAIS,Brasil,3149804,31,33,,,,Cerrado,2.1
5de7b451-db7d-315b-aaa8-9c401736836b,  -9.870470, -44.687100,2026-05-08 04:17:00,NOAA-21,RIACHO FRIO,PIAUÍ,Brasil,2208858,22,33,,,,Cerrado,0.5
20790a5e-4088-3fc1-895f-6e0db0a10322, -11.819460, -47.339500,2026-05-08 04:17:00,NOAA-21,ALMAS,TOCANTINS,Brasil,1700400,17,33,,,,Cerrado,1.3
18fd1dc4-482f-374a-87be-b3cc9964c5fe, -19.178920, -47.356000,2026-05-08 04:17:00,NOAA-21,PERDIZES,MINAS GERAIS,Brasil,3149804,31,33,,,,Cerrado,2.1
94e1d9b1-bf37-39d9-bb54-d4e9b3c99197, -10.669480, -49.707550,2026-05-08 04:17:00,NOAA-21,LAGOA DA CONFUSÃO,TOCANTINS,Brasil,1711902,17,33,,,,Cerrado,2.4
cae4490e-ff96-3a2b-82b0-2b91e2417e71, -22.750250, -43.648550,2026-05-08 04:17:00,NOAA-21,SEROPÉDICA,RIO DE JANEIRO,Brasil,3305554,33,33,,,,Mata Atlântica,1.1
213861a5-7e82-3bd6-8de2-5156b108cd03, -11.791080, -47.098000,2026-05-08 04:17:00,NOAA-21,DIANÓPOLIS,TOCANTINS,Brasil,1707009,17,33,,,,Cerrado,1.7
d894b6a8-7a59-3b3a-a764-dcaf7a60f7df, -10.670850, -49.699750,2026-05-08 04:17:00,NOAA-21,LAGOA DA CONFUSÃO,TOCANTINS,Brasil,1711902,17,33,,,,Cerrado,1.9
0dbfb005-4d70-32fd-b22d-a29d6cc67e86, -10.940860, -49.448600,2026-05-08 04:17:00,NOAA-21,SANTA RITA DO TOCANTINS,TOCANTINS,Brasil,1718899,17,33,,,,Cerrado,3.7
014a9630-f7c5-352f-8352-fc3a5d4af5f9, -10.238010, -52.227800,2026-05-08 04:17:00,NOAA-21,SANTA CRUZ DO XINGU,MATO GROSSO,Brasil,5107743,51,33,,,,Amazônia,1.1
72ab8a28-385e-346e-ab24-17d45552331d, -11.126130, -45.113670,2026-05-08 04:17:00,NOAA-21,FORMOSA DO RIO PRETO,BAHIA,Brasil,2911105,29,33,,,,Cerrado,4.7
0a6d4f78-efc3-35e6-b471-c304a6f3df9b, -11.805920, -47.096360,2026-05-08 04:17:00,NOAA-21,DIANÓPOLIS,TOCANTINS,Brasil,1707009,17,33,,,,Cerrado,2.2
234e210c-09ab-367a-ac3d-a5b308857fc8, -11.870080, -43.862990,2026-05-08 04:17:00,NOAA-21,WANDERLEY,BAHIA,Brasil,2933455,29,33,,,,Cerrado,1.1
f0b0cab5-35ad-39d9-83fd-f08f7250ee4c, -10.042470, -51.669120,2026-05-08 04:17:00,NOAA-21,VILA RICA,MATO GROSSO,Brasil,5108600,51,33,,,,Amazônia,3.7
4bc87a55-268f-37e3-af48-0f1968fd91d2, -14.135350, -45.382950,2026-05-08 04:17:00,NOAA-21,JABORANDI,BAHIA,Brasil,2917359,29,33,,,,Cerrado,1.0
a9fca4c9-140d-39eb-93f5-76fbe1af1067, -14.135910, -45.379380,2026-05-08 04:17:00,NOAA-21,JABORANDI,BAHIA,Brasil,2917359,29,33,,,,Cerrado,1.1
9ed765e8-3729-358c-b6b0-3cc8a6f6180a, -14.128300, -45.341560,2026-05-08 04:17:00,NOAA-21,JABORANDI,BAHIA,Brasil,2917359,29,33,,,,Cerrado,1.0
ec43ff75-685f-32c3-a186-64c6d2465413, -10.052760, -51.674600,2026-05-08 04:17:00,NOAA-21,VILA RICA,MATO GROSSO,Brasil,5108600,51,33,,,,Amazônia,1.5
eba27498-271d-3430-9898-2caa027c09e8, -15.037800, -41.992790,2026-05-08 04:17:00,NOAA-21,CONDEÚBA,BAHIA,Brasil,2908705,29,33,,,,Caatinga,0.9
7e5d7183-674d-3854-a16d-0c0424b3ce20, -10.047300, -51.670000,2026-05-08 04:17:00,NOAA-21,VILA RICA,MATO GROSSO,Brasil,5108600,51,33,,,,Amazônia,3.7
8f5d7d5e-19e1-37f0-80f7-887bd899f075, -15.617100, -46.522800,2026-05-08 04:17:00,NOAA-21,BURITIS,MINAS GERAIS,Brasil,3109303,31,33,,,,Cerrado,4.1
5e22092a-4d49-3c89-8480-109c03cb55a1,  -8.699950, -49.075810,2026-05-08 04:17:00,NOAA-21,GOIANORTE,TOCANTINS,Brasil,1708304,17,33,,,,Cerrado,1.9
f74e2427-b090-32f8-a27e-5b4f77558263, -18.499330, -55.495580,2026-05-08 04:17:00,NOAA-21,CORUMBÁ,MATO GROSSO DO SUL,Brasil,5003207,50,33,,,,Pantanal,1.2
c9edb5e9-dc7d-3d3d-baee-37d30065d4c9, -15.613740, -46.522210,2026-05-08 04:17:00,NOAA-21,BURITIS,MINAS GERAIS,Brasil,3109303,31,33,,,,Cerrado,9.2
a59b298e-8478-3610-a0a6-3111d5ab2c1d, -15.429120, -43.758530,2026-05-08 04:17:00,NOAA-21,VERDELÂNDIA,MINAS GERAIS,Brasil,3171030,31,33,,,,Cerrado,2.3
c9227fc6-4148-3244-8e5c-4720dbdebfa6, -10.048890, -51.668310,2026-05-08 04:17:00,NOAA-21,VILA RICA,MATO GROSSO,Brasil,5108600,51,33,,,,Amazônia,5.5
581fdf4d-4f2f-3680-9939-81caf22a1124, -18.513010, -55.509640,2026-05-08 04:17:00,NOAA-21,CORUMBÁ,MATO GROSSO DO SUL,Brasil,5003207,50,33,,,,Pantanal,1.5
c6e90f8b-7ceb-3b45-8e04-4dc2d90ef574, -12.862030, -43.756890,2026-05-08 04:17:00,NOAA-21,SERRA DOURADA,BAHIA,Brasil,2930303,29,33,,,,Cerrado,2.3
9cfb6f4b-9e73-3fe7-a893-642f6ac13f35, -11.770780, -43.648230,2026-05-08 04:17:00,NOAA-21,BARRA,BAHIA,Brasil,2902708,29,33,,,,Cerrado,1.9
7b0d4218-f1e9-3c38-94dc-c200553a8e36, -21.701190, -48.417340,2026-05-08 04:17:00,NOAA-21,MATÃO,SÃO PAULO,Brasil,3529302,35,33,,,,Cerrado,2.6
19fd60cd-6fa1-334d-b39a-257417ec175d, -11.820170, -47.335310,2026-05-08 04:17:00,NOAA-21,ALMAS,TOCANTINS,Brasil,1700400,17,33,,,,Cerrado,1.3
0e03c2d6-542b-3f68-bbad-17f30d06aaf4, -10.048280, -51.664690,2026-05-08 04:17:00,NOAA-21,VILA RICA,MATO GROSSO,Brasil,5108600,51,33,,,,Amazônia,4.2
4aa8999f-833b-333a-85a0-e1a6e2306994, -12.854300, -43.762940,2026-05-08 04:17:00,NOAA-21,SERRA DOURADA,BAHIA,Brasil,2930303,29,33,,,,Cerrado,1.7
bc3e463b-b247-338d-b320-7bc8628ee6a1, -11.823750, -47.335920,2026-05-08 04:17:00,NOAA-21,ALMAS,TOCANTINS,Brasil,1700400,17,33,,,,Cerrado,8.4
a1f1aeb4-2f15-3639-88f0-82a7d3b6680f, -13.819480, -48.154480,2026-05-08 04:17:00,NOAA-21,COLINAS DO SUL,GOIÁS,Brasil,5205521,52,33,,,,Cerrado,1.0
1139cdc4-dc6d-3aeb-b771-7d9fb468de33, -18.507720, -55.508450,2026-05-08 04:17:00,NOAA-21,CORUMBÁ,MATO GROSSO DO SUL,Brasil,5003207,50,33,,,,Pantanal,1.5
db42a290-5fcb-33a5-892c-635221244fa7, -11.066420, -49.473930,2026-05-08 04:17:00,NOAA-21,SANTA RITA DO TOCANTINS,TOCANTINS,Brasil,1718899,17,33,,,,Cerrado,2.1
e8f0ab82-0496-3d17-9ae0-0925868148a2, -12.417730, -49.670510,2026-05-08 04:17:00,NOAA-21,SANDOLÂNDIA,TOCANTINS,Brasil,1718840,17,33,,,,Cerrado,1.0
38a16f9f-f326-3574-af26-4764acf82ca5, -11.823040, -47.340120,2026-05-08 04:17:00,NOAA-21,ALMAS,TOCANTINS,Brasil,1700400,17,33,,,,Cerrado,8.4
e273d5b5-d553-3686-8829-3bd615179171, -14.132180, -45.338550,2026-05-08 04:17:00,NOAA-21,JABORANDI,BAHIA,Brasil,2917359,29,33,,,,Cerrado,0.7
d74caddd-18d6-3927-994c-3c5666dee710,  -9.296280, -48.579570,2026-05-08 04:17:00,NOAA-21,RIO DOS BOIS,TOCANTINS,Brasil,1718709,17,33,,,,Cerrado,2.3
7c44db3e-9760-3f35-908b-a1f43aeb5528, -10.047950, -51.673660,2026-05-08 04:17:00,NOAA-21,VILA RICA,MATO GROSSO,Brasil,5108600,51,33,,,,Amazônia,8.2
2162620b-618d-3935-89df-538a6625d642, -15.614930, -46.514820,2026-05-08 04:17:00,NOAA-21,BURITIS,MINAS GERAIS,Brasil,3109303,31,33,,,,Cerrado,2.2
916d75e6-69e0-38ce-9412-2258a3354bcd, -10.044070, -51.667400,2026-05-08 04:17:00,NOAA-21,VILA RICA,MATO GROSSO,Brasil,5108600,51,33,,,,Amazônia,5.5
6f27495c-5888-3dff-a271-fbefe7ae60c9, -14.134370, -45.346220,2026-05-08 04:17:00,NOAA-21,JABORANDI,BAHIA,Brasil,2917359,29,33,,,,Cerrado,1.4
71585bf2-0225-3032-a04c-9baa557af866, -18.498600, -55.499050,2026-05-08 04:17:00,NOAA-21,CORUMBÁ,MATO GROSSO DO SUL,Brasil,5003207,50,33,,,,Pantanal,1.5
1ec9a910-3d47-3a8e-8278-5500f81c2256, -21.710710, -48.423230,2026-05-08 04:17:00,NOAA-21,MATÃO,SÃO PAULO,Brasil,3529302,35,33,,,,Cerrado,4.9
682d11c6-2f58-3797-a78f-29cddf12cc35,  -8.692500, -49.094190,2026-05-08 04:17:00,NOAA-21,GOIANORTE,TOCANTINS,Brasil,1708304,17,33,,,,Cerrado,9.5
3041f808-edf6-3df9-acaa-34b0dbba90c6, -12.345990, -50.027030,2026-05-08 04:17:00,NOAA-21,SANDOLÂNDIA,TOCANTINS,Brasil,1718840,17,33,,,,Cerrado,8.2
311fc240-08a6-3e80-bd6a-232c388f13b0, -16.151650, -58.488100,2026-05-08 04:17:00,NOAA-21,CÁCERES,MATO GROSSO,Brasil,5102504,51,33,,,,Pantanal,4.9
a4e05627-9484-3be5-927c-33d0b38117ef,  -8.712480, -47.865110,2026-05-08 04:17:00,NOAA-21,ITACAJÁ,TOCANTINS,Brasil,1710508,17,33,,,,Cerrado,2.0
b7b3e1dd-c518-37a1-88be-87944ba2c42c, -10.046310, -51.675350,2026-05-08 04:17:00,NOAA-21,VILA RICA,MATO GROSSO,Brasil,5108600,51,33,,,,Amazônia,3.7
bae7dba1-2e8f-3e1a-b023-8488870d9e94,  -9.311580, -48.585900,2026-05-08 04:17:00,NOAA-21,RIO DOS BOIS,TOCANTINS,Brasil,1718709,17,33,,,,Cerrado,4.1
7b966de7-23cb-3ef2-84f6-b186098e98ba, -10.409520, -44.935120,2026-05-08 04:17:00,NOAA-21,CORRENTE,PIAUÍ,Brasil,2202901,22,33,,,,Cerrado,0.8
f64eef41-7ad9-3213-8057-59256c815bf1, -11.795290, -47.094530,2026-05-08 04:17:00,NOAA-21,DIANÓPOLIS,TOCANTINS,Brasil,1707009,17,33,,,,Cerrado,1.7
36f54df2-3266-32cc-85ff-b9fe20d2805d,  -9.307610, -48.585170,2026-05-08 04:17:00,NOAA-21,RIO DOS BOIS,TOCANTINS,Brasil,1718709,17,33,,,,Cerrado,4.1
ca78ead9-abef-3325-84ac-e3e01bba4e0f,  -8.711730, -49.081870,2026-05-08 04:17:00,NOAA-21,GOIANORTE,TOCANTINS,Brasil,1708304,17,33,,,,Cerrado,6.1
a1ccd282-60b7-3fb7-9b75-f4be7269ceec, -10.243000, -52.228740,2026-05-08 04:17:00,NOAA-21,SANTA CRUZ DO XINGU,MATO GROSSO,Brasil,5107743,51,33,,,,Amazônia,1.1
3777429e-8ef6-3dae-8b0e-170bb9677182, -18.386580, -51.440010,2026-05-08 04:17:00,NOAA-21,JATAÍ,GOIÁS,Brasil,5211909,52,33,,,,Cerrado,1.0
bfbabc57-e8c9-3308-a0b0-3724dc30fa4f,  -8.793060, -44.831090,2026-05-08 04:17:00,NOAA-21,CURRAIS,PIAUÍ,Brasil,2203230,22,33,,,,Cerrado,1.4
0aca5162-c041-35a9-bcde-281abe0b8292,  -8.696660, -49.094910,2026-05-08 04:17:00,NOAA-21,GOIANORTE,TOCANTINS,Brasil,1708304,17,33,,,,Cerrado,9.5
e318e7ed-1935-3de6-9cb9-0636831c5281,  -9.300260, -48.580270,2026-05-08 04:17:00,NOAA-21,RIO DOS BOIS,TOCANTINS,Brasil,1718709,17,33,,,,Cerrado,2.3
a9b49a3b-3cb6-3a76-b078-03b48bfe39be, -10.879530, -48.778480,2026-05-08 04:17:00,NOAA-21,BREJINHO DE NAZARÉ,TOCANTINS,Brasil,1703701,17,33,,,,Cerrado,0.9
ee8429e4-88f7-3dfe-8a8e-eed93ffa7332, -14.178420, -52.884720,2026-05-08 04:17:00,NOAA-21,ÁGUA BOA,MATO GROSSO,Brasil,5100201,51,33,,,,Cerrado,4.6
f6fadcb5-ee5d-3cfa-b0a2-419a938a750b,  -9.562040, -44.572180,2026-05-08 04:17:00,NOAA-21,REDENÇÃO DO GURGUÉIA,PIAUÍ,Brasil,2208700,22,33,,,,Cerrado,2.1
9e687e4f-86d6-3227-81b6-76aa84f3e158,  -9.303640, -48.584440,2026-05-08 04:17:00,NOAA-21,RIO DOS BOIS,TOCANTINS,Brasil,1718709,17,33,,,,Cerrado,5.4
1d941431-8265-38ec-b500-a8df74ba3cc8, -21.701840, -48.413450,2026-05-08 04:17:00,NOAA-21,MATÃO,SÃO PAULO,Brasil,3529302,35,33,,,,Cerrado,1.9
0681f623-f296-3e89-83fa-9137ba407d8d, -11.472850, -52.918260,2026-05-08 04:17:00,NOAA-21,SÃO FÉLIX DO ARAGUAIA,MATO GROSSO,Brasil,5107859,51,33,,,,Amazônia,1.7
04f92007-8f1a-34b8-bf20-07da81383354, -11.944590, -43.378640,2026-05-08 04:17:00,NOAA-21,MUQUÉM DO SÃO FRANCISCO,BAHIA,Brasil,2922250,29,33,,,,Cerrado,4.8
0812a18f-5f44-38f6-bd39-9006b57b5f42,  -8.789130, -44.834160,2026-05-08 04:17:00,NOAA-21,CURRAIS,PIAUÍ,Brasil,2203230,22,33,,,,Cerrado,1.4
7ddf9fdc-6f14-3d59-8577-0a10719964be,  -9.348280, -47.089200,2026-05-08 04:17:00,NOAA-21,LIZARDA,TOCANTINS,Brasil,1712405,17,33,,,,Cerrado,0.7
e4f43547-c656-3d6e-8707-36139b828561,  -9.564800, -44.576240,2026-05-08 04:17:00,NOAA-21,REDENÇÃO DO GURGUÉIA,PIAUÍ,Brasil,2208700,22,33,,,,Cerrado,2.1
01bb6620-873a-3fcd-bc79-9574fc69bd6c, -20.222980, -46.833330,2026-05-08 04:17:00,NOAA-21,DELFINÓPOLIS,MINAS GERAIS,Brasil,3121209,31,33,,,,Cerrado,1.4
3e91de7e-3501-316f-82f9-36798b38932a, -14.138240, -45.343200,2026-05-08 04:17:00,NOAA-21,JABORANDI,BAHIA,Brasil,2917359,29,33,,,,Cerrado,0.8
b0ca7c83-fd2b-30be-89e8-23d02494870b,  -8.691840, -49.098010,2026-05-08 04:17:00,NOAA-21,GOIANORTE,TOCANTINS,Brasil,1708304,17,33,,,,Cerrado,9.5
0d27f42b-1ce2-3e11-aaa2-7dbfd428d129, -15.610970, -46.517940,2026-05-08 04:17:00,NOAA-21,BURITIS,MINAS GERAIS,Brasil,3109303,31,33,,,,Cerrado,9.2
c41f4b53-b5ec-3ebe-b99d-1c77e12a6bf4, -11.056070, -44.504070,2026-05-08 04:17:00,NOAA-21,SANTA RITA DE CÁSSIA,BAHIA,Brasil,2928406,29,33,,,,Cerrado,0.8
6bebb8dc-189a-3216-a3c9-b5ad3b9b23a9, -10.349030, -46.420430,2026-05-08 04:17:00,NOAA-21,MATEIROS,TOCANTINS,Brasil,1712702,17,33,,,,Cerrado,6.0
e03c499f-3aa8-33d6-8e2e-d96b48edb13d,  -8.696000, -49.098740,2026-05-08 04:17:00,NOAA-21,GOIANORTE,TOCANTINS,Brasil,1708304,17,33,,,,Cerrado,9.5
b68d7a39-2fa6-3185-9a41-a99fe9e3a05b, -11.628570, -47.889950,2026-05-08 04:17:00,NOAA-21,CHAPADA DA NATIVIDADE,TOCANTINS,Brasil,1705102,17,33,,,,Cerrado,2.2
9bf2e472-6b91-3510-a69f-126659108ef8, -11.944050, -43.382190,2026-05-08 04:17:00,NOAA-21,MUQUÉM DO SÃO FRANCISCO,BAHIA,Brasil,2922250,29,33,,,,Cerrado,0.5
c72bf69d-535b-32df-8424-85e75548d459, -14.131620, -45.342110,2026-05-08 04:17:00,NOAA-21,JABORANDI,BAHIA,Brasil,2917359,29,33,,,,Cerrado,0.7
f23a4ddc-f181-31c0-b049-068c3d981fc9, -11.472270, -52.921340,2026-05-08 04:17:00,NOAA-21,SÃO FÉLIX DO ARAGUAIA,MATO GROSSO,Brasil,5107859,51,33,,,,Amazônia,2.7
b33faa96-42af-3795-99f8-3d4c6155929f, -11.773550, -43.652290,2026-05-08 04:17:00,NOAA-21,BARRA,BAHIA,Brasil,2902708,29,33,,,,Cerrado,2.3
05ee20cd-6fd0-3c94-9cd3-721bf2efdfdb, -14.138810, -45.339640,2026-05-08 04:17:00,NOAA-21,JABORANDI,BAHIA,Brasil,2917359,29,33,,,,Cerrado,0.8
c6540feb-d726-31db-8647-92dc75bd4c42, -19.780500, -54.431640,2026-05-08 04:17:00,NOAA-21,BANDEIRANTES,MATO GROSSO DO SUL,Brasil,5001508,50,33,,,,Cerrado,1.6
e4dd41b9-6f34-31c6-9c72-2e255299eeb3,  -8.695800, -49.075110,2026-05-08 04:17:00,NOAA-21,GOIANORTE,TOCANTINS,Brasil,1708304,17,33,,,,Cerrado,1.9
88340af9-3745-38a6-888e-34e1035daf3d, -13.353560, -43.086670,2026-05-08 04:17:00,NOAA-21,RIACHO DE SANTANA,BAHIA,Brasil,2926400,29,33,,,,Caatinga,1.2
d36eecd9-cf07-3f48-a251-a94477a89eee, -20.219670, -46.832710,2026-05-08 04:17:00,NOAA-21,DELFINÓPOLIS,MINAS GERAIS,Brasil,3121209,31,33,,,,Cerrado,3.5
2fc94bc2-18ca-3355-87b8-89a518b43fd9, -12.501250, -45.431100,2026-05-08 04:17:00,NOAA-21,SÃO DESIDÉRIO,BAHIA,Brasil,2928901,29,33,,,,Cerrado,0.6
cb3612d6-379d-3ed7-8523-3bafc1445349, -11.774090, -43.648750,2026-05-08 04:17:00,NOAA-21,BARRA,BAHIA,Brasil,2902708,29,33,,,,Cerrado,1.9
aa51b643-d4d5-30dc-a2ae-ac1f76243e9e, -20.273140, -45.549780,2026-05-08 04:17:00,NOAA-21,ARCOS,MINAS GERAIS,Brasil,3104205,31,33,,,,Cerrado,1.1
1f156d39-0f4a-38da-928b-bdb878443889,  -9.873230, -44.691180,2026-05-08 04:17:00,NOAA-21,RIACHO FRIO,PIAUÍ,Brasil,2208858,22,33,,,,Cerrado,1.6
81b603bb-6950-3f33-b7e3-08dd7f5e810b, -15.037210, -41.996990,2026-05-08 04:17:00,NOAA-21,CONDEÚBA,BAHIA,Brasil,2908705,29,33,,,,Caatinga,0.9
6ea64841-2cfb-30d4-afee-f7056c3960e2,  -8.697320, -49.091060,2026-05-08 04:17:00,NOAA-21,GOIANORTE,TOCANTINS,Brasil,1708304,17,33,,,,Cerrado,6.2
6876d9e3-88c8-308b-88a0-b92ca50b663b, -11.633030, -47.886110,2026-05-08 04:17:00,NOAA-21,CHAPADA DA NATIVIDADE,TOCANTINS,Brasil,1705102,17,33,,,,Cerrado,2.3
8f47cd97-886a-3145-88f9-0ceeca122d41, -11.770240, -43.651760,2026-05-08 04:17:00,NOAA-21,BARRA,BAHIA,Brasil,2902708,29,33,,,,Cerrado,2.3
d2a0df28-310d-3a3d-bc8f-89187e08f670,  -8.693170, -49.090350,2026-05-08 04:17:00,NOAA-21,GOIANORTE,TOCANTINS,Brasil,1708304,17,33,,,,Cerrado,6.2
b5411d22-36fd-36e0-8d4f-0809bf2a1cba, -11.071030, -52.473080,2026-05-08 04:17:00,NOAA-21,SÃO JOSÉ DO XINGU,MATO GROSSO,Brasil,5107354,51,33,,,,Amazônia,3.1
1194abe0-15bf-33af-b92c-5269f6498117,  -8.699300, -49.079610,2026-05-08 04:17:00,NOAA-21,GOIANORTE,TOCANTINS,Brasil,1708304,17,33,,,,Cerrado,1.3
7683bebf-0e72-391f-9990-d1a389d1584f, -10.405610, -44.938140,2026-05-08 04:17:00,NOAA-21,CORRENTE,PIAUÍ,Brasil,2202901,22,33,,,,Cerrado,1.2
87100cea-022d-3bbe-87fc-22347d15c1be, -20.221800, -46.840740,2026-05-08 04:17:00,NOAA-21,DELFINÓPOLIS,MINAS GERAIS,Brasil,3121209,31,33,,,,Cerrado,1.0
c86135ae-4949-3ef8-a8b1-7edbe679c2a9, -11.802380, -47.095750,2026-05-08 04:17:00,NOAA-21,DIANÓPOLIS,TOCANTINS,Brasil,1707009,17,33,,,,Cerrado,2.4
d5aeb765-19da-35a6-a38f-9a9401302c75, -21.705230, -48.414100,2026-05-08 04:17:00,NOAA-21,MATÃO,SÃO PAULO,Brasil,3529302,35,33,,,,Cerrado,1.9
36efc07a-72e7-36aa-b2a0-2383e1a16d2e, -21.035510, -48.938070,2026-05-08 04:17:00,NOAA-21,NOVAIS,SÃO PAULO,Brasil,3533254,35,33,,,,Mata Atlântica,30.9
e9d37f96-f83d-3cf2-abd4-cb56da1e0d95,  -9.561480, -44.575710,2026-05-08 04:17:00,NOAA-21,REDENÇÃO DO GURGUÉIA,PIAUÍ,Brasil,2208700,22,33,,,,Cerrado,1.3
0b696717-04c5-3ab1-b0f6-14f4b2981adb, -14.142120, -45.340190,2026-05-08 04:17:00,NOAA-21,JABORANDI,BAHIA,Brasil,2917359,29,33,,,,Cerrado,0.8
a0fc4c57-a91e-39ff-99e4-faa9984c2c8d, -11.979520, -46.790400,2026-05-08 04:17:00,NOAA-21,DIANÓPOLIS,TOCANTINS,Brasil,1707009,17,33,,,,Cerrado,1.3
8a4c1805-74c0-3e8e-a9a6-fb4d25230cb0, -21.034800, -48.942170,2026-05-08 04:17:00,NOAA-21,NOVAIS,SÃO PAULO,Brasil,3533254,35,33,,,,Mata Atlântica,30.9
bd2afa1f-134f-3aeb-ad2e-b4e751522ff6, -14.137530, -45.390620,2026-05-08 04:17:00,NOAA-21,JABORANDI,BAHIA,Brasil,2917359,29,33,,,,Cerrado,0.8
99b53552-2db3-342d-b680-6c4e71d23bc1, -13.643990, -44.285290,2026-05-08 04:17:00,NOAA-21,CORIBE,BAHIA,Brasil,2909109,29,33,,,,Cerrado,0.5
f8e66331-e90a-300c-9200-f78bfe07cc3f,  -8.704100, -49.076520,2026-05-08 04:17:00,NOAA-21,GOIANORTE,TOCANTINS,Brasil,1708304,17,33,,,,Cerrado,1.1
ee8e1a45-0b3e-3748-8676-b8a36d0df0a3,  -9.459710, -49.307140,2026-05-08 04:17:00,NOAA-21,ABREULÂNDIA,TOCANTINS,Brasil,1700251,17,33,,,,Cerrado,1.2
4b07bc3d-9baa-31b8-97e1-39c503c687b5, -14.138100, -45.387060,2026-05-08 04:17:00,NOAA-21,JABORANDI,BAHIA,Brasil,2917359,29,33,,,,Cerrado,0.9
c61c2842-3b6f-3082-a6d2-84f321a65e20, -16.133110, -44.294140,2026-05-08 04:17:00,NOAA-21,BRASÍLIA DE MINAS,MINAS GERAIS,Brasil,3108602,31,33,,,,Cerrado,0.5
ca0a9331-3bd5-3235-a1ae-2eb222d3f71c,  -9.410420, -50.684390,2026-05-08 04:17:00,NOAA-21,SANTANA DO ARAGUAIA,PARÁ,Brasil,1506708,15,33,,,,Amazônia,1.7
c724098c-64c4-3de4-8323-e01beea72165, -21.038980, -48.938740,2026-05-08 04:17:00,NOAA-21,NOVAIS,SÃO PAULO,Brasil,3533254,35,33,,,,Mata Atlântica,27.6
fae26bf4-f332-3bc0-907b-207e31542bc4,  -9.474910, -46.144690,2026-05-08 04:17:00,NOAA-21,ALTO PARNAÍBA,MARANHÃO,Brasil,2100501,21,33,,,,Cerrado,0.9
72363162-64e9-3955-8fde-60d46a8cb560, -10.671530, -49.695850,2026-05-08 04:17:00,NOAA-21,LAGOA DA CONFUSÃO,TOCANTINS,Brasil,1711902,17,33,,,,Cerrado,1.9
fc953d56-bb41-31f2-8497-13effc5e1c76, -14.133160, -45.375270,2026-05-08 04:17:00,NOAA-21,JABORANDI,BAHIA,Brasil,2917359,29,33,,,,Cerrado,1.1
ff31a96a-0451-3850-8365-480971971cfe, -18.251580, -51.266400,2026-05-08 04:17:00,NOAA-21,APARECIDA DO RIO DOCE,GOIÁS,Brasil,5201454,52,33,,,,Cerrado,4.1
ac17882a-4830-3fd7-a061-4c94bd6ffb0c, -11.822340, -47.344320,2026-05-08 04:17:00,NOAA-21,ALMAS,TOCANTINS,Brasil,1700400,17,33,,,,Cerrado,2.1
9eed9253-a3fc-32ac-836b-0428ccd42f2e, -11.983010, -46.791000,2026-05-08 04:17:00,NOAA-21,DIANÓPOLIS,TOCANTINS,Brasil,1707009,17,33,,,,Cerrado,1.3
28632ab9-3173-3df3-9db1-3f249b5dd10f, -15.618290, -46.515410,2026-05-08 04:17:00,NOAA-21,BURITIS,MINAS GERAIS,Brasil,3109303,31,33,,,,Cerrado,12.3
842baf77-51c1-3c9e-a8ac-0471bb5848cb, -11.804580, -47.104530,2026-05-08 04:17:00,NOAA-21,DIANÓPOLIS,TOCANTINS,Brasil,1707009,17,33,,,,Cerrado,1.4
36283d5b-00f3-3f77-b249-d989045dd65c, -17.944760, -52.960980,2026-05-08 04:17:00,NOAA-21,MINEIROS,GOIÁS,Brasil,5213103,52,33,,,,Cerrado,1.6
b11eef3c-dd8e-3c9f-9716-291c6c93e1a1, -11.613050, -54.176590,2026-05-08 04:17:00,NOAA-21,UNIÃO DO SUL,MATO GROSSO,Brasil,5108303,51,33,,,,Amazônia,1.9
4fa95e25-ead6-32b9-bb9a-d1d1be1f63bf,  -9.299050, -48.587250,2026-05-08 04:17:00,NOAA-21,RIO DOS BOIS,TOCANTINS,Brasil,1718709,17,33,,,,Cerrado,5.4
fe38b76e-d0cd-31db-8744-6c7e294ed632, -14.147140, -52.890150,2026-05-08 04:17:00,NOAA-21,ÁGUA BOA,MATO GROSSO,Brasil,5100201,51,33,,,,Cerrado,4.7
55869fb9-440f-3eb4-a75e-b0ebad366716, -11.791750, -47.093920,2026-05-08 04:17:00,NOAA-21,DIANÓPOLIS,TOCANTINS,Brasil,1707009,17,33,,,,Cerrado,1.7
fb55da06-45b4-3a42-9db2-167147b7616d,  -9.468580, -46.139610,2026-05-08 04:17:00,NOAA-21,ALTO PARNAÍBA,MARANHÃO,Brasil,2100501,21,33,,,,Cerrado,0.8
e137f47d-0f07-35fd-8121-d544d7581427, -18.512290, -55.513130,2026-05-08 04:17:00,NOAA-21,CORUMBÁ,MATO GROSSO DO SUL,Brasil,5003207,50,33,,,,Pantanal,1.5
e0f6dadd-4292-34ea-99ea-e02551be786b,  -8.787980, -44.841400,2026-05-08 04:17:00,NOAA-21,CURRAIS,PIAUÍ,Brasil,2203230,22,33,,,,Cerrado,4.7
38fc2809-5ddb-3cd4-9c12-3e030831dc27, -11.801710, -47.099830,2026-05-08 04:17:00,NOAA-21,DIANÓPOLIS,TOCANTINS,Brasil,1707009,17,33,,,,Cerrado,2.4
21af8cc3-71de-38bd-8c0e-76245cec3e8c, -21.037570, -48.946960,2026-05-08 04:17:00,NOAA-21,NOVAIS,SÃO PAULO,Brasil,3533254,35,33,,,,Mata Atlântica,1.9
9859dc3a-6d60-3988-9e85-3b15a8f9d315, -11.612320, -54.180380,2026-05-08 04:17:00,NOAA-21,UNIÃO DO SUL,MATO GROSSO,Brasil,5108303,51,33,,,,Amazônia,1.9
0d6769e5-b792-3ba5-8463-1cf2f7689a5e, -11.125560, -45.117230,2026-05-08 04:17:00,NOAA-21,FORMOSA DO RIO PRETO,BAHIA,Brasil,2911105,29,33,,,,Cerrado,4.7
3df701e0-a2bf-301e-b499-d74b30c2f138, -18.506990, -55.511930,2026-05-08 04:17:00,NOAA-21,CORUMBÁ,MATO GROSSO DO SUL,Brasil,5003207,50,33,,,,Pantanal,1.5
b56531b3-2f50-30e6-aa9f-c66053720ccf, -12.865350, -43.757420,2026-05-08 04:17:00,NOAA-21,SERRA DOURADA,BAHIA,Brasil,2930303,29,33,,,,Cerrado,2.3
604257c8-5a61-30a7-97a7-ed3cd97b7644, -11.425620, -47.088620,2026-05-08 04:17:00,NOAA-21,ALMAS,TOCANTINS,Brasil,1700400,17,33,,,,Cerrado,5.2
baef4b95-a04f-3a4b-8a3f-0a11a77dfbe7, -11.633790, -47.881650,2026-05-08 04:17:00,NOAA-21,CHAPADA DA NATIVIDADE,TOCANTINS,Brasil,1705102,17,33,,,,Cerrado,2.3
2c759247-57f8-33c4-975a-b21627b277e3, -11.135500, -45.140780,2026-05-08 04:17:00,NOAA-21,FORMOSA DO RIO PRETO,BAHIA,Brasil,2911105,29,33,,,,Cerrado,1.5
e2369dc4-5a04-367f-9640-6eeea2c2730b, -12.500680, -45.434690,2026-05-08 04:17:00,NOAA-21,SÃO DESIDÉRIO,BAHIA,Brasil,2928901,29,33,,,,Cerrado,0.9
3fe84d04-528d-3930-aff9-c1cc342859e6, -12.864800, -43.760970,2026-05-08 04:17:00,NOAA-21,SERRA DOURADA,BAHIA,Brasil,2930303,29,33,,,,Cerrado,1.4
a061ea44-36af-336b-9e75-dc2745ee279d, -27.949300, -51.068650,2026-05-08 04:19:00,NOAA-21,ESMERALDA,RIO GRANDE DO SUL,Brasil,4307401,43,33,,,,Mata Atlântica,1.2
cce7c6c1-1b05-3ddf-b499-f58f46dfed59, -23.654440, -47.074940,2026-05-08 04:19:00,NOAA-21,COTIA,SÃO PAULO,Brasil,3513009,35,33,,,,Mata Atlântica,1.2
d1dba688-4a27-3d34-b685-cf6d6e7c7eaf, -21.377460, -52.297520,2026-05-08 04:19:00,NOAA-21,BRASILÂNDIA,MATO GROSSO DO SUL,Brasil,5002308,50,33,,,,Cerrado,0.8
d14e6ab4-88f0-386f-89fc-6012c7d1f3f7, -21.845280, -50.347720,2026-05-08 04:19:00,NOAA-21,HERCULÂNDIA,SÃO PAULO,Brasil,3519006,35,33,,,,Mata Atlântica,2.2
524989d2-acd5-3e69-b0b8-e7bd0a9cb748, -17.836560, -46.518690,2026-05-08 04:19:00,NOAA-21,LAGOA GRANDE,MINAS GERAIS,Brasil,3137536,31,33,,,,Cerrado,1.1
86989bb7-edc6-3d7d-9851-7672ab64b884, -16.285300, -50.343570,2026-05-08 04:19:00,NOAA-21,SANCLERLÂNDIA,GOIÁS,Brasil,5219001,52,33,,,,Cerrado,5.5
8095ab5e-d7c5-389c-a0a8-d6e5f36e8528, -16.281310, -50.342880,2026-05-08 04:19:00,NOAA-21,SANCLERLÂNDIA,GOIÁS,Brasil,5219001,52,33,,,,Cerrado,5.5
2fd4ab00-e88e-37e4-819d-6fa354952794, -27.946560, -51.063580,2026-05-08 04:19:00,NOAA-21,ESMERALDA,RIO GRANDE DO SUL,Brasil,4307401,43,33,,,,Mata Atlântica,1.4
2bbed597-72e5-3017-988f-45fa9874b1b7, -22.345060, -49.063920,2026-05-08 04:19:00,NOAA-21,BAURU,SÃO PAULO,Brasil,3506003,35,33,,,,Cerrado,0.6
ad1598fc-8e1d-31a1-8525-a5d200f6255c, -22.379970, -47.134220,2026-05-08 04:19:00,NOAA-21,CONCHAL,SÃO PAULO,Brasil,3512209,35,33,,,,Cerrado,1.3
185be385-9121-3071-be48-cd022b7adc5e, -23.864480, -47.448800,2026-05-08 04:19:00,NOAA-21,PIEDADE,SÃO PAULO,Brasil,3537800,35,33,,,,Mata Atlântica,1.0
8d121191-9c90-36a2-be28-c3db2c3a94c9, -27.950070, -51.064310,2026-05-08 04:19:00,NOAA-21,ESMERALDA,RIO GRANDE DO SUL,Brasil,4307401,43,33,,,,Mata Atlântica,2.7
542d9d1a-bd67-3e0e-99e7-f3cf3ce3b859, -14.196290, -57.423310,2026-05-08 04:19:00,NOAA-21,NOVA MARILÂNDIA,MATO GROSSO,Brasil,5108857,51,33,,,,Amazônia,3.7
14cb1f5d-4513-3b02-b576-6e2bd5e5e200, -21.849230, -50.350600,2026-05-08 04:19:00,NOAA-21,HERCULÂNDIA,SÃO PAULO,Brasil,3519006,35,33,,,,Mata Atlântica,1.4
b84a452e-a1f4-3f3c-86fe-881e7201b7e0, -21.845570, -50.349870,2026-05-08 04:19:00,NOAA-21,HERCULÂNDIA,SÃO PAULO,Brasil,3519006,35,33,,,,Mata Atlântica,1.4
bf3e3a6c-c5d3-3026-81d8-00a4982f4ef4, -18.013980, -42.832470,2026-05-08 04:19:00,NOAA-21,ITAMARANDIBA,MINAS GERAIS,Brasil,3132503,31,33,,,,Mata Atlântica,0.8
4ddbb9f0-9d5d-36ab-8215-73e85e022527, -17.252350, -47.079940,2026-05-08 04:19:00,NOAA-21,PARACATU,MINAS GERAIS,Brasil,3147006,31,33,,,,Cerrado,0.4
f9198e9a-1964-3517-9806-0f683db2faa0, -16.426400, -52.796130,2026-05-08 04:19:00,NOAA-21,TORIXORÉU,MATO GROSSO,Brasil,5108204,51,33,,,,Cerrado,6.8
2cec4df2-8bc7-343a-b888-5457ef9bbf7b, -27.949980, -51.067590,2026-05-08 04:19:00,NOAA-21,ESMERALDA,RIO GRANDE DO SUL,Brasil,4307401,43,33,,,,Mata Atlântica,2.0
90e78739-b980-3a9e-9d7a-da35ebff1263, -27.950750, -51.063250,2026-05-08 04:19:00,NOAA-21,ESMERALDA,RIO GRANDE DO SUL,Brasil,4307401,43,33,,,,Mata Atlântica,1.1
8867973b-84b8-38fd-8ae5-0f866d26f907, -23.655030, -47.071190,2026-05-08 04:19:00,NOAA-21,COTIA,SÃO PAULO,Brasil,3513009,35,33,,,,Mata Atlântica,1.2
ef11f0ac-10ce-31e4-990e-0005c5d4f914, -16.154320, -58.487730,2026-05-08 04:19:00,NOAA-21,CÁCERES,MATO GROSSO,Brasil,5102504,51,33,,,,Pantanal,5.5
fed6945c-3c80-3aee-97e8-e1e36c716f7f, -16.284620, -50.347210,2026-05-08 04:19:00,NOAA-21,SANCLERLÂNDIA,GOIÁS,Brasil,5219001,52,33,,,,Cerrado,5.5
563cd189-4a20-36ee-8095-9015f0c58029, -16.283140, -50.343200,2026-05-08 04:19:00,NOAA-21,SANCLERLÂNDIA,GOIÁS,Brasil,5219001,52,33,,,,Cerrado,15.8
697c1f57-4b35-3a60-a807-6446041d5eb4, -21.042700, -48.940300,2026-05-08 04:40:00,GOES-19,NOVAIS,SÃO PAULO,Brasil,3533254,35,33,,,,Mata Atlântica,93.8
b05cdfff-31e1-32f8-8565-f33d6b6f29ff,  -9.295370, -48.579980,2026-05-08 04:46:00,NPP-375D,RIO DOS BOIS,TOCANTINS,Brasil,1718709,17,33,,,,Cerrado,2.9
8c771df4-d2e4-3680-9b29-82e06c197ad2, -11.944680, -43.381570,2026-05-08 04:46:00,NPP-375D,MUQUÉM DO SÃO FRANCISCO,BAHIA,Brasil,2922250,29,33,,,,Cerrado,1.8
a5ec8b20-9d59-3fd7-b27f-34db608fa5a5,  -8.709380, -49.079750,2026-05-08 04:46:00,NPP-375D,GOIANORTE,TOCANTINS,Brasil,1708304,17,33,,,,Cerrado,2.0
f94bfeea-26ff-3024-b7b8-480aa0a7d678,  -8.708830, -49.083310,2026-05-08 04:46:00,NPP-375D,GOIANORTE,TOCANTINS,Brasil,1708304,17,33,,,,Cerrado,1.7
d3a0af82-80b7-38de-8f37-78ae9cc1867c,  -8.791920, -44.831820,2026-05-08 04:46:00,NPP-375D,CURRAIS,PIAUÍ,Brasil,2203230,22,33,,,,Cerrado,0.7
27986882-4011-395b-92d6-d010d1869dff, -10.940250, -49.448650,2026-05-08 04:46:00,NPP-375D,SANTA RITA DO TOCANTINS,TOCANTINS,Brasil,1718899,17,33,,,,Cerrado,3.1
6dbd4c58-6f2e-34cd-8189-ab71510f5526, -11.065700, -49.472010,2026-05-08 04:46:00,NPP-375D,SANTA RITA DO TOCANTINS,TOCANTINS,Brasil,1718899,17,33,,,,Cerrado,1.6
b3023258-4491-3e00-a28d-b0b9e84c071e,  -9.307890, -48.589460,2026-05-08 04:46:00,NPP-375D,MIRANORTE,TOCANTINS,Brasil,1713304,17,33,,,,Cerrado,3.1
a3f15677-86d5-34aa-ae33-64677725643c,  -8.691510, -49.095410,2026-05-08 04:46:00,NPP-375D,GOIANORTE,TOCANTINS,Brasil,1708304,17,33,,,,Cerrado,6.7
d96f0e5f-f2a9-3deb-86a8-58bcdc5a8e53, -10.671300, -49.701020,2026-05-08 04:46:00,NPP-375D,LAGOA DA CONFUSÃO,TOCANTINS,Brasil,1711902,17,33,,,,Cerrado,3.0
948d089b-6013-3ada-9efd-1a9d644d024b,  -9.411870, -50.682310,2026-05-08 04:46:00,NPP-375D,SANTANA DO ARAGUAIA,PARÁ,Brasil,1506708,15,33,,,,Amazônia,1.1
7f7fba95-880f-3df6-98d2-291d4141fee5,  -8.688150, -49.094880,2026-05-08 04:46:00,NPP-375D,GOIANORTE,TOCANTINS,Brasil,1708304,17,33,,,,Cerrado,1.8
d4fab1ec-82e5-30c3-84af-eabc66609a27,  -8.703210, -49.075140,2026-05-08 04:46:00,NPP-375D,GOIANORTE,TOCANTINS,Brasil,1708304,17,33,,,,Cerrado,1.1
e2eae851-98d2-3f04-87b8-550b62c48df5,  -8.712750, -49.080270,2026-05-08 04:46:00,NPP-375D,GOIANORTE,TOCANTINS,Brasil,1708304,17,33,,,,Cerrado,0.7
96c4bafe-c292-36a5-9942-ab84d6e397de,  -9.308460, -48.585760,2026-05-08 04:46:00,NPP-375D,RIO DOS BOIS,TOCANTINS,Brasil,1718709,17,33,,,,Cerrado,3.0
d29000c4-7bd0-3538-b91b-5dd240276141, -10.405180, -44.935160,2026-05-08 04:46:00,NPP-375D,CORRENTE,PIAUÍ,Brasil,2202901,22,33,,,,Cerrado,0.9
0974ffec-bed3-330b-b50c-9ba80bcc6edd,  -8.784700, -44.838850,2026-05-08 04:46:00,NPP-375D,CURRAIS,PIAUÍ,Brasil,2203230,22,33,,,,Cerrado,2.8
4c2861c2-7dfb-3bbf-bcba-53d85448098a,  -9.872820, -44.689300,2026-05-08 04:46:00,NPP-375D,RIACHO FRIO,PIAUÍ,Brasil,2208858,22,33,,,,Cerrado,1.7
2141b2bc-a4e5-3aa8-b7f7-da015a08688f,  -9.301630, -48.584720,2026-05-08 04:46:00,NPP-375D,RIO DOS BOIS,TOCANTINS,Brasil,1718709,17,33,,,,Cerrado,2.6
0f790fed-96c6-309a-ac17-7d4423301317,  -8.791420, -44.835440,2026-05-08 04:46:00,NPP-375D,CURRAIS,PIAUÍ,Brasil,2203230,22,33,,,,Cerrado,0.8
37aae776-1d73-3fc5-baa7-3f51a7c4d518, -10.937440, -49.444500,2026-05-08 04:46:00,NPP-375D,SANTA RITA DO TOCANTINS,TOCANTINS,Brasil,1718899,17,33,,,,Cerrado,0.7
b52313c8-37aa-3408-a421-cc7d6c9a3fd6,  -9.735620, -47.893800,2026-05-08 04:46:00,NPP-375D,RIO SONO,TOCANTINS,Brasil,1718758,17,33,,,,Cerrado,1.1
65a4a64a-3e4d-3750-8c14-dffbad81f8ab, -11.768200, -43.654080,2026-05-08 04:46:00,NPP-375D,BARRA,BAHIA,Brasil,2902708,29,33,,,,Cerrado,3.6
eb7b9b71-9b43-3128-aa2d-fa42cd767e7a,  -8.712190, -49.083830,2026-05-08 04:46:00,NPP-375D,GOIANORTE,TOCANTINS,Brasil,1708304,17,33,,,,Cerrado,1.2
30a2d558-d0d3-345f-b36a-63c702dfa9cb,  -9.414090, -50.689870,2026-05-08 04:46:00,NPP-375D,SANTANA DO ARAGUAIA,PARÁ,Brasil,1506708,15,33,,,,Amazônia,0.8
d6fc09c2-02e0-3506-80aa-ea2b48b15c98, -11.422640, -47.089840,2026-05-08 04:46:00,NPP-375D,ALMAS,TOCANTINS,Brasil,1700400,17,33,,,,Cerrado,1.6
3ae23766-e5e4-37ef-8f59-5e99710e326d,  -9.410760, -50.689330,2026-05-08 04:46:00,NPP-375D,SANTANA DO ARAGUAIA,PARÁ,Brasil,1506708,15,33,,,,Amazônia,1.2
94a2fe8a-8017-3b1e-baed-d356cf6bf67d,  -9.251450, -60.336380,2026-05-08 04:46:00,NPP-375D,COLNIZA,MATO GROSSO,Brasil,5103254,51,33,,,,Amazônia,1.1
c16a310e-495e-3287-bb96-9033b3bb9547,  -9.469330, -46.139740,2026-05-08 04:46:00,NPP-375D,ALTO PARNAÍBA,MARANHÃO,Brasil,2100501,21,33,,,,Cerrado,0.9
a7e426dd-0109-3f77-a5b7-2714ad141649,  -9.348530, -47.086850,2026-05-08 04:46:00,NPP-375D,LIZARDA,TOCANTINS,Brasil,1712405,17,33,,,,Cerrado,0.8
dc8d1c97-24f0-35a3-bcbc-c3346f4c74fb, -10.043790, -51.670280,2026-05-08 04:46:00,NPP-375D,VILA RICA,MATO GROSSO,Brasil,5108600,51,33,,,,Amazônia,0.9
799b3c9a-856e-3b8d-9fbb-3410d98d9a08, -10.040420, -51.669720,2026-05-08 04:46:00,NPP-375D,VILA RICA,MATO GROSSO,Brasil,5108600,51,33,,,,Amazônia,0.9
35594d46-fd87-3179-8f8f-48715ba2fc71,  -8.688710, -49.091320,2026-05-08 04:46:00,NPP-375D,GOIANORTE,TOCANTINS,Brasil,1708304,17,33,,,,Cerrado,0.8
e1f990f2-06ce-36de-81ac-a11947846eb0,  -9.312450, -48.582580,2026-05-08 04:46:00,NPP-375D,RIO DOS BOIS,TOCANTINS,Brasil,1718709,17,33,,,,Cerrado,3.4
76ef4c5e-7843-3591-97c8-47c8f5595051,  -8.788830, -44.839400,2026-05-08 04:46:00,NPP-375D,CURRAIS,PIAUÍ,Brasil,2203230,22,33,,,,Cerrado,2.8
fd0da4f1-ff10-3131-a4d3-6abf29b3bd8f,  -8.789360, -44.835850,2026-05-08 04:46:00,NPP-375D,CURRAIS,PIAUÍ,Brasil,2203230,22,33,,,,Cerrado,2.8
20789684-02b6-3f42-879c-98689348426d,  -9.412430, -50.678800,2026-05-08 04:46:00,NPP-375D,SANTANA DO ARAGUAIA,PARÁ,Brasil,1506708,15,33,,,,Amazônia,1.1
1b7a288e-3d39-39a4-bdd1-7dfebc4934bb,  -9.297650, -48.587880,2026-05-08 04:46:00,NPP-375D,MIRANORTE,TOCANTINS,Brasil,1713304,17,33,,,,Cerrado,4.4
45111f36-affc-3d23-aad1-3e744bd8cfa5,  -9.472460, -46.145020,2026-05-08 04:46:00,NPP-375D,ALTO PARNAÍBA,MARANHÃO,Brasil,2100501,21,33,,,,Cerrado,0.9
9195871a-7868-3dfa-b6e8-30943a122a1c, -10.041010, -51.666130,2026-05-08 04:46:00,NPP-375D,VILA RICA,MATO GROSSO,Brasil,5108600,51,33,,,,Amazônia,1.6
ba5404ed-c7fa-3672-bf07-d2e9d6c076e9,  -8.694870, -49.095940,2026-05-08 04:46:00,NPP-375D,GOIANORTE,TOCANTINS,Brasil,1708304,17,33,,,,Cerrado,6.7
e6721140-742a-3306-aa3e-59431c3f2ec7, -10.047160, -51.670840,2026-05-08 04:46:00,NPP-375D,VILA RICA,MATO GROSSO,Brasil,5108600,51,33,,,,Amazônia,3.1
7a213324-db5b-3f6a-bfa3-9a6bfce99fb7,  -8.790910, -44.839010,2026-05-08 04:46:00,NPP-375D,CURRAIS,PIAUÍ,Brasil,2203230,22,33,,,,Cerrado,0.8
b8f4aa9f-c219-3e1f-a768-8ffa63354c80,  -8.694860, -49.074020,2026-05-08 04:46:00,NPP-375D,GOIANORTE,TOCANTINS,Brasil,1708304,17,33,,,,Cerrado,1.8
ba545f07-5b86-375c-96bd-03c742d25b53, -10.044960, -51.663070,2026-05-08 04:46:00,NPP-375D,VILA RICA,MATO GROSSO,Brasil,5108600,51,33,,,,Amazônia,1.6
c9e8b8ac-4ee2-38e4-9d43-f1240ba1e19a,  -9.309040, -48.582070,2026-05-08 04:46:00,NPP-375D,RIO DOS BOIS,TOCANTINS,Brasil,1718709,17,33,,,,Cerrado,3.0
92eb663d-2abc-3d73-8af0-6b9af53013bd,  -9.473170, -46.140260,2026-05-08 04:46:00,NPP-375D,ALTO PARNAÍBA,MARANHÃO,Brasil,2100501,21,33,,,,Cerrado,0.9
b13e4c17-7ff3-3e05-a88f-c2b7e1ce12fd, -10.049940, -51.675010,2026-05-08 04:46:00,NPP-375D,VILA RICA,MATO GROSSO,Brasil,5108600,51,33,,,,Amazônia,3.1
aecf0c5d-60c7-3b9b-9884-9540fbd4a835, -10.037630, -51.665570,2026-05-08 04:46:00,NPP-375D,VILA RICA,MATO GROSSO,Brasil,5108600,51,33,,,,Amazônia,1.7
0e869e97-8b18-3fab-bde1-bafbac45848e,  -8.364570, -48.077380,2026-05-08 04:46:00,NPP-375D,ITAPIRATINS,TOCANTINS,Brasil,1710904,17,33,,,,Cerrado,1.3
3de7b748-6adb-374d-a022-b5267f274919,  -8.695420, -49.092380,2026-05-08 04:46:00,NPP-375D,GOIANORTE,TOCANTINS,Brasil,1708304,17,33,,,,Cerrado,7.1
becdd595-fbea-3548-a9aa-3ec04abbabce, -10.140620, -52.189350,2026-05-08 04:46:00,NPP-375D,SANTA CRUZ DO XINGU,MATO GROSSO,Brasil,5107743,51,33,,,,Amazônia,0.5
9478a113-e1a5-3991-bae8-d9677626b784, -11.945320, -43.376720,2026-05-08 04:46:00,NPP-375D,MUQUÉM DO SÃO FRANCISCO,BAHIA,Brasil,2922250,29,33,,,,Cerrado,1.8
8f46b011-2409-31ad-bc10-2280e8eb24c0,  -8.696550, -49.096010,2026-05-08 04:46:00,NPP-375D,GOIANORTE,TOCANTINS,Brasil,1708304,17,33,,,,Cerrado,7.0
d07b1f0f-37bf-3130-b25b-e2902443f50f, -11.122310, -45.115590,2026-05-08 04:46:00,NPP-375D,FORMOSA DO RIO PRETO,BAHIA,Brasil,2911105,29,33,,,,Cerrado,2.0
ca2714d6-c1ef-336d-bd2e-862f205756af, -10.952640, -48.845320,2026-05-08 04:46:00,NPP-375D,FÁTIMA,TOCANTINS,Brasil,1707553,17,33,,,,Cerrado,1.4
fa159c7e-b5f7-3fee-81dc-a3e4a9953309, -10.585650, -53.516990,2026-05-08 04:46:00,NPP-375D,MARCELÂNDIA,MATO GROSSO,Brasil,5105580,51,33,,,,Amazônia,1.4
27947a67-8a99-3de8-a0bd-e20a1159611d,  -8.697100, -49.092450,2026-05-08 04:46:00,NPP-375D,GOIANORTE,TOCANTINS,Brasil,1708304,17,33,,,,Cerrado,8.1
fe27c1d1-6dec-3a07-b191-a30fb24090c0, -11.773520, -43.649800,2026-05-08 04:46:00,NPP-375D,BARRA,BAHIA,Brasil,2902708,29,33,,,,Cerrado,1.2
6724e72d-330d-3257-8051-e12435c4f487,  -8.368020, -48.077910,2026-05-08 04:46:00,NPP-375D,ITAPIRATINS,TOCANTINS,Brasil,1710904,17,33,,,,Cerrado,0.7
55eb2aac-fe34-3a2c-ab5a-24f31d02804d,  -8.692070, -49.091850,2026-05-08 04:46:00,NPP-375D,GOIANORTE,TOCANTINS,Brasil,1708304,17,33,,,,Cerrado,7.1
f59e8263-8679-3f13-9a40-49b13731685b,  -9.301060, -48.588410,2026-05-08 04:46:00,NPP-375D,RIO DOS BOIS,TOCANTINS,Brasil,1718709,17,33,,,,Cerrado,4.4
30bcfb1e-b3ea-3fb0-bfc2-e69c36c92f8a,  -9.563120, -44.570960,2026-05-08 04:46:00,NPP-375D,REDENÇÃO DO GURGUÉIA,PIAUÍ,Brasil,2208700,22,33,,,,Cerrado,1.0
82ecfb42-2dc1-3b74-9cb4-98513cc6d141,  -8.789890, -44.832240,2026-05-08 04:46:00,NPP-375D,CURRAIS,PIAUÍ,Brasil,2203230,22,33,,,,Cerrado,1.6
83b942fc-2a0a-365f-ba43-7d73e28a037e, -11.125960, -45.120120,2026-05-08 04:46:00,NPP-375D,FORMOSA DO RIO PRETO,BAHIA,Brasil,2911105,29,33,,,,Cerrado,2.6
fbd539aa-1366-3e87-9e21-a6c4015875c4, -10.667400, -49.704060,2026-05-08 04:46:00,NPP-375D,LAGOA DA CONFUSÃO,TOCANTINS,Brasil,1711902,17,33,,,,Cerrado,2.1
c1e5a152-d00c-3953-970c-50cb6cc7230d, -10.041590, -51.662520,2026-05-08 04:46:00,NPP-375D,VILA RICA,MATO GROSSO,Brasil,5108600,51,33,,,,Amazônia,1.6
0ccc0c57-389c-3e0c-b23a-c8237976e70c,  -9.562550, -44.574880,2026-05-08 04:46:00,NPP-375D,REDENÇÃO DO GURGUÉIA,PIAUÍ,Brasil,2208700,22,33,,,,Cerrado,2.7
bbbff93e-1aca-3041-81f7-102e8e51472f,  -9.305050, -48.585250,2026-05-08 04:46:00,NPP-375D,RIO DOS BOIS,TOCANTINS,Brasil,1718709,17,33,,,,Cerrado,3.0
e5136234-e6b0-3a42-adae-f5e486eb71d9, -10.940810, -49.445030,2026-05-08 04:46:00,NPP-375D,SANTA RITA DO TOCANTINS,TOCANTINS,Brasil,1718899,17,33,,,,Cerrado,3.1
c3c2d850-a4d5-32d5-ae24-f664ac67878d, -10.670750, -49.704590,2026-05-08 04:46:00,NPP-375D,LAGOA DA CONFUSÃO,TOCANTINS,Brasil,1711902,17,33,,,,Cerrado,1.7
bf5e8a31-3b06-375f-8348-43c8ab49c92f,  -9.311880, -48.586280,2026-05-08 04:46:00,NPP-375D,RIO DOS BOIS,TOCANTINS,Brasil,1718709,17,33,,,,Cerrado,3.4
d155fa8b-bc82-3e72-b3d8-ddcb5a0e3234,  -9.294800, -48.583660,2026-05-08 04:46:00,NPP-375D,RIO DOS BOIS,TOCANTINS,Brasil,1718709,17,33,,,,Cerrado,2.9
5c71287c-cb18-3a68-9ab1-1008a7ab0f4f, -10.497790, -48.113960,2026-05-08 04:46:00,NPP-375D,MONTE DO CARMO,TOCANTINS,Brasil,1713601,17,33,,,,Cerrado,2.1
7ffd9e85-a83e-33bb-a669-179a0dfbe1c0,  -8.695980, -49.088820,2026-05-08 04:46:00,NPP-375D,GOIANORTE,TOCANTINS,Brasil,1708304,17,33,,,,Cerrado,7.1
b7d25e0d-adad-36f9-8dcf-690e746ad850,  -9.566790, -44.575550,2026-05-08 04:46:00,NPP-375D,REDENÇÃO DO GURGUÉIA,PIAUÍ,Brasil,2208700,22,33,,,,Cerrado,2.1
ee5eebad-d8c1-3ef4-a0bc-44b87cfa7588, -11.426360, -47.090410,2026-05-08 04:46:00,NPP-375D,ALMAS,TOCANTINS,Brasil,1700400,17,33,,,,Cerrado,1.6
58b14eae-fcfd-32ff-95ec-529adb5caaf5,  -8.695990, -49.099570,2026-05-08 04:46:00,NPP-375D,GOIANORTE,TOCANTINS,Brasil,1708304,17,33,,,,Cerrado,7.0
ee73e444-d527-3e9c-87e8-b65daf8b81dc, -10.409370, -44.935770,2026-05-08 04:46:00,NPP-375D,CORRENTE,PIAUÍ,Brasil,2202901,22,33,,,,Cerrado,0.9
4059bc35-6631-381d-8fb6-d56cb2fbc4b3,  -9.008550, -41.993610,2026-05-08 04:46:00,NPP-375D,DOM INOCÊNCIO,PIAUÍ,Brasil,2203453,22,33,,,,Caatinga,1.5
202e55c6-b91b-3bad-ba53-1e0f3363ffef,  -8.699300, -49.078180,2026-05-08 04:46:00,NPP-375D,GOIANORTE,TOCANTINS,Brasil,1708304,17,33,,,,Cerrado,1.1
42205d08-6c45-3297-a3b5-9a0021e9c860, -10.879350, -48.777040,2026-05-08 04:46:00,NPP-375D,BREJINHO DE NAZARÉ,TOCANTINS,Brasil,1703701,17,33,,,,Cerrado,0.7
ed8fc349-cd79-3cb8-a809-9cfb67859877, -11.069070, -49.472550,2026-05-08 04:46:00,NPP-375D,SANTA RITA DO TOCANTINS,TOCANTINS,Brasil,1718899,17,33,,,,Cerrado,1.6
13ae0025-ce7b-3b7c-8236-bb37580dcb6d,  -9.298790, -48.580500,2026-05-08 04:46:00,NPP-375D,RIO DOS BOIS,TOCANTINS,Brasil,1718709,17,33,,,,Cerrado,2.6
12e84264-66f4-3369-b793-521ece398825,  -9.411310, -50.685820,2026-05-08 04:46:00,NPP-375D,SANTANA DO ARAGUAIA,PARÁ,Brasil,1506708,15,33,,,,Amazônia,1.2
7917a083-1970-316a-8af3-ba08bd1fb967,  -8.694310, -49.099500,2026-05-08 04:46:00,NPP-375D,GOIANORTE,TOCANTINS,Brasil,1708304,17,33,,,,Cerrado,6.7
60a0a8fc-f441-3fed-aca2-e5f6ada34d9d, -11.017230, -45.133040,2026-05-08 04:46:00,NPP-375D,FORMOSA DO RIO PRETO,BAHIA,Brasil,2911105,29,33,,,,Cerrado,1.0
6b4648f3-4103-3d07-b9fd-47d1a1b8e991, -10.935180, -49.436750,2026-05-08 04:46:00,NPP-375D,SANTA RITA DO TOCANTINS,TOCANTINS,Brasil,1718899,17,33,,,,Cerrado,3.7
70fa07e1-bea8-3149-9061-055076a444b8,  -8.507720, -50.153160,2026-05-08 04:46:00,NPP-375D,SANTA MARIA DAS BARREIRAS,PARÁ,Brasil,1506583,15,33,,,,Amazônia,0.9
406c68ea-3c55-3ee5-a604-2860b169c3a0,  -8.710970, -47.863860,2026-05-08 04:46:00,NPP-375D,ITACAJÁ,TOCANTINS,Brasil,1710508,17,33,,,,Cerrado,1.7
ad6dd138-2102-3702-935a-59970237cd47, -10.047740, -51.667240,2026-05-08 04:46:00,NPP-375D,VILA RICA,MATO GROSSO,Brasil,5108600,51,33,,,,Amazônia,6.1
bcb47970-793e-3540-a6a3-7310342e2374, -11.386540, -47.819630,2026-05-08 04:46:00,NPP-375D,CHAPADA DA NATIVIDADE,TOCANTINS,Brasil,1705102,17,33,,,,Cerrado,2.2
c7a8e89d-c9da-3e0a-9c88-12fa2b8fd51b,   -.088130, -51.279480,2026-05-08 04:46:00,NPP-375D,MAZAGÃO,AMAPÁ,Brasil,1600402,16,33,,,,Amazônia,0.8
e67a6726-1787-32e0-96ec-f06bc6f65221, -10.044370, -51.666680,2026-05-08 04:46:00,NPP-375D,VILA RICA,MATO GROSSO,Brasil,5108600,51,33,,,,Amazônia,1.6
579cb7f2-eef2-3800-9d60-237af81bc3ad, -10.046570, -51.674450,2026-05-08 04:46:00,NPP-375D,VILA RICA,MATO GROSSO,Brasil,5108600,51,33,,,,Amazônia,3.1
728f2304-79e3-3a16-9b68-e37a6e48ae32, -10.050530, -51.671410,2026-05-08 04:46:00,NPP-375D,VILA RICA,MATO GROSSO,Brasil,5108600,51,33,,,,Amazônia,3.1
40a33386-6b66-3fbf-8693-f4163e8f4e89,  -5.323800, -44.693150,2026-05-08 04:46:00,NPP-375D,TUNTUM,MARANHÃO,Brasil,2112308,21,33,,,,Cerrado,1.9
70856530-1de7-37d4-8b1f-9d6f2707149f, -11.768850, -43.649110,2026-05-08 04:46:00,NPP-375D,BARRA,BAHIA,Brasil,2902708,29,33,,,,Cerrado,3.0
2bdf8f31-e391-3c8e-b1f8-eb9d77907641,  -9.304470, -48.588940,2026-05-08 04:46:00,NPP-375D,RIO DOS BOIS,TOCANTINS,Brasil,1718709,17,33,,,,Cerrado,3.1
5bcfa716-fe58-3fac-aa77-bb50686b5322, -10.037050, -51.669170,2026-05-08 04:46:00,NPP-375D,VILA RICA,MATO GROSSO,Brasil,5108600,51,33,,,,Amazônia,1.8
3d73db8a-6388-322e-8a63-26dabf73cab2, -10.243120, -47.420480,2026-05-08 04:46:00,NPP-375D,LAGOA DO TOCANTINS,TOCANTINS,Brasil,1711951,17,33,,,,Cerrado,1.0
39df0902-07cb-37ad-8d1a-9260fe7eb069, -10.949790, -48.841040,2026-05-08 04:46:00,NPP-375D,FÁTIMA,TOCANTINS,Brasil,1707553,17,33,,,,Cerrado,0.8
dbdb22c5-9036-38c8-a0d7-443b9674a1a7,  -9.414640, -50.686360,2026-05-08 04:46:00,NPP-375D,SANTANA DO ARAGUAIA,PARÁ,Brasil,1506708,15,33,,,,Amazônia,0.8
7cf629c6-da41-3fb1-af01-17420eb22f0c, -11.126500, -45.116160,2026-05-08 04:46:00,NPP-375D,FORMOSA DO RIO PRETO,BAHIA,Brasil,2911105,29,33,,,,Cerrado,2.0
e56e7686-198f-374f-a003-6841c1ddd7a6,  -9.298220, -48.584190,2026-05-08 04:46:00,NPP-375D,RIO DOS BOIS,TOCANTINS,Brasil,1718709,17,33,,,,Cerrado,2.6
71503104-1b28-3e91-b8bf-332e0f480b62, -10.941370, -49.441430,2026-05-08 04:46:00,NPP-375D,SANTA RITA DO TOCANTINS,TOCANTINS,Brasil,1718899,17,33,,,,Cerrado,0.7
3ec972e6-2168-3e31-96fe-e87d499a0381,  -8.698220, -49.074550,2026-05-08 04:46:00,NPP-375D,GOIANORTE,TOCANTINS,Brasil,1708304,17,33,,,,Cerrado,1.8
6c30f961-3f3d-335e-8f1a-2da582ef06de, -10.239250, -52.228760,2026-05-08 04:46:00,NPP-375D,SANTA CRUZ DO XINGU,MATO GROSSO,Brasil,5107743,51,33,,,,Amazônia,1.8
fd9c93e3-29af-3593-8d45-a3997cb63933, -10.235830, -52.228190,2026-05-08 04:46:00,NPP-375D,SANTA CRUZ DO XINGU,MATO GROSSO,Brasil,5107743,51,33,,,,Amazônia,1.8
1d661a94-603e-3169-a42b-449ed6163d0d, -16.599060, -58.244140,2026-05-08 04:49:00,NPP-375D,CÁCERES,MATO GROSSO,Brasil,5102504,51,33,,,,Pantanal,5.6
0db95e1e-177f-350f-acea-4e586f922c68, -16.152610, -58.485320,2026-05-08 04:49:00,NPP-375D,CÁCERES,MATO GROSSO,Brasil,5102504,51,33,,,,Pantanal,2.3
b6c26a80-cc93-36f8-80c6-0344bc9fb610,  -5.780980, -45.130110,2026-05-08 04:49:00,NPP-375D,BARRA DO CORDA,MARANHÃO,Brasil,2101608,21,33,,,,Cerrado,3.2
8a560fba-2dec-3edf-bcd1-85baeb13ad6d, -11.794090, -47.097320,2026-05-08 04:49:00,NPP-375D,DIANÓPOLIS,TOCANTINS,Brasil,1707009,17,33,,,,Cerrado,1.4
f648d9bb-228b-3777-9bb6-4ed5848426e1, -12.850900, -43.760780,2026-05-08 04:49:00,NPP-375D,SERRA DOURADA,BAHIA,Brasil,2930303,29,33,,,,Cerrado,4.4
9696101f-d657-3c6a-b93c-51009c59bf80, -11.821520, -47.336120,2026-05-08 04:49:00,NPP-375D,ALMAS,TOCANTINS,Brasil,1700400,17,33,,,,Cerrado,1.9
9226daef-8adc-370e-9b23-ce93c9c6639d, -12.860310, -43.762110,2026-05-08 04:49:00,NPP-375D,SERRA DOURADA,BAHIA,Brasil,2930303,29,33,,,,Cerrado,3.3
fcd81edf-23e5-391f-9611-8ebc33630f4a, -11.798480, -47.100270,2026-05-08 04:49:00,NPP-375D,DIANÓPOLIS,TOCANTINS,Brasil,1707009,17,33,,,,Cerrado,1.6
b3db6bd9-1918-3662-93f5-6657c9fb3837, -11.933320, -46.751490,2026-05-08 04:49:00,NPP-375D,NOVO JARDIM,TOCANTINS,Brasil,1715259,17,33,,,,Cerrado,1.4
7ce58057-4226-3ef6-8491-ebc33a0fbd6b, -11.844150, -55.014050,2026-05-08 04:49:00,NPP-375D,SANTA CARMEM,MATO GROSSO,Brasil,5107248,51,33,,,,Amazônia,0.8
caa244bd-6314-3843-a0d7-d20522d986b3, -11.820890, -47.340500,2026-05-08 04:49:00,NPP-375D,ALMAS,TOCANTINS,Brasil,1700400,17,33,,,,Cerrado,3.4
e42e1d6c-ab81-32f1-93c2-a36c3638ae35,  -5.781690, -45.125320,2026-05-08 04:49:00,NPP-375D,BARRA DO CORDA,MARANHÃO,Brasil,2101608,21,33,,,,Cerrado,3.2
2b25f2e3-824d-3b46-8261-d094b8a4cfb1, -11.820250, -47.344870,2026-05-08 04:49:00,NPP-375D,ALMAS,TOCANTINS,Brasil,1700400,17,33,,,,Cerrado,3.4
99c30c9a-e3b1-3688-b4ba-8330e031767f, -15.617310, -46.512510,2026-05-08 04:49:00,NPP-375D,BURITIS,MINAS GERAIS,Brasil,3109303,31,33,,,,Cerrado,1.0
a30ccbcd-df39-32c5-8ad4-42ceb65d0d22, -17.101730, -51.348480,2026-05-08 04:49:00,NPP-375D,CAIAPÔNIA,GOIÁS,Brasil,5204409,52,33,,,,Cerrado,0.2
7551dd5e-9d73-3484-aa08-cb46da4fb20d, -11.790350, -47.096770,2026-05-08 04:49:00,NPP-375D,DIANÓPOLIS,TOCANTINS,Brasil,1707009,17,33,,,,Cerrado,1.4
69abd44c-29f1-3651-9ef6-658736b98cdf, -12.424260, -54.217870,2026-05-08 04:49:00,NPP-375D,NOVA UBIRATÃ,MATO GROSSO,Brasil,5106240,51,33,,,,Amazônia,2.4
a6aaaa2c-271e-377a-a94b-1c2528ac68ba, -13.479480, -48.919140,2026-05-08 04:49:00,NPP-375D,SANTA TEREZA DE GOIÁS,GOIÁS,Brasil,5219605,52,33,,,,Cerrado,1.4
a0c4c67d-1cb5-3c39-ae06-1134b542df42, -15.612730, -46.515660,2026-05-08 04:49:00,NPP-375D,BURITIS,MINAS GERAIS,Brasil,3109303,31,33,,,,Cerrado,5.7
a7f04d5e-d2ed-39f4-85e9-469d2fc98c03, -17.697060, -51.670970,2026-05-08 04:49:00,NPP-375D,JATAÍ,GOIÁS,Brasil,5211909,52,33,,,,Cerrado,1.0
ed307276-9377-384c-94a4-e7f369654897, -14.196150, -57.422350,2026-05-08 04:49:00,NPP-375D,NOVA MARILÂNDIA,MATO GROSSO,Brasil,5108857,51,33,,,,Amazônia,1.5
f4f3d028-0ff5-3473-b460-0c3b300a48ee, -16.599880, -58.239830,2026-05-08 04:49:00,NPP-375D,CÁCERES,MATO GROSSO,Brasil,5102504,51,33,,,,Pantanal,1.7
ee7f5bc5-3af5-34d7-b82e-bc65a5ef67f6, -19.182530, -47.349430,2026-05-08 04:49:00,NPP-375D,PERDIZES,MINAS GERAIS,Brasil,3149804,31,33,,,,Cerrado,1.2
6da0a0ad-56b8-35f6-af4f-0a87671f3b3e,  -5.782420, -45.120510,2026-05-08 04:49:00,NPP-375D,BARRA DO CORDA,MARANHÃO,Brasil,2101608,21,33,,,,Cerrado,3.0
3cfdd896-7af8-3416-a945-b7a441e342eb, -14.135510, -45.345500,2026-05-08 04:49:00,NPP-375D,JABORANDI,BAHIA,Brasil,2917359,29,33,,,,Cerrado,1.1
1813bb79-b9fb-311c-800b-bc1e61606a02, -12.149870, -46.661220,2026-05-08 04:49:00,NPP-375D,PONTE ALTA DO BOM JESUS,TOCANTINS,Brasil,1717800,17,33,,,,Cerrado,0.9
21c33005-843e-3892-b812-0cdca2bae102, -14.178170, -52.885280,2026-05-08 04:49:00,NPP-375D,ÁGUA BOA,MATO GROSSO,Brasil,5100201,51,33,,,,Cerrado,3.2
692649bc-6a5c-3813-9cb1-770d32921793, -15.616310, -46.519910,2026-05-08 04:49:00,NPP-375D,BURITIS,MINAS GERAIS,Brasil,3109303,31,33,,,,Cerrado,5.7
da9b0c77-609d-304c-8c0b-e2cfb2fdc5c7, -11.841310, -55.016250,2026-05-08 04:49:00,NPP-375D,SANTA CARMEM,MATO GROSSO,Brasil,5107248,51,33,,,,Amazônia,0.5
f14bd783-e88d-3126-aaec-715860f7602f, -12.149170, -46.666060,2026-05-08 04:49:00,NPP-375D,PONTE ALTA DO BOM JESUS,TOCANTINS,Brasil,1717800,17,33,,,,Cerrado,0.9
e2d48487-7a2f-3692-a739-097fc4490ea7, -11.473170, -52.923060,2026-05-08 04:49:00,NPP-375D,SÃO FÉLIX DO ARAGUAIA,MATO GROSSO,Brasil,5107859,51,33,,,,Amazônia,1.2
f41e4911-ef13-3885-b9e2-daf71b0af2fb, -13.641820, -44.286780,2026-05-08 04:49:00,NPP-375D,CORIBE,BAHIA,Brasil,2909109,29,33,,,,Cerrado,1.1
7eef5c46-a9b6-307b-9641-e82a6e0373af, -14.135990, -45.374930,2026-05-08 04:49:00,NPP-375D,JABORANDI,BAHIA,Brasil,2917359,29,33,,,,Cerrado,1.3
80b664da-95e9-33e5-a651-56e08b7b6703,  -7.291830, -49.627940,2026-05-08 04:49:00,NPP-375D,RIO MARIA,PARÁ,Brasil,1506161,15,33,,,,Amazônia,0.8
003b7eb5-e288-3664-a7da-d863e2281eeb, -11.920840, -54.101510,2026-05-08 04:49:00,NPP-375D,FELIZ NATAL,MATO GROSSO,Brasil,5103700,51,33,,,,Amazônia,1.7
6d78ad44-2bec-3cb9-9b36-87c0b351557d,  -6.023510, -44.224890,2026-05-08 04:49:00,NPP-375D,COLINAS,MARANHÃO,Brasil,2103505,21,33,,,,Cerrado,0.9
39767976-4def-3cac-b1dc-3b702c086a18, -11.805320, -47.105860,2026-05-08 04:49:00,NPP-375D,DIANÓPOLIS,TOCANTINS,Brasil,1707009,17,33,,,,Cerrado,0.9
ade45612-ddbd-3981-8495-5feae2a4692f, -14.174780, -52.884700,2026-05-08 04:49:00,NPP-375D,ÁGUA BOA,MATO GROSSO,Brasil,5100201,51,33,,,,Cerrado,3.2
b4c766a0-b453-3c2d-958d-f2b1cfcae189, -14.139820, -45.346120,2026-05-08 04:49:00,NPP-375D,JABORANDI,BAHIA,Brasil,2917359,29,33,,,,Cerrado,1.1
2e392679-1cb5-3a19-a14d-8ba5d1fda3f4, -18.249060, -51.265510,2026-05-08 04:49:00,NPP-375D,APARECIDA DO RIO DOCE,GOIÁS,Brasil,5201454,52,33,,,,Cerrado,2.8
b84c1828-cc7a-33d0-af36-3d08c7d49010, -12.865670, -43.757720,2026-05-08 04:49:00,NPP-375D,SERRA DOURADA,BAHIA,Brasil,2930303,29,33,,,,Cerrado,1.0
ca903648-1846-35f9-8196-bc775ac69a23, -11.469710, -52.922460,2026-05-08 04:49:00,NPP-375D,SÃO FÉLIX DO ARAGUAIA,MATO GROSSO,Brasil,5107859,51,33,,,,Amazônia,1.9
0f80bc8c-180a-3762-a98f-08bab93a5df2, -18.252430, -51.266080,2026-05-08 04:49:00,NPP-375D,APARECIDA DO RIO DOCE,GOIÁS,Brasil,5201454,52,33,,,,Cerrado,2.8
69408aa3-7399-3bfd-ae67-9f00c01a8814, -15.612230, -46.519360,2026-05-08 04:49:00,NPP-375D,BURITIS,MINAS GERAIS,Brasil,3109303,31,33,,,,Cerrado,5.7
e7ad0deb-e995-3018-87d0-b047ce8b0947, -18.486790, -51.682460,2026-05-08 04:49:00,NPP-375D,ITARUMÃ,GOIÁS,Brasil,5211305,52,33,,,,Cerrado,0.7
16e51842-5977-3405-b91e-83e287cd2ea8, -11.804640, -47.103470,2026-05-08 04:49:00,NPP-375D,DIANÓPOLIS,TOCANTINS,Brasil,1707009,17,33,,,,Cerrado,1.2
a6418a4e-674a-3235-bd8f-414b93fd72f3, -11.308240, -54.034610,2026-05-08 04:49:00,NPP-375D,UNIÃO DO SUL,MATO GROSSO,Brasil,5108303,51,33,,,,Amazônia,2.3
bb6b4db1-d97e-3a43-8690-1b7468550361, -14.175390, -52.881000,2026-05-08 04:49:00,NPP-375D,ÁGUA BOA,MATO GROSSO,Brasil,5100201,51,33,,,,Cerrado,3.2
e938e2fe-c65f-3a0f-9345-caf66cea155a, -18.333510, -54.524740,2026-05-08 04:49:00,NPP-375D,COXIM,MATO GROSSO DO SUL,Brasil,5003306,50,33,,,,Cerrado,0.5
b15a5ec3-5bbc-3e54-9af6-5a03eeae7edd, -11.801570, -47.098410,2026-05-08 04:49:00,NPP-375D,DIANÓPOLIS,TOCANTINS,Brasil,1707009,17,33,,,,Cerrado,2.2
49ca642b-d26d-3a25-a1e5-96a2f21e5692, -11.842480, -57.841970,2026-05-08 04:49:00,NPP-375D,JUARA,MATO GROSSO,Brasil,5105101,51,33,,,,Amazônia,1.2
cb27e7b2-4230-39a3-b74b-a7a002b548e0, -16.594750, -58.243260,2026-05-08 04:49:00,NPP-375D,CÁCERES,MATO GROSSO,Brasil,5102504,51,33,,,,Pantanal,1.4
76f9ee96-2955-33f1-8a36-a34b58b05ed2, -11.845130, -55.016910,2026-05-08 04:49:00,NPP-375D,SANTA CARMEM,MATO GROSSO,Brasil,5107248,51,33,,,,Amazônia,1.1
aed9f90c-894c-391b-b811-aadb84f985bf, -13.599210, -47.859940,2026-05-08 04:49:00,NPP-375D,CAVALCANTE,GOIÁS,Brasil,5205307,52,33,,,,Cerrado,0.9
4e8b11af-3066-380b-8b8a-30da61ece7d1, -11.802860, -47.096290,2026-05-08 04:49:00,NPP-375D,DIANÓPOLIS,TOCANTINS,Brasil,1707009,17,33,,,,Cerrado,2.5
f45447ad-7c11-3ece-bfaf-19cea47424cf, -18.168880, -51.104100,2026-05-08 04:49:00,NPP-375D,RIO VERDE,GOIÁS,Brasil,5218805,52,33,,,,Cerrado,0.3
494372a6-145a-3e59-bee6-69aae5d40e57, -13.478910, -48.916100,2026-05-08 04:49:00,NPP-375D,SANTA TEREZA DE GOIÁS,GOIÁS,Brasil,5219605,52,33,,,,Cerrado,1.1
1d2cfe8d-9524-3cd0-ac0a-40fc003ccc60, -13.598590, -47.864200,2026-05-08 04:49:00,NPP-375D,CAVALCANTE,GOIÁS,Brasil,5205307,52,33,,,,Cerrado,1.2
4115ef19-e03a-367d-a482-12513b39d1f7, -11.802230, -47.093880,2026-05-08 04:49:00,NPP-375D,DIANÓPOLIS,TOCANTINS,Brasil,1707009,17,33,,,,Cerrado,2.2
7c0f1869-892f-3b53-b7c4-1528b34f0250, -19.181400, -47.352460,2026-05-08 04:49:00,NPP-375D,PERDIZES,MINAS GERAIS,Brasil,3149804,31,33,,,,Cerrado,2.3
34770bb9-4ae5-3637-9dda-aac44755af07,  -7.153900, -48.240000,2026-05-08 04:49:00,NPP-375D,ARAGUAÍNA,TOCANTINS,Brasil,1702109,17,33,,,,Amazônia,0.8
ed700272-b5de-3278-b665-14ea21d1c3a8, -11.473810, -52.919220,2026-05-08 04:49:00,NPP-375D,SÃO FÉLIX DO ARAGUAIA,MATO GROSSO,Brasil,5107859,51,33,,,,Amazônia,1.2
b5797e75-272d-3668-9ada-9698df0e14a4, -12.546790, -54.618390,2026-05-08 04:49:00,NPP-375D,NOVA UBIRATÃ,MATO GROSSO,Brasil,5106240,51,33,,,,Amazônia,1.5
250beade-ad82-3752-9e51-45f02a847ee5, -14.136060, -45.341360,2026-05-08 04:49:00,NPP-375D,JABORANDI,BAHIA,Brasil,2917359,29,33,,,,Cerrado,1.1
ef0e29de-e0a0-38f2-b192-09cd793b2377, -11.799770, -47.091190,2026-05-08 04:49:00,NPP-375D,DIANÓPOLIS,TOCANTINS,Brasil,1707009,17,33,,,,Cerrado,2.5
2408b27e-ac5b-3654-a89d-a7325e1a4c0c, -12.425000, -54.213610,2026-05-08 04:49:00,NPP-375D,NOVA UBIRATÃ,MATO GROSSO,Brasil,5106240,51,33,,,,Amazônia,1.0
3cf23fe2-144e-3261-b048-6f562edbc294,  -6.890390, -42.857200,2026-05-08 04:49:00,NPP-375D,FLORIANO,PIAUÍ,Brasil,2203909,22,33,,,,Caatinga,1.8
e616ddec-c0ee-3dab-9bb4-42e2f39dbd50, -12.412660, -49.669750,2026-05-08 04:49:00,NPP-375D,SANDOLÂNDIA,TOCANTINS,Brasil,1718840,17,33,,,,Cerrado,1.5
654a6e3e-1b33-3f89-a5cf-e0fae0c7a684, -11.628890, -47.887390,2026-05-08 04:49:00,NPP-375D,CHAPADA DA NATIVIDADE,TOCANTINS,Brasil,1705102,17,33,,,,Cerrado,1.2
c1c56c9c-5c4a-3124-a0b1-87a6a4ffcf83, -14.135440, -45.379090,2026-05-08 04:49:00,NPP-375D,JABORANDI,BAHIA,Brasil,2917359,29,33,,,,Cerrado,1.0
abbed942-aabc-3ba6-a93e-9716eaf65963,  -6.663280, -47.546840,2026-05-08 04:49:00,NPP-375D,PALMEIRAS DO TOCANTINS,TOCANTINS,Brasil,1713809,17,33,,,,Cerrado,0.5
cb5586ee-84d7-33e9-846d-2bf33d52268e, -11.628280, -47.891500,2026-05-08 04:49:00,NPP-375D,CHAPADA DA NATIVIDADE,TOCANTINS,Brasil,1705102,17,33,,,,Cerrado,1.2
81dfaeb9-182e-31a3-914c-a2b1d454837e, -12.403520, -46.759010,2026-05-08 04:49:00,NPP-375D,TAGUATINGA,TOCANTINS,Brasil,1720903,17,33,,,,Cerrado,1.6
c2b7831a-0d9a-3a20-9af8-edb944cafe9b, -12.153030, -46.666620,2026-05-08 04:49:00,NPP-375D,PONTE ALTA DO BOM JESUS,TOCANTINS,Brasil,1717800,17,33,,,,Cerrado,1.3
47e546c6-2b82-3c85-8e27-4be1dace2d95, -11.980560, -46.790360,2026-05-08 04:49:00,NPP-375D,DIANÓPOLIS,TOCANTINS,Brasil,1707009,17,33,,,,Cerrado,1.5
65cefd58-c426-3db2-bf34-67bd26916f4d, -12.350860, -50.027590,2026-05-08 04:49:00,NPP-375D,SANDOLÂNDIA,TOCANTINS,Brasil,1718840,17,33,,,,Cerrado,9.5
3a0abaec-48ef-362c-892f-1d1dbb56fd57,  -7.292380, -49.624470,2026-05-08 04:49:00,NPP-375D,RIO MARIA,PARÁ,Brasil,1506161,15,33,,,,Amazônia,0.8
178bd2b1-b8f8-3e4d-ac0e-e06e76ae3a1f, -11.794750, -47.092790,2026-05-08 04:49:00,NPP-375D,DIANÓPOLIS,TOCANTINS,Brasil,1707009,17,33,,,,Cerrado,1.4
bf237e09-d0d7-3ee1-a2e8-f3b78104fc98, -12.416050, -49.670280,2026-05-08 04:49:00,NPP-375D,SANDOLÂNDIA,TOCANTINS,Brasil,1718840,17,33,,,,Cerrado,1.5
54c7a486-2c4f-369c-b291-434cca7c03d3, -11.799120, -47.095730,2026-05-08 04:49:00,NPP-375D,DIANÓPOLIS,TOCANTINS,Brasil,1707009,17,33,,,,Cerrado,2.5
03221d70-23ce-327d-ad6a-eed08294e8a3, -11.470350, -52.918620,2026-05-08 04:49:00,NPP-375D,SÃO FÉLIX DO ARAGUAIA,MATO GROSSO,Brasil,5107859,51,33,,,,Amazônia,1.9
cbd3d868-e904-338f-b206-4db2f79300b7, -11.603730, -54.187340,2026-05-08 04:49:00,NPP-375D,UNIÃO DO SUL,MATO GROSSO,Brasil,5108303,51,33,,,,Amazônia,1.0
f975f037-8686-3e92-952c-8bd58718087e, -14.131760, -45.340740,2026-05-08 04:49:00,NPP-375D,JABORANDI,BAHIA,Brasil,2917359,29,33,,,,Cerrado,1.5
2f86e109-183b-372e-a4f5-4cab1690f935, -11.847960, -55.014720,2026-05-08 04:49:00,NPP-375D,SANTA CARMEM,MATO GROSSO,Brasil,5107248,51,33,,,,Amazônia,0.8
b82970d4-7f01-3e6e-91b4-478a80ab63eb,  -5.786290, -45.121150,2026-05-08 04:49:00,NPP-375D,BARRA DO CORDA,MARANHÃO,Brasil,2101608,21,33,,,,Cerrado,1.9
838437b8-577b-3947-8d60-2e33d7f34aa2, -19.182020, -47.353210,2026-05-08 04:49:00,NPP-375D,PERDIZES,MINAS GERAIS,Brasil,3149804,31,33,,,,Cerrado,1.9
8672d3cd-2f52-3aa7-b70a-618f3d7da90c,  -6.771410, -46.819340,2026-05-08 04:49:00,NPP-375D,SÃO PEDRO DOS CRENTES,MARANHÃO,Brasil,2111573,21,33,,,,Cerrado,0.5
249a2808-abc1-37e2-81f1-b6441368cfed, -17.945200, -52.958750,2026-05-08 04:49:00,NPP-375D,MINEIROS,GOIÁS,Brasil,5213103,52,33,,,,Cerrado,1.0
3d791c31-5955-3c19-a1fb-e4188f84e452, -11.069060, -52.474930,2026-05-08 04:49:00,NPP-375D,SÃO JOSÉ DO XINGU,MATO GROSSO,Brasil,5107354,51,33,,,,Amazônia,1.9
09105a34-39e4-3fb8-bdbc-381c70a3e1f7, -18.499600, -51.688440,2026-05-08 04:49:00,NPP-375D,ITARUMÃ,GOIÁS,Brasil,5211305,52,33,,,,Cerrado,0.9
37f04386-4cf3-3b35-b7e0-a208f5abc3eb, -14.148630, -52.892170,2026-05-08 04:49:00,NPP-375D,ÁGUA BOA,MATO GROSSO,Brasil,5100201,51,33,,,,Cerrado,5.5
1323c38c-9949-324b-a685-ccc32c91d9bf, -12.153720, -46.661770,2026-05-08 04:49:00,NPP-375D,PONTE ALTA DO BOM JESUS,TOCANTINS,Brasil,1717800,17,33,,,,Cerrado,1.3
241276a6-face-34aa-b665-f204fe77fc1c, -15.616810, -46.516210,2026-05-08 04:49:00,NPP-375D,BURITIS,MINAS GERAIS,Brasil,3109303,31,33,,,,Cerrado,5.7
3db62081-74b4-3f91-ac4d-cf34a0cfe18e,  -5.784850, -45.130730,2026-05-08 04:49:00,NPP-375D,BARRA DO CORDA,MARANHÃO,Brasil,2101608,21,33,,,,Cerrado,1.8
1cc79435-85f1-3cbe-807e-91585f4427a1, -17.105640, -51.345380,2026-05-08 04:49:00,NPP-375D,CAIAPÔNIA,GOIÁS,Brasil,5204409,52,33,,,,Cerrado,0.2
48d5f920-90d3-375c-8c92-42a982e20c94, -11.802220, -47.100810,2026-05-08 04:49:00,NPP-375D,DIANÓPOLIS,TOCANTINS,Brasil,1707009,17,33,,,,Cerrado,1.6
0211596f-fc45-3f14-a0b7-7ab5e0a8e719, -16.425390, -52.796270,2026-05-08 04:49:00,NPP-375D,TORIXORÉU,MATO GROSSO,Brasil,5108204,51,33,,,,Cerrado,5.4
ad5c104b-b247-34ba-aadf-36c70bad40e0, -12.855600, -43.761450,2026-05-08 04:49:00,NPP-375D,SERRA DOURADA,BAHIA,Brasil,2930303,29,33,,,,Cerrado,3.3
dd98c8a0-4a1f-3552-8654-c6ee2ecbce03, -11.612500, -54.180030,2026-05-08 04:49:00,NPP-375D,UNIÃO DO SUL,MATO GROSSO,Brasil,5108303,51,33,,,,Amazônia,2.3
d67105f4-da2d-3ffb-b218-c09d42072cf4, -11.849740, -55.012860,2026-05-08 04:49:00,NPP-375D,SANTA CARMEM,MATO GROSSO,Brasil,5107248,51,33,,,,Amazônia,1.1
1bcf2304-5860-34e8-9663-60d7c8528bc4, -15.621390, -46.513080,2026-05-08 04:49:00,NPP-375D,BURITIS,MINAS GERAIS,Brasil,3109303,31,33,,,,Cerrado,0.5
d294e0c0-77f5-3deb-bbb8-5ca91f8b5239, -11.607970, -55.327670,2026-05-08 04:49:00,NPP-375D,SINOP,MATO GROSSO,Brasil,5107909,51,33,,,,Amazônia,1.3
dc2d8a5a-3802-38bb-b84e-810f8b2c000b, -15.620880, -46.516770,2026-05-08 04:49:00,NPP-375D,BURITIS,MINAS GERAIS,Brasil,3109303,31,33,,,,Cerrado,1.1
56c20742-a85b-3e53-9abd-e5a6d3946892,  -6.661820, -47.547390,2026-05-08 04:49:00,NPP-375D,PALMEIRAS DO TOCANTINS,TOCANTINS,Brasil,1713809,17,33,,,,Cerrado,0.8
22e78441-df8d-35cd-a754-69d7ab484afb, -16.161430, -58.487110,2026-05-08 04:49:00,NPP-375D,CÁCERES,MATO GROSSO,Brasil,5102504,51,33,,,,Pantanal,0.9
50c5e6d3-8ec6-3e5b-adca-78adb28e2275, -16.165830, -58.488010,2026-05-08 04:49:00,NPP-375D,CÁCERES,MATO GROSSO,Brasil,5102504,51,33,,,,Pantanal,2.4
9fbc7343-8dc9-3d93-b44b-21e8c0850dda, -11.797830, -47.097870,2026-05-08 04:49:00,NPP-375D,DIANÓPOLIS,TOCANTINS,Brasil,1707009,17,33,,,,Cerrado,2.2
aadae110-bcb7-3659-b1a0-33aa9fd45cbf, -11.798500, -47.093330,2026-05-08 04:49:00,NPP-375D,DIANÓPOLIS,TOCANTINS,Brasil,1707009,17,33,,,,Cerrado,2.2
bbb36b79-ec59-3cab-b110-57529ec30aba, -11.608850, -54.179370,2026-05-08 04:49:00,NPP-375D,UNIÃO DO SUL,MATO GROSSO,Brasil,5108303,51,33,,,,Amazônia,2.3
6c5769a8-6bbf-3e1f-8702-047af6b6ea8c, -16.156180, -58.490650,2026-05-08 04:49:00,NPP-375D,CÁCERES,MATO GROSSO,Brasil,5102504,51,33,,,,Pantanal,1.6
69321c97-efd3-3eef-b35d-a1a091a759f2,  -7.337320, -49.788560,2026-05-08 04:49:00,NPP-375D,FLORESTA DO ARAGUAIA,PARÁ,Brasil,1503044,15,33,,,,Amazônia,0.8
6c673fa9-17e2-375d-9e10-d5a2155d4dc7, -11.825220, -47.336670,2026-05-08 04:49:00,NPP-375D,ALMAS,TOCANTINS,Brasil,1700400,17,33,,,,Cerrado,1.5
09b4d825-f1a3-3c50-8b4e-fec9526e10b0, -11.846170, -57.847610,2026-05-08 04:49:00,NPP-375D,JUARA,MATO GROSSO,Brasil,5105101,51,33,,,,Amazônia,1.2
04d8c072-aecc-304f-acdf-2fb52b0ad2e1, -11.800900, -47.102930,2026-05-08 04:49:00,NPP-375D,DIANÓPOLIS,TOCANTINS,Brasil,1707009,17,33,,,,Cerrado,1.9
dc3dce74-3797-3a57-82f3-5f12b5168684, -17.700960, -51.667880,2026-05-08 04:49:00,NPP-375D,JATAÍ,GOIÁS,Brasil,5211909,52,33,,,,Cerrado,0.5
abccc6fb-1b22-381b-80bb-ae40721e7aa2, -11.069670, -52.471200,2026-05-08 04:49:00,NPP-375D,SÃO JOSÉ DO XINGU,MATO GROSSO,Brasil,5107354,51,33,,,,Amazônia,1.9
f00b0ee6-7a3f-3b3d-b1dd-ebf6657e182b, -14.138630, -45.387970,2026-05-08 04:49:00,NPP-375D,JABORANDI,BAHIA,Brasil,2917359,29,33,,,,Cerrado,1.0
5820a7cc-ac53-33f9-9580-c08aae901873, -12.121580, -54.668950,2026-05-08 04:49:00,NPP-375D,FELIZ NATAL,MATO GROSSO,Brasil,5103700,51,33,,,,Amazônia,0.7
9dfcaf00-021f-35f1-ade5-62db80b6ced0, -11.805310, -47.098950,2026-05-08 04:49:00,NPP-375D,DIANÓPOLIS,TOCANTINS,Brasil,1707009,17,33,,,,Cerrado,0.8
61fe6963-6050-3624-b724-4671143a69f5, -14.200390, -57.423290,2026-05-08 04:49:00,NPP-375D,NOVA MARILÂNDIA,MATO GROSSO,Brasil,5108857,51,33,,,,Amazônia,1.5
a1fb82f0-b4fb-38b1-a95d-100dab5dfefb, -14.140360, -45.341970,2026-05-08 04:49:00,NPP-375D,JABORANDI,BAHIA,Brasil,2917359,29,33,,,,Cerrado,1.1
5730f2cf-0542-36d8-a99a-51e9c5ba4dfe, -18.389610, -51.440260,2026-05-08 04:49:00,NPP-375D,JATAÍ,GOIÁS,Brasil,5211909,52,33,,,,Cerrado,1.5
957deaa1-3bd4-3a3c-b514-6d02201cba3d, -14.134890, -45.383240,2026-05-08 04:49:00,NPP-375D,JABORANDI,BAHIA,Brasil,2917359,29,33,,,,Cerrado,1.0
1672c0ff-1fc3-3409-a9a1-828e4a903c65, -11.805980, -47.094430,2026-05-08 04:49:00,NPP-375D,DIANÓPOLIS,TOCANTINS,Brasil,1707009,17,33,,,,Cerrado,0.8
2000d0de-9223-352f-a552-8eb2a135bb07, -14.314950, -57.735630,2026-05-08 04:49:00,NPP-375D,TANGARÁ DA SERRA,MATO GROSSO,Brasil,5107958,51,33,,,,Amazônia,0.5
9cce4137-d63e-35e3-933a-0cd485462601,  -5.785570, -45.125950,2026-05-08 04:49:00,NPP-375D,BARRA DO CORDA,MARANHÃO,Brasil,2101608,21,33,,,,Cerrado,1.8
7024e593-8b9d-31a5-859c-d26a3e481c70, -14.319280, -57.736490,2026-05-08 04:49:00,NPP-375D,TANGARÁ DA SERRA,MATO GROSSO,Brasil,5107958,51,33,,,,Amazônia,2.3
66cb3911-d20a-3c20-a304-6bb739e2d292, -11.841600, -57.846770,2026-05-08 04:49:00,NPP-375D,JUARA,MATO GROSSO,Brasil,5105101,51,33,,,,Amazônia,2.9
c75abfa9-698d-3f0a-b5ec-1841e8ed01c2, -13.480060, -48.915210,2026-05-08 04:49:00,NPP-375D,SANTA TEREZA DE GOIÁS,GOIÁS,Brasil,5219605,52,33,,,,Cerrado,1.4
15c7da89-fde9-335c-97b5-f461579206b5, -11.553650, -48.272640,2026-05-08 04:49:00,NPP-375D,SÃO VALÉRIO,TOCANTINS,Brasil,1720499,17,33,,,,Cerrado,1.3
bf7d7977-c26a-345c-af56-45fa259c5d82,  -7.340640, -49.789090,2026-05-08 04:49:00,NPP-375D,FLORESTA DO ARAGUAIA,PARÁ,Brasil,1503044,15,33,,,,Amazônia,0.8
bc1accae-5c8a-34a3-b213-990e9b9158fc, -12.348060, -50.023450,2026-05-08 04:49:00,NPP-375D,SANDOLÂNDIA,TOCANTINS,Brasil,1718840,17,33,,,,Cerrado,1.8
3bed0805-e45e-34f4-96d4-55020fa986de,  -6.986220, -47.695590,2026-05-08 04:49:00,NPP-375D,BABAÇULÂNDIA,TOCANTINS,Brasil,1703008,17,33,,,,Cerrado,2.6
4acf485b-ddb6-315b-a016-86f23a7fb3a2, -12.347510, -50.027050,2026-05-08 04:49:00,NPP-375D,SANDOLÂNDIA,TOCANTINS,Brasil,1718840,17,33,,,,Cerrado,4.9
69e30bd9-72ac-37ab-ab58-d9ca8893a7da, -16.151770, -58.489750,2026-05-08 04:49:00,NPP-375D,CÁCERES,MATO GROSSO,Brasil,5102504,51,33,,,,Pantanal,2.9
3ca194a6-5f4f-30a6-9a2c-d1120e46d9ad, -11.633080, -47.883820,2026-05-08 04:49:00,NPP-375D,CHAPADA DA NATIVIDADE,TOCANTINS,Brasil,1705102,17,33,,,,Cerrado,3.3
480d72fb-6d71-3a25-980c-66ebd997da07, -11.643700, -58.257030,2026-05-08 04:49:00,NPP-375D,BRASNORTE,MATO GROSSO,Brasil,5101902,51,33,,,,Amazônia,1.8
44c6c6e3-8b53-38ec-8330-57253db8e74b, -11.824580, -47.341060,2026-05-08 04:49:00,NPP-375D,ALMAS,TOCANTINS,Brasil,1700400,17,33,,,,Cerrado,7.8
f6e53155-2e2c-3748-af24-961c1abf596c, -12.860970, -43.757060,2026-05-08 04:49:00,NPP-375D,SERRA DOURADA,BAHIA,Brasil,2930303,29,33,,,,Cerrado,3.4
c0b24467-ad12-3a5d-9faa-f655efee4a24, -12.346950, -50.030640,2026-05-08 04:49:00,NPP-375D,SANDOLÂNDIA,TOCANTINS,Brasil,1718840,17,33,,,,Cerrado,4.9
690be4e6-8fc2-3222-9daa-80c58d5d708f, -21.708290, -48.416770,2026-05-08 04:51:00,NPP-375D,MATÃO,SÃO PAULO,Brasil,3529302,35,33,,,,Cerrado,1.4
e471d9a3-a0a4-3a3e-a6cd-c25325c521bf, -20.218400, -46.836110,2026-05-08 04:51:00,NPP-375D,DELFINÓPOLIS,MINAS GERAIS,Brasil,3121209,31,33,,,,Cerrado,13.3
c0f7a892-8dfb-36aa-b11e-57bac9b7ed35, -20.215030, -46.833630,2026-05-08 04:51:00,NPP-375D,DELFINÓPOLIS,MINAS GERAIS,Brasil,3121209,31,33,,,,Cerrado,5.0
9b32a1bb-78f5-3629-aee6-15f605f009bb, -18.496770, -55.496430,2026-05-08 04:51:00,NPP-375D,CORUMBÁ,MATO GROSSO DO SUL,Brasil,5003207,50,33,,,,Pantanal,0.9
4b9d7ae9-4a38-3fd8-b465-8f6b1b635f0e, -18.435450, -54.707420,2026-05-08 04:51:00,NPP-375D,COXIM,MATO GROSSO DO SUL,Brasil,5003306,50,33,,,,Cerrado,1.4
861786a1-839b-3ddc-8097-f5f8d089e9ff, -21.704360, -48.416220,2026-05-08 04:51:00,NPP-375D,MATÃO,SÃO PAULO,Brasil,3529302,35,33,,,,Cerrado,1.4
d547b41f-3275-3046-b04c-4eb989c0bfb2, -18.505250, -55.511320,2026-05-08 04:51:00,NPP-375D,CORUMBÁ,MATO GROSSO DO SUL,Brasil,5003207,50,33,,,,Pantanal,1.9
e0d128cf-dd0c-3148-ba7b-762957cc3545, -20.223140, -46.832610,2026-05-08 04:51:00,NPP-375D,DELFINÓPOLIS,MINAS GERAIS,Brasil,3121209,31,33,,,,Cerrado,1.3
adf00a95-99c8-3fe9-9937-b7dd8e02d2ac, -20.217940, -46.839970,2026-05-08 04:51:00,NPP-375D,DELFINÓPOLIS,MINAS GERAIS,Brasil,3121209,31,33,,,,Cerrado,12.1
3fd44047-799d-3264-8cac-186902ce3c35, -20.214000, -46.841690,2026-05-08 04:51:00,NPP-375D,DELFINÓPOLIS,MINAS GERAIS,Brasil,3121209,31,33,,,,Cerrado,0.6
2c4118ca-5f23-3749-8a4d-83abaf718436, -19.641840, -51.102440,2026-05-08 04:51:00,NPP-375D,PARANAÍBA,MATO GROSSO DO SUL,Brasil,5006309,50,33,,,,Mata Atlântica,1.4
f99bab93-c378-34be-af69-8fa4621106b3, -20.218870, -46.832240,2026-05-08 04:51:00,NPP-375D,DELFINÓPOLIS,MINAS GERAIS,Brasil,3121209,31,33,,,,Cerrado,13.3
195d3355-e1ce-376a-abb8-6179be68316b, -18.503750, -55.519880,2026-05-08 04:51:00,NPP-375D,CORUMBÁ,MATO GROSSO DO SUL,Brasil,5003207,50,33,,,,Pantanal,1.6
4324776e-f59a-393f-a7f7-af9ec0144ac3, -21.851710, -50.355430,2026-05-08 04:51:00,NPP-375D,HERCULÂNDIA,SÃO PAULO,Brasil,3519006,35,33,,,,Mata Atlântica,1.3
6d5f5781-8dd0-30a4-b5a2-34d8350e85c3, -21.032280, -48.942410,2026-05-08 04:51:00,NPP-375D,NOVAIS,SÃO PAULO,Brasil,3533254,35,33,,,,Mata Atlântica,1.8
4e8768f1-a390-37da-8128-22d7a8a1b0d3, -21.032920, -48.937570,2026-05-08 04:51:00,NPP-375D,NOVAIS,SÃO PAULO,Brasil,3533254,35,33,,,,Mata Atlântica,1.0
b1e4190f-85e1-340d-bb20-fc8d31a3cec5, -18.512420, -55.512700,2026-05-08 04:51:00,NPP-375D,CORUMBÁ,MATO GROSSO DO SUL,Brasil,5003207,50,33,,,,Pantanal,0.9
45e11d04-d50b-3a72-8411-bbd356a64303, -21.707590, -48.422130,2026-05-08 04:51:00,NPP-375D,MATÃO,SÃO PAULO,Brasil,3529302,35,33,,,,Cerrado,1.4
de6b158c-7837-3c54-ad97-45607b7c0ef4, -21.431200, -47.062530,2026-05-08 04:51:00,NPP-375D,MOCOCA,SÃO PAULO,Brasil,3530508,35,33,,,,Cerrado,1.4
a9efefa2-9adc-3f0f-9508-4f8185f72ee5, -18.509590, -55.507730,2026-05-08 04:51:00,NPP-375D,CORUMBÁ,MATO GROSSO DO SUL,Brasil,5003207,50,33,,,,Pantanal,1.9
624ea4c2-99b8-3c33-96db-3f61105447b5, -20.223630, -46.828620,2026-05-08 04:51:00,NPP-375D,DELFINÓPOLIS,MINAS GERAIS,Brasil,3121209,31,33,,,,Cerrado,4.3
dfbd44e4-01fe-3fb1-b8e3-1ba283101dae, -20.721620, -55.173730,2026-05-08 04:51:00,NPP-375D,SIDROLÂNDIA,MATO GROSSO DO SUL,Brasil,5007901,50,33,,,,Cerrado,8.2
e90be80a-79aa-30ae-9165-86bd23b8991a, -18.500350, -55.497120,2026-05-08 04:51:00,NPP-375D,CORUMBÁ,MATO GROSSO DO SUL,Brasil,5003207,50,33,,,,Pantanal,1.4
ef73e911-8185-31d3-af41-6265fa015cdc, -18.438920, -54.708090,2026-05-08 04:51:00,NPP-375D,COXIM,MATO GROSSO DO SUL,Brasil,5003306,50,33,,,,Cerrado,1.4
414b88da-31c8-345e-bdc2-6d07184e4c0a, -19.700210, -50.680680,2026-05-08 04:51:00,NPP-375D,CARNEIRINHO,MINAS GERAIS,Brasil,3114550,31,33,,,,Cerrado,0.7
20fbe3be-a53f-3219-81c6-9b399e7bda38, -21.848750, -50.350580,2026-05-08 04:51:00,NPP-375D,HERCULÂNDIA,SÃO PAULO,Brasil,3519006,35,33,,,,Mata Atlântica,1.3
83a7c972-b4f2-3983-9e52-e7f1cd89072e, -21.848150, -50.354860,2026-05-08 04:51:00,NPP-375D,HERCULÂNDIA,SÃO PAULO,Brasil,3519006,35,33,,,,Mata Atlântica,1.3
e626cfd1-7724-3993-a64a-b53081c43d9e, -18.508840, -55.512010,2026-05-08 04:51:00,NPP-375D,CORUMBÁ,MATO GROSSO DO SUL,Brasil,5003207,50,33,,,,Pantanal,1.9
efcc01b3-164e-37cb-b1b3-7cdb41c0ffc0, -21.700430, -48.415650,2026-05-08 04:51:00,NPP-375D,MATÃO,SÃO PAULO,Brasil,3529302,35,33,,,,Cerrado,1.8
095a071c-747b-3aeb-90eb-a421d96f4e2d, -20.077270, -45.359730,2026-05-08 04:51:00,NPP-375D,SANTO ANTÔNIO DO MONTE,MINAS GERAIS,Brasil,3160405,31,33,,,,Cerrado,0.9
5dd6c649-2705-3eea-8cf6-aa6890205614, -19.780770, -54.433900,2026-05-08 04:51:00,NPP-375D,BANDEIRANTES,MATO GROSSO DO SUL,Brasil,5001508,50,33,,,,Cerrado,1.9
444774b5-d42a-3516-beb4-632a621010fc, -21.845190, -50.349990,2026-05-08 04:51:00,NPP-375D,HERCULÂNDIA,SÃO PAULO,Brasil,3519006,35,33,,,,Mata Atlântica,1.2
ccffad7b-f85e-3540-bcfa-eccbf203d0d0, -21.852320, -50.351150,2026-05-08 04:51:00,NPP-375D,HERCULÂNDIA,SÃO PAULO,Brasil,3519006,35,33,,,,Mata Atlântica,1.3
e6bbcefa-63ae-346b-ac56-bda4692afb63, -19.642410, -51.098580,2026-05-08 04:51:00,NPP-375D,PARANAÍBA,MATO GROSSO DO SUL,Brasil,5006309,50,33,,,,Mata Atlântica,1.4
e8f1cdfa-0d55-3a8e-aff1-99560dce7f95,  -7.340290, -49.787670,2026-05-08 05:06:00,NOAA-20,FLORESTA DO ARAGUAIA,PARÁ,Brasil,1503044,15,33,,,,Amazônia,0.9
471ef5e5-a463-3c5d-9ee7-9bae2a4dcc0b,  -7.292560, -49.626060,2026-05-08 05:06:00,NOAA-20,RIO MARIA,PARÁ,Brasil,1506161,15,33,,,,Amazônia,1.6
f16f2106-52c3-3673-867b-6383fa0cb388,  -8.363760, -48.077260,2026-05-08 05:06:00,NOAA-20,ITAPIRATINS,TOCANTINS,Brasil,1710904,17,33,,,,Cerrado,1.5
6aa9f6c4-e371-3d02-8bd0-844d9cb1ecc1,  -8.790310, -44.833400,2026-05-08 05:06:00,NOAA-20,CURRAIS,PIAUÍ,Brasil,2203230,22,33,,,,Cerrado,2.8
5be4c970-3673-3557-ac34-2bb5086a54f1,  -6.986630, -47.695060,2026-05-08 05:06:00,NOAA-20,BABAÇULÂNDIA,TOCANTINS,Brasil,1703008,17,33,,,,Cerrado,1.4
e9ebaf7c-78e4-302f-ae8c-6c88e0294e14,  -8.789740, -44.837860,2026-05-08 05:06:00,NOAA-20,CURRAIS,PIAUÍ,Brasil,2203230,22,33,,,,Cerrado,2.2
10306f2f-31a8-3740-8160-aa8185cee167,  -8.784780, -44.835390,2026-05-08 05:06:00,NOAA-20,CURRAIS,PIAUÍ,Brasil,2203230,22,33,,,,Cerrado,2.1
461dd9b2-d3e5-3ab7-99e6-e4854f41c708,  -7.337610, -49.786380,2026-05-08 05:06:00,NOAA-20,FLORESTA DO ARAGUAIA,PARÁ,Brasil,1503044,15,33,,,,Amazônia,1.2
660b2933-66e9-3c5c-af17-96197a905ee5,  -8.783550, -44.837170,2026-05-08 05:06:00,NOAA-20,CURRAIS,PIAUÍ,Brasil,2203230,22,33,,,,Cerrado,2.2
44d556be-ee14-3c94-9ef8-af020c84842b,  -8.784190, -44.839800,2026-05-08 05:06:00,NOAA-20,CURRAIS,PIAUÍ,Brasil,2203230,22,33,,,,Cerrado,3.6
9b17f987-86ca-3155-a1a8-3d6cffbce19d,  -8.783000, -44.841550,2026-05-08 05:06:00,NOAA-20,CURRAIS,PIAUÍ,Brasil,2203230,22,33,,,,Cerrado,2.2
1465a955-64cd-38c3-9f31-ad05fe189b79, -10.042780, -51.660690,2026-05-08 05:08:00,NOAA-20,VILA RICA,MATO GROSSO,Brasil,5108600,51,33,,,,Amazônia,2.0
8a27a80f-7e2b-3600-a07d-ea2852315c30, -10.674240, -49.692170,2026-05-08 05:08:00,NOAA-20,LAGOA DA CONFUSÃO,TOCANTINS,Brasil,1711902,17,33,,,,Cerrado,1.9
2eddf36b-25e5-3f4c-80a3-7336ede85b92,  -8.691440, -49.095190,2026-05-08 05:08:00,NOAA-20,GOIANORTE,TOCANTINS,Brasil,1708304,17,33,,,,Cerrado,3.8
107e4600-6776-32b0-9696-42085c8685a7, -11.474950, -52.917160,2026-05-08 05:08:00,NOAA-20,SÃO FÉLIX DO ARAGUAIA,MATO GROSSO,Brasil,5107859,51,33,,,,Amazônia,1.4
d5e06d43-16c4-343a-bfe1-149ee7b7d3ed, -11.471180, -52.916610,2026-05-08 05:08:00,NOAA-20,SÃO FÉLIX DO ARAGUAIA,MATO GROSSO,Brasil,5107859,51,33,,,,Amazônia,1.4
6e7522a4-6714-3e96-a621-cb03fcc9c02b,  -9.699630, -54.403220,2026-05-08 05:08:00,NOAA-20,GUARANTÃ DO NORTE,MATO GROSSO,Brasil,5104104,51,33,,,,Amazônia,0.7
95dc2682-d830-30c3-a518-05917aeff2fe, -10.669650, -49.691540,2026-05-08 05:08:00,NOAA-20,LAGOA DA CONFUSÃO,TOCANTINS,Brasil,1711902,17,33,,,,Cerrado,1.8
7fe96eb0-485c-37aa-a550-4dcac156ab19,  -8.686800, -49.094530,2026-05-08 05:08:00,NOAA-20,GOIANORTE,TOCANTINS,Brasil,1708304,17,33,,,,Cerrado,3.8
50e7fbcb-07c3-34a2-a257-391ce3805488, -11.071180, -52.473010,2026-05-08 05:08:00,NOAA-20,SÃO JOSÉ DO XINGU,MATO GROSSO,Brasil,5107354,51,33,,,,Amazônia,3.2
aa1981b7-2f56-36a8-b6dc-f4e878bf1608, -10.934030, -49.435330,2026-05-08 05:08:00,NOAA-20,SANTA RITA DO TOCANTINS,TOCANTINS,Brasil,1718899,17,33,,,,Cerrado,2.1
5f2193a8-18a7-3dc9-b8f9-0303ceb6fcaa, -14.135060, -45.385230,2026-05-08 05:08:00,NOAA-20,JABORANDI,BAHIA,Brasil,2917359,29,33,,,,Cerrado,1.1
2fdf07d6-93b6-373c-a897-ee8cc2668f84, -11.842530, -55.017280,2026-05-08 05:08:00,NOAA-20,SANTA CARMEM,MATO GROSSO,Brasil,5107248,51,33,,,,Amazônia,0.9
f10e05ca-aac5-3786-96a4-e772d0677403, -11.796060, -47.095890,2026-05-08 05:08:00,NOAA-20,DIANÓPOLIS,TOCANTINS,Brasil,1707009,17,33,,,,Cerrado,1.6
a7d9aab5-1478-32ac-a479-4ef5071a12c9, -11.614730, -54.179720,2026-05-08 05:08:00,NOAA-20,UNIÃO DO SUL,MATO GROSSO,Brasil,5108303,51,33,,,,Amazônia,2.2
5a1fa272-3a38-3ff3-b4c8-2d35581c1d07, -11.801180, -47.100280,2026-05-08 05:08:00,NOAA-20,DIANÓPOLIS,TOCANTINS,Brasil,1707009,17,33,,,,Cerrado,1.6
f3ce9af9-54b8-3ca2-b81b-48c42a71879c,  -9.300100, -48.580370,2026-05-08 05:08:00,NOAA-20,RIO DOS BOIS,TOCANTINS,Brasil,1718709,17,33,,,,Cerrado,3.8
3185ae28-d87f-312b-a2ea-7741dcfb3b0c, -11.765000, -43.652100,2026-05-08 05:08:00,NOAA-20,BARRA,BAHIA,Brasil,2902708,29,33,,,,Cerrado,3.2
4ba770fa-eb3b-32e7-b08d-e57c9ca7d134, -14.175250, -52.886210,2026-05-08 05:08:00,NOAA-20,ÁGUA BOA,MATO GROSSO,Brasil,5100201,51,33,,,,Cerrado,4.0
2cd4fc0e-cd70-314e-a188-a1056bbd7f3e, -15.614390, -46.521970,2026-05-08 05:08:00,NOAA-20,BURITIS,MINAS GERAIS,Brasil,3109303,31,33,,,,Cerrado,4.2
3065d07c-2e88-312e-94f2-2a2d09fc0845, -12.181720, -56.446800,2026-05-08 05:08:00,NOAA-20,ITANHANGÁ,MATO GROSSO,Brasil,5104542,51,33,,,,Amazônia,0.6
c3f3a558-8f7b-3c8e-956c-c258f5e451ad, -11.553640, -48.273560,2026-05-08 05:08:00,NOAA-20,SÃO VALÉRIO,TOCANTINS,Brasil,1720499,17,33,,,,Cerrado,1.5
0bda71e3-ec4d-3b99-8ee4-01595093ae2f,  -9.250010, -60.334620,2026-05-08 05:08:00,NOAA-20,COLNIZA,MATO GROSSO,Brasil,5103254,51,33,,,,Amazônia,1.6
63305e45-e651-3620-9da9-2d93c22e71e4,  -9.295240, -48.579720,2026-05-08 05:08:00,NOAA-20,RIO DOS BOIS,TOCANTINS,Brasil,1718709,17,33,,,,Cerrado,3.8
1dc4fad2-03c6-3d2d-b7b8-67f249e9408f, -10.939880, -49.442960,2026-05-08 05:08:00,NOAA-20,SANTA RITA DO TOCANTINS,TOCANTINS,Brasil,1718899,17,33,,,,Cerrado,3.0
96310868-7213-3fa5-adce-fae204af9a33, -11.772640, -43.651490,2026-05-08 05:08:00,NOAA-20,BARRA,BAHIA,Brasil,2902708,29,33,,,,Cerrado,0.7
8d5747f1-aeeb-34b0-a442-83dcfc1d186e, -10.237790, -52.228480,2026-05-08 05:08:00,NOAA-20,SANTA CRUZ DO XINGU,MATO GROSSO,Brasil,5107743,51,33,,,,Amazônia,1.6
bfd3f2b5-01c3-3ae6-a9e3-73ead32d76ea, -13.153290, -56.810200,2026-05-08 05:08:00,NOAA-20,SÃO JOSÉ DO RIO CLARO,MATO GROSSO,Brasil,5107305,51,33,,,,Amazônia,1.0
afbe82eb-6a16-3243-b451-652c8dfa0139,  -8.692120, -49.090360,2026-05-08 05:08:00,NOAA-20,GOIANORTE,TOCANTINS,Brasil,1708304,17,33,,,,Cerrado,6.1
331747e2-69df-36f0-b3aa-37bc5e6c4fe3, -11.844800, -57.843360,2026-05-08 05:08:00,NOAA-20,JUARA,MATO GROSSO,Brasil,5105101,51,33,,,,Amazônia,2.6
ab6328a8-4ae4-30a5-8b09-7126d676eb4a, -11.918430, -54.102780,2026-05-08 05:08:00,NOAA-20,FELIZ NATAL,MATO GROSSO,Brasil,5103700,51,33,,,,Amazônia,1.7
b3702dc1-9d28-3ce3-9eb8-6cb2e3bea705, -11.850530, -55.010800,2026-05-08 05:08:00,NOAA-20,SANTA CARMEM,MATO GROSSO,Brasil,5107248,51,33,,,,Amazônia,1.0
c124701b-7b74-3f46-847f-4e570e040e6c, -11.647960, -54.396270,2026-05-08 05:08:00,NOAA-20,UNIÃO DO SUL,MATO GROSSO,Brasil,5108303,51,33,,,,Amazônia,0.7
9121f59d-86e1-3a4b-9060-2ddf8bb5e10b, -12.425010, -54.215320,2026-05-08 05:08:00,NOAA-20,NOVA UBIRATÃ,MATO GROSSO,Brasil,5106240,51,33,,,,Amazônia,2.8
a132024b-c76f-3185-9ab1-95acab4b040f, -12.122640, -54.670380,2026-05-08 05:08:00,NOAA-20,FELIZ NATAL,MATO GROSSO,Brasil,5103700,51,33,,,,Amazônia,0.9
77a365e9-51c7-32b2-949b-f2c0e0d06bbf, -12.304770, -57.409860,2026-05-08 05:08:00,NOAA-20,NOVA MARINGÁ,MATO GROSSO,Brasil,5108907,51,33,,,,Amazônia,0.6
f18a7b8d-7f58-3ab7-84be-d25b54258261, -14.201580, -57.420640,2026-05-08 05:08:00,NOAA-20,NOVA MARILÂNDIA,MATO GROSSO,Brasil,5108857,51,33,,,,Amazônia,1.2
861f3165-1f07-3617-a2b8-a1bb248e5e8d,  -9.309100, -48.586930,2026-05-08 05:08:00,NOAA-20,RIO DOS BOIS,TOCANTINS,Brasil,1718709,17,33,,,,Cerrado,5.6
fe777275-b002-3011-8240-0d2c521a6369, -10.937360, -49.445810,2026-05-08 05:08:00,NOAA-20,SANTA RITA DO TOCANTINS,TOCANTINS,Brasil,1718899,17,33,,,,Cerrado,2.4
493a2ce3-202f-3bcd-8a13-555b8c3bacda, -11.802090, -47.092780,2026-05-08 05:08:00,NOAA-20,DIANÓPOLIS,TOCANTINS,Brasil,1707009,17,33,,,,Cerrado,2.0
92d5fb65-1cd7-3210-9026-4c3f7a1ac86d, -10.942050, -49.446440,2026-05-08 05:08:00,NOAA-20,SANTA RITA DO TOCANTINS,TOCANTINS,Brasil,1718899,17,33,,,,Cerrado,1.5
572815f7-54bf-3600-9ab9-76604d51da79, -10.667680, -49.705780,2026-05-08 05:08:00,NOAA-20,LAGOA DA CONFUSÃO,TOCANTINS,Brasil,1711902,17,33,,,,Cerrado,1.4
b99acdd5-e58d-3d8f-b637-c7d42a008982, -12.346980, -50.030670,2026-05-08 05:08:00,NOAA-20,SANDOLÂNDIA,TOCANTINS,Brasil,1718840,17,33,,,,Cerrado,8.7
62c8efc6-ec52-3968-abc8-029880dd6e4a, -11.602930, -54.186200,2026-05-08 05:08:00,NOAA-20,UNIÃO DO SUL,MATO GROSSO,Brasil,5108303,51,33,,,,Amazônia,1.2
18a012db-5a13-3384-97f4-aa6fc1fcf1f8,  -9.561240, -44.573050,2026-05-08 05:08:00,NOAA-20,REDENÇÃO DO GURGUÉIA,PIAUÍ,Brasil,2208700,22,33,,,,Cerrado,1.2
1b8a9518-7266-3479-8a5f-7748eedc9b3a, -11.606740, -55.327800,2026-05-08 05:08:00,NOAA-20,SINOP,MATO GROSSO,Brasil,5107909,51,33,,,,Amazônia,0.5
5ece70a1-649a-3ff1-b7f7-852710916aaa, -11.821840, -47.340270,2026-05-08 05:08:00,NOAA-20,ALMAS,TOCANTINS,Brasil,1700400,17,33,,,,Cerrado,7.0
9311c13b-f44e-3054-ba24-10a36f92e58d, -14.135640, -45.379830,2026-05-08 05:08:00,NOAA-20,JABORANDI,BAHIA,Brasil,2917359,29,33,,,,Cerrado,1.1
edb9150d-f27e-387c-81de-7d00bb7d0027, -11.844220, -57.846940,2026-05-08 05:08:00,NOAA-20,JUARA,MATO GROSSO,Brasil,5105101,51,33,,,,Amazônia,1.1
37d39df4-6b69-30e9-b542-20d0e84cd488,  -8.712110, -49.083080,2026-05-08 05:08:00,NOAA-20,GOIANORTE,TOCANTINS,Brasil,1708304,17,33,,,,Cerrado,1.9
6b476ca4-b58d-31ee-b514-6cd3d54b8faa,  -9.564010, -44.573690,2026-05-08 05:08:00,NOAA-20,REDENÇÃO DO GURGUÉIA,PIAUÍ,Brasil,2208700,22,33,,,,Cerrado,3.2
7ce47aba-84f9-3b94-b9eb-0b866cdc7a57, -11.307940, -54.033390,2026-05-08 05:08:00,NOAA-20,UNIÃO DO SUL,MATO GROSSO,Brasil,5108303,51,33,,,,Amazônia,2.0
4d40fcfc-d6fa-310d-8631-8e9b9147c141, -11.470520, -52.921230,2026-05-08 05:08:00,NOAA-20,SÃO FÉLIX DO ARAGUAIA,MATO GROSSO,Brasil,5107859,51,33,,,,Amazônia,1.4
1b8b2a95-3975-3fad-b81b-a0bfa8fd9ded, -11.803880, -56.992080,2026-05-08 05:08:00,NOAA-20,PORTO DOS GAÚCHOS,MATO GROSSO,Brasil,5106802,51,33,,,,Amazônia,0.8
72645814-018f-37e5-9203-243f47f782e9,  -8.696770, -49.091020,2026-05-08 05:08:00,NOAA-20,GOIANORTE,TOCANTINS,Brasil,1708304,17,33,,,,Cerrado,7.2
dd36936f-96e3-3350-b7ee-05aeef043847, -10.939240, -49.447920,2026-05-08 05:08:00,NOAA-20,SANTA RITA DO TOCANTINS,TOCANTINS,Brasil,1718899,17,33,,,,Cerrado,3.0
a01796c3-5cb3-3f80-873a-972e20a0a201, -10.048500, -51.677470,2026-05-08 05:08:00,NOAA-20,VILA RICA,MATO GROSSO,Brasil,5108600,51,33,,,,Amazônia,4.8
ed9af9b8-94b4-34b0-8764-91c5f19666f9, -11.840890, -57.846370,2026-05-08 05:08:00,NOAA-20,JUARA,MATO GROSSO,Brasil,5105101,51,33,,,,Amazônia,0.9
d659ee01-fae6-3526-8bd8-78be75954e05, -11.837560, -57.845820,2026-05-08 05:08:00,NOAA-20,JUARA,MATO GROSSO,Brasil,5105101,51,33,,,,Amazônia,0.9
ed9524e0-1616-3567-a94d-e268a1b63b0f, -14.197710, -57.423640,2026-05-08 05:08:00,NOAA-20,NOVA MARILÂNDIA,MATO GROSSO,Brasil,5108857,51,33,,,,Amazônia,1.6
0ef30c7d-f14e-3f13-8378-1d2702e05c65, -10.050000, -51.667050,2026-05-08 05:08:00,NOAA-20,VILA RICA,MATO GROSSO,Brasil,5108600,51,33,,,,Amazônia,4.4
7e3fbfc7-b033-3093-b34a-af0663a7cfb6, -11.645030, -58.257140,2026-05-08 05:08:00,NOAA-20,BRASNORTE,MATO GROSSO,Brasil,5101902,51,33,,,,Amazônia,1.2
355f25b4-8399-3d47-a183-a6334c5bc540, -13.482530, -48.918090,2026-05-08 05:08:00,NOAA-20,SANTA TEREZA DE GOIÁS,GOIÁS,Brasil,5219605,52,33,,,,Cerrado,1.1
c1b230c0-17fe-3a4d-b2a0-486c4f5de7cd, -11.750350, -54.793220,2026-05-08 05:08:00,NOAA-20,CLÁUDIA,MATO GROSSO,Brasil,5103056,51,33,,,,Amazônia,1.0
f761b91a-a0ad-3595-b0dd-57bb14169256, -10.241650, -52.229050,2026-05-08 05:08:00,NOAA-20,SANTA CRUZ DO XINGU,MATO GROSSO,Brasil,5107743,51,33,,,,Amazônia,1.3
ce749c37-be7d-3468-bd6e-ab2748aed1b2,  -8.707450, -49.082530,2026-05-08 05:08:00,NOAA-20,GOIANORTE,TOCANTINS,Brasil,1708304,17,33,,,,Cerrado,1.9
f400152e-61c8-3cbf-a37a-3b275ff2e4e1, -12.153820, -46.665350,2026-05-08 05:08:00,NOAA-20,PONTE ALTA DO BOM JESUS,TOCANTINS,Brasil,1717800,17,33,,,,Cerrado,1.2
70a645b2-173a-3b98-9788-90ed03088374, -15.615400, -46.512540,2026-05-08 05:08:00,NOAA-20,BURITIS,MINAS GERAIS,Brasil,3109303,31,33,,,,Cerrado,2.9
f8c68883-5dd1-366f-a71a-8202f6d9379f,  -9.309840, -48.581540,2026-05-08 05:08:00,NOAA-20,RIO DOS BOIS,TOCANTINS,Brasil,1718709,17,33,,,,Cerrado,5.6
aa44095f-f650-33db-85d5-046e457f9337, -11.807190, -56.992620,2026-05-08 05:08:00,NOAA-20,PORTO DOS GAÚCHOS,MATO GROSSO,Brasil,5106802,51,33,,,,Amazônia,0.8
7e5a8c00-d67a-36f9-a75e-dca838860ff4, -11.841460, -57.842800,2026-05-08 05:08:00,NOAA-20,JUARA,MATO GROSSO,Brasil,5105101,51,33,,,,Amazônia,0.9
d756ceb3-9172-36f3-8354-f8c0dc4bd57d,  -8.694170, -49.075770,2026-05-08 05:08:00,NOAA-20,GOIANORTE,TOCANTINS,Brasil,1708304,17,33,,,,Cerrado,1.6
0d455aa5-73fa-3fb0-a0f8-6c96ecc8f4f0, -14.318100, -57.735070,2026-05-08 05:08:00,NOAA-20,TANGARÁ DA SERRA,MATO GROSSO,Brasil,5107958,51,33,,,,Amazônia,3.9
dc3ff2d6-0b3c-3555-b964-f745b766a895, -12.859280, -43.758830,2026-05-08 05:08:00,NOAA-20,SERRA DOURADA,BAHIA,Brasil,2930303,29,33,,,,Cerrado,3.0
b1190714-09be-34ac-b88b-574644edc614, -13.477500, -48.917410,2026-05-08 05:08:00,NOAA-20,SANTA TEREZA DE GOIÁS,GOIÁS,Brasil,5219605,52,33,,,,Cerrado,0.6
3aa61b39-8895-34a4-87f3-b598628ae411, -11.790500, -47.095210,2026-05-08 05:08:00,NOAA-20,DIANÓPOLIS,TOCANTINS,Brasil,1707009,17,33,,,,Cerrado,2.2
48ad95e3-b166-3059-9d30-f0cf4b32ebf3,  -9.304230, -48.586350,2026-05-08 05:08:00,NOAA-20,RIO DOS BOIS,TOCANTINS,Brasil,1718709,17,33,,,,Cerrado,5.6
ef42922a-6a1d-3e20-9d0b-b39864b72ddc, -12.771690, -59.005740,2026-05-08 05:08:00,NOAA-20,CAMPOS DE JÚLIO,MATO GROSSO,Brasil,5102686,51,33,,,,Cerrado,0.9
6e5bd231-f757-31b5-a089-88180bea285e, -12.347620, -50.025910,2026-05-08 05:08:00,NOAA-20,SANDOLÂNDIA,TOCANTINS,Brasil,1718840,17,33,,,,Cerrado,8.7
dd977f88-fa10-3f3f-818d-cbe0ce603dcf, -15.608320, -46.521430,2026-05-08 05:08:00,NOAA-20,BURITIS,MINAS GERAIS,Brasil,3109303,31,33,,,,Cerrado,4.2
f2dc74e7-4b48-305e-9deb-52b4a420b1f0, -12.425720, -54.216740,2026-05-08 05:08:00,NOAA-20,NOVA UBIRATÃ,MATO GROSSO,Brasil,5106240,51,33,,,,Amazônia,3.0
14f34446-9ecf-39e5-9671-8fd805799893, -11.629060, -47.888580,2026-05-08 05:08:00,NOAA-20,CHAPADA DA NATIVIDADE,TOCANTINS,Brasil,1705102,17,33,,,,Cerrado,1.4
4d4af0ce-b1b8-37b6-be55-3ec3e11c12ad, -12.149270, -46.663360,2026-05-08 05:08:00,NOAA-20,PONTE ALTA DO BOM JESUS,TOCANTINS,Brasil,1717800,17,33,,,,Cerrado,0.9
1791bb9a-589d-3437-9b99-fcd36204f5d3, -11.293960, -54.756550,2026-05-08 05:08:00,NOAA-20,CLÁUDIA,MATO GROSSO,Brasil,5103056,51,33,,,,Amazônia,1.0
fd29f8e9-7d1d-360b-a654-5b402f21fddf,  -9.560590, -44.578080,2026-05-08 05:08:00,NOAA-20,REDENÇÃO DO GURGUÉIA,PIAUÍ,Brasil,2208700,22,33,,,,Cerrado,1.2
13a3ccaa-9a80-36c9-9a52-eccb06ba6440, -14.139630, -45.342860,2026-05-08 05:08:00,NOAA-20,JABORANDI,BAHIA,Brasil,2917359,29,33,,,,Cerrado,1.6
2127c293-cf88-3812-9eab-9bd72e81c324,  -9.246250, -60.333970,2026-05-08 05:08:00,NOAA-20,COLNIZA,MATO GROSSO,Brasil,5103254,51,33,,,,Amazônia,1.6
8431013f-f0ea-38ff-8989-1a2b50f52863, -15.614890, -46.517250,2026-05-08 05:08:00,NOAA-20,BURITIS,MINAS GERAIS,Brasil,3109303,31,33,,,,Cerrado,4.2
5e8d7662-e69f-3007-9f14-0bb1a0a1daa7, -13.367340, -54.267550,2026-05-08 05:08:00,NOAA-20,PARANATINGA,MATO GROSSO,Brasil,5106307,51,33,,,,Amazônia,0.9
49347232-9b02-3e87-b88a-7883e568d56b, -11.629900, -47.882030,2026-05-08 05:08:00,NOAA-20,CHAPADA DA NATIVIDADE,TOCANTINS,Brasil,1705102,17,33,,,,Cerrado,1.0
b9308567-71ed-3a39-9568-b95d70680930,  -8.694850, -49.070910,2026-05-08 05:08:00,NOAA-20,GOIANORTE,TOCANTINS,Brasil,1708304,17,33,,,,Cerrado,1.0
e488d45a-289f-37e8-a964-508929f8a901, -10.674890, -49.687420,2026-05-08 05:08:00,NOAA-20,LAGOA DA CONFUSÃO,TOCANTINS,Brasil,1711902,17,33,,,,Cerrado,1.6
92a84960-ea40-34f3-9415-b1ad56d3c434, -10.935830, -49.437410,2026-05-08 05:08:00,NOAA-20,SANTA RITA DO TOCANTINS,TOCANTINS,Brasil,1718899,17,33,,,,Cerrado,4.0
bfb1e183-cd70-3516-974e-6ca31cd1cecf, -11.474280, -52.921780,2026-05-08 05:08:00,NOAA-20,SÃO FÉLIX DO ARAGUAIA,MATO GROSSO,Brasil,5107859,51,33,,,,Amazônia,1.4
b535ff55-f474-36c4-b0f9-307d85eb0707, -14.204890, -57.421200,2026-05-08 05:08:00,NOAA-20,NOVA MARILÂNDIA,MATO GROSSO,Brasil,5108857,51,33,,,,Amazônia,1.2
fe7558fe-522b-3ac2-855e-02989a81314e, -11.750930, -54.789380,2026-05-08 05:08:00,NOAA-20,CLÁUDIA,MATO GROSSO,Brasil,5103056,51,33,,,,Amazônia,0.6
4225a67c-219f-3d22-b907-baca93cc29c0, -12.149190, -54.645560,2026-05-08 05:08:00,NOAA-20,FELIZ NATAL,MATO GROSSO,Brasil,5103700,51,33,,,,Amazônia,0.8
754ff651-8a17-3c6c-b0f5-72a807cb9765, -11.478710, -52.917720,2026-05-08 05:08:00,NOAA-20,SÃO FÉLIX DO ARAGUAIA,MATO GROSSO,Brasil,5107859,51,33,,,,Amazônia,1.2
37fa7d1e-8672-3002-b70d-4ce59bc5f573, -12.148070, -46.664700,2026-05-08 05:08:00,NOAA-20,PONTE ALTA DO BOM JESUS,TOCANTINS,Brasil,1717800,17,33,,,,Cerrado,1.3
ca41ce79-aeee-3eb6-9dc4-d70203bafc2c, -12.148790, -46.667440,2026-05-08 05:08:00,NOAA-20,PONTE ALTA DO BOM JESUS,TOCANTINS,Brasil,1717800,17,33,,,,Cerrado,0.9
401cf66b-304a-3c36-aab7-7d3d25eca679, -10.668330, -49.701030,2026-05-08 05:08:00,NOAA-20,LAGOA DA CONFUSÃO,TOCANTINS,Brasil,1711902,17,33,,,,Cerrado,1.4
69fdeb6b-cd06-33ef-8a78-fccbc93a2093, -11.641670, -58.256580,2026-05-08 05:08:00,NOAA-20,BRASNORTE,MATO GROSSO,Brasil,5101902,51,33,,,,Amazônia,1.2
89941922-6140-3bee-bcee-4936a9b7494a, -11.765770, -43.650560,2026-05-08 05:08:00,NOAA-20,BARRA,BAHIA,Brasil,2902708,29,33,,,,Cerrado,2.2
bdce1a87-fd65-3c31-a949-4b2014b0c732,  -8.698820, -49.076440,2026-05-08 05:08:00,NOAA-20,GOIANORTE,TOCANTINS,Brasil,1708304,17,33,,,,Cerrado,2.1
2f91156f-ba01-36bc-a567-d542864a9c4b,  -8.696090, -49.095840,2026-05-08 05:08:00,NOAA-20,GOIANORTE,TOCANTINS,Brasil,1708304,17,33,,,,Cerrado,15.6
671e9351-693c-301c-a1f8-19e98e027b1a, -11.611190, -54.179200,2026-05-08 05:08:00,NOAA-20,UNIÃO DO SUL,MATO GROSSO,Brasil,5108303,51,33,,,,Amazônia,2.2
e874d061-0b5d-3b32-99e0-ec13f9a81a3d, -11.801630, -47.096550,2026-05-08 05:08:00,NOAA-20,DIANÓPOLIS,TOCANTINS,Brasil,1707009,17,33,,,,Cerrado,1.6
8f9c8dc8-4af8-3220-8bf9-ec511212a51f, -12.416020, -49.670800,2026-05-08 05:08:00,NOAA-20,SANDOLÂNDIA,TOCANTINS,Brasil,1718840,17,33,,,,Cerrado,1.4
0c271745-2644-3886-8a4f-44a1615dd7aa, -11.846530, -55.014050,2026-05-08 05:08:00,NOAA-20,SANTA CARMEM,MATO GROSSO,Brasil,5107248,51,33,,,,Amazônia,1.0
406ba958-030d-3edd-ba54-6ed08a926046, -12.852360, -43.757970,2026-05-08 05:08:00,NOAA-20,SERRA DOURADA,BAHIA,Brasil,2930303,29,33,,,,Cerrado,3.0
18f1aacc-7d4f-36b9-9664-0c8609b7fdac, -10.233940, -52.227880,2026-05-08 05:08:00,NOAA-20,SANTA CRUZ DO XINGU,MATO GROSSO,Brasil,5107743,51,33,,,,Amazônia,1.6
cd950a9b-c155-3ed5-a8ff-c22c82e280cd,  -9.294510, -48.585040,2026-05-08 05:08:00,NOAA-20,RIO DOS BOIS,TOCANTINS,Brasil,1718709,17,33,,,,Cerrado,3.8
76574c18-d439-3306-9cb8-7015e04794fc, -10.938040, -49.440890,2026-05-08 05:08:00,NOAA-20,SANTA RITA DO TOCANTINS,TOCANTINS,Brasil,1718899,17,33,,,,Cerrado,2.1
e5a29165-4ee7-34f9-b15d-09692df29d41, -11.822290, -47.336730,2026-05-08 05:08:00,NOAA-20,ALMAS,TOCANTINS,Brasil,1700400,17,33,,,,Cerrado,7.0
2ffa9761-da64-348b-93de-a9ee19afb91d,  -9.299370, -48.585690,2026-05-08 05:08:00,NOAA-20,RIO DOS BOIS,TOCANTINS,Brasil,1718709,17,33,,,,Cerrado,3.8
724a1892-a169-3a85-95d6-6895a3f980c5, -12.414760, -49.668850,2026-05-08 05:08:00,NOAA-20,SANDOLÂNDIA,TOCANTINS,Brasil,1718840,17,33,,,,Cerrado,2.5
83671924-b4fc-3de4-8780-d252bec2decc,  -9.413420, -50.688800,2026-05-08 05:08:00,NOAA-20,SANTANA DO ARAGUAIA,PARÁ,Brasil,1506708,15,33,,,,Amazônia,1.5
06b248e9-9fcf-3530-b954-21007fccb6d4, -11.821390, -47.343780,2026-05-08 05:08:00,NOAA-20,ALMAS,TOCANTINS,Brasil,1700400,17,33,,,,Cerrado,3.9
2ad8e39e-5789-3f3e-9512-b52d16b14cae, -14.146530, -52.892250,2026-05-08 05:08:00,NOAA-20,ÁGUA BOA,MATO GROSSO,Brasil,5100201,51,33,,,,Cerrado,3.5
4011851a-1822-30af-926c-2dbd454a006b, -14.175960, -52.881090,2026-05-08 05:08:00,NOAA-20,ÁGUA BOA,MATO GROSSO,Brasil,5100201,51,33,,,,Cerrado,4.0
27a5cc3c-15aa-3890-ade1-ff5fb7ea65a7, -12.411290, -49.670220,2026-05-08 05:08:00,NOAA-20,SANDOLÂNDIA,TOCANTINS,Brasil,1718840,17,33,,,,Cerrado,0.8
380a7234-438a-3cd8-9145-556f8f547fcb, -11.796520, -47.092110,2026-05-08 05:08:00,NOAA-20,DIANÓPOLIS,TOCANTINS,Brasil,1707009,17,33,,,,Cerrado,2.0
e318f561-9825-3b19-926b-6b8a5113d256, -12.851640, -43.764570,2026-05-08 05:08:00,NOAA-20,SERRA DOURADA,BAHIA,Brasil,2930303,29,33,,,,Cerrado,4.7
83296362-2b76-3aaf-9e91-3c2ecd13493c, -14.133230, -45.342090,2026-05-08 05:08:00,NOAA-20,JABORANDI,BAHIA,Brasil,2917359,29,33,,,,Cerrado,2.6
33e0df5b-75e3-3593-a237-4e38b15a5961, -11.629480, -47.885320,2026-05-08 05:08:00,NOAA-20,CHAPADA DA NATIVIDADE,TOCANTINS,Brasil,1705102,17,33,,,,Cerrado,1.0
ee264c1b-acc3-3369-a947-bf5ff5ec543f, -11.310890, -54.037960,2026-05-08 05:08:00,NOAA-20,UNIÃO DO SUL,MATO GROSSO,Brasil,5108303,51,33,,,,Amazônia,1.0
8967e55f-5825-3e4d-86a1-d8519b02f787, -10.046010, -51.666500,2026-05-08 05:08:00,NOAA-20,VILA RICA,MATO GROSSO,Brasil,5108600,51,33,,,,Amazônia,4.4
634222a9-ad40-3f05-8c1f-5d57be12985a, -10.042020, -51.665910,2026-05-08 05:08:00,NOAA-20,VILA RICA,MATO GROSSO,Brasil,5108600,51,33,,,,Amazônia,2.0
4e3311cf-290d-3577-8b4a-abbed171a133, -14.194390, -57.423100,2026-05-08 05:08:00,NOAA-20,NOVA MARILÂNDIA,MATO GROSSO,Brasil,5108857,51,33,,,,Amazônia,1.6
9c749c7b-15c7-3820-94cf-1a81f4f1efea, -10.038040, -51.665330,2026-05-08 05:08:00,NOAA-20,VILA RICA,MATO GROSSO,Brasil,5108600,51,33,,,,Amazônia,2.0
f29fee4d-a32d-345b-ae74-768c53a07cc0, -10.037290, -51.670540,2026-05-08 05:08:00,NOAA-20,VILA RICA,MATO GROSSO,Brasil,5108600,51,33,,,,Amazônia,1.5
67e43174-f36e-3625-b2e5-8b8d7fae3787, -10.049250, -51.672270,2026-05-08 05:08:00,NOAA-20,VILA RICA,MATO GROSSO,Brasil,5108600,51,33,,,,Amazônia,4.8
5d11e540-e28c-34a0-b906-78bf15a95fcd, -11.067310, -49.472180,2026-05-08 05:08:00,NOAA-20,SANTA RITA DO TOCANTINS,TOCANTINS,Brasil,1718899,17,33,,,,Cerrado,1.8
3795ae9f-14bc-310e-889f-3822cb874a58, -20.221810, -46.828090,2026-05-08 05:10:00,NOAA-20,DELFINÓPOLIS,MINAS GERAIS,Brasil,3121209,31,33,,,,Cerrado,3.5
cd8aac93-3852-315a-a9b1-cc5befde7593, -20.221390, -46.832700,2026-05-08 05:10:00,NOAA-20,DELFINÓPOLIS,MINAS GERAIS,Brasil,3121209,31,33,,,,Cerrado,3.5
0b6719ae-bd36-33d6-86df-983b2a3a9604, -16.154460, -58.487700,2026-05-08 05:10:00,NOAA-20,CÁCERES,MATO GROSSO,Brasil,5102504,51,33,,,,Pantanal,1.4
eb82c513-6e0b-3a3f-ba3e-794a56d8469d, -21.703910, -48.416450,2026-05-08 05:10:00,NOAA-20,MATÃO,SÃO PAULO,Brasil,3529302,35,33,,,,Cerrado,2.2
a86904f7-91cd-3543-b738-d56932b562a3, -18.511180, -55.512530,2026-05-08 05:10:00,NOAA-20,CORUMBÁ,MATO GROSSO DO SUL,Brasil,5003207,50,33,,,,Pantanal,1.4
7cbcf2f5-842a-30d2-a0bc-d1b694426290, -18.509920, -55.510700,2026-05-08 05:10:00,NOAA-20,CORUMBÁ,MATO GROSSO DO SUL,Brasil,5003207,50,33,,,,Pantanal,4.2
91961037-85a0-3fc2-8d37-6ae079bdb8cd, -20.720630, -55.174000,2026-05-08 05:10:00,NOAA-20,SIDROLÂNDIA,MATO GROSSO DO SUL,Brasil,5007901,50,33,,,,Cerrado,3.4
a5b181c8-f5f3-3848-a7c4-8d8b4219f396, -16.182630, -57.450730,2026-05-08 05:10:00,NOAA-20,CÁCERES,MATO GROSSO,Brasil,5102504,51,33,,,,Cerrado,0.8
cca5f3f3-9c48-3567-8212-e7dc7f5b643a, -21.709740, -48.421620,2026-05-08 05:10:00,NOAA-20,MATÃO,SÃO PAULO,Brasil,3529302,35,33,,,,Cerrado,3.2
58a4311f-9e16-3c8e-afaf-8291a21e7bd0, -21.709270, -48.421270,2026-05-08 05:10:00,NOAA-20,MATÃO,SÃO PAULO,Brasil,3529302,35,33,,,,Cerrado,3.1
5411bc5d-4255-3691-a823-a9064b81c237, -16.425970, -52.795970,2026-05-08 05:10:00,NOAA-20,TORIXORÉU,MATO GROSSO,Brasil,5108204,51,33,,,,Cerrado,4.0
cc92fe35-649d-3885-8be6-e4f0ee9b51c4, -20.722270, -55.171590,2026-05-08 05:10:00,NOAA-20,SIDROLÂNDIA,MATO GROSSO DO SUL,Brasil,5007901,50,33,,,,Cerrado,5.2
a5570499-4f54-34fb-afe0-f91ebbadcfac, -16.161100, -58.488840,2026-05-08 05:10:00,NOAA-20,CÁCERES,MATO GROSSO,Brasil,5102504,51,33,,,,Pantanal,1.2
cfbbae8b-2cb9-32ba-a02e-96c4bb56de06, -20.724360, -55.174520,2026-05-08 05:10:00,NOAA-20,SIDROLÂNDIA,MATO GROSSO DO SUL,Brasil,5007901,50,33,,,,Cerrado,3.4
07e011b8-5f4f-369c-a4c9-e626a759c447, -21.379850, -48.546470,2026-05-08 05:10:00,NOAA-20,TAQUARITINGA,SÃO PAULO,Brasil,3553708,35,33,,,,Mata Atlântica,2.5
e58c4b2e-65cf-3597-8ecf-4aa3d47695af, -18.437970, -54.707780,2026-05-08 05:10:00,NOAA-20,COXIM,MATO GROSSO DO SUL,Brasil,5003306,50,33,,,,Cerrado,2.5
ae6197bb-35e1-3c2d-88bf-1789bab8d076, -21.704350, -48.416810,2026-05-08 05:10:00,NOAA-20,MATÃO,SÃO PAULO,Brasil,3529302,35,33,,,,Cerrado,2.0
69bc3af0-c885-33b2-9450-3ec7d9a6dc0a, -16.601800, -58.239070,2026-05-08 05:10:00,NOAA-20,CÁCERES,MATO GROSSO,Brasil,5102504,51,33,,,,Pantanal,1.3
c935b6ed-2d0f-3688-a319-92eb8b3c4d23, -18.508220, -55.507720,2026-05-08 05:10:00,NOAA-20,CORUMBÁ,MATO GROSSO DO SUL,Brasil,5003207,50,33,,,,Pantanal,1.4
f48563ab-3a12-375e-a490-8cc3e0d28059, -17.943910, -52.961140,2026-05-08 05:10:00,NOAA-20,MINEIROS,GOIÁS,Brasil,5213103,52,33,,,,Cerrado,0.7
488e0844-8a69-343b-a77f-0d5dca7b8dd3, -20.721650, -55.176250,2026-05-08 05:10:00,NOAA-20,SIDROLÂNDIA,MATO GROSSO DO SUL,Brasil,5007901,50,33,,,,Cerrado,1.9
255a9c98-4f35-3203-865d-e3416943acb9, -18.498720, -55.497550,2026-05-08 05:10:00,NOAA-20,CORUMBÁ,MATO GROSSO DO SUL,Brasil,5003207,50,33,,,,Pantanal,1.9
09c93bca-3861-3020-a038-8309770d0974, -20.220620, -46.841320,2026-05-08 05:10:00,NOAA-20,DELFINÓPOLIS,MINAS GERAIS,Brasil,3121209,31,33,,,,Cerrado,3.8
0bc4b40b-a98f-3b0e-bfa8-60ed895f7ba2, -21.698140, -48.415860,2026-05-08 05:10:00,NOAA-20,MATÃO,SÃO PAULO,Brasil,3529302,35,33,,,,Cerrado,2.2
849924b6-300c-3d74-8842-d08ce84b0f44, -16.165000, -58.485820,2026-05-08 05:10:00,NOAA-20,CÁCERES,MATO GROSSO,Brasil,5102504,51,33,,,,Pantanal,0.5
3c1de470-251a-3033-be50-1793e628a7d9, -18.249490, -51.262440,2026-05-08 05:10:00,NOAA-20,APARECIDA DO RIO DOCE,GOIÁS,Brasil,5201454,52,33,,,,Cerrado,2.9
8083f82a-226d-3f93-8740-aa88c6a070e4, -18.509330, -55.514950,2026-05-08 05:10:00,NOAA-20,CORUMBÁ,MATO GROSSO DO SUL,Brasil,5003207,50,33,,,,Pantanal,1.6
ffec5ab0-ce6a-3960-b21a-4d4ec2e71d26, -19.780710, -54.431910,2026-05-08 05:10:00,NOAA-20,BANDEIRANTES,MATO GROSSO DO SUL,Brasil,5001508,50,33,,,,Cerrado,2.1
16922c16-4951-39e6-8509-ecd7721a29bf, -18.507610, -55.511970,2026-05-08 05:10:00,NOAA-20,CORUMBÁ,MATO GROSSO DO SUL,Brasil,5003207,50,33,,,,Pantanal,1.4
9f9dac9c-42c0-32ab-a3cc-2e5580be8dd8, -20.215180, -46.831550,2026-05-08 05:10:00,NOAA-20,DELFINÓPOLIS,MINAS GERAIS,Brasil,3121209,31,33,,,,Cerrado,3.5
b21af91d-4c8f-33e7-a672-e3d1276f0bb7, -21.704740, -48.412330,2026-05-08 05:10:00,NOAA-20,MATÃO,SÃO PAULO,Brasil,3529302,35,33,,,,Cerrado,2.0
f42a105c-f87a-3327-b9a5-f99628a005cf, -20.214330, -46.841060,2026-05-08 05:10:00,NOAA-20,DELFINÓPOLIS,MINAS GERAIS,Brasil,3121209,31,33,,,,Cerrado,3.8
0c65ce4b-462e-3a8f-a1b7-f13f68598f62, -20.214770, -46.836190,2026-05-08 05:10:00,NOAA-20,DELFINÓPOLIS,MINAS GERAIS,Brasil,3121209,31,33,,,,Cerrado,3.8
9584b125-8f18-36f3-8bfb-516c1a1e2d6f, -18.504030, -55.511410,2026-05-08 05:10:00,NOAA-20,CORUMBÁ,MATO GROSSO DO SUL,Brasil,5003207,50,33,,,,Pantanal,1.4
ede8ea90-9ea6-33a1-9934-6d505e192d16, -21.698570, -48.416210,2026-05-08 05:10:00,NOAA-20,MATÃO,SÃO PAULO,Brasil,3529302,35,33,,,,Cerrado,2.0
53e8c127-1c0d-332e-857c-cee2c31d62ca, -16.168320, -58.486390,2026-05-08 05:10:00,NOAA-20,CÁCERES,MATO GROSSO,Brasil,5102504,51,33,,,,Pantanal,0.5
be1035a4-8e4e-3b61-a841-475c233d0fac, -21.376300, -48.545300,2026-05-08 05:10:00,NOAA-20,TAQUARITINGA,SÃO PAULO,Brasil,3553708,35,33,,,,Mata Atlântica,1.2
192b12f9-eecd-3765-a7cf-88a45694600d, -21.703940, -48.421330,2026-05-08 05:10:00,NOAA-20,MATÃO,SÃO PAULO,Brasil,3529302,35,33,,,,Cerrado,2.0
9144aa3c-e25b-306a-bac1-b85be9b67734, -18.248900, -51.267440,2026-05-08 05:10:00,NOAA-20,APARECIDA DO RIO DOCE,GOIÁS,Brasil,5201454,52,33,,,,Cerrado,2.2
5b4de193-86ea-3903-88c0-614512af269f, -16.598490, -58.238500,2026-05-08 05:10:00,NOAA-20,CÁCERES,MATO GROSSO,Brasil,5102504,51,33,,,,Pantanal,1.3
6d4ff79e-4f46-36ab-ac5e-b23cafa0ccd5, -21.710130, -48.417270,2026-05-08 05:10:00,NOAA-20,MATÃO,SÃO PAULO,Brasil,3529302,35,33,,,,Cerrado,3.1
2547c18a-8778-30fa-8c63-341b1ecf2b14, -21.381980, -48.546160,2026-05-08 05:10:00,NOAA-20,TAQUARITINGA,SÃO PAULO,Brasil,3553708,35,33,,,,Mata Atlântica,1.7
6ee3052d-9a5f-3804-b8b2-8bbce2b54656, -18.511790, -55.508280,2026-05-08 05:10:00,NOAA-20,CORUMBÁ,MATO GROSSO DO SUL,Brasil,5003207,50,33,,,,Pantanal,1.4
68008b43-8370-3eab-9a1d-f4d5ba6058e2, -21.709690, -48.416920,2026-05-08 05:10:00,NOAA-20,MATÃO,SÃO PAULO,Brasil,3529302,35,33,,,,Cerrado,3.1
783f4aec-758a-3c6f-8146-0ebb3d82b772, -18.502810, -55.519910,2026-05-08 05:10:00,NOAA-20,CORUMBÁ,MATO GROSSO DO SUL,Brasil,5003207,50,33,,,,Pantanal,1.2
1024200a-b099-3864-8779-f177a3ec8a8a, -19.644250, -51.098350,2026-05-08 05:10:00,NOAA-20,PARANAÍBA,MATO GROSSO DO SUL,Brasil,5006309,50,33,,,,Mata Atlântica,1.6
8258084a-979f-31fa-9359-1fd7909256aa,   3.427070, -60.579380,2026-05-08 05:53:00,NOAA-21,BOA VISTA,RORAIMA,Brasil,1400100,14,33,,,,Amazônia,1.5
fbd37102-1679-3aca-88f2-51751444287d,   2.903080, -60.368030,2026-05-08 05:53:00,NOAA-21,BONFIM,RORAIMA,Brasil,1400159,14,33,,,,Amazônia,1.3
a4152b11-ddb3-3e7d-bea2-a1d4190a658c,   3.254230, -61.195660,2026-05-08 05:53:00,NOAA-21,ALTO ALEGRE,RORAIMA,Brasil,1400050,14,33,,,,Amazônia,1.0
ca52284a-a713-3ba2-be3a-403a0ef95e8d,  -9.419180, -65.613230,2026-05-08 05:55:00,NOAA-21,LÁBREA,AMAZONAS,Brasil,1302405,13,33,,,,Amazônia,0.8
cb2f254d-66e8-319a-835a-e49e2db6a60c, -11.847180, -57.845230,2026-05-08 05:55:00,NOAA-21,JUARA,MATO GROSSO,Brasil,5105101,51,33,,,,Amazônia,1.5
a3d2f96b-ee7a-368f-8365-c7da5c06cb7c,  -7.778440, -63.406790,2026-05-08 05:55:00,NOAA-21,HUMAITÁ,AMAZONAS,Brasil,1301704,13,33,,,,Amazônia,1.2
c4169a2c-c3a1-3cb3-b62a-cca0acb34b8e,  -7.781470, -63.414710,2026-05-08 05:55:00,NOAA-21,HUMAITÁ,AMAZONAS,Brasil,1301704,13,33,,,,Amazônia,0.5
3982801b-dfb4-3f7e-a462-9da1b0621a04,  -9.247310, -60.334790,2026-05-08 05:55:00,NOAA-21,COLNIZA,MATO GROSSO,Brasil,5103254,51,33,,,,Amazônia,1.5
314e0c1b-435f-387b-a2ae-6a9990ec0e35, -14.318170, -57.735690,2026-05-08 05:57:00,NOAA-21,TANGARÁ DA SERRA,MATO GROSSO,Brasil,5107958,51,33,,,,Amazônia,2.3
cdda9e8b-c384-3c6a-9300-a81b481b087e,  -9.446800, -46.121100,2026-05-08 11:50:00,GOES-19,ALTO PARNAÍBA,MARANHÃO,Brasil,2100501,21,33,,,,Cerrado,85.4
5916f1db-09bf-326c-8fd2-fc65318cf57e,  -8.693300, -49.083300,2026-05-08 11:50:00,GOES-19,GOIANORTE,TOCANTINS,Brasil,1708304,17,33,,,,Cerrado,78.4
a4092880-80eb-3202-be56-e66e1317c2f4,  -8.693300, -49.083300,2026-05-08 12:00:00,GOES-19,GOIANORTE,TOCANTINS,Brasil,1708304,17,33,,,,Cerrado,96.5
549d9b63-3897-3191-82ac-2365a68899d1,  -9.446800, -46.121100,2026-05-08 12:00:00,GOES-19,ALTO PARNAÍBA,MARANHÃO,Brasil,2100501,21,33,,,,Cerrado,89.4
bb4195d5-5a92-3fd6-b4b9-480b5aa811a2,  -8.693100, -49.104900,2026-05-08 12:00:00,GOES-19,GOIANORTE,TOCANTINS,Brasil,1708304,17,33,,,,Cerrado,80.4
bc58bcf1-7d82-30ff-b025-e2a7e622ab8b,  -8.693300, -49.083300,2026-05-08 12:10:00,GOES-19,GOIANORTE,TOCANTINS,Brasil,1708304,17,33,,,,Cerrado,98.1
4e617e92-b7ed-33b1-8698-7cc2e67f32e8,  -9.446800, -46.121100,2026-05-08 12:10:00,GOES-19,ALTO PARNAÍBA,MARANHÃO,Brasil,2100501,21,33,,,,Cerrado,78.8
89ce9ed0-631b-36b5-aee3-e40f4ccfb097,  -8.693100, -49.104900,2026-05-08 12:10:00,GOES-19,GOIANORTE,TOCANTINS,Brasil,1708304,17,33,,,,Cerrado,93.3
8c9351e3-0660-393b-9489-98d0a36bb239,  -8.693300, -49.083300,2026-05-08 12:20:00,GOES-19,GOIANORTE,TOCANTINS,Brasil,1708304,17,33,,,,Cerrado,91.7
09849f52-f612-3b74-bfa1-32c482df36de,  -8.693300, -49.083300,2026-05-08 12:30:00,GOES-19,GOIANORTE,TOCANTINS,Brasil,1708304,17,33,,,,Cerrado,94.6
04e432b8-6bc0-35b3-ade4-28d24a9f937f,  -8.693100, -49.104900,2026-05-08 12:30:00,GOES-19,GOIANORTE,TOCANTINS,Brasil,1708304,17,33,,,,Cerrado,71.5
30f3c1c9-a0d2-3a79-9ebd-09381b667fe0,  -1.316720, -53.143370,2026-05-08 12:36:00,TERRA_M-T,ALMEIRIM,PARÁ,Brasil,1500503,15,33,,,,Amazônia,8.9
5611e8a9-ea0f-3a9c-af6b-d3cb66632a24, -12.354820, -50.012460,2026-05-08 12:38:00,TERRA_M-T,SANDOLÂNDIA,TOCANTINS,Brasil,1718840,17,33,,,,Cerrado,28.3
a7e97dd8-fcfd-3e90-9506-6f4f98553576, -11.203780, -55.914760,2026-05-08 12:38:00,TERRA_M-T,ITAÚBA,MATO GROSSO,Brasil,5104559,51,33,,,,Amazônia,7.9
e8561aed-4d43-3467-a779-728edefe9dba, -12.353880, -50.019280,2026-05-08 12:38:00,TERRA_M-T,SANDOLÂNDIA,TOCANTINS,Brasil,1718840,17,33,,,,Cerrado,31.4
35f1915c-54df-38e6-a7b1-969dac439321, -11.738010, -54.795570,2026-05-08 12:38:00,TERRA_M-T,CLÁUDIA,MATO GROSSO,Brasil,5103056,51,33,,,,Amazônia,13.7
4ad08897-49c4-39a8-b724-22ce5a3cc36f,  -8.695000, -49.078530,2026-05-08 12:38:00,TERRA_M-T,GOIANORTE,TOCANTINS,Brasil,1708304,17,33,,,,Cerrado,166.0
e97969ff-22f6-370e-9e9c-3a96c715e740,  -9.383350, -50.931370,2026-05-08 12:38:00,TERRA_M-T,SANTANA DO ARAGUAIA,PARÁ,Brasil,1506708,15,33,,,,Amazônia,13.4
727e16ec-8915-3ba1-9fa5-42cf78ad8781, -10.050080, -51.663410,2026-05-08 12:38:00,TERRA_M-T,VILA RICA,MATO GROSSO,Brasil,5108600,51,33,,,,Amazônia,13.3
3bbb7ff2-597e-3e10-822d-3e26c30c5a86, -12.421950, -49.668680,2026-05-08 12:38:00,TERRA_M-T,SANDOLÂNDIA,TOCANTINS,Brasil,1718840,17,33,,,,Cerrado,21.5
757d6181-664e-3023-a774-ecf1ba36e348,  -8.698500, -49.048910,2026-05-08 12:38:00,TERRA_M-T,GOIANORTE,TOCANTINS,Brasil,1708304,17,33,,,,Cerrado,27.1
7da0a8f8-57f3-3fc1-90d0-336db22569d3, -10.667540, -49.682470,2026-05-08 12:38:00,TERRA_M-T,LAGOA DA CONFUSÃO,TOCANTINS,Brasil,1711902,17,33,,,,Cerrado,22.5
0cdc77c1-a16f-3136-9f91-7f8b8ab51794,  -8.559150, -51.566940,2026-05-08 12:38:00,TERRA_M-T,CUMARU DO NORTE,PARÁ,Brasil,1502764,15,33,,,,Amazônia,19.2
1e99c681-d4e0-3363-8918-29ba31127056,  -8.697730, -49.072390,2026-05-08 12:38:00,TERRA_M-T,GOIANORTE,TOCANTINS,Brasil,1708304,17,33,,,,Cerrado,127.7
a2afc7fa-931e-371b-a065-37f7d6790db2, -10.668400, -49.677330,2026-05-08 12:38:00,TERRA_M-T,LAGOA DA CONFUSÃO,TOCANTINS,Brasil,1711902,17,33,,,,Cerrado,25.1
0fbd188f-261c-3830-b796-88919dc64628,  -8.548720, -51.572270,2026-05-08 12:38:00,TERRA_M-T,CUMARU DO NORTE,PARÁ,Brasil,1502764,15,33,,,,Amazônia,16.0
1d34a88b-c995-3ef6-95b2-a5dc50c6bdf9,  -9.385970, -50.909730,2026-05-08 12:38:00,TERRA_M-T,SANTANA DO ARAGUAIA,PARÁ,Brasil,1506708,15,33,,,,Amazônia,33.0
fa4c9006-359c-31bd-b186-07883976880b,  -9.405210, -50.680840,2026-05-08 12:38:00,TERRA_M-T,SANTANA DO ARAGUAIA,PARÁ,Brasil,1506708,15,33,,,,Amazônia,24.4
a4765bd3-8522-332a-a28e-cf7d16f1636f,  -8.694050, -49.101660,2026-05-08 12:38:00,TERRA_M-T,GOIANORTE,TOCANTINS,Brasil,1708304,17,33,,,,Cerrado,117.6
da8f86f1-4750-3e6f-a601-a7e2e352973a, -11.748180, -54.796870,2026-05-08 12:38:00,TERRA_M-T,CLÁUDIA,MATO GROSSO,Brasil,5103056,51,33,,,,Amazônia,10.5
db6ef8fb-512f-3656-aa12-b86a6cf94018, -11.309390, -54.721040,2026-05-08 12:38:00,TERRA_M-T,CLÁUDIA,MATO GROSSO,Brasil,5103056,51,33,,,,Amazônia,8.4
ca13dd38-3843-39d3-9a9b-41a6ebe1f20a, -11.803340, -56.992100,2026-05-08 12:38:00,TERRA_M-T,PORTO DOS GAÚCHOS,MATO GROSSO,Brasil,5106802,51,33,,,,Amazônia,7.9
4ce113cf-f164-3e83-93d4-8d9595ce89f8, -10.682520, -49.684250,2026-05-08 12:38:00,TERRA_M-T,LAGOA DA CONFUSÃO,TOCANTINS,Brasil,1711902,17,33,,,,Cerrado,23.3
efb9381a-10fd-384e-aa2a-0712ef2523f7,  -8.556690, -51.585560,2026-05-08 12:38:00,TERRA_M-T,CUMARU DO NORTE,PARÁ,Brasil,1502764,15,33,,,,Amazônia,20.8
fc81cc7c-a20b-3a2f-a374-412f062d4847,  -8.691530, -49.107880,2026-05-08 12:38:00,TERRA_M-T,GOIANORTE,TOCANTINS,Brasil,1708304,17,33,,,,Cerrado,72.3
227ffefc-11b0-3be6-b434-e74067ebc267, -10.926350, -55.141160,2026-05-08 12:38:00,TERRA_M-T,NOVA SANTA HELENA,MATO GROSSO,Brasil,5106190,51,33,,,,Amazônia,6.1
79e76067-3749-3af8-a380-789de1b56652, -11.293000, -54.767460,2026-05-08 12:38:00,TERRA_M-T,CLÁUDIA,MATO GROSSO,Brasil,5103056,51,33,,,,Amazônia,14.2
3e270092-ed2a-30dd-8dc3-a8b01155b418, -11.294550, -54.755580,2026-05-08 12:38:00,TERRA_M-T,CLÁUDIA,MATO GROSSO,Brasil,5103056,51,33,,,,Amazônia,31.4
0bc1aedd-5dbe-3af1-b57f-e5e3edfcca73,  -8.693300, -49.083300,2026-05-08 12:40:00,GOES-19,GOIANORTE,TOCANTINS,Brasil,1708304,17,33,,,,Cerrado,100.5
d07ef1b8-d02d-36da-8f43-a94317e087c9, -14.004460, -56.643930,2026-05-08 12:40:00,TERRA_M-T,DIAMANTINO,MATO GROSSO,Brasil,5103502,51,33,,,,Cerrado,13.7
a973f817-b85f-3a2d-ae89-b7573d47a514, -15.444750, -56.328840,2026-05-08 12:40:00,TERRA_M-T,VÁRZEA GRANDE,MATO GROSSO,Brasil,5108402,51,33,,,,Cerrado,7.9
f4d49305-eed0-354c-a57e-de837d02719f, -14.202380, -57.421600,2026-05-08 12:40:00,TERRA_M-T,NOVA MARILÂNDIA,MATO GROSSO,Brasil,5108857,51,33,,,,Amazônia,108.9
2ae735c4-3041-380a-991e-188cb4b42ac0, -14.005820, -56.633810,2026-05-08 12:40:00,TERRA_M-T,DIAMANTINO,MATO GROSSO,Brasil,5103502,51,33,,,,Cerrado,78.2
5595ea49-df3d-3175-89a9-0e64237249fb, -14.201050, -57.431180,2026-05-08 12:40:00,TERRA_M-T,NOVA MARILÂNDIA,MATO GROSSO,Brasil,5108857,51,33,,,,Amazônia,14.4
104761e2-f3f2-342c-8eeb-693785c0d05f, -14.007180, -56.623690,2026-05-08 12:40:00,TERRA_M-T,DIAMANTINO,MATO GROSSO,Brasil,5103502,51,33,,,,Cerrado,23.7
08730347-a27e-30dd-b6c1-133ce8da8cbb, -17.935660, -52.954810,2026-05-08 12:42:00,TERRA_M-T,MINEIROS,GOIÁS,Brasil,5213103,52,33,,,,Cerrado,25.5
746c07b4-8940-33e1-8e22-bba2323c6866,  -8.693300, -49.083300,2026-05-08 12:50:00,GOES-19,GOIANORTE,TOCANTINS,Brasil,1708304,17,33,,,,Cerrado,113.1
2029ab97-269e-38ac-b706-b3cf135582c5,  -8.693600, -49.061800,2026-05-08 13:00:00,GOES-19,GOIANORTE,TOCANTINS,Brasil,1708304,17,33,,,,Cerrado,75.1
25ce798f-f5f1-32d9-998e-01cebcdecdad,  -8.693300, -49.083300,2026-05-08 13:00:00,GOES-19,GOIANORTE,TOCANTINS,Brasil,1708304,17,33,,,,Cerrado,120.5
14877c4b-4c66-39e9-b6ac-72b974cade8c,  -9.446800, -46.121100,2026-05-08 13:00:00,GOES-19,ALTO PARNAÍBA,MARANHÃO,Brasil,2100501,21,33,,,,Cerrado,74.5
4c5f5452-1b63-3ba0-9423-f42a31cfb311,  -8.693600, -49.061800,2026-05-08 13:10:00,GOES-19,GOIANORTE,TOCANTINS,Brasil,1708304,17,33,,,,Cerrado,95.4
5648783f-7460-3c02-986c-937525f112bb, -14.011800, -56.621500,2026-05-08 13:10:00,GOES-19,DIAMANTINO,MATO GROSSO,Brasil,5103502,51,33,,,,Cerrado,65.7
0866bd3c-1380-33e6-be95-20623a9ed577,  -8.693300, -49.083300,2026-05-08 13:10:00,GOES-19,GOIANORTE,TOCANTINS,Brasil,1708304,17,33,,,,Cerrado,123.1
ec45b9ef-e70f-34c1-9fa1-3774ed414982,  -9.446800, -46.121100,2026-05-08 13:10:00,GOES-19,ALTO PARNAÍBA,MARANHÃO,Brasil,2100501,21,33,,,,Cerrado,88.2
ca944887-cec9-3dc3-ae19-863b49d51fe6,  -8.693300, -49.083300,2026-05-08 13:20:00,GOES-19,GOIANORTE,TOCANTINS,Brasil,1708304,17,33,,,,Cerrado,131.0
8e8a4ef2-4903-3bb1-811d-702fa48a2546,  -8.693600, -49.061800,2026-05-08 13:20:00,GOES-19,GOIANORTE,TOCANTINS,Brasil,1708304,17,33,,,,Cerrado,124.0
00e2c001-1047-3c2c-8f71-a979c6ccb412,  -9.446800, -46.121100,2026-05-08 13:20:00,GOES-19,ALTO PARNAÍBA,MARANHÃO,Brasil,2100501,21,33,,,,Cerrado,82.5
14bac545-3a10-3730-90aa-0ef35341467d, -14.011800, -56.621500,2026-05-08 13:20:00,GOES-19,DIAMANTINO,MATO GROSSO,Brasil,5103502,51,33,,,,Cerrado,70.1
88a0093d-f942-3153-bc04-e713c9e5e104, -14.011800, -56.621500,2026-05-08 13:30:00,GOES-19,DIAMANTINO,MATO GROSSO,Brasil,5103502,51,33,,,,Cerrado,75.4
b159be7b-de1d-3d8a-86ad-57946e4d5a3c,  -8.693300, -49.083300,2026-05-08 13:30:00,GOES-19,GOIANORTE,TOCANTINS,Brasil,1708304,17,33,,,,Cerrado,126.7
a3fc17c5-8f66-3916-b3a3-0bd47bf2c10f,  -9.446800, -46.121100,2026-05-08 13:30:00,GOES-19,ALTO PARNAÍBA,MARANHÃO,Brasil,2100501,21,33,,,,Cerrado,95.0
205d8016-e0e4-3294-8c5a-a1e250168219,  -8.693600, -49.061800,2026-05-08 13:30:00,GOES-19,GOIANORTE,TOCANTINS,Brasil,1708304,17,33,,,,Cerrado,128.4
4e7f0e9a-f58c-3868-b58b-084cb5e99645, -14.192600, -57.431800,2026-05-08 13:40:00,GOES-19,NOVA MARILÂNDIA,MATO GROSSO,Brasil,5108857,51,33,,,,Amazônia,95.7
145882a4-be2f-3853-a7ef-2f457da41a27,  -8.693600, -49.061800,2026-05-08 13:40:00,GOES-19,GOIANORTE,TOCANTINS,Brasil,1708304,17,33,,,,Cerrado,100.2
5f30090f-559d-3f8d-ae60-89beec96553e,  -8.693300, -49.083300,2026-05-08 13:40:00,GOES-19,GOIANORTE,TOCANTINS,Brasil,1708304,17,33,,,,Cerrado,131.6
dad6056f-273b-3064-8f8b-ac650f647d18, -14.192900, -57.411600,2026-05-08 13:40:00,GOES-19,NOVA MARILÂNDIA,MATO GROSSO,Brasil,5108857,51,33,,,,Amazônia,87.6
09c831c4-12e8-3f63-bbaf-97e04528af9d,  -9.446800, -46.121100,2026-05-08 13:40:00,GOES-19,ALTO PARNAÍBA,MARANHÃO,Brasil,2100501,21,33,,,,Cerrado,80.8
cc8876bf-de10-3911-9d30-1c366e95619d, -14.011500, -56.641800,2026-05-08 13:50:00,GOES-19,DIAMANTINO,MATO GROSSO,Brasil,5103502,51,33,,,,Cerrado,72.1
141d85a8-c148-3220-a650-6f839b7ecb52,  -9.446800, -46.121100,2026-05-08 13:50:00,GOES-19,ALTO PARNAÍBA,MARANHÃO,Brasil,2100501,21,33,,,,Cerrado,79.4
d3aebdc7-9cce-39b0-afa0-8cfe50058e8a, -13.992400, -56.643700,2026-05-08 13:50:00,GOES-19,DIAMANTINO,MATO GROSSO,Brasil,5103502,51,33,,,,Cerrado,67.6
d5b67307-6648-373f-ba82-646a4edef3bc, -13.992600, -56.623400,2026-05-08 13:50:00,GOES-19,DIAMANTINO,MATO GROSSO,Brasil,5103502,51,33,,,,Cerrado,72.5
bde70f7d-9242-33ed-a9fd-8c25a6ac55a9, -14.011800, -56.621500,2026-05-08 13:50:00,GOES-19,DIAMANTINO,MATO GROSSO,Brasil,5103502,51,33,,,,Cerrado,95.2
6558eccc-a881-31be-bb63-49decf28fac7, -14.192600, -57.431800,2026-05-08 13:50:00,GOES-19,NOVA MARILÂNDIA,MATO GROSSO,Brasil,5108857,51,33,,,,Amazônia,89.8
f5834d35-0e46-3f20-8868-2fe7e95eb179, -14.192900, -57.411600,2026-05-08 13:50:00,GOES-19,NOVA MARILÂNDIA,MATO GROSSO,Brasil,5108857,51,33,,,,Amazônia,98.7
65bd512f-b3f8-3a7d-95e9-20b515595ca8,  -9.446800, -46.121100,2026-05-08 14:00:00,GOES-19,ALTO PARNAÍBA,MARANHÃO,Brasil,2100501,21,33,,,,Cerrado,70.4
48be497f-ac4b-3795-bcb0-8c13953f750a, -14.011800, -56.621500,2026-05-08 14:00:00,GOES-19,DIAMANTINO,MATO GROSSO,Brasil,5103502,51,33,,,,Cerrado,170.8
fc8d556b-d83f-323a-9080-d92dadda3bda, -10.683500, -49.681800,2026-05-08 14:00:00,GOES-19,LAGOA DA CONFUSÃO,TOCANTINS,Brasil,1711902,17,33,,,,Cerrado,59.6
914dd6d0-2205-3747-957b-a1c338f95d1b, -14.011500, -56.641800,2026-05-08 14:00:00,GOES-19,DIAMANTINO,MATO GROSSO,Brasil,5103502,51,33,,,,Cerrado,88.0
930e5fa3-14ab-3da0-b669-c364735c1ae7, -10.351700, -46.420100,2026-05-08 14:00:00,GOES-19,MATEIROS,TOCANTINS,Brasil,1712702,17,33,,,,Cerrado,84.7
441eb846-b5c8-3b0e-b844-a00bcf1ca7a2, -13.992400, -56.643700,2026-05-08 14:10:00,GOES-19,DIAMANTINO,MATO GROSSO,Brasil,5103502,51,33,,,,Cerrado,81.7
17fece4c-2087-3f81-8285-51e675e42b3b, -14.192900, -57.411600,2026-05-08 14:10:00,GOES-19,NOVA MARILÂNDIA,MATO GROSSO,Brasil,5108857,51,33,,,,Amazônia,91.7
4f2dd231-bf62-39d9-aac9-bd878dcb6b5c, -14.011500, -56.641800,2026-05-08 14:10:00,GOES-19,DIAMANTINO,MATO GROSSO,Brasil,5103502,51,33,,,,Cerrado,92.8
31454c39-811d-3760-ac0d-2f2fbf9e981c, -13.992600, -56.623400,2026-05-08 14:10:00,GOES-19,DIAMANTINO,MATO GROSSO,Brasil,5103502,51,33,,,,Cerrado,99.2
031fdc10-01df-340d-9f50-72f9580c5ceb,  -9.446800, -46.121100,2026-05-08 14:10:00,GOES-19,ALTO PARNAÍBA,MARANHÃO,Brasil,2100501,21,33,,,,Cerrado,80.4
40f109d5-329b-33bc-b98d-6458535af5fc, -14.011800, -56.621500,2026-05-08 14:10:00,GOES-19,DIAMANTINO,MATO GROSSO,Brasil,5103502,51,33,,,,Cerrado,145.7
2bdfbb8e-af11-34be-8d6d-408a4e4467ec,  -9.446800, -46.121100,2026-05-08 14:20:00,GOES-19,ALTO PARNAÍBA,MARANHÃO,Brasil,2100501,21,33,,,,Cerrado,73.3
fcd01739-716b-347d-9254-1d2ed8b91e67,  -8.693600, -49.061800,2026-05-08 14:20:00,GOES-19,GOIANORTE,TOCANTINS,Brasil,1708304,17,33,,,,Cerrado,59.4
c325cddc-b9b8-3f7f-848a-02de818955e3, -13.992600, -56.623400,2026-05-08 14:20:00,GOES-19,DIAMANTINO,MATO GROSSO,Brasil,5103502,51,33,,,,Cerrado,119.7
e12bddcc-8c08-34a6-86e4-e870ddff9306, -14.011500, -56.641800,2026-05-08 14:20:00,GOES-19,DIAMANTINO,MATO GROSSO,Brasil,5103502,51,33,,,,Cerrado,88.3
4d68ac9f-d6ae-309a-8427-5aa0785f5b72, -13.992400, -56.643700,2026-05-08 14:20:00,GOES-19,DIAMANTINO,MATO GROSSO,Brasil,5103502,51,33,,,,Cerrado,80.1
aefaef53-bb2f-3596-b94f-215fd731c65f,  -9.407100, -50.684700,2026-05-08 14:20:00,GOES-19,SANTANA DO ARAGUAIA,PARÁ,Brasil,1506708,15,33,,,,Amazônia,60.6
36c3b272-aa32-3a0f-9cd9-1ac9fee3b072, -14.011800, -56.621500,2026-05-08 14:20:00,GOES-19,DIAMANTINO,MATO GROSSO,Brasil,5103502,51,33,,,,Cerrado,186.5
6ee41389-c4d2-352e-9344-c9bcf6921fe8, -14.011800, -56.621500,2026-05-08 14:30:00,GOES-19,DIAMANTINO,MATO GROSSO,Brasil,5103502,51,33,,,,Cerrado,244.8
38a6f56c-eddb-36f8-8c0b-f0399940ea39, -17.947500, -52.952400,2026-05-08 14:30:00,GOES-19,MINEIROS,GOIÁS,Brasil,5213103,52,33,,,,Cerrado,90.4
c5fb1802-3b0e-36e6-9382-fe283008a8c0, -12.350800, -50.026600,2026-05-08 14:30:00,GOES-19,SANDOLÂNDIA,TOCANTINS,Brasil,1718840,17,33,,,,Cerrado,57.1
b4802c95-5224-3f94-9719-5bc0431ade8c, -14.011500, -56.641800,2026-05-08 14:30:00,GOES-19,DIAMANTINO,MATO GROSSO,Brasil,5103502,51,33,,,,Cerrado,123.7
1af5c723-0fb1-3705-a7a2-8ae2335124fc,  -9.446800, -46.121100,2026-05-08 14:30:00,GOES-19,ALTO PARNAÍBA,MARANHÃO,Brasil,2100501,21,33,,,,Cerrado,67.8
ff0a4e50-7277-31a9-8a75-3045b9cf4ab6, -13.992600, -56.623400,2026-05-08 14:30:00,GOES-19,DIAMANTINO,MATO GROSSO,Brasil,5103502,51,33,,,,Cerrado,76.6
588b9cc8-12f3-3ab5-868d-66b3e61e3eaf, -13.992400, -56.643700,2026-05-08 14:30:00,GOES-19,DIAMANTINO,MATO GROSSO,Brasil,5103502,51,33,,,,Cerrado,67.9
91ebd962-3871-3cc0-9552-4bbef490b5d6,  -9.446800, -46.121100,2026-05-08 14:40:00,GOES-19,ALTO PARNAÍBA,MARANHÃO,Brasil,2100501,21,33,,,,Cerrado,70.3
f5aee892-0b5a-3c60-b918-b2ef1474c409, -10.893000, -49.594100,2026-05-08 14:40:00,GOES-19,LAGOA DA CONFUSÃO,TOCANTINS,Brasil,1711902,17,33,,,,Cerrado,55.1
1f3465bd-af36-3b7d-b2ce-29ca9ed4fc60, -13.992600, -56.623400,2026-05-08 14:40:00,GOES-19,DIAMANTINO,MATO GROSSO,Brasil,5103502,51,33,,,,Cerrado,82.0
bfbeca9c-6728-3725-bf7f-ed64312894aa, -14.011800, -56.621500,2026-05-08 14:40:00,GOES-19,DIAMANTINO,MATO GROSSO,Brasil,5103502,51,33,,,,Cerrado,280.4
32c3fb99-5d15-3da5-9355-7564335ce346, -14.011500, -56.641800,2026-05-08 14:40:00,GOES-19,DIAMANTINO,MATO GROSSO,Brasil,5103502,51,33,,,,Cerrado,129.4
e0476c37-687d-31dc-b157-94b187b85a5e,  -8.693600, -49.061800,2026-05-08 14:40:00,GOES-19,GOIANORTE,TOCANTINS,Brasil,1708304,17,33,,,,Cerrado,64.2
7bc1c408-2bda-389f-a928-febaa948c38c,  -8.693300, -49.083300,2026-05-08 14:40:00,GOES-19,GOIANORTE,TOCANTINS,Brasil,1708304,17,33,,,,Cerrado,78.2
f9376e32-0289-34b5-8c25-ce2c52f0c353, -17.947500, -52.952400,2026-05-08 14:40:00,GOES-19,MINEIROS,GOIÁS,Brasil,5213103,52,33,,,,Cerrado,95.3
f83d13fd-c908-30e9-bbf8-5bbcf566241d, -13.992400, -56.643700,2026-05-08 14:40:00,GOES-19,DIAMANTINO,MATO GROSSO,Brasil,5103502,51,33,,,,Cerrado,63.7
e43c4e62-feab-3464-a2d4-bd2f053631a7, -13.992400, -56.643700,2026-05-08 14:50:00,GOES-19,DIAMANTINO,MATO GROSSO,Brasil,5103502,51,33,,,,Cerrado,81.2
bbc2318c-19ec-32eb-b955-4d79f16e1301, -14.011800, -56.621500,2026-05-08 14:50:00,GOES-19,DIAMANTINO,MATO GROSSO,Brasil,5103502,51,33,,,,Cerrado,268.5
235acd1f-072c-3b35-ab86-0c9bbc85c765,  -8.693300, -49.083300,2026-05-08 14:50:00,GOES-19,GOIANORTE,TOCANTINS,Brasil,1708304,17,33,,,,Cerrado,69.0
58ff8b80-4ce0-37b7-8f4e-5b05e15273a8,  -9.446800, -46.121100,2026-05-08 14:50:00,GOES-19,ALTO PARNAÍBA,MARANHÃO,Brasil,2100501,21,33,,,,Cerrado,78.7
38ac5e2f-8c5f-3e74-a2f0-9b44e02b7095, -13.992600, -56.623400,2026-05-08 14:50:00,GOES-19,DIAMANTINO,MATO GROSSO,Brasil,5103502,51,33,,,,Cerrado,114.9
b3c59c61-860b-3562-a278-4ec675d10f6e,  -8.693600, -49.061800,2026-05-08 14:50:00,GOES-19,GOIANORTE,TOCANTINS,Brasil,1708304,17,33,,,,Cerrado,57.4
95515b4a-fa54-307d-9e23-ab57126a674e, -12.350800, -50.026600,2026-05-08 14:50:00,GOES-19,SANDOLÂNDIA,TOCANTINS,Brasil,1718840,17,33,,,,Cerrado,54.8
e35cc1f6-3218-3dbd-a168-786a80b6cd85, -11.936600, -49.688500,2026-05-08 15:00:00,GOES-19,FORMOSO DO ARAGUAIA,TOCANTINS,Brasil,1708205,17,33,,,,Cerrado,64.5
ef387cbe-3c86-3cdc-84b3-ba28d9956422,  -9.446800, -46.121100,2026-05-08 15:00:00,GOES-19,ALTO PARNAÍBA,MARANHÃO,Brasil,2100501,21,33,,,,Cerrado,66.2
144ecede-9936-3d60-b38f-198cfbe81099, -12.350800, -50.026600,2026-05-08 15:00:00,GOES-19,SANDOLÂNDIA,TOCANTINS,Brasil,1718840,17,33,,,,Cerrado,60.4
d271cb68-9d23-36b7-98d2-860696611729,  -8.693300, -49.083300,2026-05-08 15:00:00,GOES-19,GOIANORTE,TOCANTINS,Brasil,1708304,17,33,,,,Cerrado,64.2
428e856a-197f-3f5f-916b-38efcf7f5062, -14.011800, -56.621500,2026-05-08 15:00:00,GOES-19,DIAMANTINO,MATO GROSSO,Brasil,5103502,51,33,,,,Cerrado,246.1
f8b13c2d-5fce-3a1e-b689-2f7414f7cc8f,  -8.693300, -49.083300,2026-05-08 15:10:00,GOES-19,GOIANORTE,TOCANTINS,Brasil,1708304,17,33,,,,Cerrado,68.2
578c46d3-87c0-3395-892b-3fe28556ace0, -14.011800, -56.621500,2026-05-08 15:10:00,GOES-19,DIAMANTINO,MATO GROSSO,Brasil,5103502,51,33,,,,Cerrado,276.4
76b108a8-4af9-30d6-ba5c-b45276af3888, -12.350800, -50.026600,2026-05-08 15:10:00,GOES-19,SANDOLÂNDIA,TOCANTINS,Brasil,1718840,17,33,,,,Cerrado,62.8
9ece0ff2-d44e-3aaf-97c3-f18fc13d2d06,  -9.446800, -46.121100,2026-05-08 15:10:00,GOES-19,ALTO PARNAÍBA,MARANHÃO,Brasil,2100501,21,33,,,,Cerrado,61.9
fc9a8b3f-bf85-32bc-93f2-8e1f1f76b803,  -8.693300, -49.083300,2026-05-08 15:20:00,GOES-19,GOIANORTE,TOCANTINS,Brasil,1708304,17,33,,,,Cerrado,62.2
83e7c90f-5156-39be-88c0-76337f51f94d, -17.947500, -52.952400,2026-05-08 15:20:00,GOES-19,MINEIROS,GOIÁS,Brasil,5213103,52,33,,,,Cerrado,98.2
29aa039c-b45b-362c-a2ac-746539c1f6c0,  -9.446800, -46.121100,2026-05-08 15:30:00,GOES-19,ALTO PARNAÍBA,MARANHÃO,Brasil,2100501,21,33,,,,Cerrado,69.1
4eade128-1270-3f7d-98cc-d283468791a4,  -8.693300, -49.083300,2026-05-08 15:30:00,GOES-19,GOIANORTE,TOCANTINS,Brasil,1708304,17,33,,,,Cerrado,58.4
26191a3d-0384-3748-8710-2fdb343ae8c9,  -9.446800, -46.121100,2026-05-08 15:40:00,GOES-19,ALTO PARNAÍBA,MARANHÃO,Brasil,2100501,21,33,,,,Cerrado,62.8
4c109ace-37b0-3918-9619-a30281c8bfa0, -12.878700, -49.329100,2026-05-08 15:50:00,GOES-19,ARAGUAÇU,TOCANTINS,Brasil,1702000,17,33,,,,Cerrado,58.1
9747cbc7-db55-38dc-aa24-3b380756191d, -22.551800, -42.155160,2026-05-08 15:58:00,NOAA-20,CABO FRIO,RIO DE JANEIRO,Brasil,3300704,33,33,,,,Mata Atlântica,10.1
d12f8ca2-af58-3094-a634-8a9599893a8f, -22.556650, -42.154610,2026-05-08 15:58:00,NOAA-20,CABO FRIO,RIO DE JANEIRO,Brasil,3300704,33,33,,,,Mata Atlântica,10.1
bf683a4a-34ee-3683-a02c-8831e3d79ac9, -20.248670, -40.410560,2026-05-08 15:58:00,NOAA-20,CARIACICA,ESPÍRITO SANTO,Brasil,3201308,32,33,,,,Mata Atlântica,6.8
459e315d-e393-37fa-add6-5cbd2a8dd501, -21.522880, -43.501460,2026-05-08 15:58:00,NOAA-20,EWBANK DA CÂMARA,MINAS GERAIS,Brasil,3125002,31,33,,,,Mata Atlântica,4.5
ce5a9001-4b8e-3f1a-97c5-9af0e681bf50, -22.553380, -42.157340,2026-05-08 15:58:00,NOAA-20,CABO FRIO,RIO DE JANEIRO,Brasil,3300704,33,33,,,,Mata Atlântica,13.3
4b6bf6a8-508e-3f9f-9fd0-7ec5801a99f3, -22.558240, -42.156770,2026-05-08 15:58:00,NOAA-20,CABO FRIO,RIO DE JANEIRO,Brasil,3300704,33,33,,,,Mata Atlântica,13.3
79633785-fbce-38fc-93dd-ae05655e3fe4, -21.523240, -43.500880,2026-05-08 15:58:00,NOAA-20,EWBANK DA CÂMARA,MINAS GERAIS,Brasil,3125002,31,33,,,,Mata Atlântica,4.6
ab5cc9b3-c925-34a9-ad52-53365bf1a6a4, -21.112970, -43.752490,2026-05-08 15:58:00,NOAA-20,RESSAQUINHA,MINAS GERAIS,Brasil,3154408,31,33,,,,Mata Atlântica,3.6
06edecd6-5ecb-31a5-ba70-74b8954e49b0, -20.775050, -43.617180,2026-05-08 15:58:00,NOAA-20,SANTANA DOS MONTES,MINAS GERAIS,Brasil,3159100,31,33,,,,Mata Atlântica,14.2
96f37155-ead4-35de-9466-7fe176ae3694, -22.557210, -42.160320,2026-05-08 15:58:00,NOAA-20,CABO FRIO,RIO DE JANEIRO,Brasil,3300704,33,33,,,,Mata Atlântica,10.1
3c9b0d2f-3d74-3f6a-99c7-e13ff4737db5, -14.011500, -56.641800,2026-05-08 16:00:00,GOES-19,DIAMANTINO,MATO GROSSO,Brasil,5103502,51,33,,,,Cerrado,92.5
5304c30f-b4de-390b-8dd4-c45abe97872f, -15.248150, -43.797780,2026-05-08 16:01:00,NOAA-20,JAÍBA,MINAS GERAIS,Brasil,3135050,31,33,,,,Cerrado,3.4
f8728999-e6b9-38df-9b0a-b1cf9c475782, -20.087170, -47.780170,2026-05-08 16:01:00,NOAA-20,ARAMINA,SÃO PAULO,Brasil,3503000,35,33,,,,Cerrado,14.3
5e8f6b8e-109d-324b-8835-c88c58acf295, -18.733440, -46.914990,2026-05-08 16:01:00,NOAA-20,PATROCÍNIO,MINAS GERAIS,Brasil,3148103,31,33,,,,Cerrado,7.5
7b37efa6-2303-3454-a55c-f22134a7ea18, -19.460570, -40.856400,2026-05-08 16:01:00,NOAA-20,COLATINA,ESPÍRITO SANTO,Brasil,3201506,32,33,,,,Mata Atlântica,3.8
ce824d8d-d0b6-347e-aee4-0a9dad8b484a, -16.987720, -47.307900,2026-05-08 16:01:00,NOAA-20,CRISTALINA,GOIÁS,Brasil,5206206,52,33,,,,Cerrado,6.9
55150463-f26e-3967-bd88-21021f39d735, -18.624310, -45.131420,2026-05-08 16:01:00,NOAA-20,FELIXLÂNDIA,MINAS GERAIS,Brasil,3125705,31,33,,,,Cerrado,10.0
35fbb347-0662-3cf4-8678-a34af92a003f, -16.356180, -43.877030,2026-05-08 16:01:00,NOAA-20,MONTES CLAROS,MINAS GERAIS,Brasil,3143302,31,33,,,,Cerrado,10.3
8108ce58-d40c-3a62-8822-46b7af847c6a, -15.853790, -46.532620,2026-05-08 16:01:00,NOAA-20,UNAÍ,MINAS GERAIS,Brasil,3170404,31,33,,,,Cerrado,4.7
99371a0b-3719-3fee-a24a-b1bad430283c, -19.351600, -47.824150,2026-05-08 16:01:00,NOAA-20,UBERABA,MINAS GERAIS,Brasil,3170107,31,33,,,,Cerrado,3.6
88060dd6-30d8-3965-b4f3-935d78a0dde2, -19.048650, -47.051870,2026-05-08 16:01:00,NOAA-20,PATROCÍNIO,MINAS GERAIS,Brasil,3148103,31,33,,,,Cerrado,3.8
c412fd7c-de38-312e-8385-9109aab53940, -15.923100, -43.730060,2026-05-08 16:01:00,NOAA-20,SÃO JOÃO DA PONTE,MINAS GERAIS,Brasil,3162401,31,33,,,,Cerrado,4.2
c027fc19-0bb3-3db8-9c57-f000eeaed799, -18.622830, -45.130990,2026-05-08 16:01:00,NOAA-20,FELIXLÂNDIA,MINAS GERAIS,Brasil,3125705,31,33,,,,Cerrado,6.6
e4df3ed7-2b2e-35f9-8826-10940514c72c, -14.787550, -42.627850,2026-05-08 16:01:00,NOAA-20,URANDI,BAHIA,Brasil,2932606,29,33,,,,Cerrado,8.3
6f8fad53-c36d-3f02-a579-b7a8d1109afe, -16.356120, -43.878010,2026-05-08 16:01:00,NOAA-20,MONTES CLAROS,MINAS GERAIS,Brasil,3143302,31,33,,,,Cerrado,7.7
a6a59b32-dc66-3a76-aa51-fcad198dda11, -14.135910, -42.638770,2026-05-08 16:01:00,NOAA-20,GUANAMBI,BAHIA,Brasil,2911709,29,33,,,,Caatinga,2.4
f78662af-f8c0-3f05-aae3-530104eca0c1, -18.581490, -45.211460,2026-05-08 16:01:00,NOAA-20,TRÊS MARIAS,MINAS GERAIS,Brasil,3169356,31,33,,,,Cerrado,2.8
4f9c5e7e-4a62-39c4-b05c-abb3c31eeba8, -14.369820, -41.581260,2026-05-08 16:01:00,NOAA-20,BRUMADO,BAHIA,Brasil,2904605,29,33,,,,Caatinga,2.8
b6c84316-a0ec-314a-8446-3917634be8a3, -15.926450, -43.732220,2026-05-08 16:01:00,NOAA-20,SÃO JOÃO DA PONTE,MINAS GERAIS,Brasil,3162401,31,33,,,,Cerrado,3.6
cd4a601c-d82c-3792-9518-e4c057efce56, -17.602030, -44.613670,2026-05-08 16:01:00,NOAA-20,VÁRZEA DA PALMA,MINAS GERAIS,Brasil,3170800,31,33,,,,Cerrado,3.1
e8d2ae92-0d8f-35cb-9c9d-2018111d624b, -14.726620, -42.728950,2026-05-08 16:01:00,NOAA-20,URANDI,BAHIA,Brasil,2932606,29,33,,,,Caatinga,11.6
a9bac3d7-5365-3529-aad7-7ac10777545b, -14.724980, -42.727700,2026-05-08 16:01:00,NOAA-20,URANDI,BAHIA,Brasil,2932606,29,33,,,,Caatinga,8.5
00ccf8ec-2486-30bb-9ebe-8b7faf8371fc,  -8.881040, -50.051440,2026-05-08 16:03:00,NOAA-20,SANTA MARIA DAS BARREIRAS,PARÁ,Brasil,1506583,15,33,,,,Amazônia,6.7
c88129ba-f2f5-3caa-8742-929c3aab66b4, -10.367360, -49.907020,2026-05-08 16:03:00,NOAA-20,PIUM,TOCANTINS,Brasil,1717503,17,33,,,,Cerrado,14.2
ae7dca93-a4af-3b11-a3f4-9fec47a28052, -10.480190, -46.548260,2026-05-08 16:03:00,NOAA-20,MATEIROS,TOCANTINS,Brasil,1712702,17,33,,,,Cerrado,50.9
ff697fd7-470b-31fc-b513-418b557e8f44, -13.317920, -43.611480,2026-05-08 16:03:00,NOAA-20,SERRA DO RAMALHO,BAHIA,Brasil,2930154,29,33,,,,Cerrado,2.5
a77ed503-dffa-3a2d-a353-6fef51a1f010, -10.467340, -46.535570,2026-05-08 16:03:00,NOAA-20,MATEIROS,TOCANTINS,Brasil,1712702,17,33,,,,Cerrado,5.0
a647c264-76c6-3a20-84be-c906e9521a9f, -10.384970, -46.412800,2026-05-08 16:03:00,NOAA-20,MATEIROS,TOCANTINS,Brasil,1712702,17,33,,,,Cerrado,6.5
d372f29c-fea7-3f1c-a603-b83e36a42aea,  -8.694210, -49.097650,2026-05-08 16:03:00,NOAA-20,GOIANORTE,TOCANTINS,Brasil,1708304,17,33,,,,Cerrado,7.3
8487e84f-4cc9-308c-9911-a1a250951c4d, -13.481550, -48.917450,2026-05-08 16:03:00,NOAA-20,SANTA TEREZA DE GOIÁS,GOIÁS,Brasil,5219605,52,33,,,,Cerrado,9.4
18016f8b-2610-3d4d-9ea5-8d0e6c707f3a, -12.498940, -45.429400,2026-05-08 16:03:00,NOAA-20,SÃO DESIDÉRIO,BAHIA,Brasil,2928901,29,33,,,,Cerrado,23.6
575af0e5-6da1-3f81-857e-a4e31f8cd3ea, -10.876180, -49.693150,2026-05-08 16:03:00,NOAA-20,LAGOA DA CONFUSÃO,TOCANTINS,Brasil,1711902,17,33,,,,Cerrado,20.8
aec93b15-1908-33b6-a54a-a4f5aadd43f3, -13.790710, -47.372590,2026-05-08 16:03:00,NOAA-20,CAVALCANTE,GOIÁS,Brasil,5205307,52,33,,,,Cerrado,11.2
13fb8beb-1274-3ed7-9469-164806d38fe7, -10.391600, -46.959410,2026-05-08 16:03:00,NOAA-20,MATEIROS,TOCANTINS,Brasil,1712702,17,33,,,,Cerrado,5.4
f54a28c5-224c-39cc-8737-6887cefc48fe,  -9.402200, -44.678720,2026-05-08 16:03:00,NOAA-20,REDENÇÃO DO GURGUÉIA,PIAUÍ,Brasil,2208700,22,33,,,,Cerrado,5.2
d1cb9909-af70-378f-ad9d-7a8713830165, -13.791160, -47.365960,2026-05-08 16:03:00,NOAA-20,CAVALCANTE,GOIÁS,Brasil,5205307,52,33,,,,Cerrado,12.0
deddf217-c860-3374-958d-5514456950f4,  -6.791330, -45.315730,2026-05-08 16:03:00,NOAA-20,LORETO,MARANHÃO,Brasil,2106102,21,33,,,,Cerrado,10.2
ccacfeb4-d35e-3e13-9ca2-14b13211f8d5,  -7.402700, -42.582940,2026-05-08 16:03:00,NOAA-20,SÃO JOSÉ DO PEIXE,PIAUÍ,Brasil,2210102,22,33,,,,Caatinga,2.6
cf88cfdb-5d7e-35ed-8feb-9285c3387825, -10.385950, -46.960350,2026-05-08 16:03:00,NOAA-20,MATEIROS,TOCANTINS,Brasil,1712702,17,33,,,,Cerrado,5.4
1e60ee3e-f022-31fb-bc80-bb242ab787bc, -10.368760, -49.919460,2026-05-08 16:03:00,NOAA-20,PIUM,TOCANTINS,Brasil,1717503,17,33,,,,Cerrado,11.5
7333cea1-98b8-322a-ba0c-b0dffe09ea09, -10.479750, -46.544840,2026-05-08 16:03:00,NOAA-20,MATEIROS,TOCANTINS,Brasil,1712702,17,33,,,,Cerrado,22.6
2a555ff3-345b-394d-85fd-9ff8de648b5f,  -6.983070, -42.874430,2026-05-08 16:03:00,NOAA-20,FLORIANO,PIAUÍ,Brasil,2203909,22,33,,,,Caatinga,7.6
1c7a87fe-6357-3507-9f50-e29c7e02b244, -13.008500, -42.466390,2026-05-08 16:03:00,NOAA-20,MACAÚBAS,BAHIA,Brasil,2919801,29,33,,,,Caatinga,3.7
a5520aa1-70f8-3840-b3ab-5538bfc1c073,  -7.016870, -47.076670,2026-05-08 16:03:00,NOAA-20,ESTREITO,MARANHÃO,Brasil,2104057,21,33,,,,Cerrado,4.8
a4d5cd5c-68df-3fbc-9263-dc81a96f57fa, -10.393030, -46.970910,2026-05-08 16:03:00,NOAA-20,MATEIROS,TOCANTINS,Brasil,1712702,17,33,,,,Cerrado,12.8
46f0238c-0da8-34d7-86aa-15b493fd5a20, -10.387870, -46.975800,2026-05-08 16:03:00,NOAA-20,MATEIROS,TOCANTINS,Brasil,1712702,17,33,,,,Cerrado,29.3
97154d4f-0f58-37b3-bc5c-03bbe5838c1a,  -7.169210, -46.951050,2026-05-08 16:03:00,NOAA-20,CAROLINA,MARANHÃO,Brasil,2102804,21,33,,,,Cerrado,11.3
0bb8ef01-88c4-3541-bc05-dc07ebc9d9d0, -11.423260, -47.090100,2026-05-08 16:03:00,NOAA-20,ALMAS,TOCANTINS,Brasil,1700400,17,33,,,,Cerrado,5.7
6493bb40-0f61-3a33-8cb3-176ab5e4de36,  -9.406950, -50.676040,2026-05-08 16:03:00,NOAA-20,SANTANA DO ARAGUAIA,PARÁ,Brasil,1506708,15,33,,,,Amazônia,10.9
40dc24f7-a422-3a35-8c19-c0e8b5829f88, -10.479190, -46.540340,2026-05-08 16:03:00,NOAA-20,MATEIROS,TOCANTINS,Brasil,1712702,17,33,,,,Cerrado,18.6
c1ceb360-2b04-3f2b-9100-af2871cccd8a,  -8.704230, -49.075350,2026-05-08 16:03:00,NOAA-20,GOIANORTE,TOCANTINS,Brasil,1708304,17,33,,,,Cerrado,19.4
1f64835c-06cc-3a9c-9e26-c3f35d5d7eda,  -9.471600, -46.778300,2026-05-08 16:03:00,NOAA-20,LIZARDA,TOCANTINS,Brasil,1712405,17,33,,,,Cerrado,3.6
4ffcc2bc-613e-3106-9b28-3d3a27ed6e33, -10.875490, -49.687040,2026-05-08 16:03:00,NOAA-20,LAGOA DA CONFUSÃO,TOCANTINS,Brasil,1711902,17,33,,,,Cerrado,19.7
1c751d7b-8046-3932-9e71-bc055d0dbc77, -10.374040, -49.916980,2026-05-08 16:03:00,NOAA-20,PIUM,TOCANTINS,Brasil,1717503,17,33,,,,Cerrado,11.3
773d74bf-e385-3b09-8b7e-4ed151ef1f69, -10.356330, -46.412670,2026-05-08 16:03:00,NOAA-20,MATEIROS,TOCANTINS,Brasil,1712702,17,33,,,,Cerrado,3.8
5b5553c8-efdf-3408-bc0c-69ff66980aaf,  -7.375460, -38.059720,2026-05-08 16:03:00,NOAA-20,SANTANA DOS GARROTES,PARAÍBA,Brasil,2513604,25,33,,,,Caatinga,5.1
8ae327be-00ca-3662-b928-4959250a0d4c, -10.881480, -49.618500,2026-05-08 16:03:00,NOAA-20,LAGOA DA CONFUSÃO,TOCANTINS,Brasil,1711902,17,33,,,,Cerrado,13.9
b537b6f6-bc4c-3fc3-8f22-ae00c44b71e3,  -8.697200, -49.070960,2026-05-08 16:03:00,NOAA-20,GOIANORTE,TOCANTINS,Brasil,1708304,17,33,,,,Cerrado,12.8
b462589a-1910-3a26-83b4-4dfbec3e55f0, -10.474240, -46.545620,2026-05-08 16:03:00,NOAA-20,MATEIROS,TOCANTINS,Brasil,1712702,17,33,,,,Cerrado,22.6
c6de0eb3-1715-3ea4-9292-b56a1906c724, -10.862640, -49.694750,2026-05-08 16:03:00,NOAA-20,LAGOA DA CONFUSÃO,TOCANTINS,Brasil,1711902,17,33,,,,Cerrado,6.9
e74efedc-f103-3a2c-8a97-c89873848896, -11.203520, -38.609100,2026-05-08 16:03:00,NOAA-20,NOVA SOURE,BAHIA,Brasil,2922904,29,33,,,,Caatinga,1.9
aaf07cbd-ed44-3184-bda0-db5d4c0f2021, -10.368060, -49.913220,2026-05-08 16:03:00,NOAA-20,PIUM,TOCANTINS,Brasil,1717503,17,33,,,,Cerrado,11.5
3317f0a7-705a-35c4-a22c-714fe2ebe7b5,  -8.693880, -49.072910,2026-05-08 16:03:00,NOAA-20,GOIANORTE,TOCANTINS,Brasil,1708304,17,33,,,,Cerrado,9.1
f633662c-12cf-3d29-96a6-8732870d98be, -11.791720, -49.736480,2026-05-08 16:03:00,NOAA-20,FORMOSO DO ARAGUAIA,TOCANTINS,Brasil,1708205,17,33,,,,Cerrado,21.2
62c939b0-d162-3ee6-89ef-e36f39154a8c, -12.184450, -45.730010,2026-05-08 16:03:00,NOAA-20,LUÍS EDUARDO MAGALHÃES,BAHIA,Brasil,2919553,29,33,,,,Cerrado,5.5
80e50dcb-3e46-38a7-b1c3-9b67d3fea3aa, -13.313200, -43.612090,2026-05-08 16:03:00,NOAA-20,SERRA DO RAMALHO,BAHIA,Brasil,2930154,29,33,,,,Cerrado,8.6
6c8070c3-e7d5-32f3-875b-793d00d27078, -10.367960, -49.923990,2026-05-08 16:03:00,NOAA-20,PIUM,TOCANTINS,Brasil,1717503,17,33,,,,Cerrado,16.3
5d0707d7-0ee6-3cff-a7a5-0d4134b5c9c8,  -8.699900, -49.091690,2026-05-08 16:03:00,NOAA-20,GOIANORTE,TOCANTINS,Brasil,1708304,17,33,,,,Cerrado,7.3
c8698087-bf29-364e-b0f3-3e7f5dd4548f, -10.384520, -46.409150,2026-05-08 16:03:00,NOAA-20,MATEIROS,TOCANTINS,Brasil,1712702,17,33,,,,Cerrado,5.1
3f2a1cf3-523d-3f15-83c3-8b2a2b7300c6,  -8.690870, -49.071860,2026-05-08 16:03:00,NOAA-20,GOIANORTE,TOCANTINS,Brasil,1708304,17,33,,,,Cerrado,10.8
24c75ecb-04bf-355a-a9c6-63834ee76142,  -8.696410, -49.093610,2026-05-08 16:03:00,NOAA-20,GOIANORTE,TOCANTINS,Brasil,1708304,17,33,,,,Cerrado,19.3
51b3f246-8971-35f6-8a7e-83dabe58fd1b, -12.499330, -45.432700,2026-05-08 16:03:00,NOAA-20,SÃO DESIDÉRIO,BAHIA,Brasil,2928901,29,33,,,,Cerrado,23.6
5acd3973-7b3e-3037-ba98-aab87c131f75,  -9.301100, -48.586830,2026-05-08 16:03:00,NOAA-20,RIO DOS BOIS,TOCANTINS,Brasil,1718709,17,33,,,,Cerrado,6.2
ae71f6e9-f782-3b31-b30b-3e4a1ccc7cfa, -13.336800, -42.584500,2026-05-08 16:03:00,NOAA-20,BOTUPORÃ,BAHIA,Brasil,2904209,29,33,,,,Caatinga,6.2
5551d8e9-5622-3105-a02c-17e1db9d8057, -10.369470, -49.925700,2026-05-08 16:03:00,NOAA-20,PIUM,TOCANTINS,Brasil,1717503,17,33,,,,Cerrado,19.6
5a095cf4-3698-30e8-86c9-2b8db57d5e80, -11.824430, -47.336350,2026-05-08 16:03:00,NOAA-20,ALMAS,TOCANTINS,Brasil,1700400,17,33,,,,Cerrado,10.6
8c944850-8a2b-30c3-91d3-9dd5f5b65e5d,  -9.395640, -48.344750,2026-05-08 16:03:00,NOAA-20,TOCANTÍNIA,TOCANTINS,Brasil,1721109,17,33,,,,Cerrado,4.8
9f08af85-716e-3e32-b171-0e7ca85b7f54,  -8.693530, -49.092420,2026-05-08 16:03:00,NOAA-20,GOIANORTE,TOCANTINS,Brasil,1708304,17,33,,,,Cerrado,9.7
be422f23-4b61-3389-8ad6-20e2df7ad629, -10.479620, -46.543910,2026-05-08 16:03:00,NOAA-20,MATEIROS,TOCANTINS,Brasil,1712702,17,33,,,,Cerrado,18.6
d493f1cb-4987-3d4f-9e9f-9014edd04d81, -11.423420, -47.087760,2026-05-08 16:03:00,NOAA-20,ALMAS,TOCANTINS,Brasil,1700400,17,33,,,,Cerrado,7.4
fcc6ae18-9392-3dea-8ab5-3f4b3ece3ff4, -11.790110, -49.727960,2026-05-08 16:03:00,NOAA-20,FORMOSO DO ARAGUAIA,TOCANTINS,Brasil,1708205,17,33,,,,Cerrado,10.4
dfd73b63-be1b-3336-90d6-d2f64225212b, -14.139940, -45.383590,2026-05-08 16:03:00,NOAA-20,JABORANDI,BAHIA,Brasil,2917359,29,33,,,,Cerrado,5.6
873e75ca-05cf-3f43-b0d9-e137c4dc832e,  -9.456150, -46.101640,2026-05-08 16:03:00,NOAA-20,ALTO PARNAÍBA,MARANHÃO,Brasil,2100501,21,33,,,,Cerrado,2.8
0a5b4043-93c1-3fef-aee7-5125c5085b12,  -9.067420, -37.292590,2026-05-08 16:03:00,NOAA-20,ITAÍBA,PERNAMBUCO,Brasil,2607505,26,33,,,,Caatinga,3.8
5ccb2025-2e76-3f5b-9389-d9ee25b608ad, -10.366480, -49.911560,2026-05-08 16:03:00,NOAA-20,PIUM,TOCANTINS,Brasil,1717503,17,33,,,,Cerrado,10.4
f8043b57-bea2-3021-bada-b4721e7b9b30,  -8.942350, -45.691040,2026-05-08 16:03:00,NOAA-20,SANTA FILOMENA,PIAUÍ,Brasil,2209203,22,33,,,,Cerrado,5.0
05310f2b-f594-3fcb-a16d-55d4d73be9fc, -10.364360, -46.426110,2026-05-08 16:03:00,NOAA-20,MATEIROS,TOCANTINS,Brasil,1712702,17,33,,,,Cerrado,9.9
1b95bdd4-316d-3fb4-b51e-24a604099e9a, -10.251300, -47.398860,2026-05-08 16:03:00,NOAA-20,LAGOA DO TOCANTINS,TOCANTINS,Brasil,1711951,17,33,,,,Cerrado,8.8
53950593-d500-3e3e-b49b-da43483f1a18, -10.257110, -47.398020,2026-05-08 16:03:00,NOAA-20,LAGOA DO TOCANTINS,TOCANTINS,Brasil,1711951,17,33,,,,Cerrado,8.8
f1b8263a-3b0d-3bd8-85d4-2c2143e6cf26, -11.797680, -49.733520,2026-05-08 16:03:00,NOAA-20,FORMOSO DO ARAGUAIA,TOCANTINS,Brasil,1708205,17,33,,,,Cerrado,11.7
2b081baa-64c1-373f-8e0f-24baf77b9647, -10.894280, -49.610890,2026-05-08 16:03:00,NOAA-20,LAGOA DA CONFUSÃO,TOCANTINS,Brasil,1711902,17,33,,,,Cerrado,9.7
b3dd1f14-be09-3f14-9f24-fc5fc34fa9c3,  -8.398660, -46.230160,2026-05-08 16:03:00,NOAA-20,BALSAS,MARANHÃO,Brasil,2101400,21,33,,,,Cerrado,8.9
0c33d74d-f3e8-31e6-9a47-99db61ce32ac,  -8.693240, -49.067720,2026-05-08 16:03:00,NOAA-20,GOIANORTE,TOCANTINS,Brasil,1708304,17,33,,,,Cerrado,9.1
f668d6b4-ea60-32b3-90d8-4a217c70cc38, -10.480050, -46.547400,2026-05-08 16:03:00,NOAA-20,MATEIROS,TOCANTINS,Brasil,1712702,17,33,,,,Cerrado,72.0
2b8ec189-0124-3f3a-84d7-dc85ef9a1a6d, -10.256590, -47.393880,2026-05-08 16:03:00,NOAA-20,LAGOA DO TOCANTINS,TOCANTINS,Brasil,1711951,17,33,,,,Cerrado,8.8
8cae6bad-11a9-32eb-be14-ecd122d3a164, -11.775270, -43.659740,2026-05-08 16:03:00,NOAA-20,BARRA,BAHIA,Brasil,2902708,29,33,,,,Cerrado,6.7
988096d7-e764-3c00-886d-d94fb49bd55c,  -9.412000, -50.678170,2026-05-08 16:03:00,NOAA-20,SANTANA DO ARAGUAIA,PARÁ,Brasil,1506708,15,33,,,,Amazônia,13.8
d31817c9-8004-3850-801c-fecfaed2a1c5,  -6.993470, -42.862170,2026-05-08 16:03:00,NOAA-20,FLORIANO,PIAUÍ,Brasil,2203909,22,33,,,,Caatinga,7.5
9f9c1e51-de97-3817-8211-46979932f3f7, -10.367220, -49.917760,2026-05-08 16:03:00,NOAA-20,PIUM,TOCANTINS,Brasil,1717503,17,33,,,,Cerrado,10.4
5b2eff09-365d-3098-b926-bdca74abd50f, -14.038060, -47.582680,2026-05-08 16:03:00,NOAA-20,CAVALCANTE,GOIÁS,Brasil,5205307,52,33,,,,Cerrado,7.5
a75d755f-b36e-39f4-9f85-2f98b1d1a50d, -10.473320, -46.538480,2026-05-08 16:03:00,NOAA-20,MATEIROS,TOCANTINS,Brasil,1712702,17,33,,,,Cerrado,17.2
fff2732e-e195-34e7-b682-94012cdebc73, -10.244970, -47.395600,2026-05-08 16:03:00,NOAA-20,LAGOA DO TOCANTINS,TOCANTINS,Brasil,1711951,17,33,,,,Cerrado,6.9
5bfec128-4726-36ae-b1e1-7b626abd21d0, -10.485140, -46.543080,2026-05-08 16:03:00,NOAA-20,MATEIROS,TOCANTINS,Brasil,1712702,17,33,,,,Cerrado,18.6
449f788b-5b02-3b27-9b41-d3d70f7caf12, -11.791050, -49.730120,2026-05-08 16:03:00,NOAA-20,FORMOSO DO ARAGUAIA,TOCANTINS,Brasil,1708205,17,33,,,,Cerrado,18.5
1bd7d535-df21-3b03-8e9a-607c3115b79b, -13.332410, -42.585200,2026-05-08 16:03:00,NOAA-20,BOTUPORÃ,BAHIA,Brasil,2904209,29,33,,,,Caatinga,4.6
c1b7edcc-9da6-3f62-9217-92110754cde2, -11.769410, -43.650770,2026-05-08 16:03:00,NOAA-20,BARRA,BAHIA,Brasil,2902708,29,33,,,,Cerrado,4.4
5e9ae0ce-2db5-3877-b6d4-d937649d5f8a, -12.499730, -45.436000,2026-05-08 16:03:00,NOAA-20,SÃO DESIDÉRIO,BAHIA,Brasil,2928901,29,33,,,,Cerrado,21.7
b2ce38b7-901a-342f-b4a7-548a9b2c1dd3, -10.358000, -46.419560,2026-05-08 16:03:00,NOAA-20,MATEIROS,TOCANTINS,Brasil,1712702,17,33,,,,Cerrado,4.9
4e120f56-3cd5-3d72-81f8-eaaf6ac080bf, -10.312600, -46.829770,2026-05-08 16:03:00,NOAA-20,MATEIROS,TOCANTINS,Brasil,1712702,17,33,,,,Cerrado,3.5
c09979e1-ed42-34fc-b2e4-08bffeb2f92f, -10.375580, -49.918650,2026-05-08 16:03:00,NOAA-20,PIUM,TOCANTINS,Brasil,1717503,17,33,,,,Cerrado,11.5
692dc50d-9c26-3c60-84b4-ef2dccea5f72,  -7.067080, -43.426170,2026-05-08 16:03:00,NOAA-20,JERUMENHA,PIAUÍ,Brasil,2205300,22,33,,,,Caatinga,2.8
aaef7b7e-0327-3bf1-aa4e-187e2ce33a5f,  -9.449000, -46.129180,2026-05-08 16:03:00,NOAA-20,ALTO PARNAÍBA,MARANHÃO,Brasil,2100501,21,33,,,,Cerrado,5.4
a0ee3a7f-f840-36f1-9740-6df54105a099, -10.314750, -46.832260,2026-05-08 16:03:00,NOAA-20,MATEIROS,TOCANTINS,Brasil,1712702,17,33,,,,Cerrado,7.2
b84651cc-b566-345e-b3b7-681ebcbacef0, -10.363660, -46.426450,2026-05-08 16:03:00,NOAA-20,MATEIROS,TOCANTINS,Brasil,1712702,17,33,,,,Cerrado,6.1
0dba02fd-2c29-389d-b4d7-0ed20ab86fd2,  -9.002160, -47.056100,2026-05-08 16:03:00,NOAA-20,LIZARDA,TOCANTINS,Brasil,1712405,17,33,,,,Cerrado,0.7
60deedd0-33d2-3a28-9bf7-780877e593ee, -10.485260, -46.544020,2026-05-08 16:03:00,NOAA-20,MATEIROS,TOCANTINS,Brasil,1712702,17,33,,,,Cerrado,13.2
52d6325d-5a89-3547-8ce6-721f8362eb12, -12.552820, -45.090650,2026-05-08 16:03:00,NOAA-20,SÃO DESIDÉRIO,BAHIA,Brasil,2928901,29,33,,,,Cerrado,2.8
84563516-a48d-3740-bf9f-1786ffa0be9c,  -9.448580, -46.125910,2026-05-08 16:03:00,NOAA-20,ALTO PARNAÍBA,MARANHÃO,Brasil,2100501,21,33,,,,Cerrado,5.4
2da30d4e-fdd5-3acb-8856-72629c91cd7d, -10.626890, -46.420900,2026-05-08 16:03:00,NOAA-20,MATEIROS,TOCANTINS,Brasil,1712702,17,33,,,,Cerrado,2.9
18480403-50ad-34af-9688-b08428be6698,  -6.993750, -42.861840,2026-05-08 16:03:00,NOAA-20,FLORIANO,PIAUÍ,Brasil,2203909,22,33,,,,Caatinga,9.5
5ea2d527-5a42-3b29-b9ae-525705fe2b85, -11.675070, -41.582730,2026-05-08 16:03:00,NOAA-20,CAFARNAUM,BAHIA,Brasil,2905305,29,33,,,,Caatinga,2.2
e34c1cea-dfa0-34ea-9b91-e181e01e0a89, -13.790140, -47.367690,2026-05-08 16:03:00,NOAA-20,CAVALCANTE,GOIÁS,Brasil,5205307,52,33,,,,Cerrado,16.6
46e2d455-01cd-30c7-82a7-638dd0f72149, -12.675990, -45.480560,2026-05-08 16:03:00,NOAA-20,SÃO DESIDÉRIO,BAHIA,Brasil,2928901,29,33,,,,Cerrado,5.0
795d578c-a6ba-3ac2-9ed6-ab4eb1e278be, -10.313070, -46.833700,2026-05-08 16:03:00,NOAA-20,MATEIROS,TOCANTINS,Brasil,1712702,17,33,,,,Cerrado,3.5
43c72df5-f177-3585-92aa-8c4bf7ebada4, -11.790820, -49.734280,2026-05-08 16:03:00,NOAA-20,FORMOSO DO ARAGUAIA,TOCANTINS,Brasil,1708205,17,33,,,,Cerrado,15.9
ec1dcd5b-1c67-3b2b-aa1a-83678c666aa1,  -7.168760, -46.947670,2026-05-08 16:03:00,NOAA-20,CAROLINA,MARANHÃO,Brasil,2102804,21,33,,,,Cerrado,8.4
922219bb-1f5b-3c4d-a241-2c593672bda0,  -9.402360, -44.680170,2026-05-08 16:03:00,NOAA-20,REDENÇÃO DO GURGUÉIA,PIAUÍ,Brasil,2208700,22,33,,,,Cerrado,6.7
db37ab8a-15e1-3c20-811e-d162dac2d7bf,  -6.790230, -45.313790,2026-05-08 16:03:00,NOAA-20,LORETO,MARANHÃO,Brasil,2106102,21,33,,,,Cerrado,8.6
3388611f-91df-30d4-b5c8-451a60a7b5c0,  -8.704900, -49.080530,2026-05-08 16:03:00,NOAA-20,GOIANORTE,TOCANTINS,Brasil,1708304,17,33,,,,Cerrado,19.4
4cf41b0c-7483-3cc9-91be-bc03f6b58ab8, -14.139540, -45.380160,2026-05-08 16:03:00,NOAA-20,JABORANDI,BAHIA,Brasil,2917359,29,33,,,,Cerrado,5.5
b0536490-9a46-3d66-a501-0529f5e63a53,  -6.978990, -42.875030,2026-05-08 16:03:00,NOAA-20,FLORIANO,PIAUÍ,Brasil,2203909,22,33,,,,Caatinga,3.9
ac499bc3-c179-39aa-b985-4ccca569cd7a, -10.479290, -46.541260,2026-05-08 16:03:00,NOAA-20,MATEIROS,TOCANTINS,Brasil,1712702,17,33,,,,Cerrado,22.6
408bf8f5-edc5-37c0-96e5-0da57f49072c,  -9.472070, -46.782050,2026-05-08 16:03:00,NOAA-20,LIZARDA,TOCANTINS,Brasil,1712405,17,33,,,,Cerrado,3.1
a7a5fb37-8442-32c7-85ff-a0a9078d41d6, -10.387380, -46.971800,2026-05-08 16:03:00,NOAA-20,MATEIROS,TOCANTINS,Brasil,1712702,17,33,,,,Cerrado,12.8
645ef2b1-4f86-3bc8-9c7f-cdb54abb5480, -10.640400, -48.021320,2026-05-08 16:03:00,NOAA-20,MONTE DO CARMO,TOCANTINS,Brasil,1713601,17,33,,,,Cerrado,9.8
f769dd2f-2cfe-376b-ae1f-61da67a1f02a, -13.791690, -47.370940,2026-05-08 16:03:00,NOAA-20,CAVALCANTE,GOIÁS,Brasil,5205307,52,33,,,,Cerrado,12.0
b71950c5-1593-3db5-ab64-6d5acb544dd6, -11.795480, -44.741110,2026-05-08 16:03:00,NOAA-20,RIACHÃO DAS NEVES,BAHIA,Brasil,2926202,29,33,,,,Cerrado,7.0
0ed98585-c5b0-3034-85cf-072cb0f40d04, -12.779040, -46.980290,2026-05-08 16:03:00,NOAA-20,ARRAIAS,TOCANTINS,Brasil,1702406,17,33,,,,Cerrado,4.1
7cd083fe-f976-3627-b4db-c437a45b42bf, -10.392070, -46.963170,2026-05-08 16:03:00,NOAA-20,MATEIROS,TOCANTINS,Brasil,1712702,17,33,,,,Cerrado,5.4
fb7a0f35-2c72-3ad2-9221-433907c791ea,  -9.448140, -46.122620,2026-05-08 16:03:00,NOAA-20,ALTO PARNAÍBA,MARANHÃO,Brasil,2100501,21,33,,,,Cerrado,11.1
46008527-8f28-3de2-8886-ded8f13363b3,  -7.276380, -39.253880,2026-05-08 16:03:00,NOAA-20,BARBALHA,CEARÁ,Brasil,2301901,23,33,,,,Caatinga,2.7
78834695-b0aa-3d5b-b90f-ce706520996f,  -8.707220, -49.076530,2026-05-08 16:03:00,NOAA-20,GOIANORTE,TOCANTINS,Brasil,1708304,17,33,,,,Cerrado,39.6
46b46793-8bf6-3b8b-a3ec-f67ba78bd7d6, -10.878860, -49.621680,2026-05-08 16:03:00,NOAA-20,LAGOA DA CONFUSÃO,TOCANTINS,Brasil,1711902,17,33,,,,Cerrado,14.8
c7159828-2ed0-3da9-98ae-e10007747228, -12.396230, -46.640740,2026-05-08 16:03:00,NOAA-20,TAGUATINGA,TOCANTINS,Brasil,1720903,17,33,,,,Cerrado,3.5
10e3e890-326f-36c9-979a-88d9f0c7e561, -10.373290, -49.910760,2026-05-08 16:03:00,NOAA-20,PIUM,TOCANTINS,Brasil,1717503,17,33,,,,Cerrado,11.3
e18956cb-8a4d-34b8-aeb3-792296840f4d, -11.780510, -43.663880,2026-05-08 16:03:00,NOAA-20,BARRA,BAHIA,Brasil,2902708,29,33,,,,Cerrado,6.7
e425ed2c-4b45-3a59-a87a-01d9a3f18b84,  -9.070730, -37.292080,2026-05-08 16:03:00,NOAA-20,ITAÍBA,PERNAMBUCO,Brasil,2607505,26,33,,,,Caatinga,3.8
f83eb179-43d9-39c8-ae4f-756a2b3f85a9, -10.473780, -46.542060,2026-05-08 16:03:00,NOAA-20,MATEIROS,TOCANTINS,Brasil,1712702,17,33,,,,Cerrado,22.6
979d934f-5e70-3a5a-aa41-3d1b3d1a8cbe, -11.779890, -43.659090,2026-05-08 16:03:00,NOAA-20,BARRA,BAHIA,Brasil,2902708,29,33,,,,Cerrado,6.7
eb80a9a7-0811-3e70-af73-2beffbfc84ae,  -9.541750, -47.390140,2026-05-08 16:03:00,NOAA-20,RIO SONO,TOCANTINS,Brasil,1718758,17,33,,,,Cerrado,3.5
c40b9089-6523-3f09-bc32-197c129363db, -10.386430, -46.964140,2026-05-08 16:03:00,NOAA-20,MATEIROS,TOCANTINS,Brasil,1712702,17,33,,,,Cerrado,5.4
edfe3e04-3f71-300b-82bd-56cd13026be0, -10.388370, -46.979820,2026-05-08 16:03:00,NOAA-20,MATEIROS,TOCANTINS,Brasil,1712702,17,33,,,,Cerrado,29.3
007ae700-482f-3c2f-bafb-7d46fe4ba689,  -7.067320, -43.425090,2026-05-08 16:03:00,NOAA-20,JERUMENHA,PIAUÍ,Brasil,2205300,22,33,,,,Caatinga,7.3
320f77e4-a293-355c-a1c4-4b5e0b15f3f6, -11.824950, -47.340780,2026-05-08 16:03:00,NOAA-20,ALMAS,TOCANTINS,Brasil,1700400,17,33,,,,Cerrado,6.1
34e1a611-1f23-389b-bfbe-3670102104af, -10.392550, -46.967020,2026-05-08 16:03:00,NOAA-20,MATEIROS,TOCANTINS,Brasil,1712702,17,33,,,,Cerrado,12.8
a9f4993d-ef7d-39e3-8482-539d4ce98ea3, -11.983110, -46.789100,2026-05-08 16:03:00,NOAA-20,DIANÓPOLIS,TOCANTINS,Brasil,1707009,17,33,,,,Cerrado,2.6
a6c6e96e-2e30-379a-89ce-7ecb667c3fad, -10.639710, -48.015710,2026-05-08 16:03:00,NOAA-20,MONTE DO CARMO,TOCANTINS,Brasil,1713601,17,33,,,,Cerrado,9.8
5641e16f-8636-3933-88fa-dc99b90a1b6d,  -7.071330, -43.425550,2026-05-08 16:03:00,NOAA-20,JERUMENHA,PIAUÍ,Brasil,2205300,22,33,,,,Caatinga,2.8
d09d5dd1-5009-3d6f-a479-4cfbdbfe17be,  -9.307320, -48.586160,2026-05-08 16:03:00,NOAA-20,RIO DOS BOIS,TOCANTINS,Brasil,1718709,17,33,,,,Cerrado,6.2
25b4bbdd-8a54-370f-9d6f-28c65652d2d6, -12.777630, -46.977360,2026-05-08 16:03:00,NOAA-20,ARRAIAS,TOCANTINS,Brasil,1702406,17,33,,,,Cerrado,5.1
dc81992e-fe43-34f8-b412-37e2bd118e26,  -6.981490, -42.863570,2026-05-08 16:03:00,NOAA-20,FLORIANO,PIAUÍ,Brasil,2203909,22,33,,,,Caatinga,4.6
01891a5a-bd57-3f36-a3c1-c56f15b08b8d, -12.741470, -43.938950,2026-05-08 16:03:00,NOAA-20,SERRA DOURADA,BAHIA,Brasil,2930303,29,33,,,,Cerrado,10.7
23e70356-3838-3a6a-8134-9deca3e48ac0,  -9.454310, -46.128560,2026-05-08 16:03:00,NOAA-20,ALTO PARNAÍBA,MARANHÃO,Brasil,2100501,21,33,,,,Cerrado,5.4
a30abda0-8381-36e7-bc42-50ecf86d5629,  -8.392940, -46.227420,2026-05-08 16:03:00,NOAA-20,BALSAS,MARANHÃO,Brasil,2101400,21,33,,,,Cerrado,4.0
067a6bbd-293d-30ee-83cd-782d85da9388, -12.741510, -43.941810,2026-05-08 16:03:00,NOAA-20,SERRA DOURADA,BAHIA,Brasil,2930303,29,33,,,,Cerrado,10.5
cb722a82-332e-3943-a520-0ca86e517fdc, -10.374870, -49.912420,2026-05-08 16:03:00,NOAA-20,PIUM,TOCANTINS,Brasil,1717503,17,33,,,,Cerrado,11.5
45f7b8c3-e289-3bb0-8548-9279d4493134,  -8.398220, -46.226900,2026-05-08 16:03:00,NOAA-20,BALSAS,MARANHÃO,Brasil,2101400,21,33,,,,Cerrado,4.0
180ef2e6-ca72-38c1-9ed4-f75149da2554,  -9.454730, -46.131770,2026-05-08 16:03:00,NOAA-20,ALTO PARNAÍBA,MARANHÃO,Brasil,2100501,21,33,,,,Cerrado,6.1
1e37bc63-d945-30d3-b3bc-8cf27d659f30,  -9.449430, -46.132420,2026-05-08 16:03:00,NOAA-20,ALTO PARNAÍBA,MARANHÃO,Brasil,2100501,21,33,,,,Cerrado,6.1
402d7e1d-fc8b-30e0-b612-025dd14b6471, -10.390660, -46.951900,2026-05-08 16:03:00,NOAA-20,MATEIROS,TOCANTINS,Brasil,1712702,17,33,,,,Cerrado,9.2
b99f66ad-ba82-39ed-970a-3774b08f07eb,  -5.326810, -44.692280,2026-05-08 16:05:00,NOAA-20,TUNTUM,MARANHÃO,Brasil,2112308,21,33,,,,Cerrado,5.3
5aa8c50e-8fc7-322b-87c9-d7510067eb08,  -6.118170, -44.699570,2026-05-08 16:05:00,NOAA-20,MIRADOR,MARANHÃO,Brasil,2106706,21,33,,,,Cerrado,8.0
125edeea-3044-3ae2-acdc-8d4d636294e0,  -6.113600, -44.700210,2026-05-08 16:05:00,NOAA-20,MIRADOR,MARANHÃO,Brasil,2106706,21,33,,,,Cerrado,8.0
a2f54bac-789c-3055-b7b4-cc9eb8aaf164,  -6.618380, -45.788490,2026-05-08 16:05:00,NOAA-20,MIRADOR,MARANHÃO,Brasil,2106706,21,33,,,,Cerrado,10.2
807789fd-bc28-3f24-b0ab-ec5ef5d47947,  -5.861630, -45.032090,2026-05-08 16:05:00,NOAA-20,FERNANDO FALCÃO,MARANHÃO,Brasil,2104081,21,33,,,,Cerrado,5.3
c7cd0a1f-b2f2-353d-a418-0cc7dd309fe6,  -5.786220, -45.124370,2026-05-08 16:05:00,NOAA-20,BARRA DO CORDA,MARANHÃO,Brasil,2101608,21,33,,,,Cerrado,15.1
21fee6ef-c665-395d-a49b-29204bfa4d0a,  -4.930470, -44.305880,2026-05-08 16:05:00,NOAA-20,GOVERNADOR ARCHER,MARANHÃO,Brasil,2104503,21,33,,,,Cerrado,5.6
7c22f680-3ff5-3854-a8c8-2ce594d35e91,  -6.118840, -44.704300,2026-05-08 16:05:00,NOAA-20,MIRADOR,MARANHÃO,Brasil,2106706,21,33,,,,Cerrado,7.4
6d38539c-7f85-3853-95a9-1f6c07e280ff,  -6.332010, -45.561800,2026-05-08 16:05:00,NOAA-20,FERNANDO FALCÃO,MARANHÃO,Brasil,2104081,21,33,,,,Cerrado,4.5
7e50720a-c82d-3778-b6fa-77479cdc3721,  -5.785510, -45.119420,2026-05-08 16:05:00,NOAA-20,BARRA DO CORDA,MARANHÃO,Brasil,2101608,21,33,,,,Cerrado,64.5
3155e6c8-d71b-3afd-9c29-8f231b8f8940,  -6.114270, -44.704960,2026-05-08 16:05:00,NOAA-20,MIRADOR,MARANHÃO,Brasil,2106706,21,33,,,,Cerrado,7.4
0365e034-f1f7-3ecd-aa31-ca1ca67df5ad,  -5.024250, -48.482720,2026-05-08 16:05:00,NOAA-20,ABEL FIGUEIREDO,PARÁ,Brasil,1500131,15,33,,,,Amazônia,6.8
f5a618fe-f5ba-3b76-b1b3-f03e5454c03e,  -5.024850, -48.487020,2026-05-08 16:05:00,NOAA-20,ABEL FIGUEIREDO,PARÁ,Brasil,1500131,15,33,,,,Amazônia,10.4
05c0c08a-6fce-3e05-928e-31a5682595bf,  -3.527060, -42.657380,2026-05-08 16:05:00,NOAA-20,MILAGRES DO MARANHÃO,MARANHÃO,Brasil,2106672,21,33,,,,Cerrado,6.8
d83eb1df-3ec2-38df-a607-89f71806b81c, -17.947500, -52.952400,2026-05-08 16:10:00,GOES-19,MINEIROS,GOIÁS,Brasil,5213103,52,33,,,,Cerrado,143.8
5f91ec98-ec9f-3b8f-a7ee-50579c2cffd4, -14.011800, -56.621500,2026-05-08 16:10:00,GOES-19,DIAMANTINO,MATO GROSSO,Brasil,5103502,51,33,,,,Cerrado,294.0
92bc0ea8-8b65-3593-bec2-48e3bab205fa, -10.758400, -49.738200,2026-05-08 16:10:00,GOES-19,LAGOA DA CONFUSÃO,TOCANTINS,Brasil,1711902,17,33,,,,Cerrado,82.9
9655ce09-95a1-3426-91cc-d8a152df5cc7, -17.947500, -52.952400,2026-05-08 16:20:00,GOES-19,MINEIROS,GOIÁS,Brasil,5213103,52,33,,,,Cerrado,157.3
074bcb6f-f78f-3d8f-ae63-edd7fb427ad0, -10.758400, -49.738200,2026-05-08 16:20:00,GOES-19,LAGOA DA CONFUSÃO,TOCANTINS,Brasil,1711902,17,33,,,,Cerrado,125.5
89d75b7e-15e2-323f-a6aa-287cb620d546, -14.011800, -56.621500,2026-05-08 16:30:00,GOES-19,DIAMANTINO,MATO GROSSO,Brasil,5103502,51,33,,,,Cerrado,226.1
6594b216-73c6-389c-9c49-14a0634ce4af, -10.758400, -49.738200,2026-05-08 16:30:00,GOES-19,LAGOA DA CONFUSÃO,TOCANTINS,Brasil,1711902,17,33,,,,Cerrado,83.5
d79674ba-5790-3342-a365-771a8202dac4, -19.541080, -45.427570,2026-05-08 16:48:00,NOAA-21,DORES DO INDAIÁ,MINAS GERAIS,Brasil,3123205,31,33,,,,Cerrado,18.8
944217c8-7957-325a-8dfb-f783da758ac5, -20.931970, -42.828480,2026-05-08 16:48:00,NOAA-21,SÃO GERALDO,MINAS GERAIS,Brasil,3161502,31,33,,,,Mata Atlântica,4.7
479e7099-56c7-3035-bca8-49162d238f14, -20.129770, -44.923190,2026-05-08 16:48:00,NOAA-21,DIVINÓPOLIS,MINAS GERAIS,Brasil,3122306,31,33,,,,Cerrado,2.8
bad78d34-7c6c-3293-a765-aa527e807614, -18.486540, -51.687400,2026-05-08 16:48:00,NOAA-21,ITARUMÃ,GOIÁS,Brasil,5211305,52,33,,,,Cerrado,4.3
c86103dd-0f4f-3dc5-8d45-0b356719356f, -22.024560, -48.422690,2026-05-08 16:48:00,NOAA-21,BOA ESPERANÇA DO SUL,SÃO PAULO,Brasil,3506706,35,33,,,,Cerrado,205.1
cdc0b89e-9328-3f41-bb4e-c794188f54dd, -21.675750, -49.724710,2026-05-08 16:48:00,NOAA-21,LINS,SÃO PAULO,Brasil,3527108,35,33,,,,Mata Atlântica,5.4
bcccaf18-dbdc-30a4-97c2-17d097e03a78, -18.822120, -40.819800,2026-05-08 16:48:00,NOAA-21,BARRA DE SÃO FRANCISCO,ESPÍRITO SANTO,Brasil,3200904,32,33,,,,Mata Atlântica,1.9
ea3cc125-dc16-3f0e-9ffb-ae5411edf4cc, -22.301200, -47.194740,2026-05-08 16:48:00,NOAA-21,CONCHAL,SÃO PAULO,Brasil,3512209,35,33,,,,Cerrado,3.7
afbabbe1-d003-3adb-9e66-46d6172f1880, -18.623660, -45.131000,2026-05-08 16:48:00,NOAA-21,FELIXLÂNDIA,MINAS GERAIS,Brasil,3125705,31,33,,,,Cerrado,18.2
95ce4822-e22a-3d89-8264-a68422ce998e, -19.070200, -49.573990,2026-05-08 16:48:00,NOAA-21,ITUIUTABA,MINAS GERAIS,Brasil,3134202,31,33,,,,Cerrado,8.0
086b4752-b123-3f97-b7b7-095afd90359c, -20.767780, -50.313380,2026-05-08 16:48:00,NOAA-21,NOVA CASTILHO,SÃO PAULO,Brasil,3532868,35,33,,,,Mata Atlântica,5.1
48bcc9a4-778d-3dcb-a6e9-0f52d781d161, -20.228660, -46.818030,2026-05-08 16:48:00,NOAA-21,DELFINÓPOLIS,MINAS GERAIS,Brasil,3121209,31,33,,,,Cerrado,1.7
7f96bba8-e2ee-3e16-9e0e-909adcf4737d, -17.577710, -47.485200,2026-05-08 16:48:00,NOAA-21,CATALÃO,GOIÁS,Brasil,5205109,52,33,,,,Cerrado,11.3
cd8c28c5-3096-31da-8bd7-e22900180c5a, -18.730840, -46.917850,2026-05-08 16:48:00,NOAA-21,COROMANDEL,MINAS GERAIS,Brasil,3119302,31,33,,,,Cerrado,3.0
d2c4d541-37fa-31d0-b1fe-17c5e9efb0b1, -21.306840, -48.867720,2026-05-08 16:48:00,NOAA-21,SANTA ADÉLIA,SÃO PAULO,Brasil,3545605,35,33,,,,Cerrado,2.3
8a915941-784b-3710-ba3f-91318580ac62, -21.877750, -44.860810,2026-05-08 16:48:00,NOAA-21,BAEPENDI,MINAS GERAIS,Brasil,3104908,31,33,,,,Mata Atlântica,4.9
a1c18522-009c-369d-98c2-815434f8734a, -20.192580, -48.016910,2026-05-08 16:48:00,NOAA-21,MIGUELÓPOLIS,SÃO PAULO,Brasil,3529708,35,33,,,,Cerrado,8.2
fb8b7390-fdd7-366f-a1a4-8b3ccd0f95fa, -20.057950, -50.743890,2026-05-08 16:48:00,NOAA-21,SANTA ALBERTINA,SÃO PAULO,Brasil,3545704,35,33,,,,Mata Atlântica,8.0
ea6b1381-221a-3870-892a-4a455d211f1c, -20.001140, -46.297690,2026-05-08 16:48:00,NOAA-21,MEDEIROS,MINAS GERAIS,Brasil,3141306,31,33,,,,Cerrado,3.7
e88f5dea-884d-3624-8e23-004030a98b97, -18.734150, -46.917280,2026-05-08 16:48:00,NOAA-21,PATROCÍNIO,MINAS GERAIS,Brasil,3148103,31,33,,,,Cerrado,13.0
6b20982c-31b4-3efb-9692-511c6d987c56, -20.769810, -50.313900,2026-05-08 16:48:00,NOAA-21,NOVA CASTILHO,SÃO PAULO,Brasil,3532868,35,33,,,,Mata Atlântica,14.3
a91a6273-5d0c-3309-aaae-4c6a325c2f24, -22.221050, -41.996380,2026-05-08 16:48:00,NOAA-21,MACAÉ,RIO DE JANEIRO,Brasil,3302403,33,33,,,,Mata Atlântica,12.8
5459bb7c-7dd2-38f6-8d9a-dce965753ba3, -20.054320, -50.744480,2026-05-08 16:48:00,NOAA-21,SANTA ALBERTINA,SÃO PAULO,Brasil,3545704,35,33,,,,Mata Atlântica,25.1
c60737e5-8773-3399-b3bf-0f65203eea8a, -16.746450, -43.782830,2026-05-08 16:48:00,NOAA-21,MONTES CLAROS,MINAS GERAIS,Brasil,3143302,31,33,,,,Cerrado,6.6
75a8bf5b-3450-394f-a7de-396a83f8614f, -20.053710, -50.739980,2026-05-08 16:48:00,NOAA-21,SANTA ALBERTINA,SÃO PAULO,Brasil,3545704,35,33,,,,Mata Atlântica,25.1
d79494bb-5c0f-351b-b6e9-c5de534be59a, -18.582320, -45.216630,2026-05-08 16:48:00,NOAA-21,TRÊS MARIAS,MINAS GERAIS,Brasil,3169356,31,33,,,,Cerrado,16.0
d6cf24a9-535e-3da8-a247-db04a4cc82fa, -20.977300, -49.894230,2026-05-08 16:48:00,NOAA-21,PLANALTO,SÃO PAULO,Brasil,3539608,35,33,,,,Mata Atlântica,0.9
012c1969-235f-3f66-9966-aa5a1088c05d, -22.017040, -48.427180,2026-05-08 16:48:00,NOAA-21,BOA ESPERANÇA DO SUL,SÃO PAULO,Brasil,3506706,35,33,,,,Cerrado,247.2
90054cfc-5524-3681-91a6-f7ee4ed5221a, -21.645880, -47.955250,2026-05-08 16:48:00,NOAA-21,RINCÃO,SÃO PAULO,Brasil,3543709,35,33,,,,Cerrado,31.7
e5c45207-8116-3b3b-85e8-8460af32c43d, -19.545120, -45.430840,2026-05-08 16:48:00,NOAA-21,DORES DO INDAIÁ,MINAS GERAIS,Brasil,3123205,31,33,,,,Cerrado,218.3
445b6889-9846-358e-be07-619c572d0707, -22.013660, -48.427710,2026-05-08 16:48:00,NOAA-21,BOA ESPERANÇA DO SUL,SÃO PAULO,Brasil,3506706,35,33,,,,Cerrado,9.0
e22fed41-0ce8-3cf1-a048-370d34732190, -19.857530, -47.955410,2026-05-08 16:48:00,NOAA-21,UBERABA,MINAS GERAIS,Brasil,3170107,31,33,,,,Cerrado,5.3
73ecb358-135e-3ee6-a82a-56126dd4498c, -17.553410, -40.168710,2026-05-08 16:48:00,NOAA-21,CARAVELAS,BAHIA,Brasil,2906907,29,33,,,,Mata Atlântica,31.8
2e00c506-ef56-3b1b-a539-47c239e4449c, -20.000130, -46.248080,2026-05-08 16:48:00,NOAA-21,MEDEIROS,MINAS GERAIS,Brasil,3141306,31,33,,,,Cerrado,3.9
f23df8ae-064e-35fc-a7b9-a23260156ef9, -17.807790, -47.170870,2026-05-08 16:48:00,NOAA-21,GUARDA-MOR,MINAS GERAIS,Brasil,3128600,31,33,,,,Cerrado,7.0
230203cc-ef36-3e3b-b8b0-7f131fde5a60, -18.533070, -50.155200,2026-05-08 16:48:00,NOAA-21,GOUVELÂNDIA,GOIÁS,Brasil,5209150,52,33,,,,Mata Atlântica,10.5
78393ff3-50db-3a17-bffa-73be351d1498, -21.139060, -47.736590,2026-05-08 16:48:00,NOAA-21,RIBEIRÃO PRETO,SÃO PAULO,Brasil,3543402,35,33,,,,Cerrado,3.7
7aaebf1a-e649-32a0-93cd-7f3b279452d9, -19.091600, -49.081260,2026-05-08 16:48:00,NOAA-21,PRATA,MINAS GERAIS,Brasil,3152808,31,33,,,,Cerrado,0.4
5ed0285e-4f72-3aa7-b699-73075c902ad1, -22.021720, -48.427130,2026-05-08 16:48:00,NOAA-21,BOA ESPERANÇA DO SUL,SÃO PAULO,Brasil,3506706,35,33,,,,Cerrado,205.1
e6db2d95-31e9-302e-8568-4021971580a3, -18.502160, -51.689840,2026-05-08 16:48:00,NOAA-21,ITARUMÃ,GOIÁS,Brasil,5211305,52,33,,,,Cerrado,5.2
91ffd8d2-3d05-3fe9-ac32-aa3219eac49e, -19.541720, -45.431480,2026-05-08 16:48:00,NOAA-21,DORES DO INDAIÁ,MINAS GERAIS,Brasil,3123205,31,33,,,,Cerrado,61.3
7bbfc0dd-aca2-37b9-8084-700f0b634795, -18.252290, -51.265300,2026-05-08 16:48:00,NOAA-21,APARECIDA DO RIO DOCE,GOIÁS,Brasil,5201454,52,33,,,,Cerrado,7.1
77652af1-84e7-3808-9e8b-189b1269b4f2, -22.013100, -48.423810,2026-05-08 16:48:00,NOAA-21,BOA ESPERANÇA DO SUL,SÃO PAULO,Brasil,3506706,35,33,,,,Cerrado,9.0
4b1e1113-e6b0-34ad-bf18-489123ed9be8, -19.542780, -44.092980,2026-05-08 16:48:00,NOAA-21,MATOZINHOS,MINAS GERAIS,Brasil,3141108,31,33,,,,Cerrado,3.7
69b6ada7-6cc6-338d-831d-60392a9fb94c, -20.057340, -50.739410,2026-05-08 16:48:00,NOAA-21,SANTA ALBERTINA,SÃO PAULO,Brasil,3545704,35,33,,,,Mata Atlântica,8.0
e7660b59-e669-30b8-b921-6d8d34660ea4, -22.315910, -49.523200,2026-05-08 16:48:00,NOAA-21,GÁLIA,SÃO PAULO,Brasil,3516606,35,33,,,,Mata Atlântica,10.6
845fd23e-5208-3eee-816f-10c527564880, -19.352570, -47.826110,2026-05-08 16:48:00,NOAA-21,UBERABA,MINAS GERAIS,Brasil,3170107,31,33,,,,Cerrado,7.4
156ee3af-4635-3bb4-bf8c-3d8069c024df, -19.545760, -45.434750,2026-05-08 16:48:00,NOAA-21,DORES DO INDAIÁ,MINAS GERAIS,Brasil,3123205,31,33,,,,Cerrado,218.3
0b5044b7-e115-3501-906b-ba9be461cce2, -19.077620, -49.576890,2026-05-08 16:48:00,NOAA-21,ITUIUTABA,MINAS GERAIS,Brasil,3134202,31,33,,,,Cerrado,22.0
e7e2cbf4-ff75-3ea6-a78a-77c089455467, -19.544490, -45.426940,2026-05-08 16:48:00,NOAA-21,DORES DO INDAIÁ,MINAS GERAIS,Brasil,3123205,31,33,,,,Cerrado,7.4
feeaac69-f724-361d-baf3-fa8b550a2818, -20.267940, -40.434600,2026-05-08 16:48:00,NOAA-21,CARIACICA,ESPÍRITO SANTO,Brasil,3201308,32,33,,,,Mata Atlântica,19.3
e78e7b61-6bcf-3746-a3fa-2cd34ce263df, -19.543850, -45.423030,2026-05-08 16:48:00,NOAA-21,BOM DESPACHO,MINAS GERAIS,Brasil,3107406,31,33,,,,Cerrado,7.4
d622609e-e77f-3094-9840-4a40e28b4044, -23.402970, -47.646490,2026-05-08 16:48:00,NOAA-21,IPERÓ,SÃO PAULO,Brasil,3521002,35,33,,,,Mata Atlântica,5.7
d2b4c65d-ee40-3846-b53b-4f96bcabb50f, -22.383810, -47.134340,2026-05-08 16:48:00,NOAA-21,CONCHAL,SÃO PAULO,Brasil,3512209,35,33,,,,Cerrado,2.8
d43cdd96-c0aa-3fcc-b985-bcf02e7356de, -17.863370, -49.378720,2026-05-08 16:48:00,NOAA-21,MORRINHOS,GOIÁS,Brasil,5213806,52,33,,,,Cerrado,4.2
f1541b34-4121-3409-953b-492d178d1c89, -18.076320, -46.369270,2026-05-08 16:48:00,NOAA-21,PRESIDENTE OLEGÁRIO,MINAS GERAIS,Brasil,3153400,31,33,,,,Cerrado,6.1
4e0b3420-69ac-37fe-acab-7c942a4981bf, -18.581660, -45.212640,2026-05-08 16:48:00,NOAA-21,TRÊS MARIAS,MINAS GERAIS,Brasil,3169356,31,33,,,,Cerrado,16.0
8ce1192f-8cd1-3195-a583-5a34deeaf399, -19.860300, -47.951180,2026-05-08 16:48:00,NOAA-21,UBERABA,MINAS GERAIS,Brasil,3170107,31,33,,,,Cerrado,5.3
62d876e3-7a8d-3997-8d47-bd0e9c9ba431, -21.259090, -42.868420,2026-05-08 16:48:00,NOAA-21,ASTOLFO DUTRA,MINAS GERAIS,Brasil,3104601,31,33,,,,Mata Atlântica,5.3
942d4a5c-850d-373d-b3e1-d7cac3840d94, -21.722580, -45.632280,2026-05-08 16:48:00,NOAA-21,ELÓI MENDES,MINAS GERAIS,Brasil,3123601,31,33,,,,Mata Atlântica,6.2
87cdb2e4-6d8b-37fe-a3fd-a4907592b859, -18.370430, -53.485490,2026-05-08 16:48:00,NOAA-21,ALCINÓPOLIS,MATO GROSSO DO SUL,Brasil,5000252,50,33,,,,Cerrado,0.8
5c8be83f-511e-3422-9d6f-fe30e265b2fd, -21.646980, -47.962830,2026-05-08 16:48:00,NOAA-21,RINCÃO,SÃO PAULO,Brasil,3543709,35,33,,,,Cerrado,11.7
f0765937-f006-3b67-99ed-c53fb4ff72dd, -22.027950, -48.422150,2026-05-08 16:48:00,NOAA-21,BOA ESPERANÇA DO SUL,SÃO PAULO,Brasil,3506706,35,33,,,,Cerrado,8.3
cde3c222-2eb9-3c6b-8aeb-a874d64739c8, -23.402400, -47.642640,2026-05-08 16:48:00,NOAA-21,IPERÓ,SÃO PAULO,Brasil,3521002,35,33,,,,Mata Atlântica,5.7
b1b47943-c876-3946-8dd8-14eff8c4d6a0, -21.283530, -47.294250,2026-05-08 16:48:00,NOAA-21,CAJURU,SÃO PAULO,Brasil,3509403,35,33,,,,Mata Atlântica,3.5
97035533-60bf-3cb2-9ec2-24175615aeba, -21.379610, -48.545930,2026-05-08 16:48:00,NOAA-21,TAQUARITINGA,SÃO PAULO,Brasil,3553708,35,33,,,,Mata Atlântica,2.1
eb0b1536-1913-3f93-b198-abb777b07d70, -14.084760, -58.697560,2026-05-08 16:50:00,NOAA-21,TANGARÁ DA SERRA,MATO GROSSO,Brasil,5107958,51,33,,,,Cerrado,5.3
696615a4-1b03-3f77-9487-166bc4087290, -10.745790, -49.759650,2026-05-08 16:50:00,NOAA-21,LAGOA DA CONFUSÃO,TOCANTINS,Brasil,1711902,17,33,,,,Cerrado,4.5
c1acb31d-7a99-3a83-8572-2a262a08a094, -11.782720, -43.663190,2026-05-08 16:50:00,NOAA-21,BARRA,BAHIA,Brasil,2902708,29,33,,,,Cerrado,7.9
8a0fc958-eaf7-39f6-8f4f-6b423eefc260, -10.478490, -46.550620,2026-05-08 16:50:00,NOAA-21,MATEIROS,TOCANTINS,Brasil,1712702,17,33,,,,Cerrado,5.2
5b78b440-806f-3b80-bd75-5df423321065,  -9.794130, -48.522150,2026-05-08 16:50:00,NOAA-21,MIRACEMA DO TOCANTINS,TOCANTINS,Brasil,1713205,17,33,,,,Cerrado,13.2
bc17820c-aeb8-344e-ab2e-ec7c94dfef1f, -12.060070, -45.292200,2026-05-08 16:50:00,NOAA-21,BARREIRAS,BAHIA,Brasil,2903201,29,33,,,,Cerrado,12.3
9d9611b0-24aa-3612-a943-6a3633e2b98e, -10.857320, -49.666680,2026-05-08 16:50:00,NOAA-21,LAGOA DA CONFUSÃO,TOCANTINS,Brasil,1711902,17,33,,,,Cerrado,12.2
e2b6309b-32cd-37b2-899b-7982aded7bc6, -13.403200, -47.481980,2026-05-08 16:50:00,NOAA-21,CAVALCANTE,GOIÁS,Brasil,5205307,52,33,,,,Cerrado,3.2
5c3d913c-a71b-3ba5-9273-2f3901950646, -13.316280, -43.614330,2026-05-08 16:50:00,NOAA-21,SERRA DO RAMALHO,BAHIA,Brasil,2930154,29,33,,,,Cerrado,8.9
adfbadbe-f9fe-3e1a-9627-f84d85960be8, -11.482800, -52.919930,2026-05-08 16:50:00,NOAA-21,SÃO FÉLIX DO ARAGUAIA,MATO GROSSO,Brasil,5107859,51,33,,,,Amazônia,6.3
deeaa351-b0a1-3d86-91ff-c216fb56403a, -16.692900, -44.123970,2026-05-08 16:50:00,NOAA-21,MONTES CLAROS,MINAS GERAIS,Brasil,3143302,31,33,,,,Cerrado,1.3
dd6be300-f0db-3320-93d4-f5fd8dc130cd, -10.472920, -46.538740,2026-05-08 16:50:00,NOAA-21,MATEIROS,TOCANTINS,Brasil,1712702,17,33,,,,Cerrado,4.9
e854cebb-9d2e-31a6-ad4b-e8cb689c388c, -12.055650, -45.233550,2026-05-08 16:50:00,NOAA-21,BARREIRAS,BAHIA,Brasil,2903201,29,33,,,,Cerrado,10.8
b8a41f28-73ea-3828-a866-add3cc5dc1fd, -12.496850, -45.439070,2026-05-08 16:50:00,NOAA-21,SÃO DESIDÉRIO,BAHIA,Brasil,2928901,29,33,,,,Cerrado,35.1
4e5b8c32-6263-300e-8114-51b65115e834, -10.605730, -49.821520,2026-05-08 16:50:00,NOAA-21,LAGOA DA CONFUSÃO,TOCANTINS,Brasil,1711902,17,33,,,,Cerrado,4.4
08f0639a-c1b2-344e-9b17-e2fdb076e04c, -16.675720, -49.189030,2026-05-08 16:50:00,NOAA-21,GOIÂNIA,GOIÁS,Brasil,5208707,52,33,,,,Cerrado,3.2
bea7d15c-d386-3a72-bd87-f578d5ec4baf, -10.779330, -46.775300,2026-05-08 16:50:00,NOAA-21,MATEIROS,TOCANTINS,Brasil,1712702,17,33,,,,Cerrado,112.7
580cfe8d-464b-3567-92be-5af9e77c88a0, -16.187510, -45.146170,2026-05-08 16:50:00,NOAA-21,SÃO ROMÃO,MINAS GERAIS,Brasil,3164209,31,33,,,,Cerrado,7.1
a08d467b-f44a-3fa0-848c-cd6fa93c17b0, -14.224920, -54.744770,2026-05-08 16:50:00,NOAA-21,PARANATINGA,MATO GROSSO,Brasil,5106307,51,33,,,,Cerrado,20.4
e58abf6c-1982-38bc-8f47-652d9789f7b5, -13.180550, -52.696610,2026-05-08 16:50:00,NOAA-21,CANARANA,MATO GROSSO,Brasil,5102702,51,33,,,,Amazônia,35.5
a03e2087-b31f-3c2b-8737-d2c0ab60101e, -14.219420, -54.746620,2026-05-08 16:50:00,NOAA-21,PARANATINGA,MATO GROSSO,Brasil,5106307,51,33,,,,Cerrado,7.6
7aff7b65-d5d9-31d1-9f88-fe274eb21715, -10.255510, -47.395380,2026-05-08 16:50:00,NOAA-21,LAGOA DO TOCANTINS,TOCANTINS,Brasil,1711951,17,33,,,,Cerrado,7.2
7309779a-f248-3983-b34e-ed54edc8bc6f, -14.058950, -58.720180,2026-05-08 16:50:00,NOAA-21,TANGARÁ DA SERRA,MATO GROSSO,Brasil,5107958,51,33,,,,Cerrado,6.2
1fbdfb7a-ad38-381b-b16d-b8c002b97ad6, -10.380000, -46.949630,2026-05-08 16:50:00,NOAA-21,MATEIROS,TOCANTINS,Brasil,1712702,17,33,,,,Cerrado,10.5
78e9ff82-ccf5-3490-8d5d-4e90c6cfed55, -10.673160, -49.685970,2026-05-08 16:50:00,NOAA-21,LAGOA DA CONFUSÃO,TOCANTINS,Brasil,1711902,17,33,,,,Cerrado,12.1
0890b05d-204b-32e3-8d13-2e3983ecf07a, -10.854550, -49.670680,2026-05-08 16:50:00,NOAA-21,LAGOA DA CONFUSÃO,TOCANTINS,Brasil,1711902,17,33,,,,Cerrado,10.3
6015f091-67b1-30f5-be36-6cda1ad456c6, -12.987750, -54.682070,2026-05-08 16:50:00,NOAA-21,NOVA UBIRATÃ,MATO GROSSO,Brasil,5106240,51,33,,,,Amazônia,7.2
264cd642-aa3d-3f4c-ab78-2f970e70af3d, -13.736520, -39.629820,2026-05-08 16:50:00,NOAA-21,ITAMARI,BAHIA,Brasil,2915700,29,33,,,,Mata Atlântica,2.1
8e0881d6-3d95-3a4b-a42d-813d2f194014, -14.216320, -54.745780,2026-05-08 16:50:00,NOAA-21,PARANATINGA,MATO GROSSO,Brasil,5106307,51,33,,,,Cerrado,13.6
c931ef62-405a-3834-bfb0-0fa959c4437b,  -9.449120, -46.128210,2026-05-08 16:50:00,NOAA-21,ALTO PARNAÍBA,MARANHÃO,Brasil,2100501,21,33,,,,Cerrado,7.1
bd92492e-b2af-394a-9bc1-3eb019d535c0, -10.378500, -46.969850,2026-05-08 16:50:00,NOAA-21,MATEIROS,TOCANTINS,Brasil,1712702,17,33,,,,Cerrado,1.6
1e8b6976-a22c-3aa0-bfa3-4d4878fe9fb8, -10.817510, -49.783750,2026-05-08 16:50:00,NOAA-21,LAGOA DA CONFUSÃO,TOCANTINS,Brasil,1711902,17,33,,,,Cerrado,17.3
0dcec7a1-90dd-3429-b88f-ef14bf565b58, -14.218380, -54.738210,2026-05-08 16:50:00,NOAA-21,PARANATINGA,MATO GROSSO,Brasil,5106307,51,33,,,,Cerrado,9.3
00d2ae05-1b57-31a2-b3d5-f27c78f987ca, -10.440410, -46.923400,2026-05-08 16:50:00,NOAA-21,MATEIROS,TOCANTINS,Brasil,1712702,17,33,,,,Cerrado,2.5
803c14d0-ba57-33b4-8e72-987c436c36df, -10.479180, -46.554880,2026-05-08 16:50:00,NOAA-21,MATEIROS,TOCANTINS,Brasil,1712702,17,33,,,,Cerrado,5.2
cc16dc8f-8b62-3d52-b345-e2024e89f207, -14.931380, -52.780530,2026-05-08 16:50:00,NOAA-21,NOVO SÃO JOAQUIM,MATO GROSSO,Brasil,5106281,51,33,,,,Cerrado,44.6
4351b92e-f3de-330a-803b-3eb2aebdca27, -13.787620, -47.368970,2026-05-08 16:50:00,NOAA-21,CAVALCANTE,GOIÁS,Brasil,5205307,52,33,,,,Cerrado,4.7
07d28f7f-6d38-3417-b4b7-ba895d25609e, -10.470560, -47.356300,2026-05-08 16:50:00,NOAA-21,LAGOA DO TOCANTINS,TOCANTINS,Brasil,1711951,17,33,,,,Cerrado,9.5
e8961467-5e8f-3434-818d-eed2b7331748, -10.782200, -46.770680,2026-05-08 16:50:00,NOAA-21,MATEIROS,TOCANTINS,Brasil,1712702,17,33,,,,Cerrado,10.4
aaf02f51-20be-3cf0-972f-0326e86a0385, -11.791770, -49.732790,2026-05-08 16:50:00,NOAA-21,FORMOSO DO ARAGUAIA,TOCANTINS,Brasil,1708205,17,33,,,,Cerrado,3.6
87b3839b-1e25-3d28-ab39-a193fc1b00e9, -14.004820, -56.630680,2026-05-08 16:50:00,NOAA-21,DIAMANTINO,MATO GROSSO,Brasil,5103502,51,33,,,,Cerrado,83.4
e0c2ae81-101b-3f5c-9202-1bde812042ae, -11.409150, -48.145280,2026-05-08 16:50:00,NOAA-21,SANTA ROSA DO TOCANTINS,TOCANTINS,Brasil,1718907,17,33,,,,Cerrado,2.3
4b9e336c-6cf4-3dca-b93d-34901a95fe3d, -17.526980, -53.694250,2026-05-08 16:50:00,NOAA-21,ALTO ARAGUAIA,MATO GROSSO,Brasil,5100300,51,33,,,,Cerrado,13.7
1c5ff5de-9e50-3916-a399-9f7a46d08d71, -10.674220, -49.692960,2026-05-08 16:50:00,NOAA-21,LAGOA DA CONFUSÃO,TOCANTINS,Brasil,1711902,17,33,,,,Cerrado,8.9
79be1241-7f46-3a89-8c97-71f06fdf51c5, -11.793300, -44.742850,2026-05-08 16:50:00,NOAA-21,RIACHÃO DAS NEVES,BAHIA,Brasil,2926202,29,33,,,,Cerrado,6.0
14e498d1-a24f-3cec-85db-008a4d8789b6, -13.188170, -52.683030,2026-05-08 16:50:00,NOAA-21,CANARANA,MATO GROSSO,Brasil,5102702,51,33,,,,Amazônia,7.4
be0f8cd6-f9ba-383a-9984-ee530f8c790e, -14.052090, -58.709350,2026-05-08 16:50:00,NOAA-21,TANGARÁ DA SERRA,MATO GROSSO,Brasil,5107958,51,33,,,,Cerrado,10.5
a5a8011f-e813-385c-9f0c-73e4527517fd, -12.499790, -45.433990,2026-05-08 16:50:00,NOAA-21,SÃO DESIDÉRIO,BAHIA,Brasil,2928901,29,33,,,,Cerrado,19.6
0ce8c88a-20df-3ed2-b0ff-87232cc1f1f6, -14.175360, -54.436820,2026-05-08 16:50:00,NOAA-21,PARANATINGA,MATO GROSSO,Brasil,5106307,51,33,,,,Cerrado,15.3
cd707836-fd66-3aca-a4b6-7d0925b28870,  -9.414870, -44.692520,2026-05-08 16:50:00,NOAA-21,REDENÇÃO DO GURGUÉIA,PIAUÍ,Brasil,2208700,22,33,,,,Cerrado,7.7
36ff0655-722d-324f-bddc-c8da099f519f, -10.256120, -47.399190,2026-05-08 16:50:00,NOAA-21,LAGOA DO TOCANTINS,TOCANTINS,Brasil,1711951,17,33,,,,Cerrado,7.2
c4af797d-63c4-361b-9c98-a8d566aebadd, -14.176410, -54.437450,2026-05-08 16:50:00,NOAA-21,PARANATINGA,MATO GROSSO,Brasil,5106307,51,33,,,,Cerrado,36.0
69f099eb-bb73-328d-b69e-e34a207d8857, -14.175920, -54.433580,2026-05-08 16:50:00,NOAA-21,PARANATINGA,MATO GROSSO,Brasil,5106307,51,33,,,,Cerrado,36.0
3970d5c8-bd47-362a-be3f-6c8d740ea891, -13.785240, -44.078870,2026-05-08 16:50:00,NOAA-21,CORIBE,BAHIA,Brasil,2909109,29,33,,,,Cerrado,4.8
dfa11b40-95b4-3c7e-9e54-5af0efc0b65c, -12.495400, -45.430230,2026-05-08 16:50:00,NOAA-21,SÃO DESIDÉRIO,BAHIA,Brasil,2928901,29,33,,,,Cerrado,7.5
604cdece-9793-379d-8530-e160984ce10e, -16.989020, -47.307510,2026-05-08 16:50:00,NOAA-21,CRISTALINA,GOIÁS,Brasil,5206206,52,33,,,,Cerrado,20.5
54d80e91-fef1-3b36-9cd8-a76b08dc0817, -10.840540, -49.712230,2026-05-08 16:50:00,NOAA-21,LAGOA DA CONFUSÃO,TOCANTINS,Brasil,1711902,17,33,,,,Cerrado,13.3
cb2599e4-dc87-3cd9-b807-6d00bd5b6a4d, -12.740350, -43.939690,2026-05-08 16:50:00,NOAA-21,SERRA DOURADA,BAHIA,Brasil,2930303,29,33,,,,Cerrado,3.1
a5a97dd9-780e-394d-989c-06d3789a05b2, -15.689290, -48.203850,2026-05-08 16:50:00,NOAA-21,BRASÍLIA,DISTRITO FEDERAL,Brasil,5300108,53,33,,,,Cerrado,2.3
b72df2c4-9822-38c8-aad1-66a9fd1bd1f5, -10.259560, -47.398630,2026-05-08 16:50:00,NOAA-21,LAGOA DO TOCANTINS,TOCANTINS,Brasil,1711951,17,33,,,,Cerrado,7.2
f640fe48-c320-3453-a998-1133ffe885a3, -14.686790, -46.157220,2026-05-08 16:50:00,NOAA-21,SÍTIO D'ABADIA,GOIÁS,Brasil,5220702,52,33,,,,Cerrado,4.9
88eca9c1-5468-38bf-9be0-ae8c3f71e103, -11.775500, -43.660520,2026-05-08 16:50:00,NOAA-21,BARRA,BAHIA,Brasil,2902708,29,33,,,,Cerrado,7.9
6b19783f-c22a-3f84-8f91-dbc5abf3dcab, -11.223310, -49.389870,2026-05-08 16:50:00,NOAA-21,DUERÉ,TOCANTINS,Brasil,1707306,17,33,,,,Cerrado,3.2
454b2482-9660-3c78-a6fa-0aa45029a629, -14.228020, -54.745600,2026-05-08 16:50:00,NOAA-21,PARANATINGA,MATO GROSSO,Brasil,5106307,51,33,,,,Cerrado,31.3
e8397ec5-a601-3943-9a3c-43a480be75d9, -11.770060, -43.653560,2026-05-08 16:50:00,NOAA-21,BARRA,BAHIA,Brasil,2902708,29,33,,,,Cerrado,4.2
c033f214-0d72-34cc-a370-b3c38caaa470, -11.729680, -57.820530,2026-05-08 16:50:00,NOAA-21,JUARA,MATO GROSSO,Brasil,5105101,51,33,,,,Amazônia,8.2
45dee01d-4752-3e4a-a86f-1bcaf8228db0,  -9.447690, -46.119390,2026-05-08 16:50:00,NOAA-21,ALTO PARNAÍBA,MARANHÃO,Brasil,2100501,21,33,,,,Cerrado,6.4
aacdd1b4-3612-30a9-9756-e8e4a77579a0, -14.046900, -58.713700,2026-05-08 16:50:00,NOAA-21,TANGARÁ DA SERRA,MATO GROSSO,Brasil,5107958,51,33,,,,Cerrado,10.5
651da184-929a-3f39-9901-fef4df9a717c, -10.673690, -49.689460,2026-05-08 16:50:00,NOAA-21,LAGOA DA CONFUSÃO,TOCANTINS,Brasil,1711902,17,33,,,,Cerrado,12.1
1abcd460-2100-3f3d-b2d2-9cea91ac1d8f, -14.321290, -57.734220,2026-05-08 16:50:00,NOAA-21,TANGARÁ DA SERRA,MATO GROSSO,Brasil,5107958,51,33,,,,Amazônia,12.5
dcc98233-9df0-37ea-b745-d5823f7607fc, -17.935150, -52.964680,2026-05-08 16:50:00,NOAA-21,MINEIROS,GOIÁS,Brasil,5213103,52,33,,,,Cerrado,8.5
e6c55874-90aa-3587-89b8-0982257de26e, -14.012220, -56.621110,2026-05-08 16:50:00,NOAA-21,DIAMANTINO,MATO GROSSO,Brasil,5103502,51,33,,,,Cerrado,40.5
e648df87-618b-3447-a7aa-3c68b3fb9c8f, -12.887350, -49.337770,2026-05-08 16:50:00,NOAA-21,ARAGUAÇU,TOCANTINS,Brasil,1702000,17,33,,,,Cerrado,12.6
77ef910f-bcba-3b69-a73a-ff5024b43c81, -10.783330, -49.739540,2026-05-08 16:50:00,NOAA-21,LAGOA DA CONFUSÃO,TOCANTINS,Brasil,1711902,17,33,,,,Cerrado,3.2
c9e202f3-0a51-305d-9baa-b2876e161181, -10.880320, -49.684580,2026-05-08 16:50:00,NOAA-21,LAGOA DA CONFUSÃO,TOCANTINS,Brasil,1711902,17,33,,,,Cerrado,15.6
cae1c676-e971-3f9f-af98-119ab94bd012, -15.850010, -46.531860,2026-05-08 16:50:00,NOAA-21,UNAÍ,MINAS GERAIS,Brasil,3170404,31,33,,,,Cerrado,7.3
e447b041-a458-34ff-892a-f76c74955894, -10.669730, -49.707960,2026-05-08 16:50:00,NOAA-21,LAGOA DA CONFUSÃO,TOCANTINS,Brasil,1711902,17,33,,,,Cerrado,6.8
db0ac576-d6ad-367a-9639-001671efbcea, -11.780280, -43.663650,2026-05-08 16:50:00,NOAA-21,BARRA,BAHIA,Brasil,2902708,29,33,,,,Cerrado,7.9
1f21ec72-2181-3b39-a563-5bb4246a7d75, -13.312250, -43.615060,2026-05-08 16:50:00,NOAA-21,SERRA DO RAMALHO,BAHIA,Brasil,2930154,29,33,,,,Cerrado,3.9
1c487253-75eb-3fc9-92f1-470900746f55, -14.223200, -54.741900,2026-05-08 16:50:00,NOAA-21,PARANATINGA,MATO GROSSO,Brasil,5106307,51,33,,,,Cerrado,31.3
47b3653c-e074-3b99-8754-1b804fc4cda4, -14.073580, -58.698830,2026-05-08 16:50:00,NOAA-21,TANGARÁ DA SERRA,MATO GROSSO,Brasil,5107958,51,33,,,,Cerrado,14.5
aae8b15f-b78b-38cc-b3a6-0e4213dc2843, -10.384520, -46.977350,2026-05-08 16:50:00,NOAA-21,MATEIROS,TOCANTINS,Brasil,1712702,17,33,,,,Cerrado,6.3
3e8bcaa4-3fbe-3cfd-87c7-0a13a8ea5947, -10.381020, -46.977910,2026-05-08 16:50:00,NOAA-21,MATEIROS,TOCANTINS,Brasil,1712702,17,33,,,,Cerrado,10.0
14ceac6e-5fdd-36bf-98b0-c388d35cac04, -14.219510, -54.736890,2026-05-08 16:50:00,NOAA-21,PARANATINGA,MATO GROSSO,Brasil,5106307,51,33,,,,Cerrado,20.0
7dc26d86-456a-3f9f-9e73-dc46144d5c7f, -10.881230, -49.623610,2026-05-08 16:50:00,NOAA-21,LAGOA DA CONFUSÃO,TOCANTINS,Brasil,1711902,17,33,,,,Cerrado,2.6
6608e212-e3cd-3e0e-83a6-a1f697429d14, -13.179910, -52.692100,2026-05-08 16:50:00,NOAA-21,CANARANA,MATO GROSSO,Brasil,5102702,51,33,,,,Amazônia,19.6
63bddaa4-22f7-3471-af09-ce6ff88760a4, -10.391510, -46.976230,2026-05-08 16:50:00,NOAA-21,MATEIROS,TOCANTINS,Brasil,1712702,17,33,,,,Cerrado,1.9
d2600ccc-75c9-370f-ab57-e8a67b8c5492, -14.053130, -58.708560,2026-05-08 16:50:00,NOAA-21,TANGARÁ DA SERRA,MATO GROSSO,Brasil,5107958,51,33,,,,Cerrado,9.3
073abdf1-a903-33aa-9a50-bf2dcd2d423b, -10.383510, -46.949080,2026-05-08 16:50:00,NOAA-21,MATEIROS,TOCANTINS,Brasil,1712702,17,33,,,,Cerrado,10.5
040105b9-b0a3-3ce8-9e04-5dee26ce21d9, -16.767710, -45.816600,2026-05-08 16:50:00,NOAA-21,SANTA FÉ DE MINAS,MINAS GERAIS,Brasil,3157609,31,33,,,,Cerrado,4.6
d44b6df0-a34d-33c4-9269-cf3173054156, -15.924120, -43.729680,2026-05-08 16:50:00,NOAA-21,SÃO JOÃO DA PONTE,MINAS GERAIS,Brasil,3162401,31,33,,,,Cerrado,18.2
20b2a19b-05ba-3811-9fb2-058e97446095, -10.779600, -46.772290,2026-05-08 16:50:00,NOAA-21,MATEIROS,TOCANTINS,Brasil,1712702,17,33,,,,Cerrado,15.1
3230d791-cf8a-36ae-a81c-e1d4b5e1abca, -10.383880, -46.973420,2026-05-08 16:50:00,NOAA-21,MATEIROS,TOCANTINS,Brasil,1712702,17,33,,,,Cerrado,20.6
bd96553c-b503-3f6a-afc8-4255d0f56348, -11.826520, -47.336570,2026-05-08 16:50:00,NOAA-21,ALMAS,TOCANTINS,Brasil,1700400,17,33,,,,Cerrado,5.1
00104646-7b08-3b53-9247-626789fc1c3d, -16.180030, -48.642570,2026-05-08 16:50:00,NOAA-21,ABADIÂNIA,GOIÁS,Brasil,5200100,52,33,,,,Cerrado,4.0
cd6b6f67-a223-38da-95ea-c9b6caca0630, -11.293290, -54.763290,2026-05-08 16:50:00,NOAA-21,CLÁUDIA,MATO GROSSO,Brasil,5103056,51,33,,,,Amazônia,35.2
d5b29a2c-34ba-3911-b4e2-3a0506cde7a3, -14.086040, -58.708950,2026-05-08 16:50:00,NOAA-21,TANGARÁ DA SERRA,MATO GROSSO,Brasil,5107958,51,33,,,,Cerrado,7.0
d492381e-46ca-37a5-a102-4be36bb68aa5, -14.006230, -56.641990,2026-05-08 16:50:00,NOAA-21,DIAMANTINO,MATO GROSSO,Brasil,5103502,51,33,,,,Cerrado,47.2
f5b76b12-4dcf-3ea9-b21f-2a1e2082d7a6, -17.522270, -53.690700,2026-05-08 16:50:00,NOAA-21,ALTO ARAGUAIA,MATO GROSSO,Brasil,5100300,51,33,,,,Cerrado,5.9
65bccf9c-cce6-348f-aef8-7c551c834fe9, -14.176910, -54.441380,2026-05-08 16:50:00,NOAA-21,PARANATINGA,MATO GROSSO,Brasil,5106307,51,33,,,,Cerrado,32.2
6ecf34e0-b85d-3cfc-8c7b-11597559bcd9, -17.946730, -52.959250,2026-05-08 16:50:00,NOAA-21,MINEIROS,GOIÁS,Brasil,5213103,52,33,,,,Cerrado,7.8
5a90f958-a2a5-3aaf-bd6e-c65f5c4ecab6, -12.764720, -59.006990,2026-05-08 16:50:00,NOAA-21,CAMPOS DE JÚLIO,MATO GROSSO,Brasil,5102686,51,33,,,,Cerrado,5.9
edcb0307-4613-3aae-ae58-798611152e1f, -14.057680, -58.708660,2026-05-08 16:50:00,NOAA-21,TANGARÁ DA SERRA,MATO GROSSO,Brasil,5107958,51,33,,,,Cerrado,12.1
810def80-b67a-39a4-9b99-4f1b8c5f255c, -14.140050, -45.386080,2026-05-08 16:50:00,NOAA-21,JABORANDI,BAHIA,Brasil,2917359,29,33,,,,Cerrado,4.6
cde7fb8c-97ec-38da-aa9f-337cb7e5074b, -14.224360, -54.740570,2026-05-08 16:50:00,NOAA-21,PARANATINGA,MATO GROSSO,Brasil,5106307,51,33,,,,Cerrado,20.4
f17f5701-3d33-3082-8a5b-0f6c83395886, -10.778690, -46.771260,2026-05-08 16:50:00,NOAA-21,MATEIROS,TOCANTINS,Brasil,1712702,17,33,,,,Cerrado,10.4
133eecaf-3536-3d58-b6a8-56d2284d884b, -12.880210, -49.335280,2026-05-08 16:50:00,NOAA-21,ARAGUAÇU,TOCANTINS,Brasil,1702000,17,33,,,,Cerrado,25.6
1c315361-29bd-30a7-aa9c-f392635fa2b4, -10.383240, -46.969470,2026-05-08 16:50:00,NOAA-21,MATEIROS,TOCANTINS,Brasil,1712702,17,33,,,,Cerrado,20.6
127be917-66db-3d2b-835b-84c47416ecc2, -10.962090, -47.265350,2026-05-08 16:50:00,NOAA-21,PONTE ALTA DO TOCANTINS,TOCANTINS,Brasil,1717909,17,33,,,,Cerrado,12.1
31b5325b-483b-3ce1-8b3c-46483678251d, -10.862080, -49.698150,2026-05-08 16:50:00,NOAA-21,LAGOA DA CONFUSÃO,TOCANTINS,Brasil,1711902,17,33,,,,Cerrado,7.7
b12ce4c5-67b1-3b5c-98e0-347040742723, -12.496130, -45.434660,2026-05-08 16:50:00,NOAA-21,SÃO DESIDÉRIO,BAHIA,Brasil,2928901,29,33,,,,Cerrado,35.1
d2a8955f-e757-3736-9917-4698ec835f2f, -10.779970, -46.779310,2026-05-08 16:50:00,NOAA-21,MATEIROS,TOCANTINS,Brasil,1712702,17,33,,,,Cerrado,112.7
cff80b8d-105b-39f8-9530-9c07a025328b, -10.905570, -49.874090,2026-05-08 16:50:00,NOAA-21,LAGOA DA CONFUSÃO,TOCANTINS,Brasil,1711902,17,33,,,,Cerrado,6.0
b223ac86-d689-35f3-9ac1-ff754593d2d4, -10.843310, -49.708210,2026-05-08 16:50:00,NOAA-21,LAGOA DA CONFUSÃO,TOCANTINS,Brasil,1711902,17,33,,,,Cerrado,13.3
cdc965ac-48fd-3ed4-95d2-4ad105625e54, -10.724310, -47.272230,2026-05-08 16:50:00,NOAA-21,PONTE ALTA DO TOCANTINS,TOCANTINS,Brasil,1717909,17,33,,,,Cerrado,6.4
6168930f-546b-3d89-8e6a-bc69f563cf77, -10.624710, -46.425970,2026-05-08 16:50:00,NOAA-21,MATEIROS,TOCANTINS,Brasil,1712702,17,33,,,,Cerrado,7.2
1a553445-ad30-3bba-bfb1-bc76504d1e5a, -14.009710, -56.630230,2026-05-08 16:50:00,NOAA-21,DIAMANTINO,MATO GROSSO,Brasil,5103502,51,33,,,,Cerrado,83.4
44c7be0c-081c-392b-9f7a-8bf3661a7757, -10.470030, -46.543460,2026-05-08 16:50:00,NOAA-21,MATEIROS,TOCANTINS,Brasil,1712702,17,33,,,,Cerrado,13.5
11f17f7c-f07b-34e0-a967-a4c2ad2d6b5d, -10.758630, -49.732690,2026-05-08 16:50:00,NOAA-21,LAGOA DA CONFUSÃO,TOCANTINS,Brasil,1711902,17,33,,,,Cerrado,3.0
4a33e8ac-5c43-3513-a388-53ac54da92df, -14.053580, -58.712350,2026-05-08 16:50:00,NOAA-21,TANGARÁ DA SERRA,MATO GROSSO,Brasil,5107958,51,33,,,,Cerrado,9.3
dc693e60-bee7-3ad6-82d1-c520f5d66b1f, -10.245190, -47.397020,2026-05-08 16:50:00,NOAA-21,LAGOA DO TOCANTINS,TOCANTINS,Brasil,1711951,17,33,,,,Cerrado,7.4
b5f8d6a7-cc38-3aa4-8694-5db34efc348e, -10.256730, -47.402990,2026-05-08 16:50:00,NOAA-21,LAGOA DO TOCANTINS,TOCANTINS,Brasil,1711951,17,33,,,,Cerrado,10.8
c16b4131-c340-36d8-b31d-b1686ffb89d1, -13.184910, -52.700620,2026-05-08 16:50:00,NOAA-21,CANARANA,MATO GROSSO,Brasil,5102702,51,33,,,,Amazônia,18.7
8b2837e5-2ae5-39cb-80ce-10a69fa3783f, -14.180090, -54.440250,2026-05-08 16:50:00,NOAA-21,PARANATINGA,MATO GROSSO,Brasil,5106307,51,33,,,,Cerrado,49.9
3f9cba93-a795-342a-a7fb-003c692466db, -17.352590, -50.729280,2026-05-08 16:50:00,NOAA-21,RIO VERDE,GOIÁS,Brasil,5218805,52,33,,,,Cerrado,8.6
27074a39-17cf-34f2-8e79-aacc926e0c92, -10.382290, -46.985730,2026-05-08 16:50:00,NOAA-21,MATEIROS,TOCANTINS,Brasil,1712702,17,33,,,,Cerrado,53.4
49d88400-2ea4-3dca-a643-15d13e529c8d, -16.451730, -46.512940,2026-05-08 16:50:00,NOAA-21,NATALÂNDIA,MINAS GERAIS,Brasil,3144375,31,33,,,,Cerrado,4.2
d6a131e4-12cd-32b9-802f-3cee689aff75, -14.930040, -52.778420,2026-05-08 16:50:00,NOAA-21,NOVO SÃO JOAQUIM,MATO GROSSO,Brasil,5106281,51,33,,,,Cerrado,21.3
141aaa47-57a3-31fe-9d3f-3394ff938329, -10.755700, -49.758120,2026-05-08 16:50:00,NOAA-21,LAGOA DA CONFUSÃO,TOCANTINS,Brasil,1711902,17,33,,,,Cerrado,5.4
6d44948a-3598-3f94-96b7-f5dd9280a7ec, -13.791540, -47.372040,2026-05-08 16:50:00,NOAA-21,CAVALCANTE,GOIÁS,Brasil,5205307,52,33,,,,Cerrado,7.5
c6c4b16a-9ef2-389e-a563-303f246c942b, -16.457900, -52.663090,2026-05-08 16:50:00,NOAA-21,RIBEIRÃOZINHO,MATO GROSSO,Brasil,5107198,51,33,,,,Cerrado,8.8
adcc8790-82da-3188-8d76-f2778e3bcb04, -10.782840, -46.774700,2026-05-08 16:50:00,NOAA-21,MATEIROS,TOCANTINS,Brasil,1712702,17,33,,,,Cerrado,112.7
718d0077-013c-3d5a-8131-3ceac0993714, -14.220060, -54.741070,2026-05-08 16:50:00,NOAA-21,PARANATINGA,MATO GROSSO,Brasil,5106307,51,33,,,,Cerrado,20.4
49e50b40-7405-381e-9c27-57fd48c016aa, -14.227500, -54.741390,2026-05-08 16:50:00,NOAA-21,PARANATINGA,MATO GROSSO,Brasil,5106307,51,33,,,,Cerrado,31.3
2fac5351-04c9-3f43-b537-9df6dbe9dff4, -10.783110, -46.771700,2026-05-08 16:50:00,NOAA-21,MATEIROS,TOCANTINS,Brasil,1712702,17,33,,,,Cerrado,15.1
c14cb7bc-a016-3533-98c1-cb5479a1fd96, -10.481380, -46.545870,2026-05-08 16:50:00,NOAA-21,MATEIROS,TOCANTINS,Brasil,1712702,17,33,,,,Cerrado,8.8
5ae801b0-8a3f-3eff-bb11-eabf3acb582c, -10.380650, -46.953600,2026-05-08 16:50:00,NOAA-21,MATEIROS,TOCANTINS,Brasil,1712702,17,33,,,,Cerrado,16.1
3e2b4bca-a3df-33e8-adf3-7a4d42a6b440, -14.694690, -51.859660,2026-05-08 16:50:00,NOAA-21,NOVA XAVANTINA,MATO GROSSO,Brasil,5106257,51,33,,,,Cerrado,8.4
a6c07403-d5c2-3c5a-91d3-b28c0dc8b41c, -17.942240, -52.956140,2026-05-08 16:50:00,NOAA-21,MINEIROS,GOIÁS,Brasil,5213103,52,33,,,,Cerrado,8.6
82eeb2a6-2319-3e82-b350-e6fa1e80c042, -10.312980, -46.829500,2026-05-08 16:50:00,NOAA-21,MATEIROS,TOCANTINS,Brasil,1712702,17,33,,,,Cerrado,2.9
b7014942-daba-38a8-860b-b2889d49a743, -11.788460, -49.733310,2026-05-08 16:50:00,NOAA-21,FORMOSO DO ARAGUAIA,TOCANTINS,Brasil,1708205,17,33,,,,Cerrado,3.6
67803f1a-6e70-3d2f-bced-7edca4f9a03f, -14.695920, -51.860260,2026-05-08 16:50:00,NOAA-21,NOVA XAVANTINA,MATO GROSSO,Brasil,5106257,51,33,,,,Cerrado,9.0
11b1308e-1a42-3fda-8008-750fbbf88bf2, -10.861560, -49.694650,2026-05-08 16:50:00,NOAA-21,LAGOA DA CONFUSÃO,TOCANTINS,Brasil,1711902,17,33,,,,Cerrado,10.1
98483c1a-a59f-3526-82c0-67d4d6c31ec7, -10.765770, -49.735160,2026-05-08 16:50:00,NOAA-21,LAGOA DA CONFUSÃO,TOCANTINS,Brasil,1711902,17,33,,,,Cerrado,2.5
5498b44f-c616-31e6-9a7b-42104a7f3933, -12.063790, -45.291540,2026-05-08 16:50:00,NOAA-21,BARREIRAS,BAHIA,Brasil,2903201,29,33,,,,Cerrado,16.4
85f8e4c5-4186-3c5a-80e0-86d5b705b017, -15.225190, -50.854460,2026-05-08 16:50:00,NOAA-21,MATRINCHÃ,GOIÁS,Brasil,5212956,52,33,,,,Cerrado,25.7
b0277d00-8e94-310f-a002-1d094a45fc1a, -13.803050, -52.778360,2026-05-08 16:50:00,NOAA-21,ÁGUA BOA,MATO GROSSO,Brasil,5100201,51,33,,,,Cerrado,5.8
06f83162-7a73-3d10-b0e3-25eb19b8cab3, -13.186720, -52.686570,2026-05-08 16:50:00,NOAA-21,CANARANA,MATO GROSSO,Brasil,5102702,51,33,,,,Amazônia,19.4
9dca02ba-54c1-38b4-ab26-4d4714799e83, -14.074000, -58.702580,2026-05-08 16:50:00,NOAA-21,TANGARÁ DA SERRA,MATO GROSSO,Brasil,5107958,51,33,,,,Cerrado,14.5
7b446526-a4f9-3c04-b754-6a0d7fa94258, -17.950280, -52.955020,2026-05-08 16:50:00,NOAA-21,MINEIROS,GOIÁS,Brasil,5213103,52,33,,,,Cerrado,3.5
291c8c67-21e4-31a5-8d6c-13cacd93ab9c, -10.353770, -46.430230,2026-05-08 16:50:00,NOAA-21,MATEIROS,TOCANTINS,Brasil,1712702,17,33,,,,Cerrado,10.6
e2a4f46d-a736-3ac5-b16c-219d8566d2ca, -12.770330, -59.006280,2026-05-08 16:50:00,NOAA-21,CAMPOS DE JÚLIO,MATO GROSSO,Brasil,5102686,51,33,,,,Cerrado,5.9
f74da5a0-76e0-38fc-a1dc-9ffa4973fb05, -10.778940, -46.768290,2026-05-08 16:50:00,NOAA-21,MATEIROS,TOCANTINS,Brasil,1712702,17,33,,,,Cerrado,15.1
c1822bae-d13d-32cb-99c9-5e6ccdb925d2, -14.223800, -54.736380,2026-05-08 16:50:00,NOAA-21,PARANATINGA,MATO GROSSO,Brasil,5106307,51,33,,,,Cerrado,20.0
52df57b0-0581-3776-a40a-caf75380e615, -13.799280, -52.778900,2026-05-08 16:50:00,NOAA-21,ÁGUA BOA,MATO GROSSO,Brasil,5100201,51,33,,,,Cerrado,5.8
9195490f-695e-352f-a061-7b9d5a1d1672, -10.360940, -46.429090,2026-05-08 16:50:00,NOAA-21,MATEIROS,TOCANTINS,Brasil,1712702,17,33,,,,Cerrado,8.3
0cb1126c-77d4-3321-8aab-2e20aa099144, -15.380910, -48.211370,2026-05-08 16:50:00,NOAA-21,PADRE BERNARDO,GOIÁS,Brasil,5215603,52,33,,,,Cerrado,5.6
d9c0b103-6ca5-3c22-afee-537c03a679a6, -14.797460, -45.264590,2026-05-08 16:50:00,NOAA-21,COCOS,BAHIA,Brasil,2908101,29,33,,,,Cerrado,3.4
dfb1dc94-d77f-3579-b985-71c3138640c8, -11.823710, -47.340870,2026-05-08 16:50:00,NOAA-21,ALMAS,TOCANTINS,Brasil,1700400,17,33,,,,Cerrado,8.5
1d96e09e-9e04-304d-922c-1c2b7e37f5b4, -10.381660, -46.981820,2026-05-08 16:50:00,NOAA-21,MATEIROS,TOCANTINS,Brasil,1712702,17,33,,,,Cerrado,10.0
2750baed-3d4c-35c4-b381-f0e7737f9772, -10.469950, -47.352500,2026-05-08 16:50:00,NOAA-21,LAGOA DO TOCANTINS,TOCANTINS,Brasil,1711951,17,33,,,,Cerrado,9.5
628a8aba-96e8-35a5-a8fc-6d39f196be43, -10.482060, -46.550090,2026-05-08 16:50:00,NOAA-21,MATEIROS,TOCANTINS,Brasil,1712702,17,33,,,,Cerrado,6.8
0c3f470b-e594-334e-9903-7094570cb5c7, -10.786620, -46.771130,2026-05-08 16:50:00,NOAA-21,MATEIROS,TOCANTINS,Brasil,1712702,17,33,,,,Cerrado,7.9
4f2bc9b7-4c96-30aa-a8b4-7198dc0b42a5, -14.180630, -54.437020,2026-05-08 16:50:00,NOAA-21,PARANATINGA,MATO GROSSO,Brasil,5106307,51,33,,,,Cerrado,36.0
f0d80b2e-a7fb-3ae0-a681-3eb1d1ced0bc,  -9.793580, -48.518580,2026-05-08 16:50:00,NOAA-21,MIRACEMA DO TOCANTINS,TOCANTINS,Brasil,1713205,17,33,,,,Cerrado,13.2
c11f5178-33d5-3846-9879-f06c6bdf6d50, -13.542350, -49.901140,2026-05-08 16:50:00,NOAA-21,BONÓPOLIS,GOIÁS,Brasil,5203575,52,33,,,,Cerrado,5.4
c16357b8-d84a-3c7e-8366-656aec3189c4, -13.075400, -48.320940,2026-05-08 16:50:00,NOAA-21,PALMEIRÓPOLIS,TOCANTINS,Brasil,1715754,17,33,,,,Cerrado,13.8
5770e390-28c8-3a41-adaa-a364474d8f8d, -10.252680, -47.399740,2026-05-08 16:50:00,NOAA-21,LAGOA DO TOCANTINS,TOCANTINS,Brasil,1711951,17,33,,,,Cerrado,12.3
218e0470-e1b9-35d2-909e-333b97bced5c, -14.198750, -57.422920,2026-05-08 16:50:00,NOAA-21,NOVA MARILÂNDIA,MATO GROSSO,Brasil,5108857,51,33,,,,Amazônia,8.7
92221d51-5aee-3f47-9f9a-ae6267a4d4a6, -17.528140, -53.693870,2026-05-08 16:50:00,NOAA-21,ALTO ARAGUAIA,MATO GROSSO,Brasil,5100300,51,33,,,,Cerrado,13.5
bf4aa161-238a-3bb1-bc01-0665c4f96277, -16.047650, -49.121170,2026-05-08 16:50:00,NOAA-21,PIRENÓPOLIS,GOIÁS,Brasil,5217302,52,33,,,,Cerrado,16.2
b245bdaf-5881-3d28-a68a-e6d70468dd92, -11.643770, -58.256410,2026-05-08 16:50:00,NOAA-21,BRASNORTE,MATO GROSSO,Brasil,5101902,51,33,,,,Amazônia,2.8
d6c4e66e-7d97-3d30-9827-021216cf2ff1, -10.379090, -46.966060,2026-05-08 16:50:00,NOAA-21,MATEIROS,TOCANTINS,Brasil,1712702,17,33,,,,Cerrado,45.6
c7a64664-16fe-318b-8802-6b8335fd424e, -10.381940, -46.961540,2026-05-08 16:50:00,NOAA-21,MATEIROS,TOCANTINS,Brasil,1712702,17,33,,,,Cerrado,71.7
82debba7-d7f0-34f9-aa85-8d791f9ecc32, -14.198380, -57.419880,2026-05-08 16:50:00,NOAA-21,NOVA MARILÂNDIA,MATO GROSSO,Brasil,5108857,51,33,,,,Amazônia,9.1
8ef36bb0-8fa1-339d-9867-3bd85ccfa025,  -9.448400, -46.123800,2026-05-08 16:50:00,NOAA-21,ALTO PARNAÍBA,MARANHÃO,Brasil,2100501,21,33,,,,Cerrado,6.4
ba1af246-96e0-32b0-80b2-e52bbf7b5aae, -14.223720, -54.746110,2026-05-08 16:50:00,NOAA-21,PARANATINGA,MATO GROSSO,Brasil,5106307,51,33,,,,Cerrado,31.3
d8b3735a-f6e9-3c0f-871d-473eb8ddbc6b, -17.938230, -52.956710,2026-05-08 16:50:00,NOAA-21,MINEIROS,GOIÁS,Brasil,5213103,52,33,,,,Cerrado,8.0
d16a4d4d-5591-35ef-a930-65e24881ebf8, -12.548130, -54.620730,2026-05-08 16:50:00,NOAA-21,NOVA UBIRATÃ,MATO GROSSO,Brasil,5106240,51,33,,,,Amazônia,5.9
60b0f57e-09f1-369c-af9c-bc76dd936d86, -12.388890, -44.450490,2026-05-08 16:50:00,NOAA-21,BAIANÓPOLIS,BAHIA,Brasil,2902500,29,33,,,,Cerrado,16.6
2a6d5293-cafc-355c-8c85-4e47942ecbc0, -15.627540, -41.231030,2026-05-08 16:50:00,NOAA-21,ENCRUZILHADA,BAHIA,Brasil,2910404,29,33,,,,Mata Atlântica,5.4
3a4aa25f-d354-3505-9e2e-6c8f9a709cc3, -14.080440, -58.709570,2026-05-08 16:50:00,NOAA-21,TANGARÁ DA SERRA,MATO GROSSO,Brasil,5107958,51,33,,,,Cerrado,7.0
68f1c298-6775-33ed-be65-d6da97466a71, -11.808600, -49.686940,2026-05-08 16:50:00,NOAA-21,FORMOSO DO ARAGUAIA,TOCANTINS,Brasil,1708205,17,33,,,,Cerrado,7.6
ae4bd033-6d27-37e1-84b9-c76cab5b9be1, -10.903050, -49.656010,2026-05-08 16:50:00,NOAA-21,LAGOA DA CONFUSÃO,TOCANTINS,Brasil,1711902,17,33,,,,Cerrado,11.1
f11f9733-2766-319f-bd50-f5d74f69c700, -15.379420, -40.738020,2026-05-08 16:50:00,NOAA-21,RIBEIRÃO DO LARGO,BAHIA,Brasil,2926657,29,33,,,,Mata Atlântica,9.8
822f523b-6fcf-3b64-aae8-4517d5afb8ee, -14.068410, -58.703300,2026-05-08 16:50:00,NOAA-21,TANGARÁ DA SERRA,MATO GROSSO,Brasil,5107958,51,33,,,,Cerrado,14.5
97e1445b-67f9-33dc-a13a-fe8fdbfd8ed6, -14.054480, -58.720000,2026-05-08 16:50:00,NOAA-21,TANGARÁ DA SERRA,MATO GROSSO,Brasil,5107958,51,33,,,,Cerrado,4.7
0091cf54-6578-3316-a9eb-c3f47b651964, -12.500520, -45.438420,2026-05-08 16:50:00,NOAA-21,SÃO DESIDÉRIO,BAHIA,Brasil,2928901,29,33,,,,Cerrado,19.6
7130392c-2b65-3524-9d98-74e1fda1d7b1, -11.802880, -56.991730,2026-05-08 16:50:00,NOAA-21,PORTO DOS GAÚCHOS,MATO GROSSO,Brasil,5106802,51,33,,,,Amazônia,8.6
46ec22ad-8b1d-39b2-bf21-f05ef753b44a, -13.411910, -40.078470,2026-05-08 16:50:00,NOAA-21,JAGUAQUARA,BAHIA,Brasil,2917607,29,33,,,,Mata Atlântica,2.2
32745cd8-2c48-3450-bede-65c3bfff336d, -14.215120, -54.747130,2026-05-08 16:50:00,NOAA-21,PARANATINGA,MATO GROSSO,Brasil,5106307,51,33,,,,Cerrado,7.6
3697dbcd-d7b2-3b38-acb7-b8f94b119650, -11.792300, -49.736310,2026-05-08 16:50:00,NOAA-21,FORMOSO DO ARAGUAIA,TOCANTINS,Brasil,1708205,17,33,,,,Cerrado,6.3
8cf07300-0895-348e-9fb8-547db734f256, -11.792830, -49.739840,2026-05-08 16:50:00,NOAA-21,FORMOSO DO ARAGUAIA,TOCANTINS,Brasil,1708205,17,33,,,,Cerrado,6.3
9edd6b09-4996-3b1c-8b35-a0dce99d94f7, -10.437540, -46.927940,2026-05-08 16:50:00,NOAA-21,MATEIROS,TOCANTINS,Brasil,1712702,17,33,,,,Cerrado,5.3
b311d5ad-2393-3720-854c-e6af4eb954ce, -15.221710, -50.854990,2026-05-08 16:50:00,NOAA-21,MATRINCHÃ,GOIÁS,Brasil,5212956,52,33,,,,Cerrado,25.7
5e3b6b76-45f0-345b-9bb3-88e9b3b6ded4, -10.308820, -46.826120,2026-05-08 16:50:00,NOAA-21,MATEIROS,TOCANTINS,Brasil,1712702,17,33,,,,Cerrado,2.9
13296c14-b276-3be0-a17c-4f4db1eed467, -13.190450, -52.686090,2026-05-08 16:50:00,NOAA-21,CANARANA,MATO GROSSO,Brasil,5102702,51,33,,,,Amazônia,29.3
40ba696f-e4bf-3c13-a533-93eb1539b5f6, -11.779630, -43.659790,2026-05-08 16:50:00,NOAA-21,BARRA,BAHIA,Brasil,2902708,29,33,,,,Cerrado,7.9
5e2b575c-7761-3411-a7e6-875b588d9f84, -13.005360, -42.464890,2026-05-08 16:50:00,NOAA-21,MACAÚBAS,BAHIA,Brasil,2919801,29,33,,,,Caatinga,5.8
b2c99f6f-5685-3058-a392-17771878d92d, -11.880750, -49.693760,2026-05-08 16:50:00,NOAA-21,FORMOSO DO ARAGUAIA,TOCANTINS,Brasil,1708205,17,33,,,,Cerrado,5.7
00142b3d-5d2d-3709-95fc-2e8fbb981686, -10.749630, -49.762640,2026-05-08 16:50:00,NOAA-21,LAGOA DA CONFUSÃO,TOCANTINS,Brasil,1711902,17,33,,,,Cerrado,4.5
ebf8f40e-897f-34d4-a2ed-557b509ad7c1, -10.482750, -46.554370,2026-05-08 16:50:00,NOAA-21,MATEIROS,TOCANTINS,Brasil,1712702,17,33,,,,Cerrado,6.8
6eb8488b-c529-38f9-9338-008b38b38c2f, -14.930670, -52.783220,2026-05-08 16:50:00,NOAA-21,NOVO SÃO JOAQUIM,MATO GROSSO,Brasil,5106281,51,33,,,,Cerrado,21.3
36f10ecd-a805-3a91-a47f-8716c212a022, -10.783760, -46.775710,2026-05-08 16:50:00,NOAA-21,MATEIROS,TOCANTINS,Brasil,1712702,17,33,,,,Cerrado,169.2
35e5c3af-2a6a-33c3-b466-cc4279878d4d,  -9.878920, -44.694680,2026-05-08 16:50:00,NOAA-21,RIACHO FRIO,PIAUÍ,Brasil,2208858,22,33,,,,Cerrado,4.5
7fa736eb-541b-340a-a38f-dcb0f2170aa4, -10.503950, -49.665760,2026-05-08 16:50:00,NOAA-21,PIUM,TOCANTINS,Brasil,1717503,17,33,,,,Cerrado,211.8
548715fa-1cf9-35e4-8a9b-518986b9d47a, -10.384000, -46.412360,2026-05-08 16:50:00,NOAA-21,MATEIROS,TOCANTINS,Brasil,1712702,17,33,,,,Cerrado,7.4
ddf948d4-368c-3d41-b64f-5736d0e0c3ff, -13.184440, -52.683530,2026-05-08 16:50:00,NOAA-21,CANARANA,MATO GROSSO,Brasil,5102702,51,33,,,,Amazônia,7.4
389e1c5b-2aab-3134-8f61-050c8c0be2d2, -15.250340, -43.798370,2026-05-08 16:50:00,NOAA-21,JAÍBA,MINAS GERAIS,Brasil,3135050,31,33,,,,Cerrado,8.4
17d9ca84-60b9-3ab9-81c3-b81109e73186, -16.196540, -45.591570,2026-05-08 16:50:00,NOAA-21,URUCUIA,MINAS GERAIS,Brasil,3170529,31,33,,,,Cerrado,12.1
e9571ec7-d008-3523-bf4a-999605bdcc2c, -12.394240, -46.642060,2026-05-08 16:50:00,NOAA-21,TAGUATINGA,TOCANTINS,Brasil,1720903,17,33,,,,Cerrado,4.0
346cf25b-04fb-3453-8e45-e59ae37cd23a, -10.752400, -49.758640,2026-05-08 16:50:00,NOAA-21,LAGOA DA CONFUSÃO,TOCANTINS,Brasil,1711902,17,33,,,,Cerrado,5.4
6d0fd424-ecc2-3e27-9b3e-cde68eef21d8, -13.323630, -54.246020,2026-05-08 16:50:00,NOAA-21,PARANATINGA,MATO GROSSO,Brasil,5106307,51,33,,,,Amazônia,7.2
93111558-1d0f-38c8-a5c5-a3628e71a3f0, -11.028060, -45.185240,2026-05-08 16:50:00,NOAA-21,FORMOSA DO RIO PRETO,BAHIA,Brasil,2911105,29,33,,,,Cerrado,8.0
a267f7e5-2d3a-37a7-ac16-8c459ef781a3, -11.421210, -47.084530,2026-05-08 16:50:00,NOAA-21,ALMAS,TOCANTINS,Brasil,1700400,17,33,,,,Cerrado,5.8
9ff3ea2a-a591-34f3-aa7a-98fbd6f1bc62, -17.946260, -52.955580,2026-05-08 16:50:00,NOAA-21,MINEIROS,GOIÁS,Brasil,5213103,52,33,,,,Cerrado,8.6
45dbe964-224c-39d2-8b3a-18ffb932510a, -12.499060, -45.429570,2026-05-08 16:50:00,NOAA-21,SÃO DESIDÉRIO,BAHIA,Brasil,2928901,29,33,,,,Cerrado,7.5
9fcf0501-7201-399e-b57d-03f70f6caa9e, -12.740970, -43.943240,2026-05-08 16:50:00,NOAA-21,SERRA DOURADA,BAHIA,Brasil,2930303,29,33,,,,Cerrado,3.1
ab8bebf0-ae19-3a16-8224-e81f5a49b965, -16.768350, -45.820510,2026-05-08 16:50:00,NOAA-21,SANTA FÉ DE MINAS,MINAS GERAIS,Brasil,3157609,31,33,,,,Cerrado,4.6
bd731f3a-15cd-3b97-b287-4e8f4b799bee, -11.024520, -48.255960,2026-05-08 16:50:00,NOAA-21,SILVANÓPOLIS,TOCANTINS,Brasil,1720655,17,33,,,,Cerrado,6.5
d49f0cad-5834-3945-a5a7-61a8c193d769, -12.523740, -49.471890,2026-05-08 16:50:00,NOAA-21,ARAGUAÇU,TOCANTINS,Brasil,1702000,17,33,,,,Cerrado,3.1
68379dc8-c91b-33f7-b19b-3c3dec4bddf7, -10.840370, -49.554870,2026-05-08 16:50:00,NOAA-21,SANTA RITA DO TOCANTINS,TOCANTINS,Brasil,1718899,17,33,,,,Cerrado,14.8
1b23b744-aaf2-333f-8123-27bc625eb1e0, -12.026050, -47.803380,2026-05-08 16:50:00,NOAA-21,NATIVIDADE,TOCANTINS,Brasil,1714203,17,33,,,,Cerrado,5.0
654b5180-bd1b-3f38-9ee7-6922ac6f04cb, -15.442640, -56.322000,2026-05-08 16:50:00,NOAA-21,VÁRZEA GRANDE,MATO GROSSO,Brasil,5108402,51,33,,,,Cerrado,8.8
c94e108f-f086-3ed7-a7d7-6fe4d2ca7825, -12.778010, -46.979970,2026-05-08 16:50:00,NOAA-21,ARRAIAS,TOCANTINS,Brasil,1702406,17,33,,,,Cerrado,6.4
c06989c6-dd9b-3998-bdcd-41177dafc4eb, -10.641370, -48.019220,2026-05-08 16:50:00,NOAA-21,MONTE DO CARMO,TOCANTINS,Brasil,1713601,17,33,,,,Cerrado,12.0
8816953d-92ec-3375-bf42-a82e273faead,  -9.449840, -46.132650,2026-05-08 16:50:00,NOAA-21,ALTO PARNAÍBA,MARANHÃO,Brasil,2100501,21,33,,,,Cerrado,7.1
436d69b8-9f61-3df9-9bc6-e4a86d434f49, -10.872650, -49.678610,2026-05-08 16:50:00,NOAA-21,LAGOA DA CONFUSÃO,TOCANTINS,Brasil,1711902,17,33,,,,Cerrado,11.0
909d7d7c-ef47-3a77-8984-1713cf3b6b06,  -9.453510, -46.132020,2026-05-08 16:50:00,NOAA-21,ALTO PARNAÍBA,MARANHÃO,Brasil,2100501,21,33,,,,Cerrado,7.1
5ca000d4-c281-32a4-949e-8a68d66579fc, -11.027850, -48.255430,2026-05-08 16:50:00,NOAA-21,SILVANÓPOLIS,TOCANTINS,Brasil,1720655,17,33,,,,Cerrado,6.5
895a5757-a7fc-3dad-9932-a25253abe7f2, -17.080270, -49.728550,2026-05-08 16:50:00,NOAA-21,CEZARINA,GOIÁS,Brasil,5205455,52,33,,,,Cerrado,16.3
c598ec26-829f-3627-98a1-5b80caf5b49d, -10.388650, -46.980710,2026-05-08 16:50:00,NOAA-21,MATEIROS,TOCANTINS,Brasil,1712702,17,33,,,,Cerrado,6.3
a5808551-d4fb-3556-927f-f8d6fde0723d, -14.139340, -45.381780,2026-05-08 16:50:00,NOAA-21,JABORANDI,BAHIA,Brasil,2917359,29,33,,,,Cerrado,4.6
706e9a89-8d8f-323f-a40d-01912c61f5d3, -10.641930, -48.022800,2026-05-08 16:50:00,NOAA-21,MONTE DO CARMO,TOCANTINS,Brasil,1713601,17,33,,,,Cerrado,12.0
4f127655-1181-32ac-9d92-86f3c59cad88, -10.924520, -45.356910,2026-05-08 16:50:00,NOAA-21,FORMOSA DO RIO PRETO,BAHIA,Brasil,2911105,29,33,,,,Cerrado,1.2
05aa91f1-e845-3c76-9ea6-b1fb921dd25e, -14.514970, -49.935030,2026-05-08 16:50:00,NOAA-21,CRIXÁS,GOIÁS,Brasil,5206404,52,33,,,,Cerrado,10.1
3643344f-90aa-3eda-aded-1d4da9d7b8e7, -10.381610, -46.989520,2026-05-08 16:50:00,NOAA-21,MATEIROS,TOCANTINS,Brasil,1712702,17,33,,,,Cerrado,75.0
df497700-063e-3229-a063-e4a899aa371d, -10.384800, -46.957020,2026-05-08 16:50:00,NOAA-21,MATEIROS,TOCANTINS,Brasil,1712702,17,33,,,,Cerrado,16.1
6bea6a67-a627-34c2-aa26-e54c0bbc6024, -16.985710, -47.308080,2026-05-08 16:50:00,NOAA-21,CRISTALINA,GOIÁS,Brasil,5206206,52,33,,,,Cerrado,20.5
1d18bff6-c12e-3f06-af7c-1e9d16df4424, -10.670920, -49.693470,2026-05-08 16:50:00,NOAA-21,LAGOA DA CONFUSÃO,TOCANTINS,Brasil,1711902,17,33,,,,Cerrado,4.2
266ba830-56d6-3acd-9e3c-2ad480016f4a, -14.222670, -54.737690,2026-05-08 16:50:00,NOAA-21,PARANATINGA,MATO GROSSO,Brasil,5106307,51,33,,,,Cerrado,55.8
0ef75792-345c-38ca-ba5a-3b102baac8f0, -11.421820, -47.088370,2026-05-08 16:50:00,NOAA-21,ALMAS,TOCANTINS,Brasil,1700400,17,33,,,,Cerrado,10.4
89b7196e-f915-39c2-803a-7f1cf6fd9646, -10.812450, -49.326880,2026-05-08 16:50:00,NOAA-21,SANTA RITA DO TOCANTINS,TOCANTINS,Brasil,1718899,17,33,,,,Cerrado,6.4
10db893b-d846-315c-b9b5-777f0c62de38, -10.787270, -46.775120,2026-05-08 16:50:00,NOAA-21,MATEIROS,TOCANTINS,Brasil,1712702,17,33,,,,Cerrado,2.3
ada19432-de5f-3b5e-b9ca-0584f97d4c92, -10.670390, -49.689980,2026-05-08 16:50:00,NOAA-21,LAGOA DA CONFUSÃO,TOCANTINS,Brasil,1711902,17,33,,,,Cerrado,14.3
98ed0209-e5d1-34e2-9145-1fb3800f90f2, -10.382930, -46.989650,2026-05-08 16:50:00,NOAA-21,MATEIROS,TOCANTINS,Brasil,1712702,17,33,,,,Cerrado,53.4
be4b885b-8f1f-39ad-b7dc-3eb34ca8c3c6, -14.199110, -57.425930,2026-05-08 16:50:00,NOAA-21,NOVA MARILÂNDIA,MATO GROSSO,Brasil,5108857,51,33,,,,Amazônia,8.7
b9d6f98f-b84a-31b4-b616-4f57e6492fde, -10.843150, -49.550870,2026-05-08 16:50:00,NOAA-21,SANTA RITA DO TOCANTINS,TOCANTINS,Brasil,1718899,17,33,,,,Cerrado,10.9
548adb5f-78cb-3961-a130-9dc8a3e18380, -11.425270, -47.087800,2026-05-08 16:50:00,NOAA-21,ALMAS,TOCANTINS,Brasil,1700400,17,33,,,,Cerrado,7.2
6f7fd225-aa10-3262-a18a-da50d219db89, -10.780260, -46.776310,2026-05-08 16:50:00,NOAA-21,MATEIROS,TOCANTINS,Brasil,1712702,17,33,,,,Cerrado,169.2
fc6efa34-66d0-3abf-80d1-98d82435de37, -14.058720, -58.707830,2026-05-08 16:50:00,NOAA-21,TANGARÁ DA SERRA,MATO GROSSO,Brasil,5107958,51,33,,,,Cerrado,9.3
61369bb0-4e07-3691-88ea-6180c4a7b64a,  -9.419450, -44.695230,2026-05-08 16:50:00,NOAA-21,REDENÇÃO DO GURGUÉIA,PIAUÍ,Brasil,2208700,22,33,,,,Cerrado,5.6
78eb6d19-923b-3796-b02a-d02255a4b3e3, -14.047980, -58.712890,2026-05-08 16:50:00,NOAA-21,TANGARÁ DA SERRA,MATO GROSSO,Brasil,5107958,51,33,,,,Cerrado,14.8
2af0d68d-08cc-3a64-9f20-2c46ddebaee4, -14.231600, -43.650680,2026-05-08 16:50:00,NOAA-21,MALHADA,BAHIA,Brasil,2920205,29,33,,,,Cerrado,3.6
0e0cf576-a215-3a8b-b89a-dcf04690298f, -14.687430, -46.161140,2026-05-08 16:50:00,NOAA-21,SÍTIO D'ABADIA,GOIÁS,Brasil,5220702,52,33,,,,Cerrado,4.9
af524df0-2d95-32a5-97da-6e7fe395eb5d, -10.323200, -52.049190,2026-05-08 16:50:00,NOAA-21,CONFRESA,MATO GROSSO,Brasil,5103353,51,33,,,,Amazônia,11.8
61af5513-0fcf-39c8-ae68-632c6720262f, -12.028210, -47.773080,2026-05-08 16:50:00,NOAA-21,NATIVIDADE,TOCANTINS,Brasil,1714203,17,33,,,,Cerrado,6.9
3964f3cc-d12b-3c82-9b97-53766b8c6bb0, -10.385790, -46.985170,2026-05-08 16:50:00,NOAA-21,MATEIROS,TOCANTINS,Brasil,1712702,17,33,,,,Cerrado,7.3
77344736-0d16-386b-941d-73a5406e4f7e, -17.934680, -52.960990,2026-05-08 16:50:00,NOAA-21,MINEIROS,GOIÁS,Brasil,5213103,52,33,,,,Cerrado,8.5
798c66a1-78ed-3a39-8c6d-ebf9a03823d4, -11.612300, -54.179900,2026-05-08 16:50:00,NOAA-21,UNIÃO DO SUL,MATO GROSSO,Brasil,5108303,51,33,,,,Amazônia,6.0
d548cf18-6339-3104-83be-7f0042a9ec5e, -10.837230, -49.712740,2026-05-08 16:50:00,NOAA-21,LAGOA DA CONFUSÃO,TOCANTINS,Brasil,1711902,17,33,,,,Cerrado,14.5
c0b65ab1-77f9-304e-9b6d-d78c9339a1b5, -10.385440, -46.960990,2026-05-08 16:50:00,NOAA-21,MATEIROS,TOCANTINS,Brasil,1712702,17,33,,,,Cerrado,71.7
12ad2710-fa70-303f-8527-dec50d466051, -13.788190, -47.372610,2026-05-08 16:50:00,NOAA-21,CAVALCANTE,GOIÁS,Brasil,5205307,52,33,,,,Cerrado,5.0
9385a3cd-697a-3add-91c4-f491c95d2224, -10.379740, -46.970020,2026-05-08 16:50:00,NOAA-21,MATEIROS,TOCANTINS,Brasil,1712702,17,33,,,,Cerrado,113.0
75b9f4a1-7710-3eb9-99fb-f1aa58fc4da2, -15.225750, -50.858410,2026-05-08 16:50:00,NOAA-21,MATRINCHÃ,GOIÁS,Brasil,5212956,52,33,,,,Cerrado,51.8
5826fdfe-1bf8-342c-a2b7-52db7944542c, -14.062840, -58.704070,2026-05-08 16:50:00,NOAA-21,TANGARÁ DA SERRA,MATO GROSSO,Brasil,5107958,51,33,,,,Cerrado,6.9
eb4514a4-9833-329f-9aad-c656898cc91e, -11.069140, -52.484600,2026-05-08 16:50:00,NOAA-21,SÃO JOSÉ DO XINGU,MATO GROSSO,Brasil,5107354,51,33,,,,Amazônia,12.1
7cfd90de-faf4-36e9-b3c4-2e667cb013e1,  -9.404470, -44.679700,2026-05-08 16:50:00,NOAA-21,REDENÇÃO DO GURGUÉIA,PIAUÍ,Brasil,2208700,22,33,,,,Cerrado,6.7
a4824ae6-2ab6-35d2-881f-5a9c56fe5af2, -14.175900, -46.431450,2026-05-08 16:50:00,NOAA-21,POSSE,GOIÁS,Brasil,5218300,52,33,,,,Cerrado,3.6
deb704f6-a2ec-3988-851c-4cd2e30166e1, -10.876490, -49.681600,2026-05-08 16:50:00,NOAA-21,LAGOA DA CONFUSÃO,TOCANTINS,Brasil,1711902,17,33,,,,Cerrado,15.6
1bd933cb-d1e3-3271-8659-a804b2b353be, -10.619580, -49.890980,2026-05-08 16:50:00,NOAA-21,LAGOA DA CONFUSÃO,TOCANTINS,Brasil,1711902,17,33,,,,Cerrado,14.0
8dfa2828-6a13-3cad-83bd-ace6a89d1cb3, -10.249850, -47.404090,2026-05-08 16:50:00,NOAA-21,LAGOA DO TOCANTINS,TOCANTINS,Brasil,1711951,17,33,,,,Cerrado,3.2
6a0a081c-b2fb-37bb-9124-1b51072307ae, -11.471090, -52.917050,2026-05-08 16:50:00,NOAA-21,SÃO FÉLIX DO ARAGUAIA,MATO GROSSO,Brasil,5107859,51,33,,,,Amazônia,9.3
f866cd65-848c-3530-9a9c-75e9edc08039, -12.054080, -45.232220,2026-05-08 16:50:00,NOAA-21,BARREIRAS,BAHIA,Brasil,2903201,29,33,,,,Cerrado,12.3
c2bfcf6b-3355-329b-8dd7-3ffb52ba88d9, -14.171140, -54.437270,2026-05-08 16:50:00,NOAA-21,PARANATINGA,MATO GROSSO,Brasil,5106307,51,33,,,,Cerrado,15.3
bb100350-e830-34b2-9f0b-4af7d8c9723c, -10.602010, -49.822100,2026-05-08 16:50:00,NOAA-21,LAGOA DA CONFUSÃO,TOCANTINS,Brasil,1711902,17,33,,,,Cerrado,4.3
948293e2-eb91-3d2a-9ca5-652f8e8b4821, -14.079170, -58.698170,2026-05-08 16:50:00,NOAA-21,TANGARÁ DA SERRA,MATO GROSSO,Brasil,5107958,51,33,,,,Cerrado,5.3
3768cf0e-3622-398b-bea6-55d68356ed13, -14.038650, -47.581650,2026-05-08 16:50:00,NOAA-21,CAVALCANTE,GOIÁS,Brasil,5205307,52,33,,,,Cerrado,5.9
ea6c22e7-5f6d-3a3c-be68-2b1199115747, -14.354500, -58.258240,2026-05-08 16:50:00,NOAA-21,TANGARÁ DA SERRA,MATO GROSSO,Brasil,5107958,51,33,,,,Cerrado,2.7
57d6decb-c75f-390f-9499-893dd9d16798, -15.381940, -40.742190,2026-05-08 16:50:00,NOAA-21,RIBEIRÃO DO LARGO,BAHIA,Brasil,2926657,29,33,,,,Mata Atlântica,6.1
98dfc599-4783-33c3-82fa-4b56cf53efdd, -16.641470, -49.531040,2026-05-08 16:50:00,NOAA-21,TRINDADE,GOIÁS,Brasil,5221403,52,33,,,,Cerrado,5.5
86ee9bed-cb3e-3dbf-86d7-6bfd0af01001, -10.309460, -46.830090,2026-05-08 16:50:00,NOAA-21,MATEIROS,TOCANTINS,Brasil,1712702,17,33,,,,Cerrado,2.9
69552a03-34a7-323e-9dc1-ca1540aac54b, -15.222270, -50.858950,2026-05-08 16:50:00,NOAA-21,MATRINCHÃ,GOIÁS,Brasil,5212956,52,33,,,,Cerrado,51.8
8d0e997a-ce66-3bfb-84f7-bd4a7a121bbe, -11.292770, -54.759490,2026-05-08 16:50:00,NOAA-21,CLÁUDIA,MATO GROSSO,Brasil,5103056,51,33,,,,Amazônia,34.2
7c567bb2-c638-337b-b0da-4be22cfc2e28,  -9.537710, -47.084120,2026-05-08 16:50:00,NOAA-21,LIZARDA,TOCANTINS,Brasil,1712405,17,33,,,,Cerrado,7.5
7c274840-c798-3e8e-8aa4-5ef1485c6311, -10.839840, -49.551380,2026-05-08 16:50:00,NOAA-21,SANTA RITA DO TOCANTINS,TOCANTINS,Brasil,1718899,17,33,,,,Cerrado,14.8
20aedf73-1bef-386e-b030-c6e3ee6dea50, -10.484940, -46.545290,2026-05-08 16:50:00,NOAA-21,MATEIROS,TOCANTINS,Brasil,1712702,17,33,,,,Cerrado,8.8
36e2dcf5-c090-379f-a4ab-81b21461d4d9, -14.052510, -58.713160,2026-05-08 16:50:00,NOAA-21,TANGARÁ DA SERRA,MATO GROSSO,Brasil,5107958,51,33,,,,Cerrado,10.5
48b60dc8-bff0-354d-89fc-c0eedb4dd324, -10.749100, -49.759150,2026-05-08 16:50:00,NOAA-21,LAGOA DA CONFUSÃO,TOCANTINS,Brasil,1711902,17,33,,,,Cerrado,4.5
9f510298-c677-305f-8523-d860b86c7f5d, -11.884060, -49.693250,2026-05-08 16:50:00,NOAA-21,FORMOSO DO ARAGUAIA,TOCANTINS,Brasil,1708205,17,33,,,,Cerrado,4.0
57a5cb97-d668-3b24-8214-d1462f8b2ff4, -10.925900, -49.781180,2026-05-08 16:50:00,NOAA-21,LAGOA DA CONFUSÃO,TOCANTINS,Brasil,1711902,17,33,,,,Cerrado,3.7
719c0cb4-7373-3de5-941f-596cdcc55230, -14.138640, -45.377490,2026-05-08 16:50:00,NOAA-21,JABORANDI,BAHIA,Brasil,2917359,29,33,,,,Cerrado,1.2
5993636c-1ae7-3a7d-9769-747733d19202, -14.060070, -58.719330,2026-05-08 16:50:00,NOAA-21,TANGARÁ DA SERRA,MATO GROSSO,Brasil,5107958,51,33,,,,Cerrado,4.7
61687146-55a5-3ac9-9ce7-66ed39c9c45f, -13.336210, -42.585800,2026-05-08 16:50:00,NOAA-21,BOTUPORÃ,BAHIA,Brasil,2904209,29,33,,,,Caatinga,6.5
54a80617-e69d-330c-a743-0ed4ddd51913, -10.359600, -46.420820,2026-05-08 16:50:00,NOAA-21,MATEIROS,TOCANTINS,Brasil,1712702,17,33,,,,Cerrado,6.1
8c2bf991-b76f-3c97-af61-4492ae2bf7b1, -14.218900, -54.742410,2026-05-08 16:50:00,NOAA-21,PARANATINGA,MATO GROSSO,Brasil,5106307,51,33,,,,Cerrado,7.6
3a1cacd0-4450-3428-b1e5-f982ac828e8f, -14.682690, -46.153870,2026-05-08 16:50:00,NOAA-21,SÍTIO D'ABADIA,GOIÁS,Brasil,5220702,52,33,,,,Cerrado,13.5
c0e80c01-e9aa-3bb3-9832-a5b96f97597e, -14.175880, -54.440740,2026-05-08 16:50:00,NOAA-21,PARANATINGA,MATO GROSSO,Brasil,5106307,51,33,,,,Cerrado,10.4
b7cdc597-43f8-396c-a7a7-f449e73cceea, -16.524870, -44.588890,2026-05-08 16:50:00,NOAA-21,SÃO JOÃO DO PACUÍ,MINAS GERAIS,Brasil,3162658,31,33,,,,Cerrado,0.7
1cf86de7-8044-31f7-a024-b3689b1f9100, -10.902520, -49.652510,2026-05-08 16:50:00,NOAA-21,LAGOA DA CONFUSÃO,TOCANTINS,Brasil,1711902,17,33,,,,Cerrado,13.9
68d3f15e-5259-3795-a66f-2f77a320436d, -10.172670, -46.881210,2026-05-08 16:50:00,NOAA-21,SÃO FÉLIX DO TOCANTINS,TOCANTINS,Brasil,1720150,17,33,,,,Cerrado,4.4
d352adbf-5a88-3005-8b0f-20cce325a038, -14.179570, -54.436380,2026-05-08 16:50:00,NOAA-21,PARANATINGA,MATO GROSSO,Brasil,5106307,51,33,,,,Cerrado,67.6
a1e20d9c-dbfe-322b-83fb-1e999f94ccec, -10.469360, -46.539330,2026-05-08 16:50:00,NOAA-21,MATEIROS,TOCANTINS,Brasil,1712702,17,33,,,,Cerrado,9.9
2635fd36-100c-32d1-a4d6-43a713cef1b7, -14.005530, -56.636380,2026-05-08 16:50:00,NOAA-21,DIAMANTINO,MATO GROSSO,Brasil,5103502,51,33,,,,Cerrado,47.2
dc94307d-0157-3b63-b159-806952e492f6, -14.220620, -54.745280,2026-05-08 16:50:00,NOAA-21,PARANATINGA,MATO GROSSO,Brasil,5106307,51,33,,,,Cerrado,20.4
0460869a-4ce1-309b-9547-15dbf7abd1de, -12.601240, -55.804830,2026-05-08 16:50:00,NOAA-21,SORRISO,MATO GROSSO,Brasil,5107925,51,33,,,,Cerrado,4.1
2c1cf427-6bb0-3fe0-847c-0a84133a5b5d, -11.823120, -47.337140,2026-05-08 16:50:00,NOAA-21,ALMAS,TOCANTINS,Brasil,1700400,17,33,,,,Cerrado,13.4
baaaccd1-0d85-333e-9315-85e12810c492, -10.535120, -49.157280,2026-05-08 16:50:00,NOAA-21,CRISTALÂNDIA,TOCANTINS,Brasil,1706100,17,33,,,,Cerrado,3.4
267330da-1678-3517-a934-42b655991cee, -14.009000, -56.624570,2026-05-08 16:50:00,NOAA-21,DIAMANTINO,MATO GROSSO,Brasil,5103502,51,33,,,,Cerrado,83.4
c3d70fa7-58ff-3441-8eec-177ce341b45d, -14.358610, -46.432470,2026-05-08 16:50:00,NOAA-21,POSSE,GOIÁS,Brasil,5218300,52,33,,,,Cerrado,3.4
78fe02cb-160f-3fcb-a7f8-46f02e7cf5ff, -10.485620, -46.549550,2026-05-08 16:50:00,NOAA-21,MATEIROS,TOCANTINS,Brasil,1712702,17,33,,,,Cerrado,6.8
e88498d1-47c5-3690-9b34-742f443f385e, -12.934080, -39.634380,2026-05-08 16:50:00,NOAA-21,AMARGOSA,BAHIA,Brasil,2901007,29,33,,,,Mata Atlântica,3.8
a0e15e87-3354-3c9c-814a-7779ec0b549b, -12.396280, -46.642470,2026-05-08 16:50:00,NOAA-21,TAGUATINGA,TOCANTINS,Brasil,1720903,17,33,,,,Cerrado,7.1
1f878c51-32b4-3d92-b631-7ea45d7ebf2f, -10.616270, -49.891490,2026-05-08 16:50:00,NOAA-21,LAGOA DA CONFUSÃO,TOCANTINS,Brasil,1711902,17,33,,,,Cerrado,14.0
8c28f9ac-5e17-3fba-b7d2-3d473f68da09, -15.805340, -50.207500,2026-05-08 16:50:00,NOAA-21,GOIÁS,GOIÁS,Brasil,5208905,52,33,,,,Cerrado,12.3
6822484b-684c-3298-a08e-0a85b0eef5d9, -14.637050, -41.957350,2026-05-08 16:50:00,NOAA-21,GUAJERU,BAHIA,Brasil,2911659,29,33,,,,Caatinga,13.1
8866d275-d6d4-34e4-aa0c-765019573dd9, -10.840010, -49.708720,2026-05-08 16:50:00,NOAA-21,LAGOA DA CONFUSÃO,TOCANTINS,Brasil,1711902,17,33,,,,Cerrado,13.3
dce36b8c-6158-3ac4-bbf5-cc679f2261a1,  -9.444730, -46.124430,2026-05-08 16:50:00,NOAA-21,ALTO PARNAÍBA,MARANHÃO,Brasil,2100501,21,33,,,,Cerrado,16.3
e4715a4c-9b48-3bf9-9494-34ccc1739c66, -14.008300, -56.618960,2026-05-08 16:50:00,NOAA-21,DIAMANTINO,MATO GROSSO,Brasil,5103502,51,33,,,,Cerrado,93.8
ad61bbf2-fc25-3215-8649-f6d4597bccd3, -12.770790, -59.010160,2026-05-08 16:50:00,NOAA-21,CAMPOS DE JÚLIO,MATO GROSSO,Brasil,5102686,51,33,,,,Cerrado,5.9
4da53ff8-d39e-3b2b-8c18-8d034084d86f, -10.853850, -53.782420,2026-05-08 16:50:00,NOAA-21,MARCELÂNDIA,MATO GROSSO,Brasil,5105580,51,33,,,,Amazônia,11.8
17303f45-e452-3694-819b-1d6ea8608b2d, -14.004120, -56.625030,2026-05-08 16:50:00,NOAA-21,DIAMANTINO,MATO GROSSO,Brasil,5103502,51,33,,,,Cerrado,83.4
ffbaaffe-f90a-3efe-82e1-fa8531d0d40c, -10.669860, -49.686490,2026-05-08 16:50:00,NOAA-21,LAGOA DA CONFUSÃO,TOCANTINS,Brasil,1711902,17,33,,,,Cerrado,14.3
c0632e66-285f-3fc9-8389-704cca197e60, -12.886820, -49.334240,2026-05-08 16:50:00,NOAA-21,ARAGUAÇU,TOCANTINS,Brasil,1702000,17,33,,,,Cerrado,92.1
1503d7d0-6a8c-3c45-8ce7-c05d3dbeb707, -10.474930, -46.551180,2026-05-08 16:50:00,NOAA-21,MATEIROS,TOCANTINS,Brasil,1712702,17,33,,,,Cerrado,5.2
427765ae-fc79-31e8-ac55-c8171ec1192e, -10.310100, -46.834060,2026-05-08 16:50:00,NOAA-21,MATEIROS,TOCANTINS,Brasil,1712702,17,33,,,,Cerrado,5.1
16503cdb-d056-3d36-927a-17619e59a3e6,  -9.459210, -47.798390,2026-05-08 16:52:00,NOAA-21,RIO SONO,TOCANTINS,Brasil,1718758,17,33,,,,Cerrado,8.1
aaab05f0-836b-3ecf-8ed6-0a19f5e920fc,  -9.406050, -50.679560,2026-05-08 16:52:00,NOAA-21,SANTANA DO ARAGUAIA,PARÁ,Brasil,1506708,15,33,,,,Amazônia,16.5
bf6bfa6f-4338-3482-a5e4-273b3490c2a2,  -6.787130, -45.056100,2026-05-08 16:52:00,NOAA-21,LORETO,MARANHÃO,Brasil,2106102,21,33,,,,Cerrado,5.4
dafa5879-83c9-3ecb-8471-c4e4453ef632,  -7.828230, -48.054840,2026-05-08 16:52:00,NOAA-21,PALMEIRANTE,TOCANTINS,Brasil,1715705,17,33,,,,Cerrado,13.0
ec7942ce-f7e6-3b62-86a0-622e4b61c3b2,  -9.078820, -47.437810,2026-05-08 16:52:00,NOAA-21,CENTENÁRIO,TOCANTINS,Brasil,1704105,17,33,,,,Cerrado,19.1
428238d9-bac1-3eb6-aae7-f48883da72ea, -10.047960, -51.672190,2026-05-08 16:52:00,NOAA-21,VILA RICA,MATO GROSSO,Brasil,5108600,51,33,,,,Amazônia,4.2
339320d4-23c4-3cdc-b4a5-5008d0c6ae5f,  -9.503860, -48.322100,2026-05-08 16:52:00,NOAA-21,TOCANTÍNIA,TOCANTINS,Brasil,1721109,17,33,,,,Cerrado,2.9
2de1d691-4f84-3cc7-b072-6635275959d9,  -8.711540, -49.085110,2026-05-08 16:52:00,NOAA-21,GOIANORTE,TOCANTINS,Brasil,1708304,17,33,,,,Cerrado,17.8
d25f9ba2-5f69-38e0-8aab-a2e5ae59cba5, -10.546270, -56.332080,2026-05-08 16:52:00,NOAA-21,ALTA FLORESTA,MATO GROSSO,Brasil,5100250,51,33,,,,Amazônia,87.7
3a78c628-f41a-3a68-b15e-f01ce97cc123, -10.548530, -56.337440,2026-05-08 16:52:00,NOAA-21,ALTA FLORESTA,MATO GROSSO,Brasil,5100250,51,33,,,,Amazônia,60.4
e50d26b1-f3c8-34e1-8d5e-b985fb72dd1f,  -7.905610, -50.374360,2026-05-08 16:52:00,NOAA-21,REDENÇÃO,PARÁ,Brasil,1506138,15,33,,,,Amazônia,37.1
6806dca8-74eb-3f09-89c7-e515a6299f11,  -9.081680, -47.433400,2026-05-08 16:52:00,NOAA-21,CENTENÁRIO,TOCANTINS,Brasil,1704105,17,33,,,,Cerrado,19.1
cbcd49e7-1b5a-3419-8d56-90488da4f045,  -9.408850, -50.675520,2026-05-08 16:52:00,NOAA-21,SANTANA DO ARAGUAIA,PARÁ,Brasil,1506708,15,33,,,,Amazônia,8.4
369de416-ccef-30e2-9aaf-a3195b8f4af3,  -6.323550, -44.633630,2026-05-08 16:52:00,NOAA-21,MIRADOR,MARANHÃO,Brasil,2106706,21,33,,,,Cerrado,43.2
6f9a593e-a3d3-3e43-a078-63424dd17f73, -10.547940, -56.332820,2026-05-08 16:52:00,NOAA-21,ALTA FLORESTA,MATO GROSSO,Brasil,5100250,51,33,,,,Amazônia,60.4
7f2481e8-e6ab-3320-bcdd-c691b51ab409,  -6.978940, -42.864020,2026-05-08 16:52:00,NOAA-21,FLORIANO,PIAUÍ,Brasil,2203909,22,33,,,,Caatinga,7.9
2a2c8559-ca9a-3d6b-9daf-a63afb74f788,  -8.851450, -48.338320,2026-05-08 16:52:00,NOAA-21,GUARAÍ,TOCANTINS,Brasil,1709302,17,33,,,,Cerrado,2.9
31791a9f-1147-33c1-9396-8506c556afbe,  -6.324200, -44.637550,2026-05-08 16:52:00,NOAA-21,MIRADOR,MARANHÃO,Brasil,2106706,21,33,,,,Cerrado,43.2
1e161e6d-e8f0-3cd7-98a4-9fbd64913f4e, -10.546900, -56.336690,2026-05-08 16:52:00,NOAA-21,ALTA FLORESTA,MATO GROSSO,Brasil,5100250,51,33,,,,Amazônia,87.7
13506229-f11b-37f4-9231-f92a0ed2faed,  -8.392910, -46.230620,2026-05-08 16:52:00,NOAA-21,BALSAS,MARANHÃO,Brasil,2101400,21,33,,,,Cerrado,5.1
d22dffa1-e5e6-3b4c-afcd-a9a770695f89, -10.046860, -51.664640,2026-05-08 16:52:00,NOAA-21,VILA RICA,MATO GROSSO,Brasil,5108600,51,33,,,,Amazônia,6.4
47a89485-3400-31f0-8b2b-d15699b7e56a,  -8.876570, -50.053910,2026-05-08 16:52:00,NOAA-21,SANTA MARIA DAS BARREIRAS,PARÁ,Brasil,1506583,15,33,,,,Amazônia,6.6
ce23d630-b1ce-3b18-8c7a-684f1914e441,  -8.712080, -49.088620,2026-05-08 16:52:00,NOAA-21,GOIANORTE,TOCANTINS,Brasil,1708304,17,33,,,,Cerrado,17.8
dafc48c8-c75a-3810-bfca-8b4d9dc6f9bc,  -7.828140, -48.054600,2026-05-08 16:52:00,NOAA-21,PALMEIRANTE,TOCANTINS,Brasil,1715705,17,33,,,,Cerrado,8.5
0bd057f7-06c6-3289-a3f8-c2795bc6b2c7,  -6.117810, -44.702690,2026-05-08 16:52:00,NOAA-21,MIRADOR,MARANHÃO,Brasil,2106706,21,33,,,,Cerrado,9.3
e8e47b03-e920-3e73-bd6e-e6593a286826,  -7.320680, -49.526740,2026-05-08 16:52:00,NOAA-21,FLORESTA DO ARAGUAIA,PARÁ,Brasil,1503044,15,33,,,,Amazônia,2.2
4fed0a3e-21f4-3dfa-b857-9b779e7b7255,  -8.692220, -49.070150,2026-05-08 16:52:00,NOAA-21,GOIANORTE,TOCANTINS,Brasil,1708304,17,33,,,,Cerrado,13.4
9efec7bd-d6d5-3e7f-96d6-3638303cdf4c,  -7.170020, -46.957970,2026-05-08 16:52:00,NOAA-21,CAROLINA,MARANHÃO,Brasil,2102804,21,33,,,,Cerrado,19.4
df915c54-c214-3969-8c84-c2f4cc4b1fd6,  -9.501930, -48.322740,2026-05-08 16:52:00,NOAA-21,TOCANTÍNIA,TOCANTINS,Brasil,1721109,17,33,,,,Cerrado,3.1
16d4a364-67dc-3fd3-aa26-9299727d5600,  -7.159360, -46.937810,2026-05-08 16:52:00,NOAA-21,CAROLINA,MARANHÃO,Brasil,2102804,21,33,,,,Cerrado,6.2
f8b1797f-b3e6-383d-91a4-d4b516500b0e,  -6.980630, -42.874230,2026-05-08 16:52:00,NOAA-21,FLORIANO,PIAUÍ,Brasil,2203909,22,33,,,,Caatinga,11.8
3509576c-e53f-3a04-a3a8-84cdc55cf820,  -6.994950, -42.863410,2026-05-08 16:52:00,NOAA-21,FLORIANO,PIAUÍ,Brasil,2203909,22,33,,,,Caatinga,9.7
075c59b4-5732-35f9-a14b-0456777b3974,  -9.304530, -48.586600,2026-05-08 16:52:00,NOAA-21,RIO DOS BOIS,TOCANTINS,Brasil,1718709,17,33,,,,Cerrado,5.7
f971301a-e00d-3394-9e87-f784e456978c, -10.547530, -56.341320,2026-05-08 16:52:00,NOAA-21,ALTA FLORESTA,MATO GROSSO,Brasil,5100250,51,33,,,,Amazônia,11.7
fe7a2776-ab31-3c9e-86b2-883bc4ef5e4d,  -7.463730, -49.660720,2026-05-08 16:52:00,NOAA-21,FLORESTA DO ARAGUAIA,PARÁ,Brasil,1503044,15,33,,,,Amazônia,4.3
9646e376-0116-31fa-9c84-dfd8df98cfe1,  -5.786200, -45.118270,2026-05-08 16:52:00,NOAA-21,BARRA DO CORDA,MARANHÃO,Brasil,2101608,21,33,,,,Cerrado,53.2
5304a98e-b70f-3281-adef-d20034e54e8c,  -8.692700, -49.095280,2026-05-08 16:52:00,NOAA-21,GOIANORTE,TOCANTINS,Brasil,1708304,17,33,,,,Cerrado,10.7
1ffbfd91-44e5-3a3d-9749-bc8955bedb61,  -7.152950, -47.534820,2026-05-08 16:52:00,NOAA-21,CAROLINA,MARANHÃO,Brasil,2102804,21,33,,,,Cerrado,2.5
b1e34bc6-a46f-3b50-ae2b-8facbb333987,  -8.879870, -50.053390,2026-05-08 16:52:00,NOAA-21,SANTA MARIA DAS BARREIRAS,PARÁ,Brasil,1506583,15,33,,,,Amazônia,3.5
45b01813-2653-3cfa-b0d4-4caf7cfa4e54, -10.048510, -51.675970,2026-05-08 16:52:00,NOAA-21,VILA RICA,MATO GROSSO,Brasil,5108600,51,33,,,,Amazônia,4.2
f6db4019-ae0d-3ea9-ab6c-912305f533e0,  -5.783280, -45.126340,2026-05-08 16:52:00,NOAA-21,BARRA DO CORDA,MARANHÃO,Brasil,2101608,21,33,,,,Cerrado,91.9
29b3e659-ca02-30e4-8671-9881cc616d5b,  -7.068160, -43.423510,2026-05-08 16:52:00,NOAA-21,JERUMENHA,PIAUÍ,Brasil,2205300,22,33,,,,Caatinga,7.9
58ea5945-c761-34c7-b57f-0a172397b5f0,  -9.410970, -50.689660,2026-05-08 16:52:00,NOAA-21,SANTANA DO ARAGUAIA,PARÁ,Brasil,1506708,15,33,,,,Amazônia,4.9
b13d08c1-0939-342f-a46b-4159d3102f40,  -8.873270, -50.054410,2026-05-08 16:52:00,NOAA-21,SANTA MARIA DAS BARREIRAS,PARÁ,Brasil,1506583,15,33,,,,Amazônia,6.6
b92ed17e-9052-3f84-a45b-b308baea5bd6,  -8.692160, -49.091770,2026-05-08 16:52:00,NOAA-21,GOIANORTE,TOCANTINS,Brasil,1708304,17,33,,,,Cerrado,4.2
7b1c4aea-11fe-3f89-8f04-a857e257ce26,  -6.324850, -44.641470,2026-05-08 16:52:00,NOAA-21,MIRADOR,MARANHÃO,Brasil,2106706,21,33,,,,Cerrado,37.9
55212131-dd69-3bda-bb13-f698c45ad352,  -9.391270, -48.422250,2026-05-08 16:52:00,NOAA-21,MIRACEMA DO TOCANTINS,TOCANTINS,Brasil,1713205,17,33,,,,Cerrado,6.5
19ffe7d2-7944-3b3e-821b-cbe589313263,  -9.300640, -48.583560,2026-05-08 16:52:00,NOAA-21,RIO DOS BOIS,TOCANTINS,Brasil,1718709,17,33,,,,Cerrado,5.7
781373bd-11c9-33f4-91c9-a2f64beaba26,  -8.726070, -47.981060,2026-05-08 16:52:00,NOAA-21,SANTA MARIA DO TOCANTINS,TOCANTINS,Brasil,1718881,17,33,,,,Cerrado,4.9
10cf08e9-b952-3d84-a4fe-735ffe6095bd,  -8.711000, -49.081600,2026-05-08 16:52:00,NOAA-21,GOIANORTE,TOCANTINS,Brasil,1708304,17,33,,,,Cerrado,14.3
cce1b8f0-6013-3ad4-938f-c1d5debb05de, -10.553660, -56.341410,2026-05-08 16:52:00,NOAA-21,ALTA FLORESTA,MATO GROSSO,Brasil,5100250,51,33,,,,Amazônia,33.5
45886b7e-484c-3c45-bd25-7a60f02280d0,  -5.783890, -45.130060,2026-05-08 16:52:00,NOAA-21,BARRA DO CORDA,MARANHÃO,Brasil,2101608,21,33,,,,Cerrado,41.9
f12de316-5b01-34d2-b94e-8174f468675f,  -8.854190, -49.862070,2026-05-08 16:52:00,NOAA-21,SANTA MARIA DAS BARREIRAS,PARÁ,Brasil,1506583,15,33,,,,Amazônia,12.3
13dcf1a5-f5c7-3bd5-bbc8-8fd7c29fe588,  -6.990240, -42.864260,2026-05-08 16:52:00,NOAA-21,FLORIANO,PIAUÍ,Brasil,2203909,22,33,,,,Caatinga,12.4
47e0bc14-ada6-38ff-8ad7-43bc07ac5257,  -6.117160, -44.698790,2026-05-08 16:52:00,NOAA-21,MIRADOR,MARANHÃO,Brasil,2106706,21,33,,,,Cerrado,9.3
564681b1-1cef-332f-93df-5553f8d80f71, -10.141080, -52.191620,2026-05-08 16:52:00,NOAA-21,SANTA CRUZ DO XINGU,MATO GROSSO,Brasil,5107743,51,33,,,,Amazônia,5.0
8b06b910-fb4c-3e80-83e8-78459cbe0155,  -9.464450, -50.891540,2026-05-08 16:52:00,NOAA-21,SANTANA DO ARAGUAIA,PARÁ,Brasil,1506708,15,33,,,,Amazônia,7.3
ef5a7bf2-fa1b-303b-8a19-e1d8296a8564,  -8.705980, -49.093190,2026-05-08 16:52:00,NOAA-21,GOIANORTE,TOCANTINS,Brasil,1708304,17,33,,,,Cerrado,25.5
af088c6b-6363-3997-9961-e7c77b4ae8d7, -10.543400, -56.333470,2026-05-08 16:52:00,NOAA-21,ALTA FLORESTA,MATO GROSSO,Brasil,5100250,51,33,,,,Amazônia,60.4
42212d30-1591-3970-bdb4-969516aa7b44,  -8.703270, -49.075630,2026-05-08 16:52:00,NOAA-21,GOIANORTE,TOCANTINS,Brasil,1708304,17,33,,,,Cerrado,26.0
43ca43a4-ad7e-33e0-911f-fa5748df5038,  -9.390710, -48.418640,2026-05-08 16:52:00,NOAA-21,MIRACEMA DO TOCANTINS,TOCANTINS,Brasil,1713205,17,33,,,,Cerrado,8.8
8f470398-6f6b-3f73-b7d5-1c89b2eca4e2,  -5.021380, -48.489650,2026-05-08 16:52:00,NOAA-21,ABEL FIGUEIREDO,PARÁ,Brasil,1500131,15,33,,,,Amazônia,13.4
ff682f79-be5e-3adc-ba8c-ee499d287e57,  -9.414300, -50.689140,2026-05-08 16:52:00,NOAA-21,SANTANA DO ARAGUAIA,PARÁ,Brasil,1506708,15,33,,,,Amazônia,4.9
d63cdb9a-8b7e-38ca-b33c-62961377925e, -10.556590, -56.340000,2026-05-08 16:52:00,NOAA-21,ALTA FLORESTA,MATO GROSSO,Brasil,5100250,51,33,,,,Amazônia,22.7
f5035845-6367-364f-b63e-9aab2e6dcf19,  -3.509340, -55.470520,2026-05-08 16:52:00,NOAA-21,AVEIRO,PARÁ,Brasil,1501006,15,33,,,,Amazônia,14.9
68ef3802-9b5d-323f-8da7-1422004b32a4,  -7.066790, -43.422450,2026-05-08 16:52:00,NOAA-21,JERUMENHA,PIAUÍ,Brasil,2205300,22,33,,,,Caatinga,8.1
7fdc6af5-d84e-3412-824b-28c1fca922da,  -6.187170, -47.004220,2026-05-08 16:52:00,NOAA-21,LAJEADO NOVO,MARANHÃO,Brasil,2105989,21,33,,,,Cerrado,4.4
d5d1cede-0e91-36cf-ab44-e33df8b48b37,  -7.165710, -46.954270,2026-05-08 16:52:00,NOAA-21,CAROLINA,MARANHÃO,Brasil,2102804,21,33,,,,Cerrado,19.4
19bb2c1e-ed8d-3867-840f-9a0e5a549651,  -6.976160, -51.584310,2026-05-08 16:52:00,NOAA-21,TUCUMÃ,PARÁ,Brasil,1508084,15,33,,,,Amazônia,4.0
9ecb934c-5f9b-3fc8-b075-df74b6910f01,  -8.696020, -49.094760,2026-05-08 16:52:00,NOAA-21,GOIANORTE,TOCANTINS,Brasil,1708304,17,33,,,,Cerrado,10.7
d5c6672f-9c5a-35e2-aca9-eb2e457fd672,  -8.706600, -49.075100,2026-05-08 16:52:00,NOAA-21,GOIANORTE,TOCANTINS,Brasil,1708304,17,33,,,,Cerrado,26.0
20494ef2-ebb2-33fd-9ed8-892138799997,  -8.696090, -49.073150,2026-05-08 16:52:00,NOAA-21,GOIANORTE,TOCANTINS,Brasil,1708304,17,33,,,,Cerrado,4.6
ffcfe3a2-6e8a-37cd-97b9-c1c2edd0c260,  -6.982590, -42.876080,2026-05-08 16:52:00,NOAA-21,FLORIANO,PIAUÍ,Brasil,2203909,22,33,,,,Caatinga,12.2
30650ab3-aaf2-3d57-ac25-dfde80a11167, -10.050840, -51.667920,2026-05-08 16:52:00,NOAA-21,VILA RICA,MATO GROSSO,Brasil,5108600,51,33,,,,Amazônia,3.5
d55f1645-8bf5-3f75-99b4-2a5701511a63,  -8.695480, -49.091250,2026-05-08 16:52:00,NOAA-21,GOIANORTE,TOCANTINS,Brasil,1708304,17,33,,,,Cerrado,4.2
7ab171db-ef23-3704-a205-b344982fc37a,  -9.404990, -50.672500,2026-05-08 16:52:00,NOAA-21,SANTANA DO ARAGUAIA,PARÁ,Brasil,1506708,15,33,,,,Amazônia,9.2
d61f258f-3db0-3834-9dbc-88463e7ba670,  -9.467270, -50.887480,2026-05-08 16:52:00,NOAA-21,SANTANA DO ARAGUAIA,PARÁ,Brasil,1506708,15,33,,,,Amazônia,3.8
93d6c0c5-cef4-3c96-ba5a-7f0b783c7527,  -9.535790, -48.585990,2026-05-08 16:52:00,NOAA-21,MIRANORTE,TOCANTINS,Brasil,1713304,17,33,,,,Cerrado,2.8
caa17b17-927f-3eda-b22d-cee285bfc458, -10.552060, -56.340650,2026-05-08 16:52:00,NOAA-21,ALTA FLORESTA,MATO GROSSO,Brasil,5100250,51,33,,,,Amazônia,11.7
13dc7e9a-e4a8-33bc-9636-cfc958f8023b,  -8.692770, -49.073670,2026-05-08 16:52:00,NOAA-21,GOIANORTE,TOCANTINS,Brasil,1708304,17,33,,,,Cerrado,12.8
fde3f52d-4897-3b08-a2c5-28965474a82b,  -8.395900, -46.225510,2026-05-08 16:52:00,NOAA-21,BALSAS,MARANHÃO,Brasil,2101400,21,33,,,,Cerrado,5.1
96885efa-1427-36e6-8dc2-790236e0d020,  -4.476780, -44.910930,2026-05-08 16:52:00,NOAA-21,LAGO DO JUNCO,MARANHÃO,Brasil,2105807,21,33,,,,Cerrado,5.2
c12cdfec-12ad-3c80-8c2d-f6539940b035,  -8.164500, -49.485000,2026-05-08 16:52:00,NOAA-21,CONCEIÇÃO DO ARAGUAIA,PARÁ,Brasil,1502707,15,33,,,,Amazônia,7.3
193cbe51-0cb0-3971-8932-6d905c1b2f77,  -8.707140, -49.078610,2026-05-08 16:52:00,NOAA-21,GOIANORTE,TOCANTINS,Brasil,1708304,17,33,,,,Cerrado,32.0
ce442c56-35ea-3a67-9da7-3bf0ad72f70a,  -8.708760, -49.089150,2026-05-08 16:52:00,NOAA-21,GOIANORTE,TOCANTINS,Brasil,1708304,17,33,,,,Cerrado,5.3
c8e300a1-1f4a-37bd-a875-1253cf38518d,  -9.393500, -48.347900,2026-05-08 16:52:00,NOAA-21,TOCANTÍNIA,TOCANTINS,Brasil,1721109,17,33,,,,Cerrado,3.3
d997fe02-3f19-378b-9da6-e42f3f3077b7,  -8.709300, -49.092660,2026-05-08 16:52:00,NOAA-21,GOIANORTE,TOCANTINS,Brasil,1708304,17,33,,,,Cerrado,25.5
8762acd8-875a-3e8f-a3e0-1f15f332e821, -10.140500, -52.187640,2026-05-08 16:52:00,NOAA-21,SANTA CRUZ DO XINGU,MATO GROSSO,Brasil,5107743,51,33,,,,Amazônia,5.0
63743bba-bc3a-3384-b321-4f6e43448dce,  -9.307870, -48.586060,2026-05-08 16:52:00,NOAA-21,RIO DOS BOIS,TOCANTINS,Brasil,1718709,17,33,,,,Cerrado,9.8
bc99f43d-ec6f-32d0-a7e1-738844378bed,  -3.589990, -46.137880,2026-05-08 16:52:00,NOAA-21,SÃO JOÃO DO CARÚ,MARANHÃO,Brasil,2111029,21,33,,,,Amazônia,3.4
d63d4de8-2069-3ae2-b85b-278c113f649d,  -3.511400, -55.471740,2026-05-08 16:52:00,NOAA-21,AVEIRO,PARÁ,Brasil,1501006,15,33,,,,Amazônia,9.0
28680702-3551-30ec-a635-2f2535ce5791,  -7.169340, -46.953740,2026-05-08 16:52:00,NOAA-21,CAROLINA,MARANHÃO,Brasil,2102804,21,33,,,,Cerrado,19.4
84d198f0-eae7-30f9-8e7c-0408f993462e,  -6.988380, -42.862390,2026-05-08 16:52:00,NOAA-21,FLORIANO,PIAUÍ,Brasil,2203909,22,33,,,,Caatinga,10.3
382b1d84-9341-38d5-9d8f-6511d04b7d29,  -5.326650, -44.691840,2026-05-08 16:52:00,NOAA-21,TUNTUM,MARANHÃO,Brasil,2112308,21,33,,,,Cerrado,7.4
6b2a0758-5036-3558-8fd5-c2664159c49c,  -6.978200, -47.692580,2026-05-08 16:52:00,NOAA-21,BABAÇULÂNDIA,TOCANTINS,Brasil,1703008,17,33,,,,Cerrado,8.3
088a5de4-09bb-3b08-b8b6-07beeefb181f,  -5.786810, -45.122010,2026-05-08 16:52:00,NOAA-21,BARRA DO CORDA,MARANHÃO,Brasil,2101608,21,33,,,,Cerrado,91.9
4fe35b31-4a90-3e57-ae4b-7174d0846597,  -8.755710, -49.239870,2026-05-08 16:52:00,NOAA-21,ARAGUACEMA,TOCANTINS,Brasil,1701903,17,33,,,,Cerrado,4.1
05fcc373-9b37-36c9-9eb7-e6d89c5a3acb,  -6.113590, -44.703380,2026-05-08 16:52:00,NOAA-21,MIRADOR,MARANHÃO,Brasil,2106706,21,33,,,,Cerrado,9.3
e56bb5e0-6dd1-36c2-aa2f-3540f43820d9,  -4.176560, -48.185860,2026-05-08 16:52:00,NOAA-21,DOM ELISEU,PARÁ,Brasil,1502939,15,33,,,,Amazônia,9.4
b335fe07-c9fe-32e2-885c-f5d05309136d,  -8.699410, -49.072630,2026-05-08 16:52:00,NOAA-21,GOIANORTE,TOCANTINS,Brasil,1708304,17,33,,,,Cerrado,4.6
ac263e34-4e33-316d-a483-48f95542d727, -10.051390, -51.671700,2026-05-08 16:52:00,NOAA-21,VILA RICA,MATO GROSSO,Brasil,5108600,51,33,,,,Amazônia,7.2
9bf99fb2-06cf-3f3d-a6d5-364462842a99,  -7.055670, -47.108090,2026-05-08 16:52:00,NOAA-21,CAROLINA,MARANHÃO,Brasil,2102804,21,33,,,,Cerrado,4.0
56041f88-5a78-382e-aa80-77e52327543e,  -8.073900, -48.481860,2026-05-08 16:52:00,NOAA-21,COLINAS DO TOCANTINS,TOCANTINS,Brasil,1705508,17,33,,,,Cerrado,3.3
effa9516-d1da-38a6-8310-957ea45f2ea3,  -8.943260, -45.692640,2026-05-08 16:52:00,NOAA-21,SANTA FILOMENA,PIAUÍ,Brasil,2209203,22,33,,,,Cerrado,10.5
664569fc-feb0-3a92-aa6e-282b8fb839d9,  -8.468830, -46.332200,2026-05-08 16:52:00,NOAA-21,BALSAS,MARANHÃO,Brasil,2101400,21,33,,,,Cerrado,34.5
74dca434-d55b-34b1-bb74-107175565996,  -5.784480, -45.133730,2026-05-08 16:52:00,NOAA-21,BARRA DO CORDA,MARANHÃO,Brasil,2101608,21,33,,,,Cerrado,41.9
bc0e562f-b506-3330-a783-11a34f0d1cc4,  -9.301190, -48.587140,2026-05-08 16:52:00,NOAA-21,RIO DOS BOIS,TOCANTINS,Brasil,1718709,17,33,,,,Cerrado,5.7
3356c31e-0f84-369b-b9fd-2ff1a7882973,  -4.818770, -49.931040,2026-05-08 16:52:00,NOAA-21,ITUPIRANGA,PARÁ,Brasil,1503705,15,33,,,,Amazônia,2.6
0f17b0c1-5b1c-3f74-8395-6feb68df2010,  -5.325420, -44.692430,2026-05-08 16:52:00,NOAA-21,TUNTUM,MARANHÃO,Brasil,2112308,21,33,,,,Cerrado,5.6
c8cd3589-fb3b-3eb6-816f-defa1695a10e,  -6.288040, -43.964660,2026-05-08 16:52:00,NOAA-21,PASSAGEM FRANCA,MARANHÃO,Brasil,2107902,21,33,,,,Cerrado,3.4
089d96b3-de0e-33e7-80a4-e30f87675764,  -9.409380, -50.679050,2026-05-08 16:52:00,NOAA-21,SANTANA DO ARAGUAIA,PARÁ,Brasil,1506708,15,33,,,,Amazônia,8.4
2ec01096-a290-390d-8267-576166aa2c64,  -5.782670, -45.122610,2026-05-08 16:52:00,NOAA-21,BARRA DO CORDA,MARANHÃO,Brasil,2101608,21,33,,,,Cerrado,91.9
15befea0-a616-3d01-a6ae-bd864bf0fcad,  -9.539570, -47.395720,2026-05-08 16:52:00,NOAA-21,RIO SONO,TOCANTINS,Brasil,1718758,17,33,,,,Cerrado,6.8
d59d3e28-17af-3a69-8e54-c746cf31f009,  -9.405520, -50.676030,2026-05-08 16:52:00,NOAA-21,SANTANA DO ARAGUAIA,PARÁ,Brasil,1506708,15,33,,,,Amazônia,16.5
ea97b1c4-b0d9-3b3a-8c68-7b97abc04ccb,  -7.905080, -50.370890,2026-05-08 16:52:00,NOAA-21,REDENÇÃO,PARÁ,Brasil,1506138,15,33,,,,Amazônia,12.3
2a43ae69-84b7-3caf-a30d-41ecf3c0614f, -10.047410, -51.668410,2026-05-08 16:52:00,NOAA-21,VILA RICA,MATO GROSSO,Brasil,5108600,51,33,,,,Amazônia,6.4
68af7c4c-b323-352f-ad9b-bea35245d1ec, -10.552680, -56.345260,2026-05-08 16:52:00,NOAA-21,ALTA FLORESTA,MATO GROSSO,Brasil,5100250,51,33,,,,Amazônia,11.7
0e431170-f955-3784-ba44-dc268e8bb87e,  -5.859690, -45.033210,2026-05-08 16:52:00,NOAA-21,FERNANDO FALCÃO,MARANHÃO,Brasil,2104081,21,33,,,,Cerrado,10.9
960891d0-0bd4-3be3-867f-94779cfe6603,  -6.985360, -42.873460,2026-05-08 16:52:00,NOAA-21,FLORIANO,PIAUÍ,Brasil,2203909,22,33,,,,Caatinga,6.6
8092c158-c57c-39fd-b417-cc3259050ee0,  -8.396620, -46.229970,2026-05-08 16:52:00,NOAA-21,BALSAS,MARANHÃO,Brasil,2101400,21,33,,,,Cerrado,5.1
111a36c6-5ca1-3850-a87a-1b182eed20a6,  -3.510710, -55.466940,2026-05-08 16:52:00,NOAA-21,AVEIRO,PARÁ,Brasil,1501006,15,33,,,,Amazônia,10.0
67c53cde-ed0b-3b98-957e-0936c612ad65,  -1.309410, -53.141070,2026-05-08 16:54:00,NOAA-21,ALMEIRIM,PARÁ,Brasil,1500503,15,33,,,,Amazônia,6.0
45c3ec58-b092-3fba-a10c-1592795707ae,  -1.639320, -53.392420,2026-05-08 16:54:00,NOAA-21,PRAINHA,PARÁ,Brasil,1506005,15,33,,,,Amazônia,15.6
2db1f037-2484-3088-9b3d-580d91984d9c,   3.212080, -61.139550,2026-05-08 16:56:00,NOAA-21,ALTO ALEGRE,RORAIMA,Brasil,1400050,14,33,,,,Amazônia,3.5
665ef885-e42d-3c83-bc60-285812a727f5,   4.035730, -60.175440,2026-05-08 16:56:00,NOAA-21,NORMANDIA,RORAIMA,Brasil,1400407,14,33,,,,Amazônia,14.1
841411ce-f571-3613-abf9-1ade90828eb1,   3.212590, -61.136500,2026-05-08 16:56:00,NOAA-21,ALTO ALEGRE,RORAIMA,Brasil,1400050,14,33,,,,Amazônia,3.5
d52c8344-3276-3e57-8048-afd9e5d4b7c4,   3.218710, -61.131160,2026-05-08 16:56:00,NOAA-21,ALTO ALEGRE,RORAIMA,Brasil,1400050,14,33,,,,Amazônia,7.8
d0cb558a-6a74-3dc8-a629-aa5670746286,   3.350390, -61.274550,2026-05-08 16:56:00,NOAA-21,ALTO ALEGRE,RORAIMA,Brasil,1400050,14,33,,,,Amazônia,24.5
a2ca0c66-1e01-3c62-8b28-5b2df512250a,   3.235570, -61.124310,2026-05-08 16:56:00,NOAA-21,ALTO ALEGRE,RORAIMA,Brasil,1400050,14,33,,,,Amazônia,6.0
0d8b4f7f-68aa-3721-abf2-bda1c6fb8dfb,   3.429710, -60.913140,2026-05-08 16:56:00,NOAA-21,BOA VISTA,RORAIMA,Brasil,1400100,14,33,,,,Amazônia,5.8
97121741-fd5d-3e1c-9f71-103c34b1b3f5,   3.429800, -60.913120,2026-05-08 16:56:00,NOAA-21,BOA VISTA,RORAIMA,Brasil,1400100,14,33,,,,Amazônia,4.8
64619b69-27e9-360a-a261-4f043cff32c5,   3.434820, -60.913890,2026-05-08 16:56:00,NOAA-21,BOA VISTA,RORAIMA,Brasil,1400100,14,33,,,,Amazônia,4.8
a8a88525-a049-39ca-b822-fa2fc1da6d38,   3.434730, -60.913940,2026-05-08 16:56:00,NOAA-21,BOA VISTA,RORAIMA,Brasil,1400100,14,33,,,,Amazônia,7.7
f39faffb-8c3f-3109-903f-fa7381a4bfc5, -17.947500, -52.952400,2026-05-08 17:10:00,GOES-19,MINEIROS,GOIÁS,Brasil,5213103,52,33,,,,Cerrado,145.8
4c9ef329-9879-3202-b888-d2c438cf4c83, -29.951490, -55.716090,2026-05-08 17:17:00,NPP-375,ALEGRETE,RIO GRANDE DO SUL,Brasil,4300406,43,33,,,,Pampa,2.3
90e5d309-c28c-3765-801c-2c2abcb8838c, -20.928980, -42.827370,2026-05-08 17:20:00,NPP-375,SÃO GERALDO,MINAS GERAIS,Brasil,3161502,31,33,,,,Mata Atlântica,2.3
b3d3e1d4-fa7f-337c-8317-4997e3808ece, -22.013490, -48.423480,2026-05-08 17:20:00,NPP-375,BOA ESPERANÇA DO SUL,SÃO PAULO,Brasil,3506706,35,33,,,,Cerrado,21.0
d43e198a-1ea4-391c-9854-31b123665210, -20.274510, -40.432880,2026-05-08 17:20:00,NPP-375,CARIACICA,ESPÍRITO SANTO,Brasil,3201308,32,33,,,,Mata Atlântica,9.0
c61e9d35-3ef9-332f-8e09-d7314f0cb143, -22.312410, -48.572320,2026-05-08 17:20:00,NPP-375,JAÚ,SÃO PAULO,Brasil,3525300,35,33,,,,Mata Atlântica,2.2
ab680095-4d1a-3967-94dd-2e294e504af0, -21.737800, -47.703800,2026-05-08 17:20:00,NPP-375,DESCALVADO,SÃO PAULO,Brasil,3513702,35,33,,,,Cerrado,5.5
c05c5139-b002-3562-b0eb-87e9b8d25382, -21.631480, -47.962610,2026-05-08 17:20:00,NPP-375,RINCÃO,SÃO PAULO,Brasil,3543709,35,33,,,,Cerrado,17.5
895d990d-2e60-3720-a37c-8ec1632e2074, -20.269310, -40.433370,2026-05-08 17:20:00,NPP-375,CARIACICA,ESPÍRITO SANTO,Brasil,3201308,32,33,,,,Mata Atlântica,7.3
876e688b-e5ab-3770-b175-88c1d60d36c2, -21.635530, -47.961800,2026-05-08 17:20:00,NPP-375,RINCÃO,SÃO PAULO,Brasil,3543709,35,33,,,,Cerrado,17.5
4be48308-0c79-354d-9039-18205fda5fa6, -20.937940, -43.138170,2026-05-08 17:20:00,NPP-375,SENADOR FIRMINO,MINAS GERAIS,Brasil,3165701,31,33,,,,Mata Atlântica,14.4
da970ff8-e78f-328f-8599-a7f0a04f0390, -22.016420, -48.417290,2026-05-08 17:20:00,NPP-375,BOA ESPERANÇA DO SUL,SÃO PAULO,Brasil,3506706,35,33,,,,Cerrado,25.6
24c2b813-2fa1-36e0-9507-44cdaca5c326, -20.814080, -45.178850,2026-05-08 17:20:00,NPP-375,CANDEIAS,MINAS GERAIS,Brasil,3112000,31,33,,,,Mata Atlântica,4.0
9eaa17cb-5f82-35c4-9c9e-5c3d0441ef13, -21.647130, -47.953040,2026-05-08 17:20:00,NPP-375,RINCÃO,SÃO PAULO,Brasil,3543709,35,33,,,,Cerrado,3.2
f1950a22-c50d-3583-8523-79d34d42c184, -21.737050, -47.699870,2026-05-08 17:20:00,NPP-375,DESCALVADO,SÃO PAULO,Brasil,3513702,35,33,,,,Cerrado,4.4
6b3ed5b3-0341-34ec-b6e0-ec79a40325a8, -21.642240, -47.952560,2026-05-08 17:20:00,NPP-375,RINCÃO,SÃO PAULO,Brasil,3543709,35,33,,,,Cerrado,40.2
05b00ea0-9efb-3258-bd53-f30c5e8ea0d5, -21.639590, -47.960980,2026-05-08 17:20:00,NPP-375,RINCÃO,SÃO PAULO,Brasil,3543709,35,33,,,,Cerrado,33.1
22abde7b-0adc-34ee-86ae-3a4a67696aaa, -21.630780, -47.958840,2026-05-08 17:20:00,NPP-375,RINCÃO,SÃO PAULO,Brasil,3543709,35,33,,,,Cerrado,17.5
516807cb-c366-363a-bd8d-f673aa70ef84, -21.626710, -47.959640,2026-05-08 17:20:00,NPP-375,RINCÃO,SÃO PAULO,Brasil,3543709,35,33,,,,Cerrado,55.9
947fc0a6-83e8-3c2b-81c8-cf6b5dd7a582, -21.640280, -47.964700,2026-05-08 17:20:00,NPP-375,RINCÃO,SÃO PAULO,Brasil,3543709,35,33,,,,Cerrado,3.0
da8dc447-869a-3af8-8fe2-3b2f36f6c50a, -22.017390, -48.422570,2026-05-08 17:20:00,NPP-375,BOA ESPERANÇA DO SUL,SÃO PAULO,Brasil,3506706,35,33,,,,Cerrado,141.5
f50e7945-5eb7-39f6-9329-bcce64d71647, -22.311660, -48.570050,2026-05-08 17:20:00,NPP-375,JAÚ,SÃO PAULO,Brasil,3525300,35,33,,,,Mata Atlântica,3.1
15972dd0-536d-36fd-a2cd-56cf26cdc31f, -21.634830, -47.958020,2026-05-08 17:20:00,NPP-375,RINCÃO,SÃO PAULO,Brasil,3543709,35,33,,,,Cerrado,17.5
07bd6d9b-a3c3-39c1-9794-6bb5a866345b, -21.179310, -50.457530,2026-05-08 17:20:00,NPP-375,ARAÇATUBA,SÃO PAULO,Brasil,3502804,35,33,,,,Mata Atlântica,6.3
08f61fdb-ce4a-338c-8232-193e004a8449, -21.174620, -41.951820,2026-05-08 17:20:00,NPP-375,ITAPERUNA,RIO DE JANEIRO,Brasil,3302205,33,33,,,,Mata Atlântica,3.8
3fe507d9-3687-385d-ac17-fd102550a2ad, -21.170690, -41.951660,2026-05-08 17:20:00,NPP-375,ITAPERUNA,RIO DE JANEIRO,Brasil,3302205,33,33,,,,Mata Atlântica,4.2
c7253903-4034-3163-ae69-e1676f3726e3, -14.197940, -57.423180,2026-05-08 17:22:00,NPP-375,NOVA MARILÂNDIA,MATO GROSSO,Brasil,5108857,51,33,,,,Amazônia,5.1
0ba6f6ce-8692-31ca-965d-6d9e02679981, -18.579110, -45.216490,2026-05-08 17:22:00,NPP-375,TRÊS MARIAS,MINAS GERAIS,Brasil,3169356,31,33,,,,Cerrado,6.0
d6719e68-5fb4-3b1f-8629-92d9d13024e4, -14.009000, -56.632640,2026-05-08 17:22:00,NPP-375,DIAMANTINO,MATO GROSSO,Brasil,5103502,51,33,,,,Cerrado,9.8
2c665868-a954-3ad2-b1dd-e5b1d781686a, -12.495320, -45.434860,2026-05-08 17:22:00,NPP-375,SÃO DESIDÉRIO,BAHIA,Brasil,2928901,29,33,,,,Cerrado,12.0
91427a2b-a701-351f-bc6d-a4529d5c2cf1, -18.489740, -51.688180,2026-05-08 17:22:00,NPP-375,ITARUMÃ,GOIÁS,Brasil,5211305,52,33,,,,Cerrado,6.5
c18d541b-9652-3b95-858b-a6169f0256a3, -18.735510, -46.917360,2026-05-08 17:22:00,NPP-375,PATROCÍNIO,MINAS GERAIS,Brasil,3148103,31,33,,,,Cerrado,12.9
5ba9badf-deb3-370c-870f-e66cc264b67d, -14.686830, -46.154430,2026-05-08 17:22:00,NPP-375,SÍTIO D'ABADIA,GOIÁS,Brasil,5220702,52,33,,,,Cerrado,7.8
f3ebb29e-6cf4-3bea-90c1-1b4d79775fb1, -14.011300, -56.624720,2026-05-08 17:22:00,NPP-375,DIAMANTINO,MATO GROSSO,Brasil,5103502,51,33,,,,Cerrado,8.3
f8b2987b-f010-3d12-b4b7-433bac2ff4e3, -19.083240, -49.575300,2026-05-08 17:22:00,NPP-375,ITUIUTABA,MINAS GERAIS,Brasil,3134202,31,33,,,,Cerrado,28.1
ee79131c-2ae6-399e-b668-edbfc5e7cbec, -17.931560, -52.960160,2026-05-08 17:22:00,NPP-375,MINEIROS,GOIÁS,Brasil,5213103,52,33,,,,Cerrado,7.5
ef96d2fb-d96d-3fa5-85ce-20788b11786b, -14.201420, -57.422690,2026-05-08 17:22:00,NPP-375,NOVA MARILÂNDIA,MATO GROSSO,Brasil,5108857,51,33,,,,Amazônia,5.1
cb3e31f8-c630-3090-b28b-db90af899cc5, -14.321490, -57.731380,2026-05-08 17:22:00,NPP-375,TANGARÁ DA SERRA,MATO GROSSO,Brasil,5107958,51,33,,,,Amazônia,7.9
6d677254-807c-398b-9e6d-cad5583fd4be, -16.153270, -58.483890,2026-05-08 17:22:00,NPP-375,CÁCERES,MATO GROSSO,Brasil,5102504,51,33,,,,Pantanal,8.8
8f75f915-2f56-3938-b12e-e849778ab5dd, -15.230970, -50.850220,2026-05-08 17:22:00,NPP-375,MATRINCHÃ,GOIÁS,Brasil,5212956,52,33,,,,Cerrado,148.7
81357136-5f50-3e59-a6c9-1b538dd330b0, -15.047970, -41.920550,2026-05-08 17:22:00,NPP-375,CORDEIROS,BAHIA,Brasil,2909000,29,33,,,,Mata Atlântica,10.1
f09b0397-691c-375f-8322-3330e59815f7, -14.322070, -57.735420,2026-05-08 17:22:00,NPP-375,TANGARÁ DA SERRA,MATO GROSSO,Brasil,5107958,51,33,,,,Amazônia,8.0
7c7fefef-159a-3e39-a963-84f11a6df432, -14.008450, -56.628930,2026-05-08 17:22:00,NPP-375,DIAMANTINO,MATO GROSSO,Brasil,5103502,51,33,,,,Cerrado,102.8
9a51cf4b-3cee-32e2-a0f8-86e87a334e47, -14.183220, -54.435030,2026-05-08 17:22:00,NPP-375,PARANATINGA,MATO GROSSO,Brasil,5106307,51,33,,,,Cerrado,22.7
17ffd5f2-1522-3fb7-ba73-023fc8fcfc92, -19.075550, -49.576820,2026-05-08 17:22:00,NPP-375,ITUIUTABA,MINAS GERAIS,Brasil,3134202,31,33,,,,Cerrado,30.0
589d686a-6f7f-3c93-93e4-41b92882d4e8, -17.934340, -52.955830,2026-05-08 17:22:00,NPP-375,MINEIROS,GOIÁS,Brasil,5213103,52,33,,,,Cerrado,6.5
2be4a975-72d1-3622-a0c8-03638bbbedbb, -15.221240, -50.855230,2026-05-08 17:22:00,NPP-375,MATRINCHÃ,GOIÁS,Brasil,5212956,52,33,,,,Cerrado,34.5
95382453-e61a-355b-8f0e-b1a2bdceec42, -14.006830, -56.617840,2026-05-08 17:22:00,NPP-375,DIAMANTINO,MATO GROSSO,Brasil,5103502,51,33,,,,Cerrado,26.1
f342804f-5c07-3519-9377-9408cfec7215, -14.179880, -54.435600,2026-05-08 17:22:00,NPP-375,PARANATINGA,MATO GROSSO,Brasil,5106307,51,33,,,,Cerrado,22.7
1c1a5c4c-fd4f-3f2f-8bd8-04dfc5c154b2, -18.916970, -43.892880,2026-05-08 17:22:00,NPP-375,SANTANA DE PIRAPAMA,MINAS GERAIS,Brasil,3158508,31,33,,,,Cerrado,1.0
f0b0193c-43c3-34c5-bc39-4c77ddbbda2b, -14.681010, -46.152160,2026-05-08 17:22:00,NPP-375,SÍTIO D'ABADIA,GOIÁS,Brasil,5220702,52,33,,,,Cerrado,2.9
e570dc4a-2d42-3e37-b9da-634078a10744, -15.853970, -46.535450,2026-05-08 17:22:00,NPP-375,UNAÍ,MINAS GERAIS,Brasil,3170404,31,33,,,,Cerrado,9.0
972b9469-801d-3415-b4db-1b11796f4719, -18.579740, -45.219640,2026-05-08 17:22:00,NPP-375,TRÊS MARIAS,MINAS GERAIS,Brasil,3169356,31,33,,,,Cerrado,6.0
6ae52829-8280-322e-9f48-1042cb494f68, -13.037250, -48.578190,2026-05-08 17:22:00,NPP-375,JAÚ DO TOCANTINS,TOCANTINS,Brasil,1711506,17,33,,,,Cerrado,3.3
08960a13-b05b-3c95-b517-016bd1729a10, -14.172630, -54.433110,2026-05-08 17:22:00,NPP-375,PARANATINGA,MATO GROSSO,Brasil,5106307,51,33,,,,Cerrado,4.0
645b9ff0-83bf-310f-acec-e2aa51568eed, -18.500930, -51.690430,2026-05-08 17:22:00,NPP-375,ITARUMÃ,GOIÁS,Brasil,5211305,52,33,,,,Cerrado,9.9
26b63bbb-7ea1-367e-a53c-5ea1d9ef513c, -11.944680, -43.377850,2026-05-08 17:22:00,NPP-375,MUQUÉM DO SÃO FRANCISCO,BAHIA,Brasil,2922250,29,33,,,,Cerrado,61.4
38e159c5-2ba3-3dbf-a7ac-08e6bd57d777, -16.168790, -58.486260,2026-05-08 17:22:00,NPP-375,CÁCERES,MATO GROSSO,Brasil,5102504,51,33,,,,Pantanal,4.0
431d83f4-3233-3f8c-9c64-5e984770780b, -17.941100, -52.954660,2026-05-08 17:22:00,NPP-375,MINEIROS,GOIÁS,Brasil,5213103,52,33,,,,Cerrado,27.8
62377e5d-e2d4-3b05-8707-91f4b5fdec6c, -12.497840, -45.433730,2026-05-08 17:22:00,NPP-375,SÃO DESIDÉRIO,BAHIA,Brasil,2928901,29,33,,,,Cerrado,17.6
aa0362a4-83d1-32c0-bd0d-2f77e77a0cab, -14.695450, -51.858700,2026-05-08 17:22:00,NPP-375,NOVA XAVANTINA,MATO GROSSO,Brasil,5106257,51,33,,,,Cerrado,7.4
ccb23370-6d79-34de-8341-3d488a3c1a6f, -14.010750, -56.621020,2026-05-08 17:22:00,NPP-375,DIAMANTINO,MATO GROSSO,Brasil,5103502,51,33,,,,Cerrado,27.7
d7067599-221d-381c-920b-6206fc472e97, -14.173190, -54.436730,2026-05-08 17:22:00,NPP-375,PARANATINGA,MATO GROSSO,Brasil,5106307,51,33,,,,Cerrado,4.0
35291736-e541-3d73-b3f7-6e6fc978090f, -17.807920, -47.171010,2026-05-08 17:22:00,NPP-375,GUARDA-MOR,MINAS GERAIS,Brasil,3128600,31,33,,,,Cerrado,10.0
309309e5-eb18-3312-a152-58da944dae61, -14.681640, -46.155320,2026-05-08 17:22:00,NPP-375,SÍTIO D'ABADIA,GOIÁS,Brasil,5220702,52,33,,,,Cerrado,2.9
71570085-8c16-31a1-b1d1-9a73fb6975d8, -19.858250, -47.952080,2026-05-08 17:22:00,NPP-375,UBERABA,MINAS GERAIS,Brasil,3170107,31,33,,,,Cerrado,5.5
de79ce59-8f7e-3ddf-9186-c78165491dff, -15.434510, -56.314820,2026-05-08 17:22:00,NPP-375,VÁRZEA GRANDE,MATO GROSSO,Brasil,5108402,51,33,,,,Cerrado,6.2
5ef8f2a1-db63-3300-ae95-975fa5c0b0ab, -14.224490, -54.744980,2026-05-08 17:22:00,NPP-375,PARANATINGA,MATO GROSSO,Brasil,5106307,51,33,,,,Cerrado,5.0
db69d91b-583c-3fd7-a5fb-483e63d1345c, -18.485560, -51.684750,2026-05-08 17:22:00,NPP-375,ITARUMÃ,GOIÁS,Brasil,5211305,52,33,,,,Cerrado,6.5
95bc779a-2292-3d65-b783-65ce10cf9a94, -19.079390, -49.576070,2026-05-08 17:22:00,NPP-375,ITUIUTABA,MINAS GERAIS,Brasil,3134202,31,33,,,,Cerrado,28.1
94fbb1bf-6e8b-3454-b17b-3c0caffe9967, -19.962760, -50.154620,2026-05-08 17:22:00,NPP-375,MIRA ESTRELA,SÃO PAULO,Brasil,3530003,35,33,,,,Mata Atlântica,15.4
01f5cc56-1649-39e3-9d7c-a4b37162811c, -12.494580, -45.431000,2026-05-08 17:22:00,NPP-375,SÃO DESIDÉRIO,BAHIA,Brasil,2928901,29,33,,,,Cerrado,24.0
c2ee9dc6-3b3a-39b8-876f-05ccf70a5ee7, -14.010210, -56.617320,2026-05-08 17:22:00,NPP-375,DIAMANTINO,MATO GROSSO,Brasil,5103502,51,33,,,,Cerrado,27.7
18fe50d5-200a-329e-9a1c-75750115fd1f, -14.214490, -54.746620,2026-05-08 17:22:00,NPP-375,PARANATINGA,MATO GROSSO,Brasil,5106307,51,33,,,,Cerrado,5.4
7a8530ec-f204-36bf-84a0-9780d2153882, -14.227830, -54.744430,2026-05-08 17:22:00,NPP-375,PARANATINGA,MATO GROSSO,Brasil,5106307,51,33,,,,Cerrado,6.8
70985b63-5dea-30fe-b19c-068490194789, -15.329230, -50.704760,2026-05-08 17:22:00,NPP-375,FAINA,GOIÁS,Brasil,5207535,52,33,,,,Cerrado,1.5
ac3c4e65-3593-3377-b217-b7f964192b00, -14.183790, -54.438650,2026-05-08 17:22:00,NPP-375,PARANATINGA,MATO GROSSO,Brasil,5106307,51,33,,,,Cerrado,22.8
6c4d4377-0603-3417-8e64-859a17abf483, -17.863450, -49.377230,2026-05-08 17:22:00,NPP-375,MORRINHOS,GOIÁS,Brasil,5213806,52,33,,,,Cerrado,17.7
cb4180e8-5087-3222-b1c6-b8dd2e9bcee2, -20.059890, -50.742060,2026-05-08 17:22:00,NPP-375,SANTA ALBERTINA,SÃO PAULO,Brasil,3545704,35,33,,,,Mata Atlântica,24.0
b09add3b-f1cc-3f3a-bfed-ad20d2e5e555, -14.002230, -56.633670,2026-05-08 17:22:00,NPP-375,DIAMANTINO,MATO GROSSO,Brasil,5103502,51,33,,,,Cerrado,43.2
f864196d-3929-3f28-991e-7c006337c137, -12.885780, -49.336160,2026-05-08 17:22:00,NPP-375,ARAGUAÇU,TOCANTINS,Brasil,1702000,17,33,,,,Cerrado,8.9
593246d0-361e-3fbb-b008-05e2e07f240d, -17.807720, -47.168290,2026-05-08 17:22:00,NPP-375,GUARDA-MOR,MINAS GERAIS,Brasil,3128600,31,33,,,,Cerrado,9.9
811d6d72-9f3f-3af4-8416-b485e68b2d2a, -15.220420, -50.857040,2026-05-08 17:22:00,NPP-375,MATRINCHÃ,GOIÁS,Brasil,5212956,52,33,,,,Cerrado,50.2
e7f2869d-faca-3c63-985f-783f503b71a3, -18.863510, -53.577730,2026-05-08 17:22:00,NPP-375,FIGUEIRÃO,MATO GROSSO DO SUL,Brasil,5003900,50,33,,,,Cerrado,2.3
c6c421af-670e-3b8a-849d-989b61ef357e, -17.898130, -52.282750,2026-05-08 17:22:00,NPP-375,SERRANÓPOLIS,GOIÁS,Brasil,5220504,52,33,,,,Cerrado,5.5
7b6cf703-f27e-3e35-a583-c6371e08c8a0, -15.552270, -50.583230,2026-05-08 17:22:00,NPP-375,MATRINCHÃ,GOIÁS,Brasil,5212956,52,33,,,,Cerrado,10.9
56e9469a-b69d-3796-bdf1-26ed898630e7, -15.637280, -56.203390,2026-05-08 17:22:00,NPP-375,VÁRZEA GRANDE,MATO GROSSO,Brasil,5108402,51,33,,,,Cerrado,2.0
3f0b7706-97f4-3259-8ac9-36b71ccaf1fb, -14.003980, -56.622050,2026-05-08 17:22:00,NPP-375,DIAMANTINO,MATO GROSSO,Brasil,5103502,51,33,,,,Cerrado,26.1
a35a29bb-9fda-3c4a-9f3d-06cab1baa850, -14.687010, -46.157070,2026-05-08 17:22:00,NPP-375,SÍTIO D'ABADIA,GOIÁS,Brasil,5220702,52,33,,,,Cerrado,5.1
10fab43f-ed4f-3160-bd5b-11a88470570c, -18.621380, -45.131740,2026-05-08 17:22:00,NPP-375,FELIXLÂNDIA,MINAS GERAIS,Brasil,3125705,31,33,,,,Cerrado,3.3
a79119ee-b7ac-356a-9c02-21d1aa3bd07d, -14.776350, -48.497160,2026-05-08 17:22:00,NPP-375,NIQUELÂNDIA,GOIÁS,Brasil,5214606,52,33,,,,Cerrado,2.7
2fa149ac-4d78-3378-9d4e-1557339ba9ac, -14.173750, -54.440330,2026-05-08 17:22:00,NPP-375,PARANATINGA,MATO GROSSO,Brasil,5106307,51,33,,,,Cerrado,3.2
74c2b1ba-b748-3cd7-b5bb-03f8836c0fbf, -19.958270, -50.150730,2026-05-08 17:22:00,NPP-375,MIRA ESTRELA,SÃO PAULO,Brasil,3530003,35,33,,,,Mata Atlântica,113.6
8d6b7d4b-099f-333d-8d6c-d10ff1b5be6a, -12.386520, -44.448200,2026-05-08 17:22:00,NPP-375,BAIANÓPOLIS,BAHIA,Brasil,2902500,29,33,,,,Cerrado,7.3
669b6de4-c316-3c6d-ae41-0108a5eae510, -16.153900, -58.488440,2026-05-08 17:22:00,NPP-375,CÁCERES,MATO GROSSO,Brasil,5102504,51,33,,,,Pantanal,8.8
4ce16beb-7f96-319c-a9ae-56d3481e457d, -12.500190, -45.429800,2026-05-08 17:22:00,NPP-375,SÃO DESIDÉRIO,BAHIA,Brasil,2928901,29,33,,,,Cerrado,6.2
4775464a-f49c-3361-a230-38e345774501, -12.885040, -49.331970,2026-05-08 17:22:00,NPP-375,ARAGUAÇU,TOCANTINS,Brasil,1702000,17,33,,,,Cerrado,16.1
5934da18-019f-36ba-becb-988bb84c5d6e, -17.624420, -52.388370,2026-05-08 17:22:00,NPP-375,MINEIROS,GOIÁS,Brasil,5213103,52,33,,,,Cerrado,2.9
a56a9db5-c779-30f1-9552-76232a1a5b9e, -12.388160, -44.449820,2026-05-08 17:22:00,NPP-375,BAIANÓPOLIS,BAHIA,Brasil,2902500,29,33,,,,Cerrado,4.4
eeeee9d7-1aee-3540-8bb7-3073cc158e8a, -18.251380, -51.264670,2026-05-08 17:22:00,NPP-375,APARECIDA DO RIO DOCE,GOIÁS,Brasil,5201454,52,33,,,,Cerrado,3.8
f33a7883-a724-3780-b6b1-145d9b112fcc, -17.525810, -53.691190,2026-05-08 17:22:00,NPP-375,ALTO ARAGUAIA,MATO GROSSO,Brasil,5100300,51,33,,,,Cerrado,6.3
5a256f16-2144-3d4a-8078-46e1b5ef6880, -14.686400, -46.153900,2026-05-08 17:22:00,NPP-375,SÍTIO D'ABADIA,GOIÁS,Brasil,5220702,52,33,,,,Cerrado,5.1
e26394bf-159b-3560-bcba-88f376a3893a, -12.497080, -45.429870,2026-05-08 17:22:00,NPP-375,SÃO DESIDÉRIO,BAHIA,Brasil,2928901,29,33,,,,Cerrado,29.2
a2d6fc27-7d85-3712-9fad-f4be3f4db7df, -13.677760, -52.928680,2026-05-08 17:22:00,NPP-375,ÁGUA BOA,MATO GROSSO,Brasil,5100201,51,33,,,,Cerrado,13.4
cf10f52e-8693-3982-a086-5476535742b7, -14.139670, -45.383300,2026-05-08 17:22:00,NPP-375,JABORANDI,BAHIA,Brasil,2917359,29,33,,,,Cerrado,13.9
4cfbaca0-6ec0-3c98-94bf-e91d0208fbf3, -18.497430, -51.691060,2026-05-08 17:22:00,NPP-375,ITARUMÃ,GOIÁS,Brasil,5211305,52,33,,,,Cerrado,18.6
0b888919-42c4-3f07-a02c-5ad4af3e350f, -12.496060, -45.438730,2026-05-08 17:22:00,NPP-375,SÃO DESIDÉRIO,BAHIA,Brasil,2928901,29,33,,,,Cerrado,12.0
92bf2453-68dc-3525-8523-31a7d1feec67, -14.221160, -54.745530,2026-05-08 17:22:00,NPP-375,PARANATINGA,MATO GROSSO,Brasil,5106307,51,33,,,,Cerrado,5.0
8b059080-5dfe-3c5c-b8fa-e539b6231355, -15.231820, -50.848360,2026-05-08 17:22:00,NPP-375,MATRINCHÃ,GOIÁS,Brasil,5212956,52,33,,,,Cerrado,207.7
f9e5388e-f435-36fe-9706-ca391fc8a9aa, -19.078510, -49.571120,2026-05-08 17:22:00,NPP-375,ITUIUTABA,MINAS GERAIS,Brasil,3134202,31,33,,,,Cerrado,13.5
b5d6881d-1748-38b9-9d4e-a96f33daef2e, -16.460800, -52.664030,2026-05-08 17:22:00,NPP-375,RIBEIRÃOZINHO,MATO GROSSO,Brasil,5107198,51,33,,,,Cerrado,2.4
e4c8a552-4ca6-3268-8fd6-02fa78a68f15, -16.762970, -45.816140,2026-05-08 17:22:00,NPP-375,SANTA FÉ DE MINAS,MINAS GERAIS,Brasil,3157609,31,33,,,,Cerrado,5.4
662a71e2-020b-3277-bc29-f40874a551ce, -13.800730, -52.776770,2026-05-08 17:22:00,NPP-375,ÁGUA BOA,MATO GROSSO,Brasil,5100201,51,33,,,,Cerrado,14.9
5c047d8e-fbdf-3549-99a3-b105853cc163, -12.880710, -49.332750,2026-05-08 17:22:00,NPP-375,ARAGUAÇU,TOCANTINS,Brasil,1702000,17,33,,,,Cerrado,17.8
c343e1ec-28d9-35b4-80db-cd2dd9249342, -18.860180, -53.578320,2026-05-08 17:22:00,NPP-375,FIGUEIRÃO,MATO GROSSO DO SUL,Brasil,5003900,50,33,,,,Cerrado,3.3
ed301dd7-b22f-3b2b-89d6-3194ce2d59c2, -12.501670, -45.437540,2026-05-08 17:22:00,NPP-375,SÃO DESIDÉRIO,BAHIA,Brasil,2928901,29,33,,,,Cerrado,4.8
895d24de-42f2-3e00-9c65-dda5ae1fa5a0, -11.945700, -43.382900,2026-05-08 17:22:00,NPP-375,MUQUÉM DO SÃO FRANCISCO,BAHIA,Brasil,2922250,29,33,,,,Cerrado,61.4
bb23a895-69a8-37df-8f72-bb170da42d4b, -17.522470, -53.691770,2026-05-08 17:22:00,NPP-375,ALTO ARAGUAIA,MATO GROSSO,Brasil,5100300,51,33,,,,Cerrado,3.3
12996bfc-2484-3881-a530-d8c54f98c44a, -11.781630, -43.664060,2026-05-08 17:22:00,NPP-375,BARRA,BAHIA,Brasil,2902708,29,33,,,,Cerrado,6.7
46435acb-d4ce-3487-a635-f212a5fd0e59, -12.500930, -45.433670,2026-05-08 17:22:00,NPP-375,SÃO DESIDÉRIO,BAHIA,Brasil,2928901,29,33,,,,Cerrado,4.8
03a0d8ab-1a79-34f4-851c-4f78da9f25ff, -14.180440, -54.439220,2026-05-08 17:22:00,NPP-375,PARANATINGA,MATO GROSSO,Brasil,5106307,51,33,,,,Cerrado,22.8
a5ecbccd-b5bd-3658-97ec-30faf5b7c190, -14.007370, -56.621530,2026-05-08 17:22:00,NPP-375,DIAMANTINO,MATO GROSSO,Brasil,5103502,51,33,,,,Cerrado,26.1
809051d2-bd05-3680-92e3-218478e2c8b8, -13.677120, -52.924740,2026-05-08 17:22:00,NPP-375,ÁGUA BOA,MATO GROSSO,Brasil,5100201,51,33,,,,Cerrado,25.3
e593713c-8a21-3334-83f2-1a7cc10fc31c, -18.734460, -46.914160,2026-05-08 17:22:00,NPP-375,PATROCÍNIO,MINAS GERAIS,Brasil,3148103,31,33,,,,Cerrado,7.2
b53f2bba-719d-3e26-bc4d-9f5538da2732, -15.225040, -50.854570,2026-05-08 17:22:00,NPP-375,MATRINCHÃ,GOIÁS,Brasil,5212956,52,33,,,,Cerrado,34.5
91fecbf5-8176-3e39-ae2b-6355ace9e4de, -12.395420, -46.642060,2026-05-08 17:22:00,NPP-375,TAGUATINGA,TOCANTINS,Brasil,1720903,17,33,,,,Cerrado,7.6
6e2a89c4-b78c-3043-8520-0dc704882775, -12.062040, -45.289690,2026-05-08 17:22:00,NPP-375,BARREIRAS,BAHIA,Brasil,2903201,29,33,,,,Cerrado,23.4
fbbee05c-bbb3-302f-8935-21d3fe101856, -14.005610, -56.633150,2026-05-08 17:22:00,NPP-375,DIAMANTINO,MATO GROSSO,Brasil,5103502,51,33,,,,Cerrado,9.8
91bd2123-5258-341b-871f-08d92344a010, -14.197380, -57.419310,2026-05-08 17:22:00,NPP-375,NOVA MARILÂNDIA,MATO GROSSO,Brasil,5108857,51,33,,,,Amazônia,5.0
e628786b-197b-3786-86c6-c793478c1788, -14.502590, -59.272660,2026-05-08 17:22:00,NPP-375,CONQUISTA D'OESTE,MATO GROSSO,Brasil,5103361,51,33,,,,Cerrado,6.8
6e8334d9-3029-3145-a110-460cf7d4320b, -18.486230, -51.688820,2026-05-08 17:22:00,NPP-375,ITARUMÃ,GOIÁS,Brasil,5211305,52,33,,,,Cerrado,6.5
b15a8b84-49a6-37bd-a8db-73ef83cc0151, -14.177100, -54.439780,2026-05-08 17:22:00,NPP-375,PARANATINGA,MATO GROSSO,Brasil,5106307,51,33,,,,Cerrado,3.2
ecde05b8-16e1-3eee-8b48-a2b9a8fb0120, -20.056300, -50.742690,2026-05-08 17:22:00,NPP-375,SANTA ALBERTINA,SÃO PAULO,Brasil,3545704,35,33,,,,Mata Atlântica,24.0
27f2e33c-0387-3895-8898-35d1ebab0ca4, -13.419950, -46.717040,2026-05-08 17:22:00,NPP-375,SÃO DOMINGOS,GOIÁS,Brasil,5219803,52,33,,,,Cerrado,2.6
324196ef-98b2-30b2-8e32-a7a2d0889ec8, -16.495040, -53.732190,2026-05-08 17:22:00,NPP-375,GUIRATINGA,MATO GROSSO,Brasil,5104203,51,33,,,,Cerrado,1.3
996f7178-7c64-3f97-a792-163054eb02a5, -13.074690, -48.321110,2026-05-08 17:22:00,NPP-375,PALMEIRÓPOLIS,TOCANTINS,Brasil,1715754,17,33,,,,Cerrado,8.4
2c917f1c-219f-3fa5-9a27-3482fd3a43f5, -15.431130, -56.315350,2026-05-08 17:22:00,NPP-375,VÁRZEA GRANDE,MATO GROSSO,Brasil,5108402,51,33,,,,Cerrado,6.2
95350e96-ee24-3659-878f-f2c7472a9b84, -16.460170, -52.660150,2026-05-08 17:22:00,NPP-375,RIBEIRÃOZINHO,MATO GROSSO,Brasil,5107198,51,33,,,,Cerrado,3.6
aac5ee1c-c466-3b2d-92f4-61ff06056a48, -13.669470, -52.921970,2026-05-08 17:22:00,NPP-375,ÁGUA BOA,MATO GROSSO,Brasil,5100201,51,33,,,,Cerrado,4.8
cdbf34a4-c57e-38a0-a31b-0a49f0f1ef25, -15.226320, -50.846090,2026-05-08 17:22:00,NPP-375,MATRINCHÃ,GOIÁS,Brasil,5212956,52,33,,,,Cerrado,35.9
57f609eb-47b5-3cc9-ac9d-5861c20aad68, -13.797210, -52.777370,2026-05-08 17:22:00,NPP-375,ÁGUA BOA,MATO GROSSO,Brasil,5100201,51,33,,,,Cerrado,15.4
0682e43c-2444-3262-b1de-e3264a1690ef, -14.175970, -54.432550,2026-05-08 17:22:00,NPP-375,PARANATINGA,MATO GROSSO,Brasil,5106307,51,33,,,,Cerrado,4.0
882a288c-9ab7-382d-9ea3-ab1e3362f7de, -14.025510, -56.793020,2026-05-08 17:22:00,NPP-375,DIAMANTINO,MATO GROSSO,Brasil,5103502,51,33,,,,Cerrado,5.0
de5849ba-d7c7-3beb-a04b-dda6d10c7e22, -13.801380, -52.780780,2026-05-08 17:22:00,NPP-375,ÁGUA BOA,MATO GROSSO,Brasil,5100201,51,33,,,,Cerrado,14.9
f7dfaed4-e484-3f42-b95d-cf32d065fd68, -18.953270, -51.612100,2026-05-08 17:22:00,NPP-375,ITAJÁ,GOIÁS,Brasil,5210802,52,33,,,,Cerrado,5.4
e1aae49b-d3e8-3a60-be96-1e7a06d7ee4a, -14.001680, -56.629970,2026-05-08 17:22:00,NPP-375,DIAMANTINO,MATO GROSSO,Brasil,5103502,51,33,,,,Cerrado,9.4
772862ce-5d98-3048-a920-1df3db5a1bbb, -14.681210, -46.154800,2026-05-08 17:22:00,NPP-375,SÍTIO D'ABADIA,GOIÁS,Brasil,5220702,52,33,,,,Cerrado,4.5
b418c1a7-78a3-3d5b-80ea-5a257b389de3, -15.224220, -50.856380,2026-05-08 17:22:00,NPP-375,MATRINCHÃ,GOIÁS,Brasil,5212956,52,33,,,,Cerrado,50.2
72594a2b-44a7-30dc-bb12-722d46e62813, -17.943880, -52.950320,2026-05-08 17:22:00,NPP-375,MINEIROS,GOIÁS,Brasil,5213103,52,33,,,,Cerrado,19.8
b6417252-1a13-3e30-9294-07a3f8bfeb21, -14.004530, -56.625740,2026-05-08 17:22:00,NPP-375,DIAMANTINO,MATO GROSSO,Brasil,5103502,51,33,,,,Cerrado,102.8
c5d4cfff-e81d-37b4-80b9-424b5525829a, -12.776700, -46.978680,2026-05-08 17:22:00,NPP-375,ARRAIAS,TOCANTINS,Brasil,1702406,17,33,,,,Cerrado,3.8
665ae1b3-bd42-387c-b57c-a697570c7712, -18.583580, -45.212360,2026-05-08 17:22:00,NPP-375,TRÊS MARIAS,MINAS GERAIS,Brasil,3169356,31,33,,,,Cerrado,13.4
0a1e4647-0c1e-3b16-bc74-492c6807adea, -16.875160, -49.237610,2026-05-08 17:22:00,NPP-375,HIDROLÂNDIA,GOIÁS,Brasil,5209705,52,33,,,,Cerrado,6.3
f58ea988-027e-38fe-b4a9-e302dd7e16b9, -15.710210, -48.321380,2026-05-08 17:22:00,NPP-375,COCALZINHO DE GOIÁS,GOIÁS,Brasil,5205513,52,33,,,,Cerrado,3.7
6eac10d6-b0b0-3395-9f84-d1fd6b6785ad, -14.176540, -54.436160,2026-05-08 17:22:00,NPP-375,PARANATINGA,MATO GROSSO,Brasil,5106307,51,33,,,,Cerrado,4.0
4eafacd3-7040-3ab1-94d4-3787d7ce4ccb, -14.205060, -51.292370,2026-05-08 17:22:00,NPP-375,COCALINHO,MATO GROSSO,Brasil,5103106,51,33,,,,Cerrado,2.1
7b55fc55-db67-3e40-8ba9-290502c0b747, -17.932160, -52.963920,2026-05-08 17:22:00,NPP-375,MINEIROS,GOIÁS,Brasil,5213103,52,33,,,,Cerrado,4.2
5ba4c747-052f-3afb-ace7-a8d100dba0fc, -14.687460, -46.157580,2026-05-08 17:22:00,NPP-375,SÍTIO D'ABADIA,GOIÁS,Brasil,5220702,52,33,,,,Cerrado,7.0
4e37acdc-e1cf-3de7-b242-6bf186e5dab4, -14.223940, -54.741410,2026-05-08 17:22:00,NPP-375,PARANATINGA,MATO GROSSO,Brasil,5106307,51,33,,,,Cerrado,5.0
f83beb77-f797-3217-984d-0febe42aa27c, -19.959070, -50.155350,2026-05-08 17:22:00,NPP-375,MIRA ESTRELA,SÃO PAULO,Brasil,3530003,35,33,,,,Mata Atlântica,113.6
588205e0-a8d6-3381-9a82-7bc54681afbd, -15.442930, -56.324910,2026-05-08 17:22:00,NPP-375,VÁRZEA GRANDE,MATO GROSSO,Brasil,5108402,51,33,,,,Cerrado,5.0
3e5e9543-5441-37f3-b436-eb6401caca4f, -18.584210, -45.215460,2026-05-08 17:22:00,NPP-375,TRÊS MARIAS,MINAS GERAIS,Brasil,3169356,31,33,,,,Cerrado,6.0
e4bc083c-4558-3664-991a-b0f23a411ff4, -18.735400, -46.918910,2026-05-08 17:22:00,NPP-375,PATROCÍNIO,MINAS GERAIS,Brasil,3148103,31,33,,,,Cerrado,7.2
b4cb3b85-71ff-3da8-a4e2-c532daa1ee96, -14.657850, -40.996010,2026-05-08 17:22:00,NPP-375,ANAGÉ,BAHIA,Brasil,2901205,29,33,,,,Caatinga,3.5
70d20ef8-b3b1-3826-9753-3d080b752c0f, -12.498610, -45.437580,2026-05-08 17:22:00,NPP-375,SÃO DESIDÉRIO,BAHIA,Brasil,2928901,29,33,,,,Cerrado,17.6
01200816-1afb-38f6-8ebc-5b970fbfd6db, -11.938160, -43.378770,2026-05-08 17:22:00,NPP-375,MUQUÉM DO SÃO FRANCISCO,BAHIA,Brasil,2922250,29,33,,,,Cerrado,61.4
b9fd5d13-ee7a-38ab-84b9-85c091d50f10, -15.254960, -48.081750,2026-05-08 17:22:00,NPP-375,PADRE BERNARDO,GOIÁS,Brasil,5215603,52,33,,,,Cerrado,2.0
72de1415-1992-341f-9ce6-f279a96eebb0, -17.947870, -52.953490,2026-05-08 17:22:00,NPP-375,MINEIROS,GOIÁS,Brasil,5213103,52,33,,,,Cerrado,6.2
b604ba2a-2b82-3c82-b2e7-93504c4fdd0d, -12.395770, -46.641010,2026-05-08 17:22:00,NPP-375,TAGUATINGA,TOCANTINS,Brasil,1720903,17,33,,,,Cerrado,5.6
b5a20a32-bd15-30d8-9d04-4a48c4eabd0d, -17.894690, -52.283410,2026-05-08 17:22:00,NPP-375,SERRANÓPOLIS,GOIÁS,Brasil,5220504,52,33,,,,Cerrado,2.9
f9883022-da44-31dd-8d12-996aa1f02d9d, -17.575700, -47.481870,2026-05-08 17:22:00,NPP-375,CATALÃO,GOIÁS,Brasil,5205109,52,33,,,,Cerrado,4.8
3dcbe7ec-a058-3824-bd17-2e3fb1375425, -17.526380, -53.694850,2026-05-08 17:22:00,NPP-375,ALTO ARAGUAIA,MATO GROSSO,Brasil,5100300,51,33,,,,Cerrado,6.3
dc3e069d-4548-3c11-b8c6-f4641bc2dd77, -11.780540, -43.658640,2026-05-08 17:22:00,NPP-375,BARRA,BAHIA,Brasil,2902708,29,33,,,,Cerrado,9.2
2cb2b593-d3d3-3edc-acad-09fd7e4d9659, -12.890110, -49.335370,2026-05-08 17:22:00,NPP-375,ARAGUAÇU,TOCANTINS,Brasil,1702000,17,33,,,,Cerrado,8.9
983bef72-c403-3d47-9f9c-3f765b43d28f, -14.639270, -41.961590,2026-05-08 17:22:00,NPP-375,GUAJERU,BAHIA,Brasil,2911659,29,33,,,,Caatinga,12.3
2f11f9bd-6f2f-3cbc-bdf6-a76b78dd7832, -17.350920, -50.729240,2026-05-08 17:22:00,NPP-375,RIO VERDE,GOIÁS,Brasil,5218805,52,33,,,,Cerrado,12.0
4e143177-4b83-3d53-b117-9fd5baef7407, -16.198560, -45.589580,2026-05-08 17:22:00,NPP-375,URUCUIA,MINAS GERAIS,Brasil,3170529,31,33,,,,Cerrado,2.2
0f87eedd-c61c-3764-9759-823d0ba3fca3, -12.359000, -45.704180,2026-05-08 17:22:00,NPP-375,LUÍS EDUARDO MAGALHÃES,BAHIA,Brasil,2919553,29,33,,,,Cerrado,3.6
4979d88d-5aee-3ba0-ac1d-befc29a233f7, -17.937720, -52.955250,2026-05-08 17:22:00,NPP-375,MINEIROS,GOIÁS,Brasil,5213103,52,33,,,,Cerrado,6.5
839a48a9-4b0b-31d5-b770-2e427f06c39e, -18.956770, -51.611500,2026-05-08 17:22:00,NPP-375,ITAJÁ,GOIÁS,Brasil,5210802,52,33,,,,Cerrado,5.4
4edae332-d87a-3f70-bc89-5520dcf248b3, -12.062840, -45.293710,2026-05-08 17:22:00,NPP-375,BARREIRAS,BAHIA,Brasil,2903201,29,33,,,,Cerrado,8.3
f254b201-5fb9-3965-8a66-c7d2ff96f62e, -19.955390, -50.156070,2026-05-08 17:22:00,NPP-375,MIRA ESTRELA,SÃO PAULO,Brasil,3530003,35,33,,,,Mata Atlântica,113.6
a1fdce41-495c-3d6b-ab26-90de09142f4f, -14.217820, -54.746070,2026-05-08 17:22:00,NPP-375,PARANATINGA,MATO GROSSO,Brasil,5106307,51,33,,,,Cerrado,5.4
ef9a4aed-c15b-3d22-a185-27f428caed93, -14.140410, -45.386980,2026-05-08 17:22:00,NPP-375,JABORANDI,BAHIA,Brasil,2917359,29,33,,,,Cerrado,13.9
e37d5f4d-724f-3b25-8165-912c7fe79d76, -15.230120, -50.845390,2026-05-08 17:22:00,NPP-375,MATRINCHÃ,GOIÁS,Brasil,5212956,52,33,,,,Cerrado,35.9
9350a382-722b-3484-81b5-6cf7aab51ba8, -15.759320, -54.183900,2026-05-08 17:22:00,NPP-375,POXORÉU,MATO GROSSO,Brasil,5107008,51,33,,,,Cerrado,4.7
10ede7a5-4260-3d54-bb1e-f5470be38327, -12.740300, -43.939700,2026-05-08 17:22:00,NPP-375,SERRA DOURADA,BAHIA,Brasil,2930303,29,33,,,,Cerrado,2.0
d0cb0544-ebcf-33f4-ae29-bc87ffd84548,  -7.490350, -49.283840,2026-05-08 17:24:00,NPP-375,PAU D'ARCO,TOCANTINS,Brasil,1716307,17,33,,,,Amazônia,3.8
a09be7e8-3dc8-3af0-8d87-eea807ae8077,  -9.479320, -46.120940,2026-05-08 17:24:00,NPP-375,ALTO PARNAÍBA,MARANHÃO,Brasil,2100501,21,33,,,,Cerrado,4.4
2d81907a-b8d2-3bea-9f01-0674db55295c,  -6.326850, -44.639160,2026-05-08 17:24:00,NPP-375,MIRADOR,MARANHÃO,Brasil,2106706,21,33,,,,Cerrado,25.5
a88d347d-86eb-3930-903f-b77294eb9cd6,  -5.782190, -45.124480,2026-05-08 17:24:00,NPP-375,BARRA DO CORDA,MARANHÃO,Brasil,2101608,21,33,,,,Cerrado,47.4
5ebaf0ff-62cb-308b-b03b-32f78afabd36, -12.996650, -54.677540,2026-05-08 17:24:00,NPP-375,NOVA UBIRATÃ,MATO GROSSO,Brasil,5106240,51,33,,,,Amazônia,14.0
a10e4018-a8b7-3f80-bcc2-e085f69e9f89,  -7.906720, -50.373920,2026-05-08 17:24:00,NPP-375,REDENÇÃO,PARÁ,Brasil,1506138,15,33,,,,Amazônia,16.1
04d143f5-a3de-3c39-a2a7-23318cec86d1,  -5.788660, -45.123610,2026-05-08 17:24:00,NPP-375,BARRA DO CORDA,MARANHÃO,Brasil,2101608,21,33,,,,Cerrado,47.4
c93e8c60-21ee-38cc-a92f-7d81746e37fe, -10.668770, -49.689960,2026-05-08 17:24:00,NPP-375,LAGOA DA CONFUSÃO,TOCANTINS,Brasil,1711902,17,33,,,,Cerrado,9.2
ec92683a-762f-39f8-b8b8-4c3fbf57127d,  -9.443790, -46.119670,2026-05-08 17:24:00,NPP-375,ALTO PARNAÍBA,MARANHÃO,Brasil,2100501,21,33,,,,Cerrado,10.9
30825399-0cf8-30a4-92d9-273966da34ed,  -5.781980, -45.127800,2026-05-08 17:24:00,NPP-375,BARRA DO CORDA,MARANHÃO,Brasil,2101608,21,33,,,,Cerrado,51.6
c96627f5-4f73-320e-a6af-aab13159c48b, -11.295210, -54.755660,2026-05-08 17:24:00,NPP-375,CLÁUDIA,MATO GROSSO,Brasil,5103056,51,33,,,,Amazônia,7.4
da733a83-3de6-3e1f-a7d6-07f3658e5b01, -10.749620, -49.764640,2026-05-08 17:24:00,NPP-375,LAGOA DA CONFUSÃO,TOCANTINS,Brasil,1711902,17,33,,,,Cerrado,12.2
f4b9cb7c-cba9-3084-ac65-0595b14a407c, -14.090490, -58.698230,2026-05-08 17:24:00,NPP-375,TANGARÁ DA SERRA,MATO GROSSO,Brasil,5107958,51,33,,,,Cerrado,5.6
d6daaaca-4f9e-330b-b6ce-ccd3226e4252, -11.644860, -58.257960,2026-05-08 17:24:00,NPP-375,BRASNORTE,MATO GROSSO,Brasil,5101902,51,33,,,,Amazônia,3.3
cbca6dd8-af96-3513-ae10-6df7862ac2e5, -11.292970, -54.763430,2026-05-08 17:24:00,NPP-375,CLÁUDIA,MATO GROSSO,Brasil,5103056,51,33,,,,Amazônia,20.1
95720905-8023-3d70-9a23-cf505c32ab99, -10.381440, -46.411590,2026-05-08 17:24:00,NPP-375,MATEIROS,TOCANTINS,Brasil,1712702,17,33,,,,Cerrado,4.3
ca059695-e2c0-3522-94ed-1c139f2b8db6, -12.546650, -54.611800,2026-05-08 17:24:00,NPP-375,NOVA UBIRATÃ,MATO GROSSO,Brasil,5106240,51,33,,,,Amazônia,8.9
456ab72e-f8db-352f-a6d9-29d541c3a9c9, -14.094170, -58.697740,2026-05-08 17:24:00,NPP-375,TANGARÁ DA SERRA,MATO GROSSO,Brasil,5107958,51,33,,,,Cerrado,5.6
d98e6efc-6495-3b41-a140-6ae8054ac3c3, -11.732020, -57.821640,2026-05-08 17:24:00,NPP-375,JUARA,MATO GROSSO,Brasil,5105101,51,33,,,,Amazônia,6.5
50e06e10-e1db-37e5-b37e-ccc09abeb8b1, -11.461070, -47.416660,2026-05-08 17:24:00,NPP-375,ALMAS,TOCANTINS,Brasil,1700400,17,33,,,,Cerrado,3.2
626c3426-dc64-34aa-9609-8b42ea6b9b1f, -10.555340, -56.335780,2026-05-08 17:24:00,NPP-375,ALTA FLORESTA,MATO GROSSO,Brasil,5100250,51,33,,,,Amazônia,39.7
1c15c939-2e60-358b-b08e-c69b1e245b31, -12.527420, -49.472820,2026-05-08 17:24:00,NPP-375,ARAGUAÇU,TOCANTINS,Brasil,1702000,17,33,,,,Cerrado,10.3
adc419db-60c2-331f-a8a6-2ce95edc0b16, -10.553080, -56.343320,2026-05-08 17:24:00,NPP-375,ALTA FLORESTA,MATO GROSSO,Brasil,5100250,51,33,,,,Amazônia,10.7
c605a5f6-c8ea-3caf-8c1b-6443820ad10e, -14.097240, -58.692850,2026-05-08 17:24:00,NPP-375,TANGARÁ DA SERRA,MATO GROSSO,Brasil,5107958,51,33,,,,Cerrado,57.8
68529c9c-8a4f-30a2-8eab-12486287515d, -12.548350, -54.622640,2026-05-08 17:24:00,NPP-375,NOVA UBIRATÃ,MATO GROSSO,Brasil,5106240,51,33,,,,Amazônia,1.4
94ee4d01-fd8d-3161-9f37-ce056aab5a17, -10.379680, -46.953060,2026-05-08 17:24:00,NPP-375,MATEIROS,TOCANTINS,Brasil,1712702,17,33,,,,Cerrado,5.2
0f9dd28a-65df-343b-97b5-06db84f94f3e,  -6.993330, -42.864290,2026-05-08 17:24:00,NPP-375,FLORIANO,PIAUÍ,Brasil,2203909,22,33,,,,Caatinga,5.8
c4fbdcaa-00cc-3304-857a-ae8c5edaea68, -13.186260, -52.684020,2026-05-08 17:24:00,NPP-375,CANARANA,MATO GROSSO,Brasil,5102702,51,33,,,,Amazônia,16.5
e4b6d026-8a68-3dc4-b92a-2a3ff4e8959e, -12.539820, -58.362180,2026-05-08 17:24:00,NPP-375,BRASNORTE,MATO GROSSO,Brasil,5101902,51,33,,,,Cerrado,10.0
14f51e39-098d-3c4e-9ef4-16f779c532ac, -10.475140, -46.548880,2026-05-08 17:24:00,NPP-375,MATEIROS,TOCANTINS,Brasil,1712702,17,33,,,,Cerrado,4.7
99cd9ce3-8baa-34b9-bd86-05ff872c75d0,  -8.693360, -49.072700,2026-05-08 17:24:00,NPP-375,GOIANORTE,TOCANTINS,Brasil,1708304,17,33,,,,Cerrado,13.3
13346e37-4002-3680-bacc-357f07f1b918,  -9.079850, -47.435600,2026-05-08 17:24:00,NPP-375,CENTENÁRIO,TOCANTINS,Brasil,1704105,17,33,,,,Cerrado,4.1
79f6dc69-17c5-32aa-8102-2aea7a74b102, -10.323460, -52.048230,2026-05-08 17:24:00,NPP-375,CONFRESA,MATO GROSSO,Brasil,5103353,51,33,,,,Amazônia,6.6
666fadd0-cb8e-3048-99f3-78879b04123f,  -9.304560, -48.587550,2026-05-08 17:24:00,NPP-375,RIO DOS BOIS,TOCANTINS,Brasil,1718709,17,33,,,,Cerrado,8.6
97ea2ce8-a8e4-30aa-aa03-c203f74e4998, -10.898250, -49.610200,2026-05-08 17:24:00,NPP-375,LAGOA DA CONFUSÃO,TOCANTINS,Brasil,1711902,17,33,,,,Cerrado,7.0
b8838524-3b00-3519-85dd-0b9c242b2ee2, -14.098450, -58.701620,2026-05-08 17:24:00,NPP-375,TANGARÁ DA SERRA,MATO GROSSO,Brasil,5107958,51,33,,,,Cerrado,6.1
1c64d257-119d-319e-a63f-d4506012571d, -12.349250, -50.026750,2026-05-08 17:24:00,NPP-375,SANDOLÂNDIA,TOCANTINS,Brasil,1718840,17,33,,,,Cerrado,19.3
e1029b98-341b-3665-8334-b1fefc64fb2b, -10.382820, -46.970050,2026-05-08 17:24:00,NPP-375,MATEIROS,TOCANTINS,Brasil,1712702,17,33,,,,Cerrado,2.9
0ca70d5a-1930-3cb7-91ad-206f98dc61ae, -10.373000, -49.928680,2026-05-08 17:24:00,NPP-375,PIUM,TOCANTINS,Brasil,1717503,17,33,,,,Cerrado,3.9
c9da4c5c-a6c6-3117-b665-4069ba884dd2, -11.072120, -52.481460,2026-05-08 17:24:00,NPP-375,SÃO JOSÉ DO XINGU,MATO GROSSO,Brasil,5107354,51,33,,,,Amazônia,6.4
216f2602-ee90-36ce-a23b-01c90a05823b, -12.986600, -54.679180,2026-05-08 17:24:00,NPP-375,NOVA UBIRATÃ,MATO GROSSO,Brasil,5106240,51,33,,,,Amazônia,6.7
644999fa-cd92-34a1-98d9-aa24d641e9be, -10.625930, -46.417080,2026-05-08 17:24:00,NPP-375,MATEIROS,TOCANTINS,Brasil,1712702,17,33,,,,Cerrado,3.5
72765a9c-b97e-3521-8ff0-2a3bc043fd78,  -9.402930, -50.673550,2026-05-08 17:24:00,NPP-375,SANTANA DO ARAGUAIA,PARÁ,Brasil,1506708,15,33,,,,Amazônia,7.0
66354e1f-06e2-30a7-bfa1-29b48eadd780, -10.785220, -49.736410,2026-05-08 17:24:00,NPP-375,LAGOA DA CONFUSÃO,TOCANTINS,Brasil,1711902,17,33,,,,Cerrado,3.7
d8430d33-2c9b-3107-af32-7d7b179c45e6, -10.894950, -53.750280,2026-05-08 17:24:00,NPP-375,MARCELÂNDIA,MATO GROSSO,Brasil,5105580,51,33,,,,Amazônia,10.9
c97e20b0-abdf-301b-8a2d-9f1b73e4a8c1, -14.062400, -58.705740,2026-05-08 17:24:00,NPP-375,TANGARÁ DA SERRA,MATO GROSSO,Brasil,5107958,51,33,,,,Cerrado,3.1
4bf3e4c8-7ce2-3f6e-9ecc-7ae78b0371bb,  -6.117890, -44.699630,2026-05-08 17:24:00,NPP-375,MIRADOR,MARANHÃO,Brasil,2106706,21,33,,,,Cerrado,9.7
f78bc415-8249-3c33-a823-d6be3b7e9209, -11.292410, -54.759820,2026-05-08 17:24:00,NPP-375,CLÁUDIA,MATO GROSSO,Brasil,5103056,51,33,,,,Amazônia,43.0
6a14c779-f27f-3f71-9e81-389aa52670ad, -10.548580, -52.450480,2026-05-08 17:24:00,NPP-375,SÃO JOSÉ DO XINGU,MATO GROSSO,Brasil,5107354,51,33,,,,Amazônia,11.8
8403507d-c4b7-3cdf-8748-fa738fa33d48, -11.246470, -46.284690,2026-05-08 17:24:00,NPP-375,FORMOSA DO RIO PRETO,BAHIA,Brasil,2911105,29,33,,,,Cerrado,3.4
75b68a4f-8370-39cf-90e8-6c11bf26732d,  -5.787710, -45.118430,2026-05-08 17:24:00,NPP-375,BARRA DO CORDA,MARANHÃO,Brasil,2101608,21,33,,,,Cerrado,47.4
701fe58d-41c4-3db6-8967-80595a0484d8,  -6.117060, -44.702440,2026-05-08 17:24:00,NPP-375,MIRADOR,MARANHÃO,Brasil,2106706,21,33,,,,Cerrado,10.7
49afdd1e-bd35-3d7a-918c-44f385a2b7aa,  -9.465740, -50.891560,2026-05-08 17:24:00,NPP-375,SANTANA DO ARAGUAIA,PARÁ,Brasil,1506708,15,33,,,,Amazônia,10.5
6eb8c7fc-d549-32ec-b3ae-c3ad7a1d1f1c,  -9.303630, -48.582230,2026-05-08 17:24:00,NPP-375,RIO DOS BOIS,TOCANTINS,Brasil,1718709,17,33,,,,Cerrado,8.6
010d2410-a538-3cfc-a307-c22219056e08, -10.374430, -49.911080,2026-05-08 17:24:00,NPP-375,PIUM,TOCANTINS,Brasil,1717503,17,33,,,,Cerrado,8.6
22ede762-5db7-37cc-bf5e-8e17cf0db09a,  -7.344650, -50.822810,2026-05-08 17:24:00,NPP-375,BANNACH,PARÁ,Brasil,1501253,15,33,,,,Amazônia,3.6
1b46ea75-d336-354a-af15-d8b28456dc4d, -12.546080, -54.608190,2026-05-08 17:24:00,NPP-375,NOVA UBIRATÃ,MATO GROSSO,Brasil,5106240,51,33,,,,Amazônia,8.9
71bcf09a-d396-3e7b-846a-142c3f3d882b,  -9.451700, -46.130490,2026-05-08 17:24:00,NPP-375,ALTO PARNAÍBA,MARANHÃO,Brasil,2100501,21,33,,,,Cerrado,4.5
ec7e6026-d8c0-3ff3-a67e-c0d44aa4e120,  -9.555810, -43.189750,2026-05-08 17:24:00,NPP-375,CAMPO ALEGRE DE LOURDES,BAHIA,Brasil,2905909,29,33,,,,Caatinga,0.9
5101e6a8-7ab9-3d05-8d8a-1e4df122c573,  -6.727330, -46.711210,2026-05-08 17:24:00,NPP-375,SÃO PEDRO DOS CRENTES,MARANHÃO,Brasil,2111573,21,33,,,,Cerrado,4.8
734a1a7c-b204-3fb8-8fee-58de2bcbe82b, -11.292250, -54.026700,2026-05-08 17:24:00,NPP-375,UNIÃO DO SUL,MATO GROSSO,Brasil,5108303,51,33,,,,Amazônia,2.9
6e8c2eaf-a4d3-3a6a-a256-49a67da0d690, -14.091100, -58.702630,2026-05-08 17:24:00,NPP-375,TANGARÁ DA SERRA,MATO GROSSO,Brasil,5107958,51,33,,,,Cerrado,5.6
a956cbce-400d-3e15-964c-644f84721de3,  -6.742950, -45.383480,2026-05-08 17:24:00,NPP-375,MIRADOR,MARANHÃO,Brasil,2106706,21,33,,,,Cerrado,6.6
03b5f454-328e-387f-b5a7-0ac42f3dc50b, -14.080670, -58.708580,2026-05-08 17:24:00,NPP-375,TANGARÁ DA SERRA,MATO GROSSO,Brasil,5107958,51,33,,,,Cerrado,2.7
a4f59e72-0eb6-3de6-99a4-b25a609f508f, -11.728570, -57.822170,2026-05-08 17:24:00,NPP-375,JUARA,MATO GROSSO,Brasil,5105101,51,33,,,,Amazônia,4.5
a7bb19eb-7cf5-3365-8ea3-188de5701dd4, -10.545360, -56.337330,2026-05-08 17:24:00,NPP-375,ALTA FLORESTA,MATO GROSSO,Brasil,5100250,51,33,,,,Amazônia,38.6
034543e2-6701-384e-a546-d2cd1d0cb9a2, -13.189810, -52.683390,2026-05-08 17:24:00,NPP-375,CANARANA,MATO GROSSO,Brasil,5102702,51,33,,,,Amazônia,16.5
aaacac05-3bb6-37fa-a77c-1cc3f34dc45f, -10.673170, -49.689190,2026-05-08 17:24:00,NPP-375,LAGOA DA CONFUSÃO,TOCANTINS,Brasil,1711902,17,33,,,,Cerrado,9.2
055dec2c-571b-3600-89b1-03adeff8203a, -10.473070, -46.537930,2026-05-08 17:24:00,NPP-375,MATEIROS,TOCANTINS,Brasil,1712702,17,33,,,,Cerrado,6.5
14d5403a-e901-3554-8230-e39b624c4836, -11.880390, -49.693200,2026-05-08 17:24:00,NPP-375,FORMOSO DO ARAGUAIA,TOCANTINS,Brasil,1708205,17,33,,,,Cerrado,6.5
2dfe3446-fd90-3450-a3f9-e230f4663cab,  -6.323680, -44.630410,2026-05-08 17:24:00,NPP-375,MIRADOR,MARANHÃO,Brasil,2106706,21,33,,,,Cerrado,27.1
45c5b3f3-1f45-39af-abc8-51907c74134c,  -9.531910, -47.292630,2026-05-08 17:24:00,NPP-375,RIO SONO,TOCANTINS,Brasil,1718758,17,33,,,,Cerrado,25.8
d677a8b7-8ff3-3176-a752-58282db824d7, -11.161820, -49.252670,2026-05-08 17:24:00,NPP-375,CRIXÁS DO TOCANTINS,TOCANTINS,Brasil,1706258,17,33,,,,Cerrado,13.5
138c1336-1ad3-3d0d-8114-ba3039e65d1f, -10.924030, -49.786220,2026-05-08 17:24:00,NPP-375,LAGOA DA CONFUSÃO,TOCANTINS,Brasil,1711902,17,33,,,,Cerrado,11.6
c4b72d58-dc7c-3440-a602-a515a8c351ac, -14.097850, -58.697230,2026-05-08 17:24:00,NPP-375,TANGARÁ DA SERRA,MATO GROSSO,Brasil,5107958,51,33,,,,Cerrado,6.1
5c82a5a7-dbd4-38fd-b840-e5aaebb61f90, -10.671020, -49.702890,2026-05-08 17:24:00,NPP-375,LAGOA DA CONFUSÃO,TOCANTINS,Brasil,1711902,17,33,,,,Cerrado,7.6
e44054e2-cc3d-3e99-822b-b92476e696ae,  -6.244480, -45.583380,2026-05-08 17:24:00,NPP-375,FERNANDO FALCÃO,MARANHÃO,Brasil,2104081,21,33,,,,Cerrado,4.9
8fb54438-bb4d-37af-868f-989c3e11603e, -11.474480, -52.921930,2026-05-08 17:24:00,NPP-375,SÃO FÉLIX DO ARAGUAIA,MATO GROSSO,Brasil,5107859,51,33,,,,Amazônia,6.1
2f237b4a-1ccf-37b2-9f2d-fc9a9b363e76, -10.552550, -56.339810,2026-05-08 17:24:00,NPP-375,ALTA FLORESTA,MATO GROSSO,Brasil,5100250,51,33,,,,Amazônia,39.7
b167a9bc-9be1-3c15-a89b-cc0fdf9b1fda, -14.089890, -58.693860,2026-05-08 17:24:00,NPP-375,TANGARÁ DA SERRA,MATO GROSSO,Brasil,5107958,51,33,,,,Cerrado,33.7
5f46ff60-ad30-3cbb-8883-a5415de99c08, -11.070650, -52.472710,2026-05-08 17:24:00,NPP-375,SÃO JOSÉ DO XINGU,MATO GROSSO,Brasil,5107354,51,33,,,,Amazônia,6.0
c9b88035-1126-3d5c-af46-7b3db7ff8f2a, -12.464910, -49.126340,2026-05-08 17:24:00,NPP-375,ALVORADA,TOCANTINS,Brasil,1700707,17,33,,,,Cerrado,4.8
67b21d05-101d-3977-a263-1ff191131d96,  -9.465090, -50.887730,2026-05-08 17:24:00,NPP-375,SANTANA DO ARAGUAIA,PARÁ,Brasil,1506708,15,33,,,,Amazônia,10.5
bbdd07ac-a719-3202-8baf-f79c7a0300f2, -11.948290, -57.043280,2026-05-08 17:24:00,NPP-375,PORTO DOS GAÚCHOS,MATO GROSSO,Brasil,5106802,51,33,,,,Amazônia,4.8
447ada66-ae56-368e-b0ad-5aec4e5653cb, -11.295770, -54.759280,2026-05-08 17:24:00,NPP-375,CLÁUDIA,MATO GROSSO,Brasil,5103056,51,33,,,,Amazônia,7.4
ebfb5e9f-61de-3431-ba23-a906c38e767c, -12.535690, -58.358660,2026-05-08 17:24:00,NPP-375,BRASNORTE,MATO GROSSO,Brasil,5101902,51,33,,,,Cerrado,6.0
71418e50-ebb3-3cb9-bca3-fcfaad811baf, -10.311940, -46.825980,2026-05-08 17:24:00,NPP-375,MATEIROS,TOCANTINS,Brasil,1712702,17,33,,,,Cerrado,4.5
f1409a75-91d9-36f8-8ede-30be252e3e63,  -9.306760, -48.585140,2026-05-08 17:24:00,NPP-375,RIO DOS BOIS,TOCANTINS,Brasil,1718709,17,33,,,,Cerrado,9.0
a2aafd65-35d9-39ff-aae7-e492c87a7ac7, -11.068440, -52.482090,2026-05-08 17:24:00,NPP-375,SÃO JOSÉ DO XINGU,MATO GROSSO,Brasil,5107354,51,33,,,,Amazônia,8.6
afe3b2fd-6e61-34dd-89a2-4504137e4a25,  -5.783780, -45.137920,2026-05-08 17:24:00,NPP-375,BARRA DO CORDA,MARANHÃO,Brasil,2101608,21,33,,,,Cerrado,19.7
5afeeff9-ed0b-37d4-9b5e-41ace027da40,  -5.786600, -45.116440,2026-05-08 17:24:00,NPP-375,BARRA DO CORDA,MARANHÃO,Brasil,2101608,21,33,,,,Cerrado,42.8
31fe60bc-69c1-36e2-88ca-da2d3f13e036,  -9.080420, -47.438780,2026-05-08 17:24:00,NPP-375,CENTENÁRIO,TOCANTINS,Brasil,1704105,17,33,,,,Cerrado,4.1
b4aa0e3a-e07d-3bae-a51f-334cc2175fda, -11.804680, -56.991140,2026-05-08 17:24:00,NPP-375,PORTO DOS GAÚCHOS,MATO GROSSO,Brasil,5106802,51,33,,,,Amazônia,5.6
2cd00609-a26a-312c-828d-2878473178ec, -11.026210, -47.424930,2026-05-08 17:24:00,NPP-375,PINDORAMA DO TOCANTINS,TOCANTINS,Brasil,1717008,17,33,,,,Cerrado,8.1
3f51928d-c8ad-3201-88fd-5df7c4607e49, -10.893850, -49.610980,2026-05-08 17:24:00,NPP-375,LAGOA DA CONFUSÃO,TOCANTINS,Brasil,1711902,17,33,,,,Cerrado,7.2
a2c071f7-e6a1-39f9-93dc-718d16767268, -10.842780, -49.552790,2026-05-08 17:24:00,NPP-375,SANTA RITA DO TOCANTINS,TOCANTINS,Brasil,1718899,17,33,,,,Cerrado,8.4
961f77d6-2de8-3b51-a138-9157d45afa42,  -8.706370, -49.091250,2026-05-08 17:24:00,NPP-375,GOIANORTE,TOCANTINS,Brasil,1708304,17,33,,,,Cerrado,44.5
19a61fde-b08d-30d3-bd15-261a69342ac2,  -5.782890, -45.132900,2026-05-08 17:24:00,NPP-375,BARRA DO CORDA,MARANHÃO,Brasil,2101608,21,33,,,,Cerrado,51.6
3d0bd3fd-2d6b-335b-9cd5-546540fe2ea8,  -9.405380, -46.857340,2026-05-08 17:24:00,NPP-375,LIZARDA,TOCANTINS,Brasil,1712405,17,33,,,,Cerrado,4.2
eea93d99-17c2-3344-8441-455f2ffc64b9,  -6.116050, -44.697030,2026-05-08 17:24:00,NPP-375,MIRADOR,MARANHÃO,Brasil,2106706,21,33,,,,Cerrado,11.2
59b26548-7f54-3b6a-9066-856f99b0ea2d, -12.349920, -50.030610,2026-05-08 17:24:00,NPP-375,SANDOLÂNDIA,TOCANTINS,Brasil,1718840,17,33,,,,Cerrado,35.0
e29653e4-0161-3dee-946d-7f1531ead62d, -12.415890, -49.671990,2026-05-08 17:24:00,NPP-375,SANDOLÂNDIA,TOCANTINS,Brasil,1718840,17,33,,,,Cerrado,10.3
34af410a-dc47-32d4-984d-804f196d8585,  -9.407140, -50.672850,2026-05-08 17:24:00,NPP-375,SANTANA DO ARAGUAIA,PARÁ,Brasil,1506708,15,33,,,,Amazônia,15.1
a544ecc8-4cb5-3234-b1d8-ef8ffe6e2603,  -5.788450, -45.126880,2026-05-08 17:24:00,NPP-375,BARRA DO CORDA,MARANHÃO,Brasil,2101608,21,33,,,,Cerrado,51.6
c5a95238-3d69-3b3c-b699-f2980bef37df,  -9.444540, -46.123670,2026-05-08 17:24:00,NPP-375,ALTO PARNAÍBA,MARANHÃO,Brasil,2100501,21,33,,,,Cerrado,13.2
706fc857-b42e-3484-b820-6e7bfc184861,  -6.324710, -44.635860,2026-05-08 17:24:00,NPP-375,MIRADOR,MARANHÃO,Brasil,2106706,21,33,,,,Cerrado,27.1
74ef4f2c-561b-3a08-a995-0dcaff7f001e,  -6.981100, -42.870520,2026-05-08 17:24:00,NPP-375,FLORIANO,PIAUÍ,Brasil,2203909,22,33,,,,Caatinga,6.3
4d5e267e-8b06-3280-8895-c1ae23574ba4,  -6.989430, -47.690880,2026-05-08 17:24:00,NPP-375,BABAÇULÂNDIA,TOCANTINS,Brasil,1703008,17,33,,,,Cerrado,3.2
af7af39a-e805-3a35-8ddc-f8c4c575415c, -13.188980, -52.700440,2026-05-08 17:24:00,NPP-375,CANARANA,MATO GROSSO,Brasil,5102702,51,33,,,,Amazônia,6.2
39a3feb7-ec88-30f7-85f2-f8c77b577579,  -6.726480, -46.712100,2026-05-08 17:24:00,NPP-375,SÃO PEDRO DOS CRENTES,MARANHÃO,Brasil,2111573,21,33,,,,Cerrado,5.2
e1173ab4-9591-3758-b4bc-35b48409e806,  -9.215250, -48.808090,2026-05-08 17:24:00,NPP-375,DOIS IRMÃOS DO TOCANTINS,TOCANTINS,Brasil,1707207,17,33,,,,Cerrado,5.3
9dbb23b7-fc4a-3a58-b17f-b30f0b88d643, -10.783640, -46.779760,2026-05-08 17:24:00,NPP-375,MATEIROS,TOCANTINS,Brasil,1712702,17,33,,,,Cerrado,4.6
e23dc8ab-a5f4-33b9-b8ec-52a32b848c97,  -9.537740, -47.086140,2026-05-08 17:24:00,NPP-375,LIZARDA,TOCANTINS,Brasil,1712405,17,33,,,,Cerrado,2.9
900ffe64-8863-3bfa-88ad-1a20da676ec5,  -5.784080, -45.134740,2026-05-08 17:24:00,NPP-375,BARRA DO CORDA,MARANHÃO,Brasil,2101608,21,33,,,,Cerrado,47.4
d6c4e544-e137-38da-9ad9-987896366e5a,  -8.696920, -49.092990,2026-05-08 17:24:00,NPP-375,GOIANORTE,TOCANTINS,Brasil,1708304,17,33,,,,Cerrado,6.7
513ce6ef-1132-31e0-9d41-692b71d14c3f, -11.295680, -54.026140,2026-05-08 17:24:00,NPP-375,UNIÃO DO SUL,MATO GROSSO,Brasil,5108303,51,33,,,,Amazônia,3.4
ccc3d061-2d08-37e4-bf70-86d5fb1f2278,  -9.301920, -48.586040,2026-05-08 17:24:00,NPP-375,RIO DOS BOIS,TOCANTINS,Brasil,1718709,17,33,,,,Cerrado,5.9
50d8ce6d-4dd8-3d8e-b75e-2914bcf90eef,  -7.460100, -43.286540,2026-05-08 17:24:00,NPP-375,ITAUEIRA,PIAUÍ,Brasil,2205102,22,33,,,,Cerrado,8.7
70e91ab1-ce52-3ca4-a8da-9d61684ad310,  -6.994070, -42.860570,2026-05-08 17:24:00,NPP-375,FLORIANO,PIAUÍ,Brasil,2203909,22,33,,,,Caatinga,5.1
4a948eb1-4fc1-3aa9-8d11-b73353383fe9,  -8.708460, -49.075260,2026-05-08 17:24:00,NPP-375,GOIANORTE,TOCANTINS,Brasil,1708304,17,33,,,,Cerrado,12.3
3ec3c314-125b-3c3b-8e5c-3bd0c2720822, -14.093560, -58.693350,2026-05-08 17:24:00,NPP-375,TANGARÁ DA SERRA,MATO GROSSO,Brasil,5107958,51,33,,,,Cerrado,33.7
ac1e0a59-1a72-3721-9906-72669be91780, -10.711990, -56.235040,2026-05-08 17:24:00,NPP-375,NOVA CANAÃ DO NORTE,MATO GROSSO,Brasil,5106216,51,33,,,,Amazônia,7.9
602b55da-a158-34de-970d-05e36ae74208, -10.847200, -49.551990,2026-05-08 17:24:00,NPP-375,SANTA RITA DO TOCANTINS,TOCANTINS,Brasil,1718899,17,33,,,,Cerrado,8.4
4e9ebb8b-6652-325a-90ab-60d3f22f06f4, -14.060610, -58.719490,2026-05-08 17:24:00,NPP-375,TANGARÁ DA SERRA,MATO GROSSO,Brasil,5107958,51,33,,,,Cerrado,4.0
ba8359eb-a004-3dde-b2ee-6ecea3a2516b,  -8.703730, -49.076170,2026-05-08 17:24:00,NPP-375,GOIANORTE,TOCANTINS,Brasil,1708304,17,33,,,,Cerrado,21.3
fe316592-f479-359a-85ba-dd4ee1783879,  -9.435050, -56.745380,2026-05-08 17:24:00,NPP-375,PARANAÍTA,MATO GROSSO,Brasil,5106299,51,33,,,,Amazônia,2.3
f1321ad4-49c7-3c66-bfa6-c12251228bb2,  -8.711970, -49.095370,2026-05-08 17:24:00,NPP-375,GOIANORTE,TOCANTINS,Brasil,1708304,17,33,,,,Cerrado,6.4
85599e37-4999-376a-9f7f-b06a15ae58b2, -11.801300, -56.991660,2026-05-08 17:24:00,NPP-375,PORTO DOS GAÚCHOS,MATO GROSSO,Brasil,5106802,51,33,,,,Amazônia,5.4
9edfd75c-a316-3937-b097-06cdea79f734, -13.154780, -56.814640,2026-05-08 17:24:00,NPP-375,SÃO JOSÉ DO RIO CLARO,MATO GROSSO,Brasil,5107305,51,33,,,,Amazônia,4.4
562d8bb7-121d-3da4-ad98-0960c4df1b23, -11.299120, -54.025580,2026-05-08 17:24:00,NPP-375,UNIÃO DO SUL,MATO GROSSO,Brasil,5108303,51,33,,,,Amazônia,3.4
fe33873c-aadc-37da-869b-dbbbed5dce1c,  -6.325860, -44.633680,2026-05-08 17:24:00,NPP-375,MIRADOR,MARANHÃO,Brasil,2106706,21,33,,,,Cerrado,52.7
1e027dc1-5ef0-3a11-afe5-823707741c20,  -7.490590, -49.282000,2026-05-08 17:24:00,NPP-375,PAU D'ARCO,TOCANTINS,Brasil,1716307,17,33,,,,Amazônia,6.6
1123d767-c7d7-35c0-bc60-79909da3bbfe,  -7.441670, -49.689390,2026-05-08 17:24:00,NPP-375,FLORESTA DO ARAGUAIA,PARÁ,Brasil,1503044,15,33,,,,Amazônia,5.1
1ff285e0-9471-3613-b411-415ba085299f, -10.724580, -47.272900,2026-05-08 17:24:00,NPP-375,PONTE ALTA DO TOCANTINS,TOCANTINS,Brasil,1717909,17,33,,,,Cerrado,2.5
2735e9a0-e5be-37df-8d8f-ed7cec3d4cfe, -12.999990, -54.676990,2026-05-08 17:24:00,NPP-375,NOVA UBIRATÃ,MATO GROSSO,Brasil,5106240,51,33,,,,Amazônia,12.5
5e833431-3795-3c62-920e-66e8469657db, -11.793380, -44.740110,2026-05-08 17:24:00,NPP-375,RIACHÃO DAS NEVES,BAHIA,Brasil,2926202,29,33,,,,Cerrado,3.1
a9215a0a-e7f2-3637-abcd-a0aedf1ce5fd, -10.371540, -49.920270,2026-05-08 17:24:00,NPP-375,PIUM,TOCANTINS,Brasil,1717503,17,33,,,,Cerrado,6.5
51ba32e9-70be-3a74-8779-74227d2b1bd5, -11.160480, -49.252320,2026-05-08 17:24:00,NPP-375,CRIXÁS DO TOCANTINS,TOCANTINS,Brasil,1706258,17,33,,,,Cerrado,15.8
268a5965-9985-35de-b397-24002dbb3a92, -11.881950, -49.693940,2026-05-08 17:24:00,NPP-375,FORMOSO DO ARAGUAIA,TOCANTINS,Brasil,1708205,17,33,,,,Cerrado,7.3
862679c1-2cd2-3b23-9a53-8e7ff09978a2,  -9.461240, -47.822980,2026-05-08 17:24:00,NPP-375,RIO SONO,TOCANTINS,Brasil,1718758,17,33,,,,Cerrado,7.1
e49adf5f-492c-3237-a9fa-b67585229995, -12.987170, -54.682770,2026-05-08 17:24:00,NPP-375,NOVA UBIRATÃ,MATO GROSSO,Brasil,5106240,51,33,,,,Amazônia,4.6
9ea0f590-d264-3541-8492-001101db1751,  -8.710210, -49.085330,2026-05-08 17:24:00,NPP-375,GOIANORTE,TOCANTINS,Brasil,1708304,17,33,,,,Cerrado,14.2
c020bcc3-704e-38e8-a1ce-12f4826667d8, -11.801840, -56.995290,2026-05-08 17:24:00,NPP-375,PORTO DOS GAÚCHOS,MATO GROSSO,Brasil,5106802,51,33,,,,Amazônia,5.4
9a647167-41fb-3962-8e02-faa2c27d3f31, -11.728010, -57.818360,2026-05-08 17:24:00,NPP-375,JUARA,MATO GROSSO,Brasil,5105101,51,33,,,,Amazônia,5.3
426ecc24-c19c-38ca-9284-a94df0bd3d2d,  -5.783150, -45.129710,2026-05-08 17:24:00,NPP-375,BARRA DO CORDA,MARANHÃO,Brasil,2101608,21,33,,,,Cerrado,47.4
409d964b-6e8d-3011-a2a1-dc569c41e802, -10.381120, -46.990530,2026-05-08 17:24:00,NPP-375,MATEIROS,TOCANTINS,Brasil,1712702,17,33,,,,Cerrado,1.5
ad003b8f-7c39-3612-8401-f141675809b5, -11.419610, -49.683370,2026-05-08 17:24:00,NPP-375,FORMOSO DO ARAGUAIA,TOCANTINS,Brasil,1708205,17,33,,,,Cerrado,4.2
a9b30edd-1e9d-3ba9-9527-03ab58c780ca,  -6.976760, -47.695060,2026-05-08 17:24:00,NPP-375,BABAÇULÂNDIA,TOCANTINS,Brasil,1703008,17,33,,,,Cerrado,1.6
4e727ad9-7ef8-3f3d-8fe8-0775741e67ae, -10.384390, -46.948810,2026-05-08 17:24:00,NPP-375,MATEIROS,TOCANTINS,Brasil,1712702,17,33,,,,Cerrado,3.2
2f12fbda-b055-3570-a837-89c3e86afd88, -11.422770, -47.086510,2026-05-08 17:24:00,NPP-375,ALMAS,TOCANTINS,Brasil,1700400,17,33,,,,Cerrado,5.1
3eddd2bd-3bd9-3c93-8720-534a29c402c4, -10.896200, -49.602280,2026-05-08 17:24:00,NPP-375,LAGOA DA CONFUSÃO,TOCANTINS,Brasil,1711902,17,33,,,,Cerrado,5.9
8326a7e9-7e5d-3713-8aab-7f61c190bfe5, -10.896760, -49.601530,2026-05-08 17:24:00,NPP-375,LAGOA DA CONFUSÃO,TOCANTINS,Brasil,1711902,17,33,,,,Cerrado,9.0
c0870b2c-c59a-34e6-87b5-d25e1b357ae9, -12.417150, -49.670330,2026-05-08 17:24:00,NPP-375,SANDOLÂNDIA,TOCANTINS,Brasil,1718840,17,33,,,,Cerrado,8.7
494c8c83-4377-3506-9552-6a017d16b105, -11.481640, -52.920730,2026-05-08 17:24:00,NPP-375,SÃO FÉLIX DO ARAGUAIA,MATO GROSSO,Brasil,5107859,51,33,,,,Amazônia,10.4
dc260948-5668-3e62-9856-a8046139e6e2,  -5.787530, -45.121700,2026-05-08 17:24:00,NPP-375,BARRA DO CORDA,MARANHÃO,Brasil,2101608,21,33,,,,Cerrado,42.8
f99eed0c-fdb5-312b-b775-59ca60a50a60,  -8.853810, -49.860140,2026-05-08 17:24:00,NPP-375,SANTA MARIA DAS BARREIRAS,PARÁ,Brasil,1506583,15,33,,,,Amazônia,7.2
b36f74c3-6d1c-30c7-99cd-dc607a57bfaa,  -9.530700, -47.286110,2026-05-08 17:24:00,NPP-375,RIO SONO,TOCANTINS,Brasil,1718758,17,33,,,,Cerrado,36.8
ad99e828-6afb-36c4-91ef-a9bcf8f32e6b, -11.423370, -47.089640,2026-05-08 17:24:00,NPP-375,ALMAS,TOCANTINS,Brasil,1700400,17,33,,,,Cerrado,5.1
348d1fc8-d28d-39c6-9401-47a84cf5f003, -11.026750, -47.427910,2026-05-08 17:24:00,NPP-375,PINDORAMA DO TOCANTINS,TOCANTINS,Brasil,1717008,17,33,,,,Cerrado,7.2
2d39fccb-6414-33ec-ab6e-50bc7282de34, -10.552010, -56.336290,2026-05-08 17:24:00,NPP-375,ALTA FLORESTA,MATO GROSSO,Brasil,5100250,51,33,,,,Amazônia,39.7
92283bbb-2494-388a-bfbc-b4e65f5fa04f, -10.543710, -49.874390,2026-05-08 17:24:00,NPP-375,PIUM,TOCANTINS,Brasil,1717503,17,33,,,,Cerrado,8.5
beeb2376-1873-3c56-b236-2291378c6d7f, -14.058740, -58.706310,2026-05-08 17:24:00,NPP-375,TANGARÁ DA SERRA,MATO GROSSO,Brasil,5107958,51,33,,,,Cerrado,3.1
8979975b-6988-3c3e-816e-6766c266e5f2, -14.094770, -58.702120,2026-05-08 17:24:00,NPP-375,TANGARÁ DA SERRA,MATO GROSSO,Brasil,5107958,51,33,,,,Cerrado,5.6
29f05b33-443c-3525-9e66-c10c48092628, -10.256420, -47.397270,2026-05-08 17:24:00,NPP-375,LAGOA DO TOCANTINS,TOCANTINS,Brasil,1711951,17,33,,,,Cerrado,7.3
ebf794bc-b14c-31ff-8686-e45f84b8224c,  -8.709340, -49.080310,2026-05-08 17:24:00,NPP-375,GOIANORTE,TOCANTINS,Brasil,1708304,17,33,,,,Cerrado,14.2
cb9edc03-144e-3c8b-aa23-e71dff2dc07a, -11.414530, -49.679940,2026-05-08 17:24:00,NPP-375,FORMOSO DO ARAGUAIA,TOCANTINS,Brasil,1708205,17,33,,,,Cerrado,4.2
af585081-8a3e-3cf0-80a1-3d9c54f8c653,  -9.407800, -50.676760,2026-05-08 17:24:00,NPP-375,SANTANA DO ARAGUAIA,PARÁ,Brasil,1506708,15,33,,,,Amazônia,15.2
c8a53076-4c9b-32f3-a87e-961dd8ecb0ce, -11.428920, -55.094860,2026-05-08 17:24:00,NPP-375,CLÁUDIA,MATO GROSSO,Brasil,5103056,51,33,,,,Amazônia,4.3
2a2ec7d2-68e6-3d73-bd6c-371ae5e3bc81, -12.535120, -58.354590,2026-05-08 17:24:00,NPP-375,BRASNORTE,MATO GROSSO,Brasil,5101902,51,33,,,,Cerrado,6.0
f898f850-81a0-3ef3-91f2-f9c3f23df4e5, -12.271070, -59.326920,2026-05-08 17:24:00,NPP-375,JUÍNA,MATO GROSSO,Brasil,5105150,51,33,,,,Cerrado,5.7
33f2e442-f488-3d69-b584-0aab596c4786, -11.825900, -47.336010,2026-05-08 17:24:00,NPP-375,ALMAS,TOCANTINS,Brasil,1700400,17,33,,,,Cerrado,5.2
d1921edd-7369-3051-a6e8-f91090cdacdb, -14.055070, -58.706870,2026-05-08 17:24:00,NPP-375,TANGARÁ DA SERRA,MATO GROSSO,Brasil,5107958,51,33,,,,Cerrado,3.6
622e3827-a609-3afd-88ca-f7b2fa9d3c7d,  -6.325730, -44.641330,2026-05-08 17:24:00,NPP-375,MIRADOR,MARANHÃO,Brasil,2106706,21,33,,,,Cerrado,8.2
0f2fbd6e-3e1b-3491-b6ae-45fdc94885d2,  -8.707240, -49.096240,2026-05-08 17:24:00,NPP-375,GOIANORTE,TOCANTINS,Brasil,1708304,17,33,,,,Cerrado,44.5
044f4539-1016-380f-8d54-8e03555f528d, -12.417860, -49.674420,2026-05-08 17:24:00,NPP-375,SANDOLÂNDIA,TOCANTINS,Brasil,1718840,17,33,,,,Cerrado,4.0
33120105-9068-331f-9215-3a42c1e3e34d,  -9.531310, -47.289360,2026-05-08 17:24:00,NPP-375,RIO SONO,TOCANTINS,Brasil,1718758,17,33,,,,Cerrado,36.8
359219b1-7689-36a7-a383-7ba2017930bc, -10.383430, -46.973380,2026-05-08 17:24:00,NPP-375,MATEIROS,TOCANTINS,Brasil,1712702,17,33,,,,Cerrado,2.9
45bff1a4-7543-35b4-80c3-59518a44894d, -10.578450, -46.284300,2026-05-08 17:24:00,NPP-375,MATEIROS,TOCANTINS,Brasil,1712702,17,33,,,,Cerrado,3.9
59570716-0f90-3d15-94dd-acb45c99f379, -10.548690, -56.336810,2026-05-08 17:24:00,NPP-375,ALTA FLORESTA,MATO GROSSO,Brasil,5100250,51,33,,,,Amazônia,38.6
0c90d3ee-95a7-33bb-ae30-a0752ed3f644, -10.924810, -49.786480,2026-05-08 17:24:00,NPP-375,LAGOA DA CONFUSÃO,TOCANTINS,Brasil,1711902,17,33,,,,Cerrado,11.1
ce5d3301-da2d-3aad-91af-dee7066ea7bd,  -7.905980, -50.369660,2026-05-08 17:24:00,NPP-375,REDENÇÃO,PARÁ,Brasil,1506138,15,33,,,,Amazônia,14.6
9336207a-c89e-3828-87b9-861513c31b28, -10.469330, -47.354000,2026-05-08 17:24:00,NPP-375,LAGOA DO TOCANTINS,TOCANTINS,Brasil,1711951,17,33,,,,Cerrado,2.5
673508c9-2212-326b-9a3d-6233a59a8db7, -10.897760, -49.610920,2026-05-08 17:24:00,NPP-375,LAGOA DA CONFUSÃO,TOCANTINS,Brasil,1711902,17,33,,,,Cerrado,4.8
989cef87-6e38-331a-925e-18b95c2f2e85, -10.251810, -47.401230,2026-05-08 17:24:00,NPP-375,LAGOA DO TOCANTINS,TOCANTINS,Brasil,1711951,17,33,,,,Cerrado,2.4
7e04dc36-04da-3942-b69f-ec6e468bfd76,  -7.340340, -50.823520,2026-05-08 17:24:00,NPP-375,BANNACH,PARÁ,Brasil,1501253,15,33,,,,Amazônia,7.3
868a162b-5fe6-3aad-a446-2f58e01838b6, -10.548060, -49.873630,2026-05-08 17:24:00,NPP-375,LAGOA DA CONFUSÃO,TOCANTINS,Brasil,1711902,17,33,,,,Cerrado,3.8
80ec8627-7f67-3a81-ba13-fd3b8c1c1d76, -10.556410, -56.342800,2026-05-08 17:24:00,NPP-375,ALTA FLORESTA,MATO GROSSO,Brasil,5100250,51,33,,,,Amazônia,10.7
0b736ad8-6cf3-3427-b0c9-93745d18a704,  -9.353750, -55.929310,2026-05-08 17:24:00,NPP-375,NOVO PROGRESSO,PARÁ,Brasil,1505031,15,33,,,,Amazônia,2.8
e86c06c9-bf11-34e9-ad90-9ad6af1da75c, -10.672420, -49.684880,2026-05-08 17:24:00,NPP-375,LAGOA DA CONFUSÃO,TOCANTINS,Brasil,1711902,17,33,,,,Cerrado,9.2
dfab9879-2b97-3a4b-a51d-424ad290014b, -14.056930, -58.720030,2026-05-08 17:24:00,NPP-375,TANGARÁ DA SERRA,MATO GROSSO,Brasil,5107958,51,33,,,,Cerrado,4.1
c7885242-04ca-3851-9cc7-8dfcb95bc1e2, -11.735470, -57.821120,2026-05-08 17:24:00,NPP-375,JUARA,MATO GROSSO,Brasil,5105101,51,33,,,,Amazônia,6.5
c7928373-8676-3c74-9455-01bc8852b444,  -9.456160, -47.823940,2026-05-08 17:24:00,NPP-375,RIO SONO,TOCANTINS,Brasil,1718758,17,33,,,,Cerrado,7.1
41cb96e2-ffc1-306f-87f3-4030f25a8ea2, -11.825350, -47.333060,2026-05-08 17:24:00,NPP-375,ALMAS,TOCANTINS,Brasil,1700400,17,33,,,,Cerrado,4.9
41d545e3-40d8-314c-82be-b5673e0e7218, -10.360210, -46.419590,2026-05-08 17:24:00,NPP-375,MATEIROS,TOCANTINS,Brasil,1712702,17,33,,,,Cerrado,6.2
1d620110-dcfb-39c5-97f7-a09720cfa477, -10.784280, -46.783210,2026-05-08 17:24:00,NPP-375,MATEIROS,TOCANTINS,Brasil,1712702,17,33,,,,Cerrado,4.6
75044fff-843e-39cc-8db5-0621570d0fc1, -11.418870, -49.679160,2026-05-08 17:24:00,NPP-375,FORMOSO DO ARAGUAIA,TOCANTINS,Brasil,1708205,17,33,,,,Cerrado,4.2
2a4069d9-0918-30ef-93d2-f0f7cf8f2f4f, -10.548150, -56.333300,2026-05-08 17:24:00,NPP-375,ALTA FLORESTA,MATO GROSSO,Brasil,5100250,51,33,,,,Amazônia,71.6
30d50c55-14e9-3877-8636-a3395d6ccc84,  -6.980320, -42.874280,2026-05-08 17:24:00,NPP-375,FLORIANO,PIAUÍ,Brasil,2203909,22,33,,,,Caatinga,7.0
9abf3b51-c195-36f2-a23a-07a190d0d623, -10.787700, -46.771900,2026-05-08 17:24:00,NPP-375,MATEIROS,TOCANTINS,Brasil,1712702,17,33,,,,Cerrado,5.1
93b5057a-e7ea-312e-ab60-e7969d472ce4, -12.990510, -54.682230,2026-05-08 17:24:00,NPP-375,NOVA UBIRATÃ,MATO GROSSO,Brasil,5106240,51,33,,,,Amazônia,4.6
d9ddcee2-8b67-3e95-bc22-2af4573c9696, -11.470210, -52.918400,2026-05-08 17:24:00,NPP-375,SÃO FÉLIX DO ARAGUAIA,MATO GROSSO,Brasil,5107859,51,33,,,,Amazônia,6.1
c9bd4a90-2aba-3c67-8d60-ab32d0bdabc4,  -2.171030, -53.619440,2026-05-08 17:26:00,NPP-375,PRAINHA,PARÁ,Brasil,1506005,15,33,,,,Amazônia,2.8
c9e65b1b-18b3-36ef-98e8-62d62a9e0bbe,  -1.748120, -55.468930,2026-05-08 17:26:00,NPP-375,ÓBIDOS,PARÁ,Brasil,1505106,15,33,,,,Amazônia,6.6
bc0da5a3-7e28-331a-8c70-d52fc799a46d,  -7.777160, -63.413700,2026-05-08 17:26:00,NPP-375,HUMAITÁ,AMAZONAS,Brasil,1301704,13,33,,,,Amazônia,8.3
d2305e33-8b61-39cb-bdf5-905061e954f8,  -1.689200, -53.381540,2026-05-08 17:26:00,NPP-375,PRAINHA,PARÁ,Brasil,1506005,15,33,,,,Amazônia,3.1
63c7ccbb-9948-3f20-9411-5a2617999f88,  -2.177720, -54.432220,2026-05-08 17:26:00,NPP-375,MONTE ALEGRE,PARÁ,Brasil,1504802,15,33,,,,Amazônia,7.9
9baa60a2-63d1-396d-af18-8e24add0fcd7,  -2.086210, -54.475220,2026-05-08 17:26:00,NPP-375,MONTE ALEGRE,PARÁ,Brasil,1504802,15,33,,,,Amazônia,29.5
dd6f24a3-e672-3dfa-8568-91f551190fb4,  -3.511830, -55.471630,2026-05-08 17:26:00,NPP-375,AVEIRO,PARÁ,Brasil,1501006,15,33,,,,Amazônia,41.0
d346eb1c-df31-3933-8e6f-4d71e060ec9a,  -2.084070, -54.476270,2026-05-08 17:26:00,NPP-375,MONTE ALEGRE,PARÁ,Brasil,1504802,15,33,,,,Amazônia,94.7
21c6d6e6-407b-3ad5-94b4-a148c27fc5d6,  -2.175640, -54.430930,2026-05-08 17:26:00,NPP-375,MONTE ALEGRE,PARÁ,Brasil,1504802,15,33,,,,Amazônia,6.0
8a6aa880-cbcb-3773-a0aa-1fa2639fb42f,  -1.973050, -54.442360,2026-05-08 17:26:00,NPP-375,MONTE ALEGRE,PARÁ,Brasil,1504802,15,33,,,,Amazônia,6.0
997acbf4-9e2c-3c17-bfb9-c34a8636c9c0,  -8.333890, -62.820960,2026-05-08 17:26:00,NPP-375,PORTO VELHO,RONDÔNIA,Brasil,1100205,11,33,,,,Amazônia,2.9
e60d279f-798a-3986-8683-edf44df64598,  -7.782320, -63.417640,2026-05-08 17:26:00,NPP-375,HUMAITÁ,AMAZONAS,Brasil,1301704,13,33,,,,Amazônia,8.9
c3307f76-2a3b-3c7d-a38d-6f5865533a01,  -7.776530, -63.409150,2026-05-08 17:26:00,NPP-375,HUMAITÁ,AMAZONAS,Brasil,1301704,13,33,,,,Amazônia,5.3
a890ae62-0f1d-3166-ac4c-6bbcd590094f,  -1.970460, -54.439250,2026-05-08 17:26:00,NPP-375,MONTE ALEGRE,PARÁ,Brasil,1504802,15,33,,,,Amazônia,4.8
4b60ba8c-123c-3601-8106-90ed23969275,  -5.739410, -47.330140,2026-05-08 17:26:00,NPP-375,GOVERNADOR EDISON LOBÃO,MARANHÃO,Brasil,2104552,21,33,,,,Cerrado,2.8
04c9ac30-760b-35f7-9130-b6e7725ef82f,  -2.082510, -54.475820,2026-05-08 17:26:00,NPP-375,MONTE ALEGRE,PARÁ,Brasil,1504802,15,33,,,,Amazônia,29.5
4cb1b149-00a9-3d2f-9f12-5d2279554458,  -2.083170, -54.480150,2026-05-08 17:26:00,NPP-375,MONTE ALEGRE,PARÁ,Brasil,1504802,15,33,,,,Amazônia,29.5
fb322948-bcea-3bef-a28a-4706a2d8b17f,  -2.170820, -53.616230,2026-05-08 17:26:00,NPP-375,PRAINHA,PARÁ,Brasil,1506005,15,33,,,,Amazônia,1.7
e48fab6a-263c-36e7-8ed1-a2568f0b59d7,   3.414940, -61.429420,2026-05-08 17:28:00,NPP-375,AMAJARI,RORAIMA,Brasil,1400027,14,33,,,,Amazônia,7.8
e845ea9f-58cc-3d57-b914-3d5e318bba9e,   3.420160, -61.418560,2026-05-08 17:28:00,NPP-375,AMAJARI,RORAIMA,Brasil,1400027,14,33,,,,Amazônia,2.8
1758e07b-3e60-3136-804c-331928db7738,   2.973690, -61.509930,2026-05-08 17:28:00,NPP-375,ALTO ALEGRE,RORAIMA,Brasil,1400050,14,33,,,,Amazônia,4.6
c24dec65-ef13-3214-af6b-d88808700196,   3.415520, -61.425620,2026-05-08 17:28:00,NPP-375,AMAJARI,RORAIMA,Brasil,1400027,14,33,,,,Amazônia,7.8
65ff67ab-3c3e-378c-b26c-9d12d9198cbd,   3.216250, -61.133700,2026-05-08 17:28:00,NPP-375,ALTO ALEGRE,RORAIMA,Brasil,1400050,14,33,,,,Amazônia,6.4
05f83031-54f0-3305-b3a3-1c5c17248911,   4.006490, -59.739240,2026-05-08 17:28:00,NPP-375,NORMANDIA,RORAIMA,Brasil,1400407,14,33,,,,Amazônia,3.8
a6d658ef-23c5-395b-8e31-205369340a9b,   1.781990, -61.223770,2026-05-08 17:28:00,NPP-375,CARACARAÍ,RORAIMA,Brasil,1400209,14,33,,,,Amazônia,3.9
fe080786-af90-351f-b288-32f9ad4a8632,   3.135490, -61.653180,2026-05-08 17:28:00,NPP-375,ALTO ALEGRE,RORAIMA,Brasil,1400050,14,33,,,,Amazônia,8.3
91fc38e8-db7a-3a5f-ab6e-3b0044dfec04,   2.421730, -61.678480,2026-05-08 17:28:00,NPP-375,IRACEMA,RORAIMA,Brasil,1400282,14,33,,,,Amazônia,4.6
cdfd22e0-7482-30b9-a147-cc608e7067cc,   3.220260, -61.130510,2026-05-08 17:28:00,NPP-375,ALTO ALEGRE,RORAIMA,Brasil,1400050,14,33,,,,Amazônia,7.1
28af3d26-b889-3cb0-b781-5b8e044bbdb4,   3.435500, -60.912110,2026-05-08 17:28:00,NPP-375,BOA VISTA,RORAIMA,Brasil,1400100,14,33,,,,Amazônia,15.6
17e98a50-5e5b-3edb-a82d-9fc0313b7826,   3.231710, -61.124650,2026-05-08 17:28:00,NPP-375,ALTO ALEGRE,RORAIMA,Brasil,1400050,14,33,,,,Amazônia,7.0
18fa8937-0ca2-3f53-b780-2d14c95afeb4,   3.419570, -61.422360,2026-05-08 17:28:00,NPP-375,AMAJARI,RORAIMA,Brasil,1400027,14,33,,,,Amazônia,2.8
0a69a227-975a-3fd0-ba54-6e6b744521f0, -13.188200, -52.692200,2026-05-08 17:30:00,GOES-19,CANARANA,MATO GROSSO,Brasil,5102702,51,33,,,,Amazônia,101.2
d14658b5-5d76-3baf-8bbe-022562229723, -19.960530, -50.157330,2026-05-08 17:39:00,NOAA-20,MIRA ESTRELA,SÃO PAULO,Brasil,3530003,35,33,,,,Mata Atlântica,51.4
c188f05c-8550-397f-8fe1-12a120d53f6c, -18.252400, -51.262690,2026-05-08 17:39:00,NOAA-20,APARECIDA DO RIO DOCE,GOIÁS,Brasil,5201454,52,33,,,,Cerrado,3.4
2c7df248-53c5-333b-991c-0368e016829a, -17.938680, -52.955070,2026-05-08 17:39:00,NOAA-20,MINEIROS,GOIÁS,Brasil,5213103,52,33,,,,Cerrado,10.0
2c91c600-9674-3451-a6b8-b0f833e2e308, -16.987330, -47.304530,2026-05-08 17:39:00,NOAA-20,CRISTALINA,GOIÁS,Brasil,5206206,52,33,,,,Cerrado,13.0
762c622b-fca3-30ab-abcb-cdef6939a6ea, -19.959030, -50.150300,2026-05-08 17:39:00,NOAA-20,MIRA ESTRELA,SÃO PAULO,Brasil,3530003,35,33,,,,Mata Atlântica,80.6
eb3ae438-ff9c-3726-aa12-afa899f129b6, -17.943300, -52.954160,2026-05-08 17:39:00,NOAA-20,MINEIROS,GOIÁS,Brasil,5213103,52,33,,,,Cerrado,6.8
d7ff495f-4deb-39a9-a07a-e44db0c8dc37, -19.959790, -50.153870,2026-05-08 17:39:00,NOAA-20,MIRA ESTRELA,SÃO PAULO,Brasil,3530003,35,33,,,,Mata Atlântica,80.6
441fa612-427d-3364-9dfe-9ae757eb0815, -18.498700, -51.687310,2026-05-08 17:39:00,NOAA-20,ITARUMÃ,GOIÁS,Brasil,5211305,52,33,,,,Cerrado,8.8
436748b6-95b1-37c4-aed7-eac341055be7, -22.021330, -48.418210,2026-05-08 17:39:00,NOAA-20,BOA ESPERANÇA DO SUL,SÃO PAULO,Brasil,3506706,35,33,,,,Cerrado,7.1
1910a773-4484-3f12-8d08-e382bfc930eb, -18.488740, -51.689220,2026-05-08 17:39:00,NOAA-20,SERRANÓPOLIS,GOIÁS,Brasil,5220504,52,33,,,,Cerrado,19.2
b6d4e886-2c16-364f-ab1b-6a027ecfeb72, -19.085020, -49.572670,2026-05-08 17:39:00,NOAA-20,ITUIUTABA,MINAS GERAIS,Brasil,3134202,31,33,,,,Cerrado,42.5
1a3e1c97-1607-3816-9d47-3ed58e427095, -19.091440, -49.575280,2026-05-08 17:39:00,NOAA-20,ITUIUTABA,MINAS GERAIS,Brasil,3134202,31,33,,,,Cerrado,49.8
03d354ba-19a5-36cf-9ba6-be7fc32926b9, -19.761320, -47.966810,2026-05-08 17:39:00,NOAA-20,UBERABA,MINAS GERAIS,Brasil,3170107,31,33,,,,Cerrado,4.3
6a62c1ec-7f63-3220-9f9f-53f71f2f7e48, -18.504930, -51.692490,2026-05-08 17:39:00,NOAA-20,ITARUMÃ,GOIÁS,Brasil,5211305,52,33,,,,Cerrado,3.1
c4ed5f91-f14d-3e5e-8fa0-4f00a3b6cf6d, -17.804800, -47.167310,2026-05-08 17:39:00,NOAA-20,GUARDA-MOR,MINAS GERAIS,Brasil,3128600,31,33,,,,Cerrado,7.0
223215e5-a4c5-32de-bf7a-f6a96542f0fa, -17.935010, -52.960950,2026-05-08 17:39:00,NOAA-20,MINEIROS,GOIÁS,Brasil,5213103,52,33,,,,Cerrado,10.0
0ccdda4e-e7ab-344d-947c-010a7f8c5b33, -16.991310, -47.306570,2026-05-08 17:39:00,NOAA-20,CRISTALINA,GOIÁS,Brasil,5206206,52,33,,,,Cerrado,31.0
ac305d7d-2fd7-35d5-82d2-a28c82f3b1c0, -21.615310, -48.851980,2026-05-08 17:39:00,NOAA-20,ITÁPOLIS,SÃO PAULO,Brasil,3522703,35,33,,,,Cerrado,10.4
9f7513c7-8963-3e6c-98cf-bc934c005945, -19.078640, -49.570210,2026-05-08 17:39:00,NOAA-20,ITUIUTABA,MINAS GERAIS,Brasil,3134202,31,33,,,,Cerrado,9.7
2eb63cd8-2753-3321-bd0a-1ecdc1f67f31, -21.640910, -47.950520,2026-05-08 17:39:00,NOAA-20,RINCÃO,SÃO PAULO,Brasil,3543709,35,33,,,,Cerrado,10.5
2dd8a588-d7a9-3df8-a292-7cc4e793237b, -17.807270, -47.166770,2026-05-08 17:39:00,NOAA-20,GUARDA-MOR,MINAS GERAIS,Brasil,3128600,31,33,,,,Cerrado,7.1
7ec99f41-958b-3409-adfd-2c678473675a, -19.965840, -50.156190,2026-05-08 17:39:00,NOAA-20,MIRA ESTRELA,SÃO PAULO,Brasil,3530003,35,33,,,,Mata Atlântica,51.4
fbf8e25e-ce34-3588-be09-fa31d79adaef, -22.015860, -48.428830,2026-05-08 17:39:00,NOAA-20,BOA ESPERANÇA DO SUL,SÃO PAULO,Brasil,3506706,35,33,,,,Cerrado,3.7
b53b72bd-689c-37ba-b653-0bcae55be32c, -17.530120, -53.693220,2026-05-08 17:39:00,NOAA-20,ALTO ARAGUAIA,MATO GROSSO,Brasil,5100300,51,33,,,,Cerrado,7.9
5aad0bed-6791-3c42-84bc-9b115770a678, -21.637130, -47.960890,2026-05-08 17:39:00,NOAA-20,RINCÃO,SÃO PAULO,Brasil,3543709,35,33,,,,Cerrado,70.0
6e161dc2-7fcc-35a2-bcb5-434dde5b0711, -17.866290, -49.377330,2026-05-08 17:39:00,NOAA-20,MORRINHOS,GOIÁS,Brasil,5213806,52,33,,,,Cerrado,10.0
2141b291-12fc-3da9-bf9b-b2336d3fc844, -17.953800, -51.207980,2026-05-08 17:39:00,NOAA-20,RIO VERDE,GOIÁS,Brasil,5218805,52,33,,,,Cerrado,1.6
806fbe9f-513d-304b-96b8-8e7b0530f6cb, -20.226840, -46.815790,2026-05-08 17:39:00,NOAA-20,DELFINÓPOLIS,MINAS GERAIS,Brasil,3121209,31,33,,,,Cerrado,7.8
6e96bf1d-fc90-36ff-9bef-0901b9c4ed32, -21.646760, -47.949120,2026-05-08 17:39:00,NOAA-20,RINCÃO,SÃO PAULO,Brasil,3543709,35,33,,,,Cerrado,10.5
578eebc9-c23d-3064-a9e1-225732b7c797, -16.993860, -47.302620,2026-05-08 17:39:00,NOAA-20,CRISTALINA,GOIÁS,Brasil,5206206,52,33,,,,Cerrado,13.0
512767e8-52c3-3cab-a2b0-18ea955d7680, -16.989870, -47.300300,2026-05-08 17:39:00,NOAA-20,CRISTALINA,GOIÁS,Brasil,5206206,52,33,,,,Cerrado,22.5
670f7316-ea22-3432-b8b2-6f7cfc0be8fb, -16.875960, -49.238170,2026-05-08 17:39:00,NOAA-20,HIDROLÂNDIA,GOIÁS,Brasil,5209705,52,33,,,,Cerrado,8.6
5709eb9f-6b65-3bec-8d70-8e3f4eb9d7ad, -18.927320, -53.219010,2026-05-08 17:39:00,NOAA-20,COSTA RICA,MATO GROSSO DO SUL,Brasil,5003256,50,33,,,,Cerrado,11.4
55b1bdc6-c14d-3906-8ce3-376eef614733, -20.226620, -46.817330,2026-05-08 17:39:00,NOAA-20,DELFINÓPOLIS,MINAS GERAIS,Brasil,3121209,31,33,,,,Cerrado,6.7
3a2b3f2b-c8e8-310d-97a6-12407785a4bc, -15.651340, -47.891720,2026-05-08 17:39:00,NOAA-20,BRASÍLIA,DISTRITO FEDERAL,Brasil,5300108,53,33,,,,Cerrado,5.6
855bc2c9-ac30-35c1-8d77-71b8df5e8d27, -19.964320, -50.149070,2026-05-08 17:39:00,NOAA-20,MIRA ESTRELA,SÃO PAULO,Brasil,3530003,35,33,,,,Mata Atlântica,80.6
b9708649-b26b-37dc-9e93-c6c725726dbb, -21.647800, -47.953650,2026-05-08 17:39:00,NOAA-20,RINCÃO,SÃO PAULO,Brasil,3543709,35,33,,,,Cerrado,10.5
6e44327f-94dc-3874-8aa2-ef2e4b7dac9f, -21.642990, -47.959540,2026-05-08 17:39:00,NOAA-20,RINCÃO,SÃO PAULO,Brasil,3543709,35,33,,,,Cerrado,97.3
34251221-eec4-37ba-a7c9-6531000c8e5e, -16.872960, -49.236850,2026-05-08 17:39:00,NOAA-20,HIDROLÂNDIA,GOIÁS,Brasil,5209705,52,33,,,,Cerrado,5.8
0c5d64a6-97d6-3888-b9bc-43fa544d1aed, -19.085870, -49.576630,2026-05-08 17:39:00,NOAA-20,ITUIUTABA,MINAS GERAIS,Brasil,3134202,31,33,,,,Cerrado,49.8
4c9d9787-d3c6-3a2c-bc0b-1c48fbe781db, -17.866100, -49.379430,2026-05-08 17:39:00,NOAA-20,MORRINHOS,GOIÁS,Brasil,5213806,52,33,,,,Cerrado,9.4
cd9d84ee-6eb0-3d68-877b-90e997701c67, -21.391680, -49.740000,2026-05-08 17:39:00,NOAA-20,PROMISSÃO,SÃO PAULO,Brasil,3541604,35,33,,,,Mata Atlântica,6.2
75ec1070-9bfc-30d6-a294-487c8bdfbb9f, -18.487530, -51.683270,2026-05-08 17:39:00,NOAA-20,ITARUMÃ,GOIÁS,Brasil,5211305,52,33,,,,Cerrado,19.2
85c65024-0cb7-3cb0-ac54-8983e40fcf96, -21.643970, -47.963810,2026-05-08 17:39:00,NOAA-20,RINCÃO,SÃO PAULO,Brasil,3543709,35,33,,,,Cerrado,97.3
05e24614-0d21-3b83-834e-4b2b9b27b6fc, -16.995270, -47.308940,2026-05-08 17:39:00,NOAA-20,CRISTALINA,GOIÁS,Brasil,5206206,52,33,,,,Cerrado,13.0
f3348ed6-78d8-3d75-bb8a-a0ba85577a45, -17.354480, -50.728140,2026-05-08 17:39:00,NOAA-20,RIO VERDE,GOIÁS,Brasil,5218805,52,33,,,,Cerrado,7.7
9815abdc-0d86-3af0-81fa-a6f27ef7db4a, -17.958920, -51.206700,2026-05-08 17:39:00,NOAA-20,RIO VERDE,GOIÁS,Brasil,5218805,52,33,,,,Cerrado,1.9
ec842d48-6bf1-3b7f-9b72-cffaafb64ce7, -21.638120, -47.965160,2026-05-08 17:39:00,NOAA-20,RINCÃO,SÃO PAULO,Brasil,3543709,35,33,,,,Cerrado,70.0
ce8abb09-08e6-3169-bdff-a1b19e38bd1e, -22.017610, -48.427890,2026-05-08 17:39:00,NOAA-20,BOA ESPERANÇA DO SUL,SÃO PAULO,Brasil,3506706,35,33,,,,Cerrado,4.7
387ca20b-398c-3a6a-b801-8a9fc5a39fce, -21.641970, -47.955120,2026-05-08 17:39:00,NOAA-20,RINCÃO,SÃO PAULO,Brasil,3543709,35,33,,,,Cerrado,10.5
22794dec-9404-3a1b-abc4-988de81d1b9e, -17.955800, -51.217670,2026-05-08 17:39:00,NOAA-20,RIO VERDE,GOIÁS,Brasil,5218805,52,33,,,,Cerrado,1.8
6d2cef88-c624-3a0b-b97d-5352f1f16596, -17.947930, -52.953240,2026-05-08 17:39:00,NOAA-20,MINEIROS,GOIÁS,Brasil,5213103,52,33,,,,Cerrado,6.8
79a6f27f-f4c6-350f-a69b-0f28132d8f0e, -13.188200, -52.692200,2026-05-08 17:40:00,GOES-19,CANARANA,MATO GROSSO,Brasil,5102702,51,33,,,,Amazônia,108.1
2cba73c4-117a-3da0-be8b-e1b3a9db242d,  -6.322500, -44.631300,2026-05-08 17:40:00,GOES-19,MIRADOR,MARANHÃO,Brasil,2106706,21,33,,,,Cerrado,144.4
d21672d7-5afd-3e39-a615-fbe1b5cb20bb, -12.995830, -54.678300,2026-05-08 17:41:00,NOAA-20,NOVA UBIRATÃ,MATO GROSSO,Brasil,5106240,51,33,,,,Amazônia,8.9
e96477a0-1683-3d03-b71f-3e9482d91101, -14.079040, -58.696670,2026-05-08 17:41:00,NOAA-20,TANGARÁ DA SERRA,MATO GROSSO,Brasil,5107958,51,33,,,,Cerrado,22.0
c38890dc-d0d2-3dbc-956e-fa25b2f9ec7b, -13.179940, -52.683690,2026-05-08 17:41:00,NOAA-20,CANARANA,MATO GROSSO,Brasil,5102702,51,33,,,,Amazônia,9.7
fbe0d8ca-c938-3d05-be24-2f99573b0d4a, -13.181780, -52.693310,2026-05-08 17:41:00,NOAA-20,CANARANA,MATO GROSSO,Brasil,5102702,51,33,,,,Amazônia,20.1
e3cea974-7b44-31a5-a78b-ed10930dc2cc, -10.550150, -56.335550,2026-05-08 17:41:00,NOAA-20,ALTA FLORESTA,MATO GROSSO,Brasil,5100250,51,33,,,,Amazônia,34.1
96b657b4-223f-3c18-9f81-8c537d60d7c1, -14.010850, -56.615280,2026-05-08 17:41:00,NOAA-20,DIAMANTINO,MATO GROSSO,Brasil,5103502,51,33,,,,Cerrado,41.8
62f49103-0598-3fcc-8b16-64efd80137a4, -14.086690, -58.696000,2026-05-08 17:41:00,NOAA-20,TANGARÁ DA SERRA,MATO GROSSO,Brasil,5107958,51,33,,,,Cerrado,28.2
6a0c51a4-fbda-3c93-ae27-48c661930b08, -10.554380, -56.334860,2026-05-08 17:41:00,NOAA-20,ALTA FLORESTA,MATO GROSSO,Brasil,5100250,51,33,,,,Amazônia,29.1
d480ebb6-d3c4-3341-8d57-a4a6f212a150, -14.183990, -54.437830,2026-05-08 17:41:00,NOAA-20,PARANATINGA,MATO GROSSO,Brasil,5106307,51,33,,,,Cerrado,6.2
81e02976-8891-3b41-b252-6776c4fdd0c2, -14.005650, -56.631950,2026-05-08 17:41:00,NOAA-20,DIAMANTINO,MATO GROSSO,Brasil,5103502,51,33,,,,Cerrado,33.3
6ed00268-fe63-34f4-8bd6-764ca8ca9821, -13.000340, -54.677410,2026-05-08 17:41:00,NOAA-20,NOVA UBIRATÃ,MATO GROSSO,Brasil,5106240,51,33,,,,Amazônia,22.8
7ffb1ca0-d335-3ab1-8ed5-da769ea9c38a, -14.108400, -58.696320,2026-05-08 17:41:00,NOAA-20,TANGARÁ DA SERRA,MATO GROSSO,Brasil,5107958,51,33,,,,Cerrado,45.4
cb357e53-1655-38b9-a1d6-d41a5fbbe658, -14.091540, -58.703450,2026-05-08 17:41:00,NOAA-20,TANGARÁ DA SERRA,MATO GROSSO,Brasil,5107958,51,33,,,,Cerrado,6.0
3cb4b6f3-4ef8-3a33-bb19-47a5feefcf50, -14.100720, -58.693510,2026-05-08 17:41:00,NOAA-20,TANGARÁ DA SERRA,MATO GROSSO,Brasil,5107958,51,33,,,,Cerrado,12.2
34216f5b-5dcb-354a-8fd0-134514fdbcf8, -13.188730, -52.701810,2026-05-08 17:41:00,NOAA-20,CANARANA,MATO GROSSO,Brasil,5102702,51,33,,,,Amazônia,11.3
b3c54f44-4a44-3426-9441-9a8688d38a5b, -11.804600, -56.989750,2026-05-08 17:41:00,NOAA-20,PORTO DOS GAÚCHOS,MATO GROSSO,Brasil,5106802,51,33,,,,Amazônia,7.6
4f61a77a-16ad-3138-ab2a-c6b687b61435, -14.199420, -57.422640,2026-05-08 17:41:00,NOAA-20,NOVA MARILÂNDIA,MATO GROSSO,Brasil,5108857,51,33,,,,Amazônia,12.6
449b6b81-76db-3fad-b2f9-4cf6594a7dfb,  -9.306730, -48.581440,2026-05-08 17:41:00,NOAA-20,RIO DOS BOIS,TOCANTINS,Brasil,1718709,17,33,,,,Cerrado,11.6
0197a10c-bda9-3bd1-bb9a-4dfce874f4c5, -14.095050, -58.702830,2026-05-08 17:41:00,NOAA-20,TANGARÁ DA SERRA,MATO GROSSO,Brasil,5107958,51,33,,,,Cerrado,6.0
7f459ae6-abed-305d-90a3-be6e0cfadb87, -14.004780, -56.626920,2026-05-08 17:41:00,NOAA-20,DIAMANTINO,MATO GROSSO,Brasil,5103502,51,33,,,,Cerrado,33.3
0dc3dd6a-6a1c-3a0a-8bef-b9dd0ed9fec4, -14.107060, -58.688230,2026-05-08 17:41:00,NOAA-20,TANGARÁ DA SERRA,MATO GROSSO,Brasil,5107958,51,33,,,,Cerrado,67.5
833a1427-7da7-31fa-b029-983e30507c95, -14.183110, -54.432960,2026-05-08 17:41:00,NOAA-20,PARANATINGA,MATO GROSSO,Brasil,5106307,51,33,,,,Cerrado,9.1
37e84d1c-348f-3dbe-98b6-f5da87ead8e8, -11.800630, -56.990430,2026-05-08 17:41:00,NOAA-20,PORTO DOS GAÚCHOS,MATO GROSSO,Brasil,5106802,51,33,,,,Amazônia,7.8
e75e3043-c2cf-38f7-b1fc-f701fe48797c, -11.731310, -57.820950,2026-05-08 17:41:00,NOAA-20,JUARA,MATO GROSSO,Brasil,5105101,51,33,,,,Amazônia,8.5
10dbd878-af09-3144-a8c6-1ae04120d22a, -16.169240, -58.486320,2026-05-08 17:41:00,NOAA-20,CÁCERES,MATO GROSSO,Brasil,5102504,51,33,,,,Pantanal,7.2
109c73fe-5316-324f-b20c-fc57a25a2f4e, -15.552690, -50.582200,2026-05-08 17:41:00,NOAA-20,MATRINCHÃ,GOIÁS,Brasil,5212956,52,33,,,,Cerrado,7.5
a1e0c372-c910-38aa-8e1d-18e5881632f0, -13.185060, -52.682610,2026-05-08 17:41:00,NOAA-20,CANARANA,MATO GROSSO,Brasil,5102702,51,33,,,,Amazônia,9.7
e2665dde-f72a-39db-ab0c-3827b9fe281e, -16.155360, -58.488740,2026-05-08 17:41:00,NOAA-20,CÁCERES,MATO GROSSO,Brasil,5102504,51,33,,,,Pantanal,14.9
beb5d592-b4c2-3b4c-bbd0-752e8d504321,  -9.310140, -48.583310,2026-05-08 17:41:00,NOAA-20,RIO DOS BOIS,TOCANTINS,Brasil,1718709,17,33,,,,Cerrado,5.4
a1d8ff79-b001-3432-8825-fe4fcb196cb4, -11.293430, -54.763210,2026-05-08 17:41:00,NOAA-20,CLÁUDIA,MATO GROSSO,Brasil,5103056,51,33,,,,Amazônia,22.7
377cf8f1-f2e2-3c5c-a549-b59902b9fee1, -13.681090, -52.927560,2026-05-08 17:41:00,NOAA-20,ÁGUA BOA,MATO GROSSO,Brasil,5100201,51,33,,,,Cerrado,9.3
21441723-af42-35ba-b410-174257b33276, -12.540590, -58.360170,2026-05-08 17:41:00,NOAA-20,BRASNORTE,MATO GROSSO,Brasil,5101902,51,33,,,,Cerrado,7.2
2aba0075-63d9-3c89-b00c-512f52a44d5e, -14.045890, -58.714710,2026-05-08 17:41:00,NOAA-20,TANGARÁ DA SERRA,MATO GROSSO,Brasil,5107958,51,33,,,,Cerrado,2.9
f1a556b6-c799-3701-a089-bacf10e0d833, -14.097210, -58.694140,2026-05-08 17:41:00,NOAA-20,TANGARÁ DA SERRA,MATO GROSSO,Brasil,5107958,51,33,,,,Cerrado,12.2
37fca791-aa20-3650-8777-b65de7f82009, -13.680530, -52.924640,2026-05-08 17:41:00,NOAA-20,ÁGUA BOA,MATO GROSSO,Brasil,5100201,51,33,,,,Cerrado,9.9
7e458dca-a40f-3a80-84df-d5207a7dc152, -14.288160, -59.171580,2026-05-08 17:41:00,NOAA-20,CAMPOS DE JÚLIO,MATO GROSSO,Brasil,5102686,51,33,,,,Cerrado,5.5
266259b1-acd1-3cca-8ae5-761f297a23bf, -14.107730, -58.692270,2026-05-08 17:41:00,NOAA-20,TANGARÁ DA SERRA,MATO GROSSO,Brasil,5107958,51,33,,,,Cerrado,45.4
575f8806-166c-3a16-85bd-dc2dc0b9d4e3, -14.102060, -58.701580,2026-05-08 17:41:00,NOAA-20,TANGARÁ DA SERRA,MATO GROSSO,Brasil,5107958,51,33,,,,Cerrado,2.2
d00706ac-87c9-3e59-801f-473a91e0cf09, -10.670450, -49.687690,2026-05-08 17:41:00,NOAA-20,LAGOA DA CONFUSÃO,TOCANTINS,Brasil,1711902,17,33,,,,Cerrado,14.0
a50ded86-0ff7-37b5-b023-3190325271e2, -16.151230, -58.485370,2026-05-08 17:41:00,NOAA-20,CÁCERES,MATO GROSSO,Brasil,5102504,51,33,,,,Pantanal,6.1
3c2fd416-2dfc-3e7d-96e5-30b9574391a2, -11.739650, -57.824380,2026-05-08 17:41:00,NOAA-20,JUARA,MATO GROSSO,Brasil,5105101,51,33,,,,Amazônia,7.3
c8411e9c-a1e3-356b-8446-d671d6c714a9, -13.154660, -56.811860,2026-05-08 17:41:00,NOAA-20,SÃO JOSÉ DO RIO CLARO,MATO GROSSO,Brasil,5107305,51,33,,,,Amazônia,9.2
a95c1d9b-e7e0-308f-a94a-be011055dfbf, -10.710750, -56.232910,2026-05-08 17:41:00,NOAA-20,NOVA CANAÃ DO NORTE,MATO GROSSO,Brasil,5106216,51,33,,,,Amazônia,2.6
97e7f3ad-13bc-3eb4-8983-132c85bce3ef, -15.227610, -50.856660,2026-05-08 17:41:00,NOAA-20,MATRINCHÃ,GOIÁS,Brasil,5212956,52,33,,,,Cerrado,14.1
846e49e4-1dff-3a59-bdd4-a2632f09b0e1, -14.082510, -58.692550,2026-05-08 17:41:00,NOAA-20,TANGARÁ DA SERRA,MATO GROSSO,Brasil,5107958,51,33,,,,Cerrado,8.9
86a4804a-7646-3cde-9ab7-f95b875cd83f, -14.221420, -54.743760,2026-05-08 17:41:00,NOAA-20,PARANATINGA,MATO GROSSO,Brasil,5106307,51,33,,,,Cerrado,9.4
d72c9dab-fc7a-3fb7-aee6-4be1bf112a51, -14.284710, -59.172150,2026-05-08 17:41:00,NOAA-20,CAMPOS DE JÚLIO,MATO GROSSO,Brasil,5102686,51,33,,,,Cerrado,5.5
1374cf7d-cab2-37dd-91cb-9159f726e3a4, -13.188130, -52.698650,2026-05-08 17:41:00,NOAA-20,CANARANA,MATO GROSSO,Brasil,5102702,51,33,,,,Amazônia,19.5
881bc42b-6e19-3278-a143-863992b9b51d, -14.095870, -58.686070,2026-05-08 17:41:00,NOAA-20,TANGARÁ DA SERRA,MATO GROSSO,Brasil,5107958,51,33,,,,Cerrado,71.1
3b659da0-5bf5-3d25-9a9a-a6c89ce4fe95, -13.182390, -52.696500,2026-05-08 17:41:00,NOAA-20,CANARANA,MATO GROSSO,Brasil,5102702,51,33,,,,Amazônia,19.5
584c80a8-b657-3705-bfb7-5c864b1d9fcb, -15.221250, -50.853810,2026-05-08 17:41:00,NOAA-20,MATRINCHÃ,GOIÁS,Brasil,5212956,52,33,,,,Cerrado,19.1
8df8b87f-440c-3a7b-a93e-eb139953fd2e, -11.297190, -54.757510,2026-05-08 17:41:00,NOAA-20,CLÁUDIA,MATO GROSSO,Brasil,5103056,51,33,,,,Amazônia,12.2
7ebf78aa-ae86-3f42-bbcf-ba5233561648, -11.738880, -57.819690,2026-05-08 17:41:00,NOAA-20,JUARA,MATO GROSSO,Brasil,5105101,51,33,,,,Amazônia,8.0
06108fcd-8e61-3969-95b9-29ba98379c6f, -12.536230, -58.356470,2026-05-08 17:41:00,NOAA-20,BRASNORTE,MATO GROSSO,Brasil,5101902,51,33,,,,Cerrado,6.4
76b11beb-f27e-340b-adc5-a5a0d918db53, -11.954840, -47.888010,2026-05-08 17:41:00,NOAA-20,SÃO VALÉRIO,TOCANTINS,Brasil,1720499,17,33,,,,Cerrado,9.1
28e87c00-8b84-3fba-b578-801fd3a9c103, -10.374320, -49.920930,2026-05-08 17:41:00,NOAA-20,PIUM,TOCANTINS,Brasil,1717503,17,33,,,,Cerrado,8.3
76e98db6-4870-33ae-9df9-c0464080db61, -14.081000, -58.708790,2026-05-08 17:41:00,NOAA-20,TANGARÁ DA SERRA,MATO GROSSO,Brasil,5107958,51,33,,,,Cerrado,4.0
8fd6c9b7-0fe5-374a-b895-bc56525d883b, -14.102890, -58.684810,2026-05-08 17:41:00,NOAA-20,TANGARÁ DA SERRA,MATO GROSSO,Brasil,5107958,51,33,,,,Cerrado,67.5
91d5706c-6c87-3cd8-9341-3670c2c0c827,  -9.407070, -50.671210,2026-05-08 17:41:00,NOAA-20,SANTANA DO ARAGUAIA,PARÁ,Brasil,1506708,15,33,,,,Amazônia,9.0
2d17d5dd-054f-3401-a138-5ab0eadabb26, -15.222030, -50.857690,2026-05-08 17:41:00,NOAA-20,MATRINCHÃ,GOIÁS,Brasil,5212956,52,33,,,,Cerrado,27.8
a2896dff-c442-3d4f-b1ed-b25fa9d0e6e4, -12.890760, -49.332440,2026-05-08 17:41:00,NOAA-20,ARAGUAÇU,TOCANTINS,Brasil,1702000,17,33,,,,Cerrado,4.9
ebab9b59-0b0a-36ba-a320-970cb05f686f, -10.676580, -49.684560,2026-05-08 17:41:00,NOAA-20,LAGOA DA CONFUSÃO,TOCANTINS,Brasil,1711902,17,33,,,,Cerrado,7.6
43fa687a-2a2d-37a8-bdd2-656bcba7fb6c, -12.541310, -58.364460,2026-05-08 17:41:00,NOAA-20,BRASNORTE,MATO GROSSO,Brasil,5101902,51,33,,,,Cerrado,7.2
581edb7d-15a5-3eed-ac5b-be3d51c9b331, -10.239360, -52.224630,2026-05-08 17:41:00,NOAA-20,SANTA CRUZ DO XINGU,MATO GROSSO,Brasil,5107743,51,33,,,,Amazônia,9.8
8db52546-8919-3a29-8d34-c61d0e950fab, -14.086060, -58.695460,2026-05-08 17:41:00,NOAA-20,TANGARÁ DA SERRA,MATO GROSSO,Brasil,5107958,51,33,,,,Cerrado,21.5
4ef1ea06-65d2-3942-a47b-9ef9861e1c1e, -14.084510, -58.708190,2026-05-08 17:41:00,NOAA-20,TANGARÁ DA SERRA,MATO GROSSO,Brasil,5107958,51,33,,,,Cerrado,16.7
57652931-8eb4-3803-8c99-696bfb704e93, -14.058620, -58.704240,2026-05-08 17:41:00,NOAA-20,TANGARÁ DA SERRA,MATO GROSSO,Brasil,5107958,51,33,,,,Cerrado,3.5
cd1b3799-296d-318a-994f-e232cabec282, -12.351750, -50.025030,2026-05-08 17:41:00,NOAA-20,SANDOLÂNDIA,TOCANTINS,Brasil,1718840,17,33,,,,Cerrado,15.2
9a6be33d-e1e0-3178-a03c-acdb0333aeb4, -15.226020, -50.848770,2026-05-08 17:41:00,NOAA-20,MATRINCHÃ,GOIÁS,Brasil,5212956,52,33,,,,Cerrado,30.4
760296e6-45f0-38b1-b442-ecf011d86dc8, -12.261100, -59.346150,2026-05-08 17:41:00,NOAA-20,JUÍNA,MATO GROSSO,Brasil,5105150,51,33,,,,Cerrado,2.3
f4c87ac0-d522-3a54-a4cc-09ebe5cf1ffb, -13.190790, -52.684710,2026-05-08 17:41:00,NOAA-20,CANARANA,MATO GROSSO,Brasil,5102702,51,33,,,,Amazônia,7.6
2a9046c6-9c06-34ef-a11f-ce12e4cc6312, -13.037110, -48.573790,2026-05-08 17:41:00,NOAA-20,JAÚ DO TOCANTINS,TOCANTINS,Brasil,1711506,17,33,,,,Cerrado,5.4
696c1628-a38f-313e-bcc0-c0efb710dc5f, -14.092210, -58.707470,2026-05-08 17:41:00,NOAA-20,TANGARÁ DA SERRA,MATO GROSSO,Brasil,5107958,51,33,,,,Cerrado,6.0
3583df35-f492-33ab-960d-dca169889470, -12.271840, -59.324220,2026-05-08 17:41:00,NOAA-20,JUÍNA,MATO GROSSO,Brasil,5105150,51,33,,,,Cerrado,5.8
4a2428bf-0bf7-3e51-b989-e6cbba6cf142, -14.065650, -58.703090,2026-05-08 17:41:00,NOAA-20,TANGARÁ DA SERRA,MATO GROSSO,Brasil,5107958,51,33,,,,Cerrado,3.5
c7c4218e-2bbe-351c-84c2-8f19f89d8efd, -10.096980, -52.184280,2026-05-08 17:41:00,NOAA-20,SANTA CRUZ DO XINGU,MATO GROSSO,Brasil,5107743,51,33,,,,Amazônia,8.2
d647f4d0-e85f-3d9c-8b3c-c5a32c377864, -14.104890, -58.696920,2026-05-08 17:41:00,NOAA-20,TANGARÁ DA SERRA,MATO GROSSO,Brasil,5107958,51,33,,,,Cerrado,45.4
574c723b-15da-3327-9e67-3ff0bdaa3d84, -14.086020, -58.691950,2026-05-08 17:41:00,NOAA-20,TANGARÁ DA SERRA,MATO GROSSO,Brasil,5107958,51,33,,,,Cerrado,8.9
ed121068-d615-3649-8b2f-32a2ebec390c, -10.094860, -52.184860,2026-05-08 17:41:00,NOAA-20,SANTA CRUZ DO XINGU,MATO GROSSO,Brasil,5107743,51,33,,,,Amazônia,7.4
57f14527-3f1f-3a83-9679-f07c947d0d84, -13.183000, -52.699650,2026-05-08 17:41:00,NOAA-20,CANARANA,MATO GROSSO,Brasil,5102702,51,33,,,,Amazônia,19.5
72fef4a5-fa67-34cf-9958-8ae2693b3fdb, -14.055760, -58.708860,2026-05-08 17:41:00,NOAA-20,TANGARÁ DA SERRA,MATO GROSSO,Brasil,5107958,51,33,,,,Cerrado,6.8
88a2c64c-20f9-31ba-b022-70ed578e68a8, -11.957810, -47.889940,2026-05-08 17:41:00,NOAA-20,SÃO VALÉRIO,TOCANTINS,Brasil,1720499,17,33,,,,Cerrado,5.6
52e0ef28-0651-3c6a-a3ac-31ab12a216c5, -11.161170, -49.249500,2026-05-08 17:41:00,NOAA-20,CRIXÁS DO TOCANTINS,TOCANTINS,Brasil,1706258,17,33,,,,Cerrado,9.0
87cb1cf5-09dc-3aa8-8f88-78a3b019bf82, -15.232370, -50.851530,2026-05-08 17:41:00,NOAA-20,MATRINCHÃ,GOIÁS,Brasil,5212956,52,33,,,,Cerrado,30.4
20abd994-3f66-399a-b8a1-c6b4cc79aff2, -15.231570, -50.847560,2026-05-08 17:41:00,NOAA-20,MATRINCHÃ,GOIÁS,Brasil,5212956,52,33,,,,Cerrado,30.4
0a172a75-6a76-3898-9715-c51fabe7c2a8, -14.025110, -56.790130,2026-05-08 17:41:00,NOAA-20,DIAMANTINO,MATO GROSSO,Brasil,5103502,51,33,,,,Cerrado,7.9
9670ca51-60c3-3a96-8777-ddc8dd0aa5a6, -12.885190, -49.329690,2026-05-08 17:41:00,NOAA-20,ARAGUAÇU,TOCANTINS,Brasil,1702000,17,33,,,,Cerrado,12.2
2f73ded9-c060-356b-ad3e-d3690a83ec45, -14.006530, -56.636960,2026-05-08 17:41:00,NOAA-20,DIAMANTINO,MATO GROSSO,Brasil,5103502,51,33,,,,Cerrado,27.0
53df7a35-9154-3a09-8e41-e6384bd4d855, -14.098550, -58.702200,2026-05-08 17:41:00,NOAA-20,TANGARÁ DA SERRA,MATO GROSSO,Brasil,5107958,51,33,,,,Cerrado,2.2
64a6521b-4e0e-30ad-b552-32f21a995148, -15.442680, -56.323310,2026-05-08 17:41:00,NOAA-20,VÁRZEA GRANDE,MATO GROSSO,Brasil,5108402,51,33,,,,Cerrado,6.0
7cca94eb-dcef-3340-9fec-53ab2482ad26, -11.071410, -52.470640,2026-05-08 17:41:00,NOAA-20,SÃO JOSÉ DO XINGU,MATO GROSSO,Brasil,5107354,51,33,,,,Amazônia,3.9
809b5429-41de-331a-863c-ffbfe067afca, -11.159560, -49.252470,2026-05-08 17:41:00,NOAA-20,CRIXÁS DO TOCANTINS,TOCANTINS,Brasil,1706258,17,33,,,,Cerrado,7.5
699d1761-b4f3-3e9c-a35f-ecfcbeddad3d, -14.075530, -58.697270,2026-05-08 17:41:00,NOAA-20,TANGARÁ DA SERRA,MATO GROSSO,Brasil,5107958,51,33,,,,Cerrado,22.0
f43f6634-4923-3c99-a2de-2e0295d0a3e2, -14.052250, -58.709450,2026-05-08 17:41:00,NOAA-20,TANGARÁ DA SERRA,MATO GROSSO,Brasil,5107958,51,33,,,,Cerrado,6.1
b050606b-7d22-34cb-b9ea-4a1ee63cbae5, -12.884400, -49.333730,2026-05-08 17:41:00,NOAA-20,ARAGUAÇU,TOCANTINS,Brasil,1702000,17,33,,,,Cerrado,20.5
25bf3658-5fc2-370d-a439-998a6f7a0f43, -12.352720, -50.029850,2026-05-08 17:41:00,NOAA-20,SANDOLÂNDIA,TOCANTINS,Brasil,1718840,17,33,,,,Cerrado,14.4
4a7e4667-056a-362a-8260-759eb71f4a7a, -14.109900, -58.683580,2026-05-08 17:41:00,NOAA-20,TANGARÁ DA SERRA,MATO GROSSO,Brasil,5107958,51,33,,,,Cerrado,3.5
3d3d2b77-3dc0-3ea2-86f7-936bc50d027b, -14.007810, -56.621110,2026-05-08 17:41:00,NOAA-20,DIAMANTINO,MATO GROSSO,Brasil,5103502,51,33,,,,Cerrado,41.8
cabae9ff-4c71-343e-9209-3da6059fd581, -14.061240, -58.720340,2026-05-08 17:41:00,NOAA-20,TANGARÁ DA SERRA,MATO GROSSO,Brasil,5107958,51,33,,,,Cerrado,3.4
ebe0f0c1-cbc6-3f3b-a7f2-7efecee99d05, -14.009560, -56.631190,2026-05-08 17:41:00,NOAA-20,DIAMANTINO,MATO GROSSO,Brasil,5103502,51,33,,,,Cerrado,152.4
ca673ea9-801c-3d13-b35a-da763e765fad, -16.154700, -58.484760,2026-05-08 17:41:00,NOAA-20,CÁCERES,MATO GROSSO,Brasil,5102504,51,33,,,,Pantanal,6.1
5ba08d91-d297-3bd6-809f-c44bfb539817, -10.324940, -52.045930,2026-05-08 17:41:00,NOAA-20,CONFRESA,MATO GROSSO,Brasil,5103353,51,33,,,,Amazônia,4.9
a7c1440c-4f56-3467-bcca-71893b9ce652, -13.179320, -52.680440,2026-05-08 17:41:00,NOAA-20,CANARANA,MATO GROSSO,Brasil,5102702,51,33,,,,Amazônia,8.3
09edf024-712a-38bb-b55e-7fb41a10aef4, -14.104220, -58.692880,2026-05-08 17:41:00,NOAA-20,TANGARÁ DA SERRA,MATO GROSSO,Brasil,5107958,51,33,,,,Cerrado,45.4
abaf0996-bcf8-3201-8036-ffb6c01ae8fd, -14.057730, -58.720940,2026-05-08 17:41:00,NOAA-20,TANGARÁ DA SERRA,MATO GROSSO,Brasil,5107958,51,33,,,,Cerrado,3.4
b995d09c-3fda-33ee-9fb7-58c1d7dd45bc, -14.093040, -58.690720,2026-05-08 17:41:00,NOAA-20,TANGARÁ DA SERRA,MATO GROSSO,Brasil,5107958,51,33,,,,Cerrado,13.2
f1154fb1-0349-3f44-9bfa-4f9edbe9eace, -13.190180, -52.681480,2026-05-08 17:41:00,NOAA-20,CANARANA,MATO GROSSO,Brasil,5102702,51,33,,,,Amazônia,7.6
1774f652-f403-34ff-aeb7-5649278f4a51, -10.850080, -49.952300,2026-05-08 17:41:00,NOAA-20,LAGOA DA CONFUSÃO,TOCANTINS,Brasil,1711902,17,33,,,,Cerrado,5.8
70eaaaf6-b9dd-3631-afc3-daac0411fb98, -13.675510, -52.925560,2026-05-08 17:41:00,NOAA-20,ÁGUA BOA,MATO GROSSO,Brasil,5100201,51,33,,,,Cerrado,5.0
48860422-22fa-3edc-a1ef-f6651714f2d7, -14.088020, -58.707580,2026-05-08 17:41:00,NOAA-20,TANGARÁ DA SERRA,MATO GROSSO,Brasil,5107958,51,33,,,,Cerrado,16.7
1eba0f9e-0f76-3d80-9a4e-b73453c5d8f1, -10.676930, -49.686450,2026-05-08 17:41:00,NOAA-20,LAGOA DA CONFUSÃO,TOCANTINS,Brasil,1711902,17,33,,,,Cerrado,9.3
fd617ae7-199d-3f52-a913-e6dbf5081a5a, -11.292560, -54.758370,2026-05-08 17:41:00,NOAA-20,CLÁUDIA,MATO GROSSO,Brasil,5103056,51,33,,,,Amazônia,28.2
7231830d-c374-3128-b30c-6504245c32c5, -15.226820, -50.852740,2026-05-08 17:41:00,NOAA-20,MATRINCHÃ,GOIÁS,Brasil,5212956,52,33,,,,Cerrado,30.4
0bf86c93-979c-30fd-8e29-f0e91232d057, -10.559310, -56.338160,2026-05-08 17:41:00,NOAA-20,ALTA FLORESTA,MATO GROSSO,Brasil,5100250,51,33,,,,Amazônia,50.2
7a1637d1-d9ff-3e75-a08a-a271ac73941b, -14.002610, -56.637690,2026-05-08 17:41:00,NOAA-20,DIAMANTINO,MATO GROSSO,Brasil,5103502,51,33,,,,Cerrado,27.0
37b70a7b-e97d-39ac-97da-622302f70f0e, -12.886300, -49.334960,2026-05-08 17:41:00,NOAA-20,ARAGUAÇU,TOCANTINS,Brasil,1702000,17,33,,,,Cerrado,12.2
acf939a2-90f1-3081-ae9f-1010587143b0, -12.547810, -54.604010,2026-05-08 17:41:00,NOAA-20,NOVA UBIRATÃ,MATO GROSSO,Brasil,5106240,51,33,,,,Amazônia,21.6
6638a419-1db8-3bc7-b87c-a6936d40f54d, -14.085200, -58.708710,2026-05-08 17:41:00,NOAA-20,TANGARÁ DA SERRA,MATO GROSSO,Brasil,5107958,51,33,,,,Cerrado,19.9
4363f273-0810-3100-b5a5-883a4215431a, -11.645730, -58.256990,2026-05-08 17:41:00,NOAA-20,BRASNORTE,MATO GROSSO,Brasil,5101902,51,33,,,,Amazônia,3.9
f7787301-bf61-3267-8108-8215452a8d06, -10.545220, -56.332240,2026-05-08 17:41:00,NOAA-20,ALTA FLORESTA,MATO GROSSO,Brasil,5100250,51,33,,,,Amazônia,34.1
48ef0db1-ccb0-312d-b0b8-c119b6e286df, -12.537670, -58.365070,2026-05-08 17:41:00,NOAA-20,BRASNORTE,MATO GROSSO,Brasil,5101902,51,33,,,,Cerrado,6.9
e75381d6-53ff-398d-a0d0-b0f53ccc5065,  -9.395570, -48.419150,2026-05-08 17:41:00,NOAA-20,MIRACEMA DO TOCANTINS,TOCANTINS,Brasil,1713205,17,33,,,,Cerrado,17.6
c981d47e-8520-3a69-bde1-846cb90d9824, -14.011730, -56.620360,2026-05-08 17:41:00,NOAA-20,DIAMANTINO,MATO GROSSO,Brasil,5103502,51,33,,,,Cerrado,41.8
0d40a2e1-0ceb-322d-bfaf-10531a061136, -14.200650, -57.423770,2026-05-08 17:41:00,NOAA-20,NOVA MARILÂNDIA,MATO GROSSO,Brasil,5108857,51,33,,,,Amazônia,8.0
3b86f5e2-eed6-3496-a1ab-7cab026f8331, -10.545920, -56.336240,2026-05-08 17:41:00,NOAA-20,ALTA FLORESTA,MATO GROSSO,Brasil,5100250,51,33,,,,Amazônia,34.1
afae17ef-e279-3bd8-96fe-ced070e0bf04, -14.225810, -54.742880,2026-05-08 17:41:00,NOAA-20,PARANATINGA,MATO GROSSO,Brasil,5106307,51,33,,,,Cerrado,31.0
2a83fd9b-b563-33ea-b45d-2b63660b9169, -14.101390, -58.697550,2026-05-08 17:41:00,NOAA-20,TANGARÁ DA SERRA,MATO GROSSO,Brasil,5107958,51,33,,,,Cerrado,12.2
8a42e95a-7673-31cb-8b26-620823650b59, -14.096540, -58.690110,2026-05-08 17:41:00,NOAA-20,TANGARÁ DA SERRA,MATO GROSSO,Brasil,5107958,51,33,,,,Cerrado,71.1
686c496c-3208-3e61-8ff5-a902e832f7a0, -14.082550, -58.696060,2026-05-08 17:41:00,NOAA-20,TANGARÁ DA SERRA,MATO GROSSO,Brasil,5107958,51,33,,,,Cerrado,21.5
7d027e82-f921-352b-8bc5-0cbc72f7cfe7, -14.088710, -58.708090,2026-05-08 17:41:00,NOAA-20,TANGARÁ DA SERRA,MATO GROSSO,Brasil,5107958,51,33,,,,Cerrado,19.9
34113ece-698a-3376-96bd-f5004b48f6ea, -14.231000, -54.746380,2026-05-08 17:41:00,NOAA-20,PARANATINGA,MATO GROSSO,Brasil,5106307,51,33,,,,Cerrado,53.3
e55b2a95-6b10-37d1-8086-5b8e090aed04, -14.089530, -58.691350,2026-05-08 17:41:00,NOAA-20,TANGARÁ DA SERRA,MATO GROSSO,Brasil,5107958,51,33,,,,Cerrado,13.2
f217e46d-5639-3bc7-8553-130d4fbca163, -10.555790, -56.342870,2026-05-08 17:41:00,NOAA-20,ALTA FLORESTA,MATO GROSSO,Brasil,5100250,51,33,,,,Amazônia,50.2
720316ba-f6aa-3c49-b5f2-e49c2db5f097, -10.375380, -49.926300,2026-05-08 17:41:00,NOAA-20,PIUM,TOCANTINS,Brasil,1717503,17,33,,,,Cerrado,8.3
8afa623d-e766-3f72-98bc-f1318d5b287a, -14.321860, -57.732740,2026-05-08 17:41:00,NOAA-20,TANGARÁ DA SERRA,MATO GROSSO,Brasil,5107958,51,33,,,,Amazônia,5.3
59d73a1a-bed6-3a2c-8fab-879ddf33ab1e, -14.069160, -58.702500,2026-05-08 17:41:00,NOAA-20,TANGARÁ DA SERRA,MATO GROSSO,Brasil,5107958,51,33,,,,Cerrado,4.8
fa32a11c-e463-3807-86e8-713b12ba18fd, -14.199850, -57.419120,2026-05-08 17:41:00,NOAA-20,NOVA MARILÂNDIA,MATO GROSSO,Brasil,5108857,51,33,,,,Amazônia,4.7
d7107f5c-f912-3f5b-9952-306eef6ea3d6, -14.196130, -57.419850,2026-05-08 17:41:00,NOAA-20,NOVA MARILÂNDIA,MATO GROSSO,Brasil,5108857,51,33,,,,Amazônia,2.8
9f437893-16be-3fc4-a839-262a585f9e8c, -12.548690, -54.608820,2026-05-08 17:41:00,NOAA-20,NOVA UBIRATÃ,MATO GROSSO,Brasil,5106240,51,33,,,,Amazônia,21.6
35a2a2f1-bc8b-3aec-9f08-a41b4725e3d3, -10.714990, -56.232190,2026-05-08 17:41:00,NOAA-20,NOVA CANAÃ DO NORTE,MATO GROSSO,Brasil,5106216,51,33,,,,Amazônia,15.7
6655c7cc-8445-3843-9a62-835a9399fd9e,  -9.391980, -48.419730,2026-05-08 17:41:00,NOAA-20,MIRACEMA DO TOCANTINS,TOCANTINS,Brasil,1713205,17,33,,,,Cerrado,13.6
5307f156-0725-345b-9dab-cb09e7ad7f3c, -12.417570, -49.671840,2026-05-08 17:41:00,NOAA-20,SANDOLÂNDIA,TOCANTINS,Brasil,1718840,17,33,,,,Cerrado,13.0
db4ada83-fd04-35ec-b3b2-66185a9f7b49,  -9.468340, -50.888280,2026-05-08 17:41:00,NOAA-20,SANTANA DO ARAGUAIA,PARÁ,Brasil,1506708,15,33,,,,Amazônia,12.0
3259e420-ddda-367c-9dee-44517ad2fcdd, -14.217020, -54.744640,2026-05-08 17:41:00,NOAA-20,PARANATINGA,MATO GROSSO,Brasil,5106307,51,33,,,,Cerrado,9.4
e613ef72-31ce-31aa-bf58-f47249a0341c, -14.062130, -58.703670,2026-05-08 17:41:00,NOAA-20,TANGARÁ DA SERRA,MATO GROSSO,Brasil,5107958,51,33,,,,Cerrado,3.5
70da2239-9a62-35ec-90a0-c2f0f9b6cd0b,  -9.409610, -50.673030,2026-05-08 17:43:00,NOAA-20,SANTANA DO ARAGUAIA,PARÁ,Brasil,1506708,15,33,,,,Amazônia,10.3
e377b8d4-1c54-3dce-8c03-7703676ef4bc,  -7.779970, -63.416040,2026-05-08 17:43:00,NOAA-20,HUMAITÁ,AMAZONAS,Brasil,1301704,13,33,,,,Amazônia,5.1
c65ce859-eb43-3312-84e3-ffd4df134fd6,  -7.779440, -63.412540,2026-05-08 17:43:00,NOAA-20,HUMAITÁ,AMAZONAS,Brasil,1301704,13,33,,,,Amazônia,5.1
d8955908-38f8-33aa-bb04-b5e6baf7d11d,  -7.776120, -63.413050,2026-05-08 17:43:00,NOAA-20,HUMAITÁ,AMAZONAS,Brasil,1301704,13,33,,,,Amazônia,5.1
841b520f-6f96-38dd-9975-97b01a555387,  -8.707470, -49.075330,2026-05-08 17:43:00,NOAA-20,GOIANORTE,TOCANTINS,Brasil,1708304,17,33,,,,Cerrado,13.1
f81d76d0-30c8-3333-bb8f-c4f1e34cfa24,  -8.876970, -50.052380,2026-05-08 17:43:00,NOAA-20,SANTA MARIA DAS BARREIRAS,PARÁ,Brasil,1506583,15,33,,,,Amazônia,3.9
3c4d40ea-e141-39ce-a456-583f31f075f4,  -7.782760, -63.412040,2026-05-08 17:43:00,NOAA-20,HUMAITÁ,AMAZONAS,Brasil,1301704,13,33,,,,Amazônia,5.7
905613be-a8bf-3908-b0af-42c55a7d2224,  -7.775600, -63.409560,2026-05-08 17:43:00,NOAA-20,HUMAITÁ,AMAZONAS,Brasil,1301704,13,33,,,,Amazônia,3.4
63d78f3a-5500-30e6-9e21-b0202e28b83f,  -8.704350, -49.095990,2026-05-08 17:43:00,NOAA-20,GOIANORTE,TOCANTINS,Brasil,1708304,17,33,,,,Cerrado,13.0
efcc2664-7cbe-32cd-8e5c-fe7e931fe019,  -8.696210, -49.091080,2026-05-08 17:43:00,NOAA-20,GOIANORTE,TOCANTINS,Brasil,1708304,17,33,,,,Cerrado,13.0
dee33aec-cdcf-36cd-843c-6dfd1581c704,  -8.715600, -49.080210,2026-05-08 17:43:00,NOAA-20,GOIANORTE,TOCANTINS,Brasil,1708304,17,33,,,,Cerrado,13.1
cc485b6f-4deb-37f9-8878-628ace749a42,  -7.906810, -50.372680,2026-05-08 17:43:00,NOAA-20,REDENÇÃO,PARÁ,Brasil,1506138,15,33,,,,Amazônia,11.9
0ed2999d-6d12-3983-a353-63ae20cace7c,  -9.284120, -64.546920,2026-05-08 17:43:00,NOAA-20,PORTO VELHO,RONDÔNIA,Brasil,1100205,11,33,,,,Amazônia,1.9
acae72b6-db52-3bb2-884a-ccda2e90b70a,  -9.249840, -60.332500,2026-05-08 17:43:00,NOAA-20,COLNIZA,MATO GROSSO,Brasil,5103254,51,33,,,,Amazônia,6.0
69a47b24-81a7-37a9-96c3-8ff8f1f30383,  -7.783280, -63.415530,2026-05-08 17:43:00,NOAA-20,HUMAITÁ,AMAZONAS,Brasil,1301704,13,33,,,,Amazônia,5.7
20d4cce2-01a7-3325-a552-e6f3745974a0,  -7.786600, -63.415030,2026-05-08 17:43:00,NOAA-20,HUMAITÁ,AMAZONAS,Brasil,1301704,13,33,,,,Amazônia,5.7
ce138b71-275b-3157-bafa-898404c5b39d,  -8.711220, -49.094510,2026-05-08 17:43:00,NOAA-20,GOIANORTE,TOCANTINS,Brasil,1708304,17,33,,,,Cerrado,22.7
ce19c6ec-37dc-3ad8-a5a6-b486003d8043,  -8.692350, -49.071440,2026-05-08 17:43:00,NOAA-20,GOIANORTE,TOCANTINS,Brasil,1708304,17,33,,,,Cerrado,14.4
1025e8a3-1e8c-3054-b226-f066640cc1dc,  -8.709980, -49.088150,2026-05-08 17:43:00,NOAA-20,GOIANORTE,TOCANTINS,Brasil,1708304,17,33,,,,Cerrado,22.7
f1c45d37-7c9d-3b03-a196-9a113d861602,  -8.705590, -49.102340,2026-05-08 17:43:00,NOAA-20,GOIANORTE,TOCANTINS,Brasil,1708304,17,33,,,,Cerrado,11.2
cbd3bd06-74a3-396c-8b45-65474cfc1217, -10.857090, -68.611520,2026-05-08 17:43:00,NOAA-20,EPITACIOLÂNDIA,ACRE,Brasil,1200252,12,33,,,,Amazônia,16.0
731f7858-8d17-3d62-98c6-fb0f77af6b83,  -9.170870, -56.901350,2026-05-08 17:43:00,NOAA-20,JACAREACANGA,PARÁ,Brasil,1503754,15,33,,,,Amazônia,3.8
8dc89234-f3a2-3e95-8850-400828517149,  -7.778910, -63.409050,2026-05-08 17:43:00,NOAA-20,HUMAITÁ,AMAZONAS,Brasil,1301704,13,33,,,,Amazônia,3.4
f79cbf65-75b9-38c6-a39d-3e633cd840cb,  -9.439870, -56.745280,2026-05-08 17:43:00,NOAA-20,PARANAÍTA,MATO GROSSO,Brasil,5106299,51,33,,,,Amazônia,6.8
674804a6-d1d7-3f72-83a9-50af50e8541f,   3.352510, -61.273020,2026-05-08 17:45:00,NOAA-20,ALTO ALEGRE,RORAIMA,Brasil,1400050,14,33,,,,Amazônia,10.8
d5754977-8cee-33ef-a576-39d404b71458,   2.465580, -61.684540,2026-05-08 17:45:00,NOAA-20,MUCAJAÍ,RORAIMA,Brasil,1400308,14,33,,,,Amazônia,8.6
022c3dc6-1f73-37c4-9ab7-4b633c327453,   3.411160, -61.425590,2026-05-08 17:45:00,NOAA-20,AMAJARI,RORAIMA,Brasil,1400027,14,33,,,,Amazônia,4.6
1aebe0ac-e8a6-3172-9230-31c2910c8e0f,   4.034500, -60.172940,2026-05-08 17:45:00,NOAA-20,NORMANDIA,RORAIMA,Brasil,1400407,14,33,,,,Amazônia,2.5
54c4c0bb-f5e6-3d1b-a39d-d2f85a63e768,   3.414260, -61.430680,2026-05-08 17:45:00,NOAA-20,AMAJARI,RORAIMA,Brasil,1400027,14,33,,,,Amazônia,5.1
78cc067d-0811-3029-ac16-72bd446a9147,  -1.748870, -55.466620,2026-05-08 17:45:00,NOAA-20,ÓBIDOS,PARÁ,Brasil,1505106,15,33,,,,Amazônia,2.6
dfe6fa50-b669-3e9f-8669-ede106392642,  -1.704650, -55.327890,2026-05-08 17:45:00,NOAA-20,ÓBIDOS,PARÁ,Brasil,1505106,15,33,,,,Amazônia,1.9
dc5fad1b-01ff-35ee-b23a-21ec8ad3206e,   3.210810, -61.136740,2026-05-08 17:45:00,NOAA-20,ALTO ALEGRE,RORAIMA,Brasil,1400050,14,33,,,,Amazônia,12.0
fb6e2665-4764-3062-adf9-885249a4ab72,   3.348720, -61.272450,2026-05-08 17:45:00,NOAA-20,ALTO ALEGRE,RORAIMA,Brasil,1400050,14,33,,,,Amazônia,4.5
dceda2f5-5294-31e3-9a01-8ce0a004e5d5,  -1.810820, -55.285550,2026-05-08 17:45:00,NOAA-20,ÓBIDOS,PARÁ,Brasil,1505106,15,33,,,,Amazônia,5.9
802aa6d6-658e-3449-aa05-7bb071dd0f4e,  -1.953150, -55.234850,2026-05-08 17:45:00,NOAA-20,ÓBIDOS,PARÁ,Brasil,1505106,15,33,,,,Amazônia,4.5
01f3329c-9b60-37a2-b1ac-2f5547576529,  -1.890080, -55.343530,2026-05-08 17:45:00,NOAA-20,ÓBIDOS,PARÁ,Brasil,1505106,15,33,,,,Amazônia,4.3
46fc7c54-f920-3ec9-8483-9e9808e3a94d,   4.042850, -60.173240,2026-05-08 17:45:00,NOAA-20,NORMANDIA,RORAIMA,Brasil,1400407,14,33,,,,Amazônia,8.1
cd72025b-1a84-3a42-abd3-e74e2aa773f4,  -1.810650, -55.284480,2026-05-08 17:45:00,NOAA-20,ÓBIDOS,PARÁ,Brasil,1505106,15,33,,,,Amazônia,7.2
af4be42f-464a-3436-9721-2e3dfe4c1f7b,   3.419360, -61.422170,2026-05-08 17:45:00,NOAA-20,AMAJARI,RORAIMA,Brasil,1400027,14,33,,,,Amazônia,15.9
efea6ac6-2d9f-3cb1-bc22-31aa811b08dd,   3.216050, -61.127950,2026-05-08 17:45:00,NOAA-20,ALTO ALEGRE,RORAIMA,Brasil,1400050,14,33,,,,Amazônia,5.1
09211278-e778-33a0-95f2-94d971a65236,   3.413790, -60.913160,2026-05-08 17:45:00,NOAA-20,BOA VISTA,RORAIMA,Brasil,1400100,14,33,,,,Amazônia,5.4
5f4433cb-e2ee-3d10-ae59-0b0f948b3c42,   4.202820, -61.433040,2026-05-08 17:45:00,NOAA-20,AMAJARI,RORAIMA,Brasil,1400027,14,33,,,,Amazônia,4.2
d7ae7e15-03b3-353e-808e-80d9da22efe2, -11.949800, -43.378100,2026-05-08 17:50:00,GOES-19,MUQUÉM DO SÃO FRANCISCO,BAHIA,Brasil,2922250,29,33,,,,Cerrado,210.2
13e48388-e39e-350c-9709-afbbd9aa43ee, -13.992400, -56.643700,2026-05-08 17:50:00,GOES-19,DIAMANTINO,MATO GROSSO,Brasil,5103502,51,33,,,,Cerrado,113.8
e52452da-4526-36ec-895b-a804dca0cad8, -13.188200, -52.692200,2026-05-08 17:50:00,GOES-19,CANARANA,MATO GROSSO,Brasil,5102702,51,33,,,,Amazônia,80.5
5d4e8dbf-b40f-32bf-aa3e-20de1d1d18c9, -14.011800, -56.621500,2026-05-08 17:50:00,GOES-19,DIAMANTINO,MATO GROSSO,Brasil,5103502,51,33,,,,Cerrado,255.8
d64f2d30-0756-3596-821a-71d25bdc7e0f,  -6.322500, -44.631300,2026-05-08 17:50:00,GOES-19,MIRADOR,MARANHÃO,Brasil,2106706,21,33,,,,Cerrado,124.4
06c6a252-81fc-3576-b5f1-d6edb7231458, -14.011500, -56.641800,2026-05-08 17:50:00,GOES-19,DIAMANTINO,MATO GROSSO,Brasil,5103502,51,33,,,,Cerrado,162.9
302d185a-5a6c-366c-b595-4e11f1b7a056, -18.490900, -51.691700,2026-05-08 18:00:00,GOES-19,ITARUMÃ,GOIÁS,Brasil,5211305,52,33,,,,Cerrado,114.4
61f37dc0-9805-3428-b77e-35cc4f111b8e, -14.011800, -56.621500,2026-05-08 18:00:00,GOES-19,DIAMANTINO,MATO GROSSO,Brasil,5103502,51,33,,,,Cerrado,211.4
631e9e68-7783-30d9-9587-df6ac77622da,  -6.322500, -44.631300,2026-05-08 18:00:00,GOES-19,MIRADOR,MARANHÃO,Brasil,2106706,21,33,,,,Cerrado,107.2
1bbd339e-831b-3ef4-95a8-62ca41be1459, -13.188200, -52.692200,2026-05-08 18:00:00,GOES-19,CANARANA,MATO GROSSO,Brasil,5102702,51,33,,,,Amazônia,71.9
0927a0f3-0605-3556-b0d9-ef461660e4f3, -20.389030, -41.302280,2026-05-08 18:09:00,AQUA_M-T,CONCEIÇÃO DO CASTELO,ESPÍRITO SANTO,Brasil,3201704,32,33,,,,Mata Atlântica,6.2
2f1d71d4-bf70-36f9-9519-28ae094a927c, -20.387610, -41.291410,2026-05-08 18:09:00,AQUA_M-T,CONCEIÇÃO DO CASTELO,ESPÍRITO SANTO,Brasil,3201704,32,33,,,,Mata Atlântica,6.5
b6ca3e97-8087-32bf-9da0-d37bd6a623b6, -20.787700, -42.837570,2026-05-08 18:09:00,AQUA_M-T,VIÇOSA,MINAS GERAIS,Brasil,3171303,31,33,,,,Mata Atlântica,9.7
28b2f080-b783-3f37-896e-ce1d601f78a8, -20.382220, -41.298710,2026-05-08 18:09:00,AQUA_M-T,CONCEIÇÃO DO CASTELO,ESPÍRITO SANTO,Brasil,3201704,32,33,,,,Mata Atlântica,12.4
456e3b1d-0d93-39f8-9776-080c6ed770de,  -6.322500, -44.631300,2026-05-08 18:10:00,GOES-19,MIRADOR,MARANHÃO,Brasil,2106706,21,33,,,,Cerrado,98.6
7a9b6676-a1c0-3fe7-b501-1e4cdf61b6ed, -14.011800, -56.621500,2026-05-08 18:10:00,GOES-19,DIAMANTINO,MATO GROSSO,Brasil,5103502,51,33,,,,Cerrado,143.4
f40c6db1-692f-36cd-8d68-0f34fb7aa2ca, -13.188200, -52.692200,2026-05-08 18:10:00,GOES-19,CANARANA,MATO GROSSO,Brasil,5102702,51,33,,,,Amazônia,93.3
a63f78ad-f220-36e9-91cc-865fa9d2e6d8,  -5.793900, -45.126700,2026-05-08 18:10:00,GOES-19,BARRA DO CORDA,MARANHÃO,Brasil,2101608,21,33,,,,Cerrado,196.7
21268eb8-f8c5-3eed-95a6-b4f550d0c6a6,  -5.793700, -45.149300,2026-05-08 18:10:00,GOES-19,BARRA DO CORDA,MARANHÃO,Brasil,2101608,21,33,,,,Cerrado,102.1
3ba3efa1-dcb0-3eb9-96db-0c76d1ef089d, -18.892690, -40.453770,2026-05-08 18:11:00,AQUA_M-T,SÃO GABRIEL DA PALHA,ESPÍRITO SANTO,Brasil,3204708,32,33,,,,Mata Atlântica,7.6
5b73bb84-3123-330e-9621-15ac2845c65b, -18.894030, -40.463400,2026-05-08 18:11:00,AQUA_M-T,SÃO GABRIEL DA PALHA,ESPÍRITO SANTO,Brasil,3204708,32,33,,,,Mata Atlântica,6.9
fc9f9abf-cc57-367b-ba98-050b57ecead6, -13.549850, -49.913420,2026-05-08 18:11:00,AQUA_M-T,BONÓPOLIS,GOIÁS,Brasil,5203575,52,33,,,,Cerrado,73.5
d28fa1ea-6233-382e-a771-3774d18d93c5, -14.140300, -45.399810,2026-05-08 18:11:00,AQUA_M-T,JABORANDI,BAHIA,Brasil,2917359,29,33,,,,Cerrado,34.9
3a3e199e-a244-3072-bca0-d80f2dcac73e, -15.828690, -42.011670,2026-05-08 18:11:00,AQUA_M-T,TAIOBEIRAS,MINAS GERAIS,Brasil,3168002,31,33,,,,Mata Atlântica,10.2
7fa1aef7-e716-357c-af15-1fb1af315e73, -14.369140, -41.587300,2026-05-08 18:11:00,AQUA_M-T,BRUMADO,BAHIA,Brasil,2904605,29,33,,,,Caatinga,31.4
6e5748d2-fae9-321f-a17a-ea08d8e1c1d1, -13.787960, -44.084010,2026-05-08 18:11:00,AQUA_M-T,CORIBE,BAHIA,Brasil,2909109,29,33,,,,Cerrado,8.3
bc485499-c986-375a-b32f-67929be7c700, -13.331930, -39.983920,2026-05-08 18:11:00,AQUA_M-T,JAGUAQUARA,BAHIA,Brasil,2917607,29,33,,,,Mata Atlântica,3.2
2a8deec0-eb29-3d21-aee4-d6837e9cdfb9, -14.686050, -46.156520,2026-05-08 18:11:00,AQUA_M-T,SÍTIO D'ABADIA,GOIÁS,Brasil,5220702,52,33,,,,Cerrado,25.9
d2c6f1e7-58db-32be-8384-28e398064887, -19.520840, -40.262570,2026-05-08 18:11:00,AQUA_M-T,LINHARES,ESPÍRITO SANTO,Brasil,3203205,32,33,,,,Mata Atlântica,6.2
b9994871-6e87-334e-acd1-4a2383e6950e, -16.406410, -40.554140,2026-05-08 18:11:00,AQUA_M-T,RUBIM,MINAS GERAIS,Brasil,3156601,31,33,,,,Mata Atlântica,5.8
7efd2b3b-e3e0-3df7-87fa-da77c2a35ef6, -12.346000, -40.426050,2026-05-08 18:11:00,AQUA_M-T,ITABERABA,BAHIA,Brasil,2914703,29,33,,,,Caatinga,8.4
6cf662fa-5456-3152-af78-7bca9b3c46e2, -15.183520, -41.805870,2026-05-08 18:11:00,AQUA_M-T,SÃO JOÃO DO PARAÍSO,MINAS GERAIS,Brasil,3162708,31,33,,,,Mata Atlântica,7.9
05a0188b-aa9e-3e4f-837d-d914bdab79eb, -15.928100, -43.736160,2026-05-08 18:11:00,AQUA_M-T,SÃO JOÃO DA PONTE,MINAS GERAIS,Brasil,3162401,31,33,,,,Cerrado,22.2
1dcc958b-749c-37ed-b453-1c7c6e96d8d2, -19.445020, -40.513700,2026-05-08 18:11:00,AQUA_M-T,MARILÂNDIA,ESPÍRITO SANTO,Brasil,3203353,32,33,,,,Mata Atlântica,5.0
c84b2bec-3a61-305b-b8a1-b3215dc440f3, -14.878360, -46.851220,2026-05-08 18:11:00,AQUA_M-T,FLORES DE GOIÁS,GOIÁS,Brasil,5207907,52,33,,,,Cerrado,21.0
63a285dd-fc03-3c90-988e-827353b1dcab, -12.354780, -40.424680,2026-05-08 18:11:00,AQUA_M-T,ITABERABA,BAHIA,Brasil,2914703,29,33,,,,Caatinga,26.1
b3fa7386-ad39-3563-a186-e60572ce506b, -19.122410, -44.792550,2026-05-08 18:11:00,AQUA_M-T,POMPÉU,MINAS GERAIS,Brasil,3152006,31,33,,,,Cerrado,13.5
26c7e6f9-7fc8-3300-8288-9f4c7e36fae1, -16.354240, -43.882010,2026-05-08 18:11:00,AQUA_M-T,MONTES CLAROS,MINAS GERAIS,Brasil,3143302,31,33,,,,Cerrado,18.5
0a33301a-1cfb-3250-86fb-19b5b42cc827, -14.367810, -41.577900,2026-05-08 18:11:00,AQUA_M-T,BRUMADO,BAHIA,Brasil,2904605,29,33,,,,Caatinga,12.9
3919a7d0-247f-36fa-bc26-9d126b3192a6, -14.875890, -46.830450,2026-05-08 18:11:00,AQUA_M-T,FLORES DE GOIÁS,GOIÁS,Brasil,5207907,52,33,,,,Cerrado,16.4
1f170fa8-c925-3cba-b318-9280b974181d, -12.495030, -45.439180,2026-05-08 18:11:00,AQUA_M-T,SÃO DESIDÉRIO,BAHIA,Brasil,2928901,29,33,,,,Cerrado,32.1
e02fd41c-a15f-361f-9fd6-63205622acce, -12.781030, -46.991470,2026-05-08 18:11:00,AQUA_M-T,ARRAIAS,TOCANTINS,Brasil,1702406,17,33,,,,Cerrado,50.9
8b09a6d0-8bb1-3bfb-bf78-70c1bda96203, -14.689860, -46.150790,2026-05-08 18:11:00,AQUA_M-T,SÍTIO D'ABADIA,GOIÁS,Brasil,5220702,52,33,,,,Cerrado,19.3
c039c52f-7c25-3cf7-b24c-f9278e512840, -13.776670, -42.223880,2026-05-08 18:11:00,AQUA_M-T,LIVRAMENTO DE NOSSA SENHORA,BAHIA,Brasil,2919504,29,33,,,,Caatinga,6.6
2977a8b4-4310-3296-a425-ee819485f90d, -15.827300, -42.001520,2026-05-08 18:11:00,AQUA_M-T,TAIOBEIRAS,MINAS GERAIS,Brasil,3168002,31,33,,,,Mata Atlântica,22.6
61507918-472d-3cec-9fe6-4de6251427c5, -16.028550, -40.349990,2026-05-08 18:11:00,AQUA_M-T,JACINTO,MINAS GERAIS,Brasil,3134707,31,33,,,,Mata Atlântica,3.6
982dcd4d-0260-32a9-8c24-91945c32934d, -12.778520, -46.970970,2026-05-08 18:11:00,AQUA_M-T,ARRAIAS,TOCANTINS,Brasil,1702406,17,33,,,,Cerrado,15.8
fdc64c75-fca6-3c3c-8066-c18a77acf5c8, -15.925430, -43.729850,2026-05-08 18:11:00,AQUA_M-T,SÃO JOÃO DA PONTE,MINAS GERAIS,Brasil,3162401,31,33,,,,Cerrado,24.8
3dc922f1-6f16-3019-967b-5a5a9eb22eb8, -16.998870, -47.319090,2026-05-08 18:11:00,AQUA_M-T,CRISTALINA,GOIÁS,Brasil,5206206,52,33,,,,Cerrado,19.2
c36d2afc-2355-3d8e-b809-e45f25bb864c, -12.780620, -46.997400,2026-05-08 18:11:00,AQUA_M-T,ARRAIAS,TOCANTINS,Brasil,1702406,17,33,,,,Cerrado,32.9
dba50ede-f29f-3f66-b12f-77ddc75416a4, -12.777860, -46.976260,2026-05-08 18:11:00,AQUA_M-T,ARRAIAS,TOCANTINS,Brasil,1702406,17,33,,,,Cerrado,33.4
2db96858-bfa7-36ed-b1f1-e232b9305e2e, -13.542730, -49.907380,2026-05-08 18:11:00,AQUA_M-T,BONÓPOLIS,GOIÁS,Brasil,5203575,52,33,,,,Cerrado,69.4
c8fbdcda-3674-33f5-9594-d4c2826058e5, -19.559830, -45.415700,2026-05-08 18:11:00,AQUA_M-T,DORES DO INDAIÁ,MINAS GERAIS,Brasil,3123205,31,33,,,,Cerrado,12.7
c5a94942-aa3d-31b2-bc50-6af6318a421d, -14.138360, -45.384340,2026-05-08 18:11:00,AQUA_M-T,JABORANDI,BAHIA,Brasil,2917359,29,33,,,,Cerrado,37.1
8b6b295a-a180-331c-9213-2e4f7da2cd27,  -8.715780, -49.096090,2026-05-08 18:13:00,AQUA_M-T,GOIANORTE,TOCANTINS,Brasil,1708304,17,33,,,,Cerrado,51.0
094b5d14-7dec-3a56-b553-8f928cd2f71d,  -9.396840, -48.430420,2026-05-08 18:13:00,AQUA_M-T,MIRACEMA DO TOCANTINS,TOCANTINS,Brasil,1713205,17,33,,,,Cerrado,39.8
2800e0bc-a222-3455-947c-df291bfa680a, -11.992840, -47.372430,2026-05-08 18:13:00,AQUA_M-T,CONCEIÇÃO DO TOCANTINS,TOCANTINS,Brasil,1705607,17,33,,,,Cerrado,26.2
38a01edb-3966-3be6-a9e3-f30b576eb094,  -9.454360, -46.137100,2026-05-08 18:13:00,AQUA_M-T,ALTO PARNAÍBA,MARANHÃO,Brasil,2100501,21,33,,,,Cerrado,17.6
9841d533-05f8-3a49-8088-e91e4ecbdbc5, -11.787950, -47.089570,2026-05-08 18:13:00,AQUA_M-T,DIANÓPOLIS,TOCANTINS,Brasil,1707009,17,33,,,,Cerrado,44.6
de938056-4ec1-3737-b9f8-c60af693a4b7, -12.072110, -45.293960,2026-05-08 18:13:00,AQUA_M-T,BARREIRAS,BAHIA,Brasil,2903201,29,33,,,,Cerrado,16.4
4ee2f351-ce24-34de-8c6a-e5758c6e3af5, -11.944300, -43.375060,2026-05-08 18:13:00,AQUA_M-T,MUQUÉM DO SÃO FRANCISCO,BAHIA,Brasil,2922250,29,33,,,,Cerrado,249.6
d04a2a41-183a-38e0-9ddc-fb1b6468eb7c,  -8.812820, -49.357000,2026-05-08 18:13:00,AQUA_M-T,ARAGUACEMA,TOCANTINS,Brasil,1701903,17,33,,,,Cerrado,26.6
07cd5cc3-9f61-3bdd-9ca1-c054b04a27af, -11.781110, -43.672330,2026-05-08 18:13:00,AQUA_M-T,BARRA,BAHIA,Brasil,2902708,29,33,,,,Cerrado,10.6
a9c0c926-1715-311d-862b-92e3dd31df6c,  -5.790690, -45.145420,2026-05-08 18:13:00,AQUA_M-T,BARRA DO CORDA,MARANHÃO,Brasil,2101608,21,33,,,,Cerrado,38.3
38646cf8-8f56-388f-a724-39ca0febc563, -10.602640, -46.481570,2026-05-08 18:13:00,AQUA_M-T,MATEIROS,TOCANTINS,Brasil,1712702,17,33,,,,Cerrado,6.7
8bf5e515-db48-336a-aecc-21f03d295897,  -9.884570, -44.692980,2026-05-08 18:13:00,AQUA_M-T,RIACHO FRIO,PIAUÍ,Brasil,2208858,22,33,,,,Cerrado,9.8
8846f005-c88c-323a-a704-ceeb3513080d,  -5.787480, -45.123190,2026-05-08 18:13:00,AQUA_M-T,BARRA DO CORDA,MARANHÃO,Brasil,2101608,21,33,,,,Cerrado,87.6
33ee7fc6-e036-3b9a-8321-496787e27507, -11.945770, -43.385780,2026-05-08 18:13:00,AQUA_M-T,MUQUÉM DO SÃO FRANCISCO,BAHIA,Brasil,2922250,29,33,,,,Cerrado,290.1
9840c5a9-44b9-3f16-8be6-bf73c26db27c, -11.775800, -43.656730,2026-05-08 18:13:00,AQUA_M-T,BARRA,BAHIA,Brasil,2902708,29,33,,,,Cerrado,10.6
0fb29af3-33ad-3a76-b13a-fe5a67a17891, -11.785850, -47.096840,2026-05-08 18:13:00,AQUA_M-T,DIANÓPOLIS,TOCANTINS,Brasil,1707009,17,33,,,,Cerrado,58.9
1da4c818-f612-3bd7-8823-5181c7f6783d,  -9.082880, -47.446700,2026-05-08 18:13:00,AQUA_M-T,CENTENÁRIO,TOCANTINS,Brasil,1704105,17,33,,,,Cerrado,18.3
0f017795-86a2-3139-b801-690c88769ea8,  -8.816120, -49.382710,2026-05-08 18:13:00,AQUA_M-T,ARAGUACEMA,TOCANTINS,Brasil,1701903,17,33,,,,Cerrado,18.3
c374db81-1376-3d68-8965-09c662dc767f, -11.416430, -44.683030,2026-05-08 18:13:00,AQUA_M-T,COTEGIPE,BAHIA,Brasil,2909406,29,33,,,,Cerrado,12.9
f7aa1464-32b2-3c49-bfe0-92249de8def6,  -9.452450, -46.122610,2026-05-08 18:13:00,AQUA_M-T,ALTO PARNAÍBA,MARANHÃO,Brasil,2100501,21,33,,,,Cerrado,16.4
38009ade-2c1a-3520-b546-4fa70913042a,  -8.731410, -48.339590,2026-05-08 18:13:00,AQUA_M-T,GUARAÍ,TOCANTINS,Brasil,1709302,17,33,,,,Cerrado,17.5
6d499209-1ea6-3b13-b14d-604194898041,  -8.399100, -46.235930,2026-05-08 18:13:00,AQUA_M-T,BALSAS,MARANHÃO,Brasil,2101400,21,33,,,,Cerrado,16.1
647831a7-65cd-3ee6-b565-64e721cc925a,  -9.525280, -47.295010,2026-05-08 18:13:00,AQUA_M-T,RIO SONO,TOCANTINS,Brasil,1718758,17,33,,,,Cerrado,10.6
573cd5fa-da21-3e54-a93d-87f20da77f05, -11.993120, -47.379330,2026-05-08 18:13:00,AQUA_M-T,CONCEIÇÃO DO TOCANTINS,TOCANTINS,Brasil,1705607,17,33,,,,Cerrado,19.9
065c79e7-fb7f-39ab-8795-5823b2b704f3, -11.790360, -47.108890,2026-05-08 18:13:00,AQUA_M-T,DIANÓPOLIS,TOCANTINS,Brasil,1707009,17,33,,,,Cerrado,23.8
4be74cc2-ee9d-3e39-8ce6-7a1f4e04f85f,  -6.323930, -44.631570,2026-05-08 18:13:00,AQUA_M-T,MIRADOR,MARANHÃO,Brasil,2106706,21,33,,,,Cerrado,26.7
a8cd4d20-dcdd-3478-b93f-71a1dbf11fbf,  -7.227460, -42.200120,2026-05-08 18:13:00,AQUA_M-T,COLÔNIA DO PIAUÍ,PIAUÍ,Brasil,2202778,22,33,,,,Caatinga,6.6
cd842e48-b079-345b-b249-5e05be25fa56, -12.892210, -49.342680,2026-05-08 18:13:00,AQUA_M-T,ARAGUAÇU,TOCANTINS,Brasil,1702000,17,33,,,,Cerrado,31.6
4c146b11-2542-3983-9e5f-817eaeec01ca, -11.779670, -43.661630,2026-05-08 18:13:00,AQUA_M-T,BARRA,BAHIA,Brasil,2902708,29,33,,,,Cerrado,27.0
fc758d06-d628-32ac-8274-ba59e088bcf4,  -9.418610, -50.683440,2026-05-08 18:13:00,AQUA_M-T,SANTANA DO ARAGUAIA,PARÁ,Brasil,1506708,15,33,,,,Amazônia,33.9
e01cf8f9-30d7-3eff-b0ae-19975ef468c1,  -9.451540, -46.129290,2026-05-08 18:13:00,AQUA_M-T,ALTO PARNAÍBA,MARANHÃO,Brasil,2100501,21,33,,,,Cerrado,25.1
a722b82c-d9fe-316c-8700-11a980386575, -12.053730, -45.239320,2026-05-08 18:13:00,AQUA_M-T,BARREIRAS,BAHIA,Brasil,2903201,29,33,,,,Cerrado,12.5
cef953a6-dd22-3487-9a05-fa8a515fb7f1, -12.061230, -45.295350,2026-05-08 18:13:00,AQUA_M-T,BARREIRAS,BAHIA,Brasil,2903201,29,33,,,,Cerrado,22.3
a969d0ce-e140-3019-8ff0-bd0888bb623f, -12.531710, -49.476350,2026-05-08 18:13:00,AQUA_M-T,ARAGUAÇU,TOCANTINS,Brasil,1702000,17,33,,,,Cerrado,25.3
a1b18796-7b2c-3b9c-add1-cfba3f018e65,  -6.325420, -44.642050,2026-05-08 18:13:00,AQUA_M-T,MIRADOR,MARANHÃO,Brasil,2106706,21,33,,,,Cerrado,94.8
7b671284-3805-37ae-9994-f2865e65df7f, -10.638230, -48.024260,2026-05-08 18:13:00,AQUA_M-T,MONTE DO CARMO,TOCANTINS,Brasil,1713601,17,33,,,,Cerrado,32.3
024bdfc9-3300-3fa2-9402-113ef5f76ac3, -10.370870, -46.475570,2026-05-08 18:13:00,AQUA_M-T,MATEIROS,TOCANTINS,Brasil,1712702,17,33,,,,Cerrado,14.0
259daabb-0783-3b68-a8f5-131f24b81f4c,  -8.701770, -49.097760,2026-05-08 18:13:00,AQUA_M-T,GOIANORTE,TOCANTINS,Brasil,1708304,17,33,,,,Cerrado,28.3
39f31def-9a4b-30fc-a163-daf783db2fc2, -11.777310, -43.667500,2026-05-08 18:13:00,AQUA_M-T,BARRA,BAHIA,Brasil,2902708,29,33,,,,Cerrado,19.7
21224dae-9a19-36a4-9e16-62373bc76832,  -9.410450, -50.689370,2026-05-08 18:13:00,AQUA_M-T,SANTANA DO ARAGUAIA,PARÁ,Brasil,1506708,15,33,,,,Amazônia,47.9
2f2016bc-626b-39c5-b04c-6356a0578aa7, -11.104500, -40.595380,2026-05-08 18:13:00,AQUA_M-T,JACOBINA,BAHIA,Brasil,2917508,29,33,,,,Caatinga,10.6
fad440e5-7f16-3bc4-a7c6-e2137226cf5d, -11.169810, -49.254430,2026-05-08 18:13:00,AQUA_M-T,CRIXÁS DO TOCANTINS,TOCANTINS,Brasil,1706258,17,33,,,,Cerrado,30.7
198c1677-bc68-353d-9a6c-3b8d23ef1d53,  -7.226170, -42.191330,2026-05-08 18:13:00,AQUA_M-T,COLÔNIA DO PIAUÍ,PIAUÍ,Brasil,2202778,22,33,,,,Caatinga,13.0
e3087b10-0f8d-3e63-bc83-b703fa48791f,  -5.789070, -45.134240,2026-05-08 18:13:00,AQUA_M-T,BARRA DO CORDA,MARANHÃO,Brasil,2101608,21,33,,,,Cerrado,230.9
c70a36ca-89d6-3cbc-bc80-9754b4c25e7e, -11.544610, -39.407880,2026-05-08 18:13:00,AQUA_M-T,RETIROLÂNDIA,BAHIA,Brasil,2926103,29,33,,,,Caatinga,5.8
d5ae7075-9d63-3210-9683-21918861ba96,  -5.537990, -45.950920,2026-05-08 18:15:00,AQUA_M-T,GRAJAÚ,MARANHÃO,Brasil,2104800,21,33,,,,Cerrado,7.9
824a3e3e-24cc-34f0-83cd-9ea996f07d0a,  -5.667300, -45.202250,2026-05-08 18:15:00,AQUA_M-T,BARRA DO CORDA,MARANHÃO,Brasil,2101608,21,33,,,,Cerrado,10.0
d1f097e5-7ef1-3a7e-9756-e47a274ae050,  -4.540850, -47.497840,2026-05-08 18:15:00,AQUA_M-T,ITINGA DO MARANHÃO,MARANHÃO,Brasil,2105427,21,33,,,,Amazônia,18.2
4de320ae-d314-3bf3-ad15-903e1fa6a90b,  -5.793900, -45.126700,2026-05-08 18:20:00,GOES-19,BARRA DO CORDA,MARANHÃO,Brasil,2101608,21,33,,,,Cerrado,219.7
5f5e1f93-a525-3882-9a43-b596bd5f72b0, -11.787900, -47.088400,2026-05-08 18:20:00,GOES-19,DIANÓPOLIS,TOCANTINS,Brasil,1707009,17,33,,,,Cerrado,56.0
33d905fb-fa1b-3540-b2a5-f7639b8ed4e5,  -5.775200, -45.128000,2026-05-08 18:20:00,GOES-19,BARRA DO CORDA,MARANHÃO,Brasil,2101608,21,33,,,,Cerrado,149.6
0da581d9-cfff-32f8-907b-15b8807a9b22, -13.188200, -52.692200,2026-05-08 18:20:00,GOES-19,CANARANA,MATO GROSSO,Brasil,5102702,51,33,,,,Amazônia,98.1
177f1a7e-72e1-3b6c-b13d-c5f5ee0807b9,  -6.341300, -44.629800,2026-05-08 18:20:00,GOES-19,MIRADOR,MARANHÃO,Brasil,2106706,21,33,,,,Cerrado,106.7
a7395f71-2dca-3b51-88b0-8a8f2da8c410,  -6.322500, -44.631300,2026-05-08 18:20:00,GOES-19,MIRADOR,MARANHÃO,Brasil,2106706,21,33,,,,Cerrado,122.8
54945bc0-a7b4-3876-9d69-21babb6d68ca, -14.011500, -56.641800,2026-05-08 18:30:00,GOES-19,DIAMANTINO,MATO GROSSO,Brasil,5103502,51,33,,,,Cerrado,149.3
d6a8a863-331b-3f22-b6ef-1d4768d41ab0, -11.787900, -47.088400,2026-05-08 18:30:00,GOES-19,DIANÓPOLIS,TOCANTINS,Brasil,1707009,17,33,,,,Cerrado,151.2
cb29e782-82e6-316d-a42f-42624a5c7c7d, -13.188200, -52.692200,2026-05-08 18:30:00,GOES-19,CANARANA,MATO GROSSO,Brasil,5102702,51,33,,,,Amazônia,94.7
0965ce6d-daaa-3955-a046-53a6daa39b8b, -13.992400, -56.643700,2026-05-08 18:30:00,GOES-19,DIAMANTINO,MATO GROSSO,Brasil,5103502,51,33,,,,Cerrado,139.8
f12f03b2-fceb-3d5d-bdab-78326d35cf62,  -5.793700, -45.149300,2026-05-08 18:30:00,GOES-19,BARRA DO CORDA,MARANHÃO,Brasil,2101608,21,33,,,,Cerrado,107.3
019ad9b7-ec5c-34b3-a7fb-02811d52a333,  -6.322500, -44.631300,2026-05-08 18:30:00,GOES-19,MIRADOR,MARANHÃO,Brasil,2106706,21,33,,,,Cerrado,101.6
4c5199a1-02dc-3b34-88ab-5a5346367e7f, -14.011800, -56.621500,2026-05-08 18:30:00,GOES-19,DIAMANTINO,MATO GROSSO,Brasil,5103502,51,33,,,,Cerrado,207.9
acab5939-7af2-35a9-a6da-3acaf87bddec, -10.887810, -69.307450,2026-05-08 18:32:00,NOAA-21,BRASILÉIA,ACRE,Brasil,1200104,12,33,,,,Amazônia,3.1
d7b58a31-54b7-354b-9ac4-b0ad584ef11f,  -7.839590, -72.951270,2026-05-08 18:32:00,NOAA-21,RODRIGUES ALVES,ACRE,Brasil,1200427,12,33,,,,Amazônia,3.9
10815305-da5a-3e5f-95eb-87322e71c773,  -7.708930, -72.520700,2026-05-08 18:34:00,NOAA-21,CRUZEIRO DO SUL,ACRE,Brasil,1200203,12,33,,,,Amazônia,13.6
181b9ec7-6fae-3930-8876-a8fd373e7a3c,  -7.321280, -72.979790,2026-05-08 18:34:00,NOAA-21,GUAJARÁ,AMAZONAS,Brasil,1301654,13,33,,,,Amazônia,8.4
649a9bb0-74ac-368f-845c-5c5651c1b661, -10.550200, -49.739200,2026-05-08 18:40:00,GOES-19,LAGOA DA CONFUSÃO,TOCANTINS,Brasil,1711902,17,33,,,,Cerrado,100.4
6913ffe6-ec01-350f-8226-6042b0ffcb7f, -14.011500, -56.641800,2026-05-08 18:40:00,GOES-19,DIAMANTINO,MATO GROSSO,Brasil,5103502,51,33,,,,Cerrado,163.2
cf7b28df-99d9-3802-92d2-5fc950f9164e, -11.787900, -47.088400,2026-05-08 18:40:00,GOES-19,DIANÓPOLIS,TOCANTINS,Brasil,1707009,17,33,,,,Cerrado,135.0
ac9d2962-a79c-3647-9281-8ff1e3d6970e, -11.768700, -47.090900,2026-05-08 18:40:00,GOES-19,DIANÓPOLIS,TOCANTINS,Brasil,1707009,17,33,,,,Cerrado,72.0
1201e84d-142a-31d8-b34b-092acc107b2b, -14.011800, -56.621500,2026-05-08 18:40:00,GOES-19,DIAMANTINO,MATO GROSSO,Brasil,5103502,51,33,,,,Cerrado,241.3
d70f3e3f-11a0-31ed-b600-cb1be274317f, -11.297800, -54.766800,2026-05-08 18:40:00,GOES-19,CLÁUDIA,MATO GROSSO,Brasil,5103056,51,33,,,,Amazônia,85.2
e8e8e2ca-f331-38b7-9cb3-80975ee260f8,  -5.793900, -45.126700,2026-05-08 18:40:00,GOES-19,BARRA DO CORDA,MARANHÃO,Brasil,2101608,21,33,,,,Cerrado,173.3
954d0912-444b-38fa-a466-39d041376d66,  -5.775200, -45.128000,2026-05-08 18:40:00,GOES-19,BARRA DO CORDA,MARANHÃO,Brasil,2101608,21,33,,,,Cerrado,187.1
cea375dd-3965-38d5-9474-79d768f18578,  -8.693100, -49.104900,2026-05-08 18:40:00,GOES-19,GOIANORTE,TOCANTINS,Brasil,1708304,17,33,,,,Cerrado,49.7
04e7c530-fe41-3dbe-b238-9815ddd23ce6, -13.992600, -56.623400,2026-05-08 18:50:00,GOES-19,DIAMANTINO,MATO GROSSO,Brasil,5103502,51,33,,,,Cerrado,96.9
057ed5c1-4035-31ec-91f8-f7ab26fdcef5, -13.188200, -52.692200,2026-05-08 18:50:00,GOES-19,CANARANA,MATO GROSSO,Brasil,5102702,51,33,,,,Amazônia,98.2
d5e23ee2-8c59-337d-bf52-ac1bbbf5b86f,  -6.341300, -44.629800,2026-05-08 18:50:00,GOES-19,MIRADOR,MARANHÃO,Brasil,2106706,21,33,,,,Cerrado,99.9
0d8a399a-898e-3d44-a9e8-49dd77c9d150, -10.550200, -49.739200,2026-05-08 18:50:00,GOES-19,LAGOA DA CONFUSÃO,TOCANTINS,Brasil,1711902,17,33,,,,Cerrado,67.5
f03a9844-02e0-3283-be00-68443767749d, -11.949800, -43.378100,2026-05-08 18:50:00,GOES-19,MUQUÉM DO SÃO FRANCISCO,BAHIA,Brasil,2922250,29,33,,,,Cerrado,174.6
b45b3479-6830-3e0e-8751-7174f8000291,  -5.775200, -45.128000,2026-05-08 18:50:00,GOES-19,BARRA DO CORDA,MARANHÃO,Brasil,2101608,21,33,,,,Cerrado,195.6
1cd32fd4-a0f9-3275-b4fb-fbd9775c9b58, -14.011800, -56.621500,2026-05-08 18:50:00,GOES-19,DIAMANTINO,MATO GROSSO,Brasil,5103502,51,33,,,,Cerrado,207.0
20eef332-da5b-3540-84de-5535c53149fd,  -5.793700, -45.149300,2026-05-08 18:50:00,GOES-19,BARRA DO CORDA,MARANHÃO,Brasil,2101608,21,33,,,,Cerrado,155.5
5dd9e7d4-15fd-30e7-b12f-abdf61c130a0, -11.787900, -47.088400,2026-05-08 18:50:00,GOES-19,DIANÓPOLIS,TOCANTINS,Brasil,1707009,17,33,,,,Cerrado,136.5
95b8c9c2-0e1f-3cfa-9349-4b7f04ba2ae6,  -5.793900, -45.126700,2026-05-08 18:50:00,GOES-19,BARRA DO CORDA,MARANHÃO,Brasil,2101608,21,33,,,,Cerrado,261.8
3e77504e-c7c8-313c-929f-9d65aa3c6ab4, -13.992400, -56.643700,2026-05-08 18:50:00,GOES-19,DIAMANTINO,MATO GROSSO,Brasil,5103502,51,33,,,,Cerrado,100.3
df8a9447-04c5-3bee-bfd7-cb31170b40f4, -14.011500, -56.641800,2026-05-08 18:50:00,GOES-19,DIAMANTINO,MATO GROSSO,Brasil,5103502,51,33,,,,Cerrado,156.7
5ce80257-e128-3a9f-952b-4ba0f2fb6805,  -6.322500, -44.631300,2026-05-08 18:50:00,GOES-19,MIRADOR,MARANHÃO,Brasil,2106706,21,33,,,,Cerrado,105.6
dd0e00c7-008e-38f3-bd96-93de01451624, -13.992400, -56.643700,2026-05-08 19:00:00,GOES-19,DIAMANTINO,MATO GROSSO,Brasil,5103502,51,33,,,,Cerrado,122.8
88c1ad84-d1d9-324c-b582-34ddd10b7ecf, -14.011800, -56.621500,2026-05-08 19:00:00,GOES-19,DIAMANTINO,MATO GROSSO,Brasil,5103502,51,33,,,,Cerrado,172.9
b2817e9b-88c9-378b-ae27-69b353fc7bd7, -13.992600, -56.623400,2026-05-08 19:00:00,GOES-19,DIAMANTINO,MATO GROSSO,Brasil,5103502,51,33,,,,Cerrado,116.2
1e79d661-922c-3b02-81d5-87f6d3a4f1e3,  -5.793900, -45.126700,2026-05-08 19:00:00,GOES-19,BARRA DO CORDA,MARANHÃO,Brasil,2101608,21,33,,,,Cerrado,259.7
7f31b909-3638-3f4d-9b42-594437aa8693, -15.224200, -50.846300,2026-05-08 19:00:00,GOES-19,MATRINCHÃ,GOIÁS,Brasil,5212956,52,33,,,,Cerrado,68.0
9496ede4-087e-3f9c-a8d0-1df3fe4c7984,  -5.775200, -45.128000,2026-05-08 19:00:00,GOES-19,BARRA DO CORDA,MARANHÃO,Brasil,2101608,21,33,,,,Cerrado,171.7
94c05061-d9ce-3d9d-83df-53944dbaf035, -11.297800, -54.766800,2026-05-08 19:00:00,GOES-19,CLÁUDIA,MATO GROSSO,Brasil,5103056,51,33,,,,Amazônia,85.0
a93d8f02-cfb7-34d1-a59b-260111db8343,  -6.322500, -44.631300,2026-05-08 19:00:00,GOES-19,MIRADOR,MARANHÃO,Brasil,2106706,21,33,,,,Cerrado,124.6
37264cd1-1004-3982-ac19-2266c87cb582,  -5.793700, -45.149300,2026-05-08 19:00:00,GOES-19,BARRA DO CORDA,MARANHÃO,Brasil,2101608,21,33,,,,Cerrado,151.5
64b84e7c-0081-3ef0-8134-a5690f1b20be,  -6.341300, -44.629800,2026-05-08 19:00:00,GOES-19,MIRADOR,MARANHÃO,Brasil,2106706,21,33,,,,Cerrado,121.8
404b15bd-46d4-30b4-afb0-bf51c8980cbd, -14.011500, -56.641800,2026-05-08 19:00:00,GOES-19,DIAMANTINO,MATO GROSSO,Brasil,5103502,51,33,,,,Cerrado,132.3
d4d08341-b1a7-3cf4-9e82-9799c4828286, -14.211400, -54.739400,2026-05-08 19:00:00,GOES-19,PARANATINGA,MATO GROSSO,Brasil,5106307,51,33,,,,Cerrado,91.8
89001db7-a8f6-341f-85e8-8618bdb470ef, -13.188200, -52.692200,2026-05-08 19:00:00,GOES-19,CANARANA,MATO GROSSO,Brasil,5102702,51,33,,,,Amazônia,109.4
d9551a86-5262-3bb0-964c-c7b682eb5be0, -11.949800, -43.378100,2026-05-08 19:00:00,GOES-19,MUQUÉM DO SÃO FRANCISCO,BAHIA,Brasil,2922250,29,33,,,,Cerrado,136.3
a33f7c13-0885-315f-a1f3-70bc6c710864, -11.787900, -47.088400,2026-05-08 19:00:00,GOES-19,DIANÓPOLIS,TOCANTINS,Brasil,1707009,17,33,,,,Cerrado,145.2
19fdd1ff-6830-3db2-87b1-52a456e9372b, -11.297800, -54.766800,2026-05-08 19:10:00,GOES-19,CLÁUDIA,MATO GROSSO,Brasil,5103056,51,33,,,,Amazônia,73.2
12d727d1-0786-3264-aa0c-1fca76cee47d, -13.188200, -52.692200,2026-05-08 19:10:00,GOES-19,CANARANA,MATO GROSSO,Brasil,5102702,51,33,,,,Amazônia,97.6
619f7a98-0726-3e22-8f96-be5bd47d0b27, -11.787900, -47.088400,2026-05-08 19:10:00,GOES-19,DIANÓPOLIS,TOCANTINS,Brasil,1707009,17,33,,,,Cerrado,133.3
48c6d614-3381-3338-b127-67a87d4857b7, -14.011800, -56.621500,2026-05-08 19:10:00,GOES-19,DIAMANTINO,MATO GROSSO,Brasil,5103502,51,33,,,,Cerrado,155.8
7aeba50e-5a27-33cb-8e9c-c002a0df511a, -11.949800, -43.378100,2026-05-08 19:10:00,GOES-19,MUQUÉM DO SÃO FRANCISCO,BAHIA,Brasil,2922250,29,33,,,,Cerrado,132.6
dcc05c68-d72f-312a-918a-3ccacb0cc2ee,  -5.793900, -45.126700,2026-05-08 19:10:00,GOES-19,BARRA DO CORDA,MARANHÃO,Brasil,2101608,21,33,,,,Cerrado,182.3
68afac5f-c81e-33ef-ac5a-15c58c0e7e64, -14.211400, -54.739400,2026-05-08 19:10:00,GOES-19,PARANATINGA,MATO GROSSO,Brasil,5106307,51,33,,,,Cerrado,85.9
b7674782-a2d0-34ef-93de-11becbc7a1d9, -13.992400, -56.643700,2026-05-08 19:10:00,GOES-19,DIAMANTINO,MATO GROSSO,Brasil,5103502,51,33,,,,Cerrado,111.2
bebe401e-1246-3e65-99c7-893afe344c5d, -10.564700, -56.341100,2026-05-08 19:10:00,GOES-19,ALTA FLORESTA,MATO GROSSO,Brasil,5100250,51,33,,,,Amazônia,90.2
2ae44b55-dee8-39c0-985d-26ac020e7c25, -13.992600, -56.623400,2026-05-08 19:10:00,GOES-19,DIAMANTINO,MATO GROSSO,Brasil,5103502,51,33,,,,Cerrado,105.1
abf1a08c-ea5f-3e93-ac36-5ef05d8f1065,  -6.322500, -44.631300,2026-05-08 19:10:00,GOES-19,MIRADOR,MARANHÃO,Brasil,2106706,21,33,,,,Cerrado,150.3
13d6a111-7bed-3823-8c5e-d9c87f54e57e, -10.545900, -56.342600,2026-05-08 19:10:00,GOES-19,ALTA FLORESTA,MATO GROSSO,Brasil,5100250,51,33,,,,Amazônia,118.7
fda8effb-bdec-3129-b2f5-99ac69eadceb,  -5.775200, -45.128000,2026-05-08 19:10:00,GOES-19,BARRA DO CORDA,MARANHÃO,Brasil,2101608,21,33,,,,Cerrado,173.7
bb71c01f-f88d-3494-bf7a-e2800c383133,  -6.341300, -44.629800,2026-05-08 19:10:00,GOES-19,MIRADOR,MARANHÃO,Brasil,2106706,21,33,,,,Cerrado,113.1
9e79f75a-2271-3890-b0da-ec3d74dace2f,  -5.775000, -45.150700,2026-05-08 19:20:00,GOES-19,BARRA DO CORDA,MARANHÃO,Brasil,2101608,21,33,,,,Cerrado,103.9
e4810a52-8200-3da9-aa10-dc9189cfb9ca, -11.787900, -47.088400,2026-05-08 19:20:00,GOES-19,DIANÓPOLIS,TOCANTINS,Brasil,1707009,17,33,,,,Cerrado,98.1
204827ba-d273-348e-8f97-bb647e8351f5,  -8.725300, -47.972400,2026-05-08 19:20:00,GOES-19,SANTA MARIA DO TOCANTINS,TOCANTINS,Brasil,1718881,17,33,,,,Cerrado,64.1
22032dba-71d9-35e3-b8e7-3aaa41f79d44,  -8.711900, -49.103200,2026-05-08 19:20:00,GOES-19,GOIANORTE,TOCANTINS,Brasil,1708304,17,33,,,,Cerrado,63.9
4c78961a-2387-3875-a7a9-a2c4f844d16f,  -5.793900, -45.126700,2026-05-08 19:20:00,GOES-19,BARRA DO CORDA,MARANHÃO,Brasil,2101608,21,33,,,,Cerrado,156.5
3275ecf0-5b5d-3357-b42d-84bbc42f64d6, -14.011800, -56.621500,2026-05-08 19:20:00,GOES-19,DIAMANTINO,MATO GROSSO,Brasil,5103502,51,33,,,,Cerrado,186.9
9f15cc6c-e1f2-38cd-ba16-0f936a1fcf92, -10.545900, -56.342600,2026-05-08 19:20:00,GOES-19,ALTA FLORESTA,MATO GROSSO,Brasil,5100250,51,33,,,,Amazônia,93.4
da138e5d-a61d-3810-829f-2817522f3831,  -6.341300, -44.629800,2026-05-08 19:20:00,GOES-19,MIRADOR,MARANHÃO,Brasil,2106706,21,33,,,,Cerrado,107.1
c0e9a77f-5c63-34ac-a3fa-0140cd8c04a4,  -6.322500, -44.631300,2026-05-08 19:20:00,GOES-19,MIRADOR,MARANHÃO,Brasil,2106706,21,33,,,,Cerrado,154.7
df66f575-9dad-33f6-b94b-60bac9383576, -10.564700, -56.341100,2026-05-08 19:20:00,GOES-19,ALTA FLORESTA,MATO GROSSO,Brasil,5100250,51,33,,,,Amazônia,87.6
6c44b872-a99f-383e-89b9-3cfafd2d62ac, -11.949800, -43.378100,2026-05-08 19:20:00,GOES-19,MUQUÉM DO SÃO FRANCISCO,BAHIA,Brasil,2922250,29,33,,,,Cerrado,114.2
07f63ead-07d0-3e5b-99e4-c7f06e62a6f7,  -5.775200, -45.128000,2026-05-08 19:20:00,GOES-19,BARRA DO CORDA,MARANHÃO,Brasil,2101608,21,33,,,,Cerrado,168.1
cf4d452c-cc9a-399f-bf98-9d15dbf7a955, -12.867000, -43.747800,2026-05-08 19:20:00,GOES-19,SERRA DOURADA,BAHIA,Brasil,2930303,29,33,,,,Cerrado,100.1
cceb8c34-dabc-3f82-891f-6f1dd82b03e5, -14.011500, -56.641800,2026-05-08 19:20:00,GOES-19,DIAMANTINO,MATO GROSSO,Brasil,5103502,51,33,,,,Cerrado,153.5
27bcb039-5df0-3fd1-b563-a29eb7fe99a6, -11.297800, -54.766800,2026-05-08 19:20:00,GOES-19,CLÁUDIA,MATO GROSSO,Brasil,5103056,51,33,,,,Amazônia,124.6
8ee5899e-74c4-3f6e-88bf-fb9f96bae917,  -5.793700, -45.149300,2026-05-08 19:20:00,GOES-19,BARRA DO CORDA,MARANHÃO,Brasil,2101608,21,33,,,,Cerrado,101.0
b2a8e7eb-c582-320e-881b-df34aadf39bc, -13.188200, -52.692200,2026-05-08 19:20:00,GOES-19,CANARANA,MATO GROSSO,Brasil,5102702,51,33,,,,Amazônia,88.2
2cc91e6c-ecf0-3598-b73a-ce2ba122c92d, -11.949800, -43.378100,2026-05-08 19:30:00,GOES-19,MUQUÉM DO SÃO FRANCISCO,BAHIA,Brasil,2922250,29,33,,,,Cerrado,70.2
c9b6c644-cc0c-3869-933a-0aaa5ff32f89,  -8.725300, -47.972400,2026-05-08 19:30:00,GOES-19,SANTA MARIA DO TOCANTINS,TOCANTINS,Brasil,1718881,17,33,,,,Cerrado,69.9
eaae8705-5ce5-379f-99bf-e409e7815f92, -13.188200, -52.692200,2026-05-08 19:30:00,GOES-19,CANARANA,MATO GROSSO,Brasil,5102702,51,33,,,,Amazônia,88.3
955bf2f3-58f4-3e49-a377-f30189e140aa,  -8.693300, -49.083300,2026-05-08 19:30:00,GOES-19,GOIANORTE,TOCANTINS,Brasil,1708304,17,33,,,,Cerrado,63.7
a5d15a3d-f40d-37dc-b060-126fd66819ce,  -5.775200, -45.128000,2026-05-08 19:30:00,GOES-19,BARRA DO CORDA,MARANHÃO,Brasil,2101608,21,33,,,,Cerrado,169.2
67aa4eb3-92f5-332b-8906-c7576a058be3, -10.564700, -56.341100,2026-05-08 19:30:00,GOES-19,ALTA FLORESTA,MATO GROSSO,Brasil,5100250,51,33,,,,Amazônia,93.1
35c6211f-bc10-3765-ad92-1590c0d65fdb, -11.297800, -54.766800,2026-05-08 19:30:00,GOES-19,CLÁUDIA,MATO GROSSO,Brasil,5103056,51,33,,,,Amazônia,111.5
3e9dff29-8136-384e-96ae-2b24260170af, -12.867000, -43.747800,2026-05-08 19:30:00,GOES-19,SERRA DOURADA,BAHIA,Brasil,2930303,29,33,,,,Cerrado,104.1
b47a4199-52a6-34e3-baea-ffec76ffafe5,  -8.712100, -49.081600,2026-05-08 19:30:00,GOES-19,GOIANORTE,TOCANTINS,Brasil,1708304,17,33,,,,Cerrado,60.4
e6942ce5-9a4c-3892-ab15-9ba903a41349, -10.545900, -56.342600,2026-05-08 19:30:00,GOES-19,ALTA FLORESTA,MATO GROSSO,Brasil,5100250,51,33,,,,Amazônia,90.2
b69629d5-3972-31a7-923b-d1f82524be76, -14.011800, -56.621500,2026-05-08 19:30:00,GOES-19,DIAMANTINO,MATO GROSSO,Brasil,5103502,51,33,,,,Cerrado,190.0
dd2e7595-4027-3351-9e26-bf4967ffa614,  -8.711900, -49.103200,2026-05-08 19:30:00,GOES-19,GOIANORTE,TOCANTINS,Brasil,1708304,17,33,,,,Cerrado,75.7
75ba6c1c-6e56-38eb-b914-d6570af3a96f, -11.822000, -47.329800,2026-05-08 19:30:00,GOES-19,ALMAS,TOCANTINS,Brasil,1700400,17,33,,,,Cerrado,77.0
f3e4ebc1-9d76-3e5c-aa21-1d29c40859fd,  -5.793900, -45.126700,2026-05-08 19:30:00,GOES-19,BARRA DO CORDA,MARANHÃO,Brasil,2101608,21,33,,,,Cerrado,144.4
acbad911-be7d-3018-88f5-e524a0e9fa02, -11.787900, -47.088400,2026-05-08 19:30:00,GOES-19,DIANÓPOLIS,TOCANTINS,Brasil,1707009,17,33,,,,Cerrado,105.7
69580f6b-74b9-38ec-9ff7-c8dfe9bb6338, -11.298100, -54.746400,2026-05-08 19:30:00,GOES-19,CLÁUDIA,MATO GROSSO,Brasil,5103056,51,33,,,,Amazônia,85.8
2f56227c-f490-3cca-b0e2-2687e9e1aac0,  -6.322500, -44.631300,2026-05-08 19:30:00,GOES-19,MIRADOR,MARANHÃO,Brasil,2106706,21,33,,,,Cerrado,126.2
015c632c-2de9-311c-8afb-500aa4dd32d3, -14.011500, -56.641800,2026-05-08 19:30:00,GOES-19,DIAMANTINO,MATO GROSSO,Brasil,5103502,51,33,,,,Cerrado,151.4
da51bbf3-9bcf-3a58-bcf7-230080003c02, -12.866500, -43.771500,2026-05-08 19:30:00,GOES-19,SERRA DOURADA,BAHIA,Brasil,2930303,29,33,,,,Cerrado,77.6
a89f16a5-dfd9-3673-b917-30b92155556d, -14.011500, -56.641800,2026-05-08 19:40:00,GOES-19,DIAMANTINO,MATO GROSSO,Brasil,5103502,51,33,,,,Cerrado,139.7
b6cbc7ed-c2ef-3260-a203-0dd1b7042c03, -10.545900, -56.342600,2026-05-08 19:40:00,GOES-19,ALTA FLORESTA,MATO GROSSO,Brasil,5100250,51,33,,,,Amazônia,78.1
0d946229-7ce0-3f01-9119-cea76b649b3d, -10.564700, -56.341100,2026-05-08 19:40:00,GOES-19,ALTA FLORESTA,MATO GROSSO,Brasil,5100250,51,33,,,,Amazônia,86.6
456daf0a-0d91-36f7-af0b-1eb8daef708a, -14.011800, -56.621500,2026-05-08 19:40:00,GOES-19,DIAMANTINO,MATO GROSSO,Brasil,5103502,51,33,,,,Cerrado,179.6
e307f007-6716-341f-b221-ea1ba4281a44,  -8.711900, -49.103200,2026-05-08 19:40:00,GOES-19,GOIANORTE,TOCANTINS,Brasil,1708304,17,33,,,,Cerrado,59.0
7af81287-14aa-36b8-a2a8-d31a25e9fd31, -13.188200, -52.692200,2026-05-08 19:40:00,GOES-19,CANARANA,MATO GROSSO,Brasil,5102702,51,33,,,,Amazônia,101.2
39a72bbd-40f0-369c-9068-7e23fe61da08, -11.822000, -47.329800,2026-05-08 19:40:00,GOES-19,ALMAS,TOCANTINS,Brasil,1700400,17,33,,,,Cerrado,77.6
6dd67c2b-a65c-3248-a29d-fce4b345fba0, -12.866500, -43.771500,2026-05-08 19:40:00,GOES-19,SERRA DOURADA,BAHIA,Brasil,2930303,29,33,,,,Cerrado,73.6
297dda3d-1991-3d2b-9a62-11ead16b6f10,  -5.775200, -45.128000,2026-05-08 19:40:00,GOES-19,BARRA DO CORDA,MARANHÃO,Brasil,2101608,21,33,,,,Cerrado,130.2
82ae4951-0527-3a91-bd47-59f8f7894f76, -11.297800, -54.766800,2026-05-08 19:40:00,GOES-19,CLÁUDIA,MATO GROSSO,Brasil,5103056,51,33,,,,Amazônia,143.1
1fe6aa8b-0133-35bf-b8d6-a1bfeaddf9f6,  -8.712100, -49.081600,2026-05-08 19:40:00,GOES-19,GOIANORTE,TOCANTINS,Brasil,1708304,17,33,,,,Cerrado,76.1
644566c0-b82f-3a2f-a40e-c57e3705fd32,  -8.725300, -47.972400,2026-05-08 19:40:00,GOES-19,SANTA MARIA DO TOCANTINS,TOCANTINS,Brasil,1718881,17,33,,,,Cerrado,72.4
924bfb8d-34c0-38cf-b3e3-069cde0c6c81, -11.949800, -43.378100,2026-05-08 19:40:00,GOES-19,MUQUÉM DO SÃO FRANCISCO,BAHIA,Brasil,2922250,29,33,,,,Cerrado,85.8
e9d125c3-efe9-3189-a65b-1247defae09a, -11.787900, -47.088400,2026-05-08 19:40:00,GOES-19,DIANÓPOLIS,TOCANTINS,Brasil,1707009,17,33,,,,Cerrado,95.8
68f8deda-a001-3d87-b5c2-acedf6ae1369, -12.867000, -43.747800,2026-05-08 19:40:00,GOES-19,SERRA DOURADA,BAHIA,Brasil,2930303,29,33,,,,Cerrado,132.2
5b589426-0738-3c74-b3cb-b164ad67b929, -11.298100, -54.746400,2026-05-08 19:40:00,GOES-19,CLÁUDIA,MATO GROSSO,Brasil,5103056,51,33,,,,Amazônia,104.9
197cda61-94f1-3597-9ced-6fdae2ab355c,  -5.793900, -45.126700,2026-05-08 19:40:00,GOES-19,BARRA DO CORDA,MARANHÃO,Brasil,2101608,21,33,,,,Cerrado,133.2
4d9d88b7-a1ac-33f9-b273-0a4ce854f952,  -6.322500, -44.631300,2026-05-08 19:40:00,GOES-19,MIRADOR,MARANHÃO,Brasil,2106706,21,33,,,,Cerrado,109.1
0084e16d-d495-3f96-bb44-4e4a827fde48, -14.017410, -56.618810,2026-05-08 19:49:00,AQUA_M-T,DIAMANTINO,MATO GROSSO,Brasil,5103502,51,33,,,,Cerrado,43.7
360aa67e-0b7f-3ffe-93df-1ef8b903e849, -14.006340, -56.657010,2026-05-08 19:49:00,AQUA_M-T,DIAMANTINO,MATO GROSSO,Brasil,5103502,51,33,,,,Cerrado,52.4
a9ccc1fe-bf64-3ebc-8aa7-0ab4d083d93f, -14.007920, -56.648970,2026-05-08 19:49:00,AQUA_M-T,DIAMANTINO,MATO GROSSO,Brasil,5103502,51,33,,,,Cerrado,129.7
0351133c-4ebd-362c-8ad1-f0597e73e649, -14.001470, -56.629790,2026-05-08 19:49:00,AQUA_M-T,DIAMANTINO,MATO GROSSO,Brasil,5103502,51,33,,,,Cerrado,101.6
60cfc220-8186-3c1b-b48e-ebecda7ba606,  -8.693300, -49.083300,2026-05-08 19:50:00,GOES-19,GOIANORTE,TOCANTINS,Brasil,1708304,17,33,,,,Cerrado,83.5
313d9c13-ac69-3d69-8130-82080048078c, -12.867000, -43.747800,2026-05-08 19:50:00,GOES-19,SERRA DOURADA,BAHIA,Brasil,2930303,29,33,,,,Cerrado,121.0
dd5ce90e-8d91-3add-a25a-32712ffa1590,  -8.711900, -49.103200,2026-05-08 19:50:00,GOES-19,GOIANORTE,TOCANTINS,Brasil,1708304,17,33,,,,Cerrado,62.9
57b047cd-5d76-328b-94e8-983c46c81c33,  -8.693100, -49.104900,2026-05-08 19:50:00,GOES-19,GOIANORTE,TOCANTINS,Brasil,1708304,17,33,,,,Cerrado,61.1
82783139-2ca4-357d-8a33-4585fa441eaf, -11.297800, -54.766800,2026-05-08 19:50:00,GOES-19,CLÁUDIA,MATO GROSSO,Brasil,5103056,51,33,,,,Amazônia,163.2
d185ab70-2923-3fc9-8b43-7cbd9e3e34c1,  -5.775200, -45.128000,2026-05-08 19:50:00,GOES-19,BARRA DO CORDA,MARANHÃO,Brasil,2101608,21,33,,,,Cerrado,119.3
0aa610cd-05ab-3911-87b2-329c2ba90f9c, -14.011800, -56.621500,2026-05-08 19:50:00,GOES-19,DIAMANTINO,MATO GROSSO,Brasil,5103502,51,33,,,,Cerrado,153.5
477f0309-9d63-3bec-a2f5-c23012a0b908, -11.949800, -43.378100,2026-05-08 19:50:00,GOES-19,MUQUÉM DO SÃO FRANCISCO,BAHIA,Brasil,2922250,29,33,,,,Cerrado,92.9
36694a06-eb33-3282-86c1-820b110e3e08, -10.564700, -56.341100,2026-05-08 19:50:00,GOES-19,ALTA FLORESTA,MATO GROSSO,Brasil,5100250,51,33,,,,Amazônia,82.6
a47fc7c3-5f6b-3630-863c-4c1a30d99bf0, -10.545900, -56.342600,2026-05-08 19:50:00,GOES-19,ALTA FLORESTA,MATO GROSSO,Brasil,5100250,51,33,,,,Amazônia,86.1
69b6f181-d92d-3242-b95e-dc8754e262c5, -11.787900, -47.088400,2026-05-08 19:50:00,GOES-19,DIANÓPOLIS,TOCANTINS,Brasil,1707009,17,33,,,,Cerrado,86.6
007d6581-4e9d-3d9f-b5aa-e14f08b39eb5, -14.011500, -56.641800,2026-05-08 19:50:00,GOES-19,DIAMANTINO,MATO GROSSO,Brasil,5103502,51,33,,,,Cerrado,136.1
86167280-bd04-3a05-970e-d199ec5dc393, -13.188200, -52.692200,2026-05-08 19:50:00,GOES-19,CANARANA,MATO GROSSO,Brasil,5102702,51,33,,,,Amazônia,100.8
d8750bed-118e-3e8a-bb45-19cdebcb51ec, -11.822000, -47.329800,2026-05-08 19:50:00,GOES-19,ALMAS,TOCANTINS,Brasil,1700400,17,33,,,,Cerrado,78.1
fb8ba0b7-f937-3a83-bb4d-dc00c3437c26,  -8.712100, -49.081600,2026-05-08 19:50:00,GOES-19,GOIANORTE,TOCANTINS,Brasil,1708304,17,33,,,,Cerrado,76.0
b11d9d60-4970-30df-8cb3-5207ba7e78c8, -11.298100, -54.746400,2026-05-08 19:50:00,GOES-19,CLÁUDIA,MATO GROSSO,Brasil,5103056,51,33,,,,Amazônia,122.8
b06e48fb-fc92-3cbe-92ef-77ae06c5bb15,  -8.725000, -47.994400,2026-05-08 19:50:00,GOES-19,SANTA MARIA DO TOCANTINS,TOCANTINS,Brasil,1718881,17,33,,,,Cerrado,58.4
f924ab7c-5756-3045-8960-cb4ed5a5fa34, -12.866500, -43.771500,2026-05-08 19:50:00,GOES-19,SERRA DOURADA,BAHIA,Brasil,2930303,29,33,,,,Cerrado,85.8
219a1b5f-46c9-328c-bc29-c2d4884f7b28,  -5.793900, -45.126700,2026-05-08 19:50:00,GOES-19,BARRA DO CORDA,MARANHÃO,Brasil,2101608,21,33,,,,Cerrado,121.7
6382b525-11ff-3312-b4ee-24e74ff9d067,  -8.725300, -47.972400,2026-05-08 19:50:00,GOES-19,SANTA MARIA DO TOCANTINS,TOCANTINS,Brasil,1718881,17,33,,,,Cerrado,78.4
e38261db-9c27-35f6-a4ac-2f296227ad2b,  -7.781820, -63.415120,2026-05-08 19:51:00,AQUA_M-T,HUMAITÁ,AMAZONAS,Brasil,1301704,13,33,,,,Amazônia,5.9
383b6d7b-ed26-31c5-b1f5-5c916c05ee6f,  -9.734790, -65.712400,2026-05-08 19:51:00,AQUA_M-T,PORTO VELHO,RONDÔNIA,Brasil,1100205,11,33,,,,Amazônia,19.8
9ef973aa-3cfc-3e36-92a3-d1938f8f514c, -11.787900, -47.088400,2026-05-08 20:00:00,GOES-19,DIANÓPOLIS,TOCANTINS,Brasil,1707009,17,33,,,,Cerrado,92.7
0b6dfcba-b664-35fa-9306-41572ca84076, -11.297800, -54.766800,2026-05-08 20:00:00,GOES-19,CLÁUDIA,MATO GROSSO,Brasil,5103056,51,33,,,,Amazônia,146.8
556d49fd-9d28-3396-9770-802f19e7f134,  -5.793900, -45.126700,2026-05-08 20:00:00,GOES-19,BARRA DO CORDA,MARANHÃO,Brasil,2101608,21,33,,,,Cerrado,130.4
0facdc79-0aa5-36d1-b08e-37153bb77d6b, -13.188200, -52.692200,2026-05-08 20:00:00,GOES-19,CANARANA,MATO GROSSO,Brasil,5102702,51,33,,,,Amazônia,106.2
e09a9d40-748e-30e0-aa6a-7bd31baee1f1, -13.769100, -44.110100,2026-05-08 20:00:00,GOES-19,CORIBE,BAHIA,Brasil,2909109,29,33,,,,Cerrado,104.9
d4914f13-7f29-3e8d-9a66-02f52ca5972a, -12.867000, -43.747800,2026-05-08 20:00:00,GOES-19,SERRA DOURADA,BAHIA,Brasil,2930303,29,33,,,,Cerrado,81.6
2dd0211f-85bb-3419-9032-ab2b81672e68, -11.278900, -54.768500,2026-05-08 20:00:00,GOES-19,CLÁUDIA,MATO GROSSO,Brasil,5103056,51,33,,,,Amazônia,107.6
c58f58fb-28a6-34d2-9f58-0901be018629, -11.949800, -43.378100,2026-05-08 20:00:00,GOES-19,MUQUÉM DO SÃO FRANCISCO,BAHIA,Brasil,2922250,29,33,,,,Cerrado,77.4
b523d907-b3c7-39ed-bd20-2248bf3a4f8e, -11.279200, -54.748100,2026-05-08 20:00:00,GOES-19,CLÁUDIA,MATO GROSSO,Brasil,5103056,51,33,,,,Amazônia,97.1
dbc34da9-949c-379f-8cd3-ce0fa3d1917f,  -8.725300, -47.972400,2026-05-08 20:00:00,GOES-19,SANTA MARIA DO TOCANTINS,TOCANTINS,Brasil,1718881,17,33,,,,Cerrado,88.5
de7d01eb-aa11-31b9-8c9f-5382ab4b58df,  -8.725000, -47.994400,2026-05-08 20:00:00,GOES-19,SANTA MARIA DO TOCANTINS,TOCANTINS,Brasil,1718881,17,33,,,,Cerrado,66.1
bc700fc1-c68e-3bed-8b55-8fd43e30db18, -10.545900, -56.342600,2026-05-08 20:00:00,GOES-19,ALTA FLORESTA,MATO GROSSO,Brasil,5100250,51,33,,,,Amazônia,85.3
bf2aff82-5a8b-32f8-9c17-042106f21f6a, -11.298100, -54.746400,2026-05-08 20:00:00,GOES-19,CLÁUDIA,MATO GROSSO,Brasil,5103056,51,33,,,,Amazônia,131.7
d9a04fdb-42f9-3460-b245-8155bd790045,  -8.693300, -49.083300,2026-05-08 20:00:00,GOES-19,GOIANORTE,TOCANTINS,Brasil,1708304,17,33,,,,Cerrado,86.0
e8c3b25d-ffb7-3331-81b6-ac5f03a431fa, -13.769600, -44.086400,2026-05-08 20:00:00,GOES-19,CORIBE,BAHIA,Brasil,2909109,29,33,,,,Cerrado,133.7
6263a57a-c44a-3aa9-a24e-0e9733ee1917, -11.822000, -47.329800,2026-05-08 20:00:00,GOES-19,ALMAS,TOCANTINS,Brasil,1700400,17,33,,,,Cerrado,72.7
0d20d327-23b7-3ef5-bd9e-3bce57948471, -13.188200, -52.692200,2026-05-08 20:10:00,GOES-19,CANARANA,MATO GROSSO,Brasil,5102702,51,33,,,,Amazônia,89.0
a105c692-e3b2-3131-91ae-046d7f0681e9, -11.297800, -54.766800,2026-05-08 20:10:00,GOES-19,CLÁUDIA,MATO GROSSO,Brasil,5103056,51,33,,,,Amazônia,230.9
dcaec5f6-c1e5-384a-950d-f5391c144fd3, -11.298100, -54.746400,2026-05-08 20:10:00,GOES-19,CLÁUDIA,MATO GROSSO,Brasil,5103056,51,33,,,,Amazônia,184.7
51217e02-7c18-3876-91a9-c32de10eabec, -13.769100, -44.110100,2026-05-08 20:10:00,GOES-19,CORIBE,BAHIA,Brasil,2909109,29,33,,,,Cerrado,152.2
b6085512-c7f6-3a35-a5b2-a20b05c87410, -11.822000, -47.329800,2026-05-08 20:10:00,GOES-19,ALMAS,TOCANTINS,Brasil,1700400,17,33,,,,Cerrado,87.9
74eede99-0ac0-323a-99f0-66681634e61c,  -5.775200, -45.128000,2026-05-08 20:10:00,GOES-19,BARRA DO CORDA,MARANHÃO,Brasil,2101608,21,33,,,,Cerrado,105.3
46630fc0-8b55-3546-b5af-a641203d400b, -11.787900, -47.088400,2026-05-08 20:10:00,GOES-19,DIANÓPOLIS,TOCANTINS,Brasil,1707009,17,33,,,,Cerrado,76.7
aea45b18-d9af-39f2-9c44-3fa42cabbad9, -18.043800, -50.339900,2026-05-08 20:10:00,GOES-19,MAURILÂNDIA,GOIÁS,Brasil,5213004,52,33,,,,Cerrado,209.2
ae4849fd-9838-3412-9f62-3e1019618dd3,  -8.712100, -49.081600,2026-05-08 20:10:00,GOES-19,GOIANORTE,TOCANTINS,Brasil,1708304,17,33,,,,Cerrado,105.1
48063144-48ff-3cb1-89f4-7113540ab7c4, -13.789100, -44.082900,2026-05-08 20:10:00,GOES-19,CORIBE,BAHIA,Brasil,2909109,29,33,,,,Cerrado,82.3
0f02e276-7836-38b5-88e5-9efcb3d55bab, -10.564700, -56.341100,2026-05-08 20:10:00,GOES-19,ALTA FLORESTA,MATO GROSSO,Brasil,5100250,51,33,,,,Amazônia,83.9
8a8ca1bf-ee12-3e27-af86-3858522752df, -13.769600, -44.086400,2026-05-08 20:10:00,GOES-19,CORIBE,BAHIA,Brasil,2909109,29,33,,,,Cerrado,151.5
e5a18f9e-7633-3471-99c1-4d49d3f2c23e, -18.044300, -50.317600,2026-05-08 20:10:00,GOES-19,MAURILÂNDIA,GOIÁS,Brasil,5213004,52,33,,,,Cerrado,136.9
2bb552ae-6f4d-31e5-a775-efb8f0d0e04d,  -8.725300, -47.972400,2026-05-08 20:10:00,GOES-19,SANTA MARIA DO TOCANTINS,TOCANTINS,Brasil,1718881,17,33,,,,Cerrado,80.0
7bd0e012-a191-35a9-8636-02ddba5b59f5, -13.788600, -44.106600,2026-05-08 20:10:00,GOES-19,CORIBE,BAHIA,Brasil,2909109,29,33,,,,Cerrado,79.1
9c3079b5-dda4-39e2-8da0-06c11afde5bc, -11.822000, -47.329800,2026-05-08 20:20:00,GOES-19,ALMAS,TOCANTINS,Brasil,1700400,17,33,,,,Cerrado,69.4
b147d411-1125-3bd9-930e-ae4ea40791a4, -13.769600, -44.086400,2026-05-08 20:20:00,GOES-19,CORIBE,BAHIA,Brasil,2909109,29,33,,,,Cerrado,108.2
7d98eb79-9c72-381b-b33c-033a7a81e1c3, -11.787900, -47.088400,2026-05-08 20:20:00,GOES-19,DIANÓPOLIS,TOCANTINS,Brasil,1707009,17,33,,,,Cerrado,71.6
2ee04e60-8df8-3b17-b6b9-0171e9e1a634, -12.847700, -43.751100,2026-05-08 20:20:00,GOES-19,SERRA DOURADA,BAHIA,Brasil,2930303,29,33,,,,Cerrado,77.9
c0e6dc9c-7d7b-3f4f-8622-9a8337098356,  -8.725000, -47.994400,2026-05-08 20:20:00,GOES-19,SANTA MARIA DO TOCANTINS,TOCANTINS,Brasil,1718881,17,33,,,,Cerrado,66.5
80fd8446-0710-3665-b2c2-bed62f168547, -11.279200, -54.748100,2026-05-08 20:20:00,GOES-19,CLÁUDIA,MATO GROSSO,Brasil,5103056,51,33,,,,Amazônia,84.5
331d3e8a-d1c0-37fc-8411-b887b4c1b087, -11.297800, -54.766800,2026-05-08 20:20:00,GOES-19,CLÁUDIA,MATO GROSSO,Brasil,5103056,51,33,,,,Amazônia,166.3
3586b310-6abe-391b-93a7-e0ee2774b95c, -11.278900, -54.768500,2026-05-08 20:20:00,GOES-19,CLÁUDIA,MATO GROSSO,Brasil,5103056,51,33,,,,Amazônia,104.3
0d187727-4e2d-38b1-a556-31c2f4f90f5c, -13.188200, -52.692200,2026-05-08 20:20:00,GOES-19,CANARANA,MATO GROSSO,Brasil,5102702,51,33,,,,Amazônia,83.5
d4740c97-59e3-3a73-a878-6325e576e222,  -8.693300, -49.083300,2026-05-08 20:20:00,GOES-19,GOIANORTE,TOCANTINS,Brasil,1708304,17,33,,,,Cerrado,108.5
671f46a7-39d9-3a14-a4cd-8d92c120de89, -11.298100, -54.746400,2026-05-08 20:20:00,GOES-19,CLÁUDIA,MATO GROSSO,Brasil,5103056,51,33,,,,Amazônia,126.9
fc3eca88-6be4-39b4-80eb-689d8d3d45c2,  -8.725300, -47.972400,2026-05-08 20:20:00,GOES-19,SANTA MARIA DO TOCANTINS,TOCANTINS,Brasil,1718881,17,33,,,,Cerrado,92.4
9dc9b4c0-2acc-3a97-9c37-cd1884958292,  -8.712100, -49.081600,2026-05-08 20:20:00,GOES-19,GOIANORTE,TOCANTINS,Brasil,1708304,17,33,,,,Cerrado,75.0
f33d76c0-787d-3a07-bbf9-ea26f17e6288, -13.769100, -44.110100,2026-05-08 20:20:00,GOES-19,CORIBE,BAHIA,Brasil,2909109,29,33,,,,Cerrado,114.9
8e2dc9a5-6c10-3eb7-b265-e23272c56d9d, -12.867000, -43.747800,2026-05-08 20:20:00,GOES-19,SERRA DOURADA,BAHIA,Brasil,2930303,29,33,,,,Cerrado,106.1
d5b6f00a-3e89-336b-b4d6-b4979261b691, -14.323000, -57.721000,2026-05-08 20:30:00,GOES-19,TANGARÁ DA SERRA,MATO GROSSO,Brasil,5107958,51,33,,,,Amazônia,122.2
1949e357-e930-35e1-af25-5f59267ac28b, -12.847700, -43.751100,2026-05-08 20:30:00,GOES-19,SERRA DOURADA,BAHIA,Brasil,2930303,29,33,,,,Cerrado,77.9
2bb78c6c-5712-3b3d-821a-1ad28716a405, -11.822000, -47.329800,2026-05-08 20:30:00,GOES-19,ALMAS,TOCANTINS,Brasil,1700400,17,33,,,,Cerrado,69.4
c752dc2e-4c32-3a8a-9361-dc97f544c651, -11.278900, -54.768500,2026-05-08 20:30:00,GOES-19,CLÁUDIA,MATO GROSSO,Brasil,5103056,51,33,,,,Amazônia,90.3
c71958ba-f3c3-3edd-be5d-885ce5835ef1, -13.188200, -52.692200,2026-05-08 20:30:00,GOES-19,CANARANA,MATO GROSSO,Brasil,5102702,51,33,,,,Amazônia,81.3
f95ff450-7eb2-309d-92a9-fe922669ca0d, -14.322800, -57.741100,2026-05-08 20:30:00,GOES-19,TANGARÁ DA SERRA,MATO GROSSO,Brasil,5107958,51,33,,,,Amazônia,118.7
586a594a-84f2-3eb7-bd64-ffcb817ed362, -11.297800, -54.766800,2026-05-08 20:30:00,GOES-19,CLÁUDIA,MATO GROSSO,Brasil,5103056,51,33,,,,Amazônia,164.9
1a34ac98-963e-369e-950d-8d44df42650b, -12.867000, -43.747800,2026-05-08 20:30:00,GOES-19,SERRA DOURADA,BAHIA,Brasil,2930303,29,33,,,,Cerrado,125.7
132aba26-d597-3e81-a0f3-630832dcbfef, -11.607400, -54.186500,2026-05-08 20:30:00,GOES-19,UNIÃO DO SUL,MATO GROSSO,Brasil,5108303,51,33,,,,Amazônia,79.9
6e03bc4b-8c8a-3f0b-931c-bf7d0ab21255, -11.298100, -54.746400,2026-05-08 20:30:00,GOES-19,CLÁUDIA,MATO GROSSO,Brasil,5103056,51,33,,,,Amazônia,114.2
8a513139-c169-3719-ae83-21df451425e5,  -8.725300, -47.972400,2026-05-08 20:30:00,GOES-19,SANTA MARIA DO TOCANTINS,TOCANTINS,Brasil,1718881,17,33,,,,Cerrado,72.9
1bd53551-ef97-3965-99f1-1d1368595ece,  -8.725300, -47.972400,2026-05-08 20:40:00,GOES-19,SANTA MARIA DO TOCANTINS,TOCANTINS,Brasil,1718881,17,33,,,,Cerrado,91.5
110a102d-a062-3cd3-9d38-55b14369046a, -11.822000, -47.329800,2026-05-08 20:40:00,GOES-19,ALMAS,TOCANTINS,Brasil,1700400,17,33,,,,Cerrado,84.2
6b9ad4b6-b2b9-3d17-909d-d2fda9e4963c, -11.297800, -54.766800,2026-05-08 20:40:00,GOES-19,CLÁUDIA,MATO GROSSO,Brasil,5103056,51,33,,,,Amazônia,123.7
4d5a6b71-4cad-3248-8b91-2d59981251de, -11.298100, -54.746400,2026-05-08 20:40:00,GOES-19,CLÁUDIA,MATO GROSSO,Brasil,5103056,51,33,,,,Amazônia,93.3
5dc30f97-b6d2-3a09-9ac3-684e61b8012e, -11.278900, -54.768500,2026-05-08 20:40:00,GOES-19,CLÁUDIA,MATO GROSSO,Brasil,5103056,51,33,,,,Amazônia,85.9
0a0b774e-6089-3dab-a24f-23dc2b67f706, -11.822000, -47.329800,2026-05-08 20:50:00,GOES-19,ALMAS,TOCANTINS,Brasil,1700400,17,33,,,,Cerrado,90.3
90cc628c-a3ec-3a71-8191-4eeab89fd511,  -8.712100, -49.081600,2026-05-08 20:50:00,GOES-19,GOIANORTE,TOCANTINS,Brasil,1708304,17,33,,,,Cerrado,106.5
e0c22bba-868c-3639-834e-84abfec6dd2f, -11.298100, -54.746400,2026-05-08 20:50:00,GOES-19,CLÁUDIA,MATO GROSSO,Brasil,5103056,51,33,,,,Amazônia,105.0
0d840c42-51f5-34ed-a507-753a66c01d38, -11.297800, -54.766800,2026-05-08 20:50:00,GOES-19,CLÁUDIA,MATO GROSSO,Brasil,5103056,51,33,,,,Amazônia,127.7
4d0f111a-b945-3497-a3b8-bc689c5c2dc9,  -8.693300, -49.083300,2026-05-08 20:50:00,GOES-19,GOIANORTE,TOCANTINS,Brasil,1708304,17,33,,,,Cerrado,69.1
d4287464-e03a-34f0-85c8-9b3f301484e5, -14.011800, -56.621500,2026-05-08 20:50:00,GOES-19,DIAMANTINO,MATO GROSSO,Brasil,5103502,51,33,,,,Cerrado,100.6
78890d0c-8bab-35ae-b3e7-f9c6d4495b6b,  -8.712100, -49.081600,2026-05-08 21:00:00,GOES-19,GOIANORTE,TOCANTINS,Brasil,1708304,17,33,,,,Cerrado,98.9
6bee3a27-5019-3eab-93f7-0d351079a18e, -11.298100, -54.746400,2026-05-08 21:00:00,GOES-19,CLÁUDIA,MATO GROSSO,Brasil,5103056,51,33,,,,Amazônia,110.2
ebe2d8bf-4730-3f8d-b172-95babd8b593f, -11.297800, -54.766800,2026-05-08 21:00:00,GOES-19,CLÁUDIA,MATO GROSSO,Brasil,5103056,51,33,,,,Amazônia,112.1
31c1a507-bb5a-35a2-8738-47bc9446d1aa, -11.297800, -54.766800,2026-05-08 21:10:00,GOES-19,CLÁUDIA,MATO GROSSO,Brasil,5103056,51,33,,,,Amazônia,87.7
54a8b0c6-a2be-317b-b643-4da1be9b05fc, -12.866500, -43.771500,2026-05-08 21:20:00,GOES-19,SERRA DOURADA,BAHIA,Brasil,2930303,29,33,,,,Cerrado,77.3
33d521ac-62ae-34ee-b3e1-799df8a26ad6, -11.297800, -54.766800,2026-05-08 21:20:00,GOES-19,CLÁUDIA,MATO GROSSO,Brasil,5103056,51,33,,,,Amazônia,85.2
80f125e6-5750-3a56-82e6-50c01cf89f3a, -12.867000, -43.747800,2026-05-08 21:20:00,GOES-19,SERRA DOURADA,BAHIA,Brasil,2930303,29,33,,,,Cerrado,113.9
ac06d1be-01ca-3b3d-ab5e-84a86675b8e1, -11.298100, -54.746400,2026-05-08 21:20:00,GOES-19,CLÁUDIA,MATO GROSSO,Brasil,5103056,51,33,,,,Amazônia,79.9
95cb13a7-b0eb-3208-b8a1-693fd9d44c0d, -12.867000, -43.747800,2026-05-08 21:30:00,GOES-19,SERRA DOURADA,BAHIA,Brasil,2930303,29,33,,,,Cerrado,124.8
a41144fe-ab16-3a63-b603-24588f4ea16d, -12.866500, -43.771500,2026-05-08 21:30:00,GOES-19,SERRA DOURADA,BAHIA,Brasil,2930303,29,33,,,,Cerrado,58.0
7a0c7852-1ec1-3c4f-b667-f32a9a7f01f3, -12.866500, -43.771500,2026-05-08 21:40:00,GOES-19,SERRA DOURADA,BAHIA,Brasil,2930303,29,33,,,,Cerrado,73.2
b24161c9-826d-3675-b4cd-90fa3ce8cf51, -12.867000, -43.747800,2026-05-08 21:40:00,GOES-19,SERRA DOURADA,BAHIA,Brasil,2930303,29,33,,,,Cerrado,101.3
663ae4af-3a86-33aa-8df5-c1d8aa2a604a, -11.822000, -47.329800,2026-05-08 21:40:00,GOES-19,ALMAS,TOCANTINS,Brasil,1700400,17,33,,,,Cerrado,94.6
3abb026a-2175-311d-a159-86225f07909b, -17.779200, -50.630200,2026-05-08 21:50:00,GOES-19,SANTA HELENA DE GOIÁS,GOIÁS,Brasil,5219308,52,33,,,,Cerrado,81.3
fd58b060-85dc-3aff-8afa-c4a0a355d048, -11.822000, -47.329800,2026-05-08 21:50:00,GOES-19,ALMAS,TOCANTINS,Brasil,1700400,17,33,,,,Cerrado,90.1
6db5f255-3edf-3785-8d6c-f89e5d324839, -12.867000, -43.747800,2026-05-08 21:50:00,GOES-19,SERRA DOURADA,BAHIA,Brasil,2930303,29,33,,,,Cerrado,92.1
3bd6c06a-040e-3484-8307-b4e0a042bf63, -11.065500, -49.466600,2026-05-08 21:50:00,GOES-19,SANTA RITA DO TOCANTINS,TOCANTINS,Brasil,1718899,17,33,,,,Cerrado,55.5
e0fa00e7-5120-3b52-a154-56de5b3209bb, -17.233300, -47.681400,2026-05-08 21:50:00,GOES-19,CAMPO ALEGRE DE GOIÁS,GOIÁS,Brasil,5204805,52,33,,,,Cerrado,68.5
4ff6e9b6-4c28-3939-ad0c-3a41013db465, -12.866500, -43.771500,2026-05-08 21:50:00,GOES-19,SERRA DOURADA,BAHIA,Brasil,2930303,29,33,,,,Cerrado,59.9
78454b6a-e654-361c-8009-e592a23be8fd,  -8.712100, -49.081600,2026-05-08 21:50:00,GOES-19,GOIANORTE,TOCANTINS,Brasil,1708304,17,33,,,,Cerrado,55.7
dc42434c-8367-3095-8a90-18b4e2682d20, -11.065500, -49.466600,2026-05-08 22:00:00,GOES-19,SANTA RITA DO TOCANTINS,TOCANTINS,Brasil,1718899,17,33,,,,Cerrado,59.3
e2a71be8-cfc8-3791-97f3-1119c0a13437, -11.822000, -47.329800,2026-05-08 22:00:00,GOES-19,ALMAS,TOCANTINS,Brasil,1700400,17,33,,,,Cerrado,83.5
a792afc2-c5f3-3904-93a5-12142a9165ee, -17.233300, -47.681400,2026-05-08 22:00:00,GOES-19,CAMPO ALEGRE DE GOIÁS,GOIÁS,Brasil,5204805,52,33,,,,Cerrado,94.1
f4820e94-0fde-3998-b01a-6c70cdee27da, -17.253200, -47.677600,2026-05-08 22:00:00,GOES-19,IPAMERI,GOIÁS,Brasil,5210109,52,33,,,,Cerrado,55.5
087993ac-4739-390d-a64d-b14773ab594c, -12.867000, -43.747800,2026-05-08 22:00:00,GOES-19,SERRA DOURADA,BAHIA,Brasil,2930303,29,33,,,,Cerrado,73.8
2d96dd81-2956-3d14-a5e3-d126f736b587, -14.011500, -56.641800,2026-05-08 22:10:00,GOES-19,DIAMANTINO,MATO GROSSO,Brasil,5103502,51,33,,,,Cerrado,75.7
692564dd-ffe3-308a-895c-9c8026481b97, -11.298100, -54.746400,2026-05-08 22:10:00,GOES-19,CLÁUDIA,MATO GROSSO,Brasil,5103056,51,33,,,,Amazônia,59.8
ce0c62dc-4087-328d-b0e1-afc27918932f, -17.759300, -50.633700,2026-05-08 22:10:00,GOES-19,SANTA HELENA DE GOIÁS,GOIÁS,Brasil,5219308,52,33,,,,Cerrado,97.3
b0e1ae72-9409-33fc-8972-f61dd52f46b9, -14.011800, -56.621500,2026-05-08 22:10:00,GOES-19,DIAMANTINO,MATO GROSSO,Brasil,5103502,51,33,,,,Cerrado,82.5
48a693cf-f8f3-3903-9bbe-a9bf4d4d6b89, -11.822000, -47.329800,2026-05-08 22:10:00,GOES-19,ALMAS,TOCANTINS,Brasil,1700400,17,33,,,,Cerrado,75.8
0d87d86d-4a33-3efd-9d76-276ef633b4c2, -16.416300, -54.907900,2026-05-08 22:10:00,GOES-19,RONDONÓPOLIS,MATO GROSSO,Brasil,5107602,51,33,,,,Cerrado,55.9
d7f583a6-9fbd-37a5-94ce-c3ce81c6e663, -17.779200, -50.630200,2026-05-08 22:10:00,GOES-19,SANTA HELENA DE GOIÁS,GOIÁS,Brasil,5219308,52,33,,,,Cerrado,99.7
a5e039f4-bb4a-3d6c-baf4-883391ff6b95, -13.363200, -43.136200,2026-05-08 22:10:00,GOES-19,BOM JESUS DA LAPA,BAHIA,Brasil,2903904,29,33,,,,Caatinga,83.6
492fc31f-eba7-3d36-82bd-ba9f4a3d3c4f, -12.867000, -43.747800,2026-05-08 22:10:00,GOES-19,SERRA DOURADA,BAHIA,Brasil,2930303,29,33,,,,Cerrado,83.1
e0530a4b-0f98-399c-9965-82b04f6899a5, -13.363700, -43.112200,2026-05-08 22:10:00,GOES-19,RIACHO DE SANTANA,BAHIA,Brasil,2926400,29,33,,,,Caatinga,126.1
d70c14ca-5a35-31b7-a4cb-ceecd3cfc123, -11.297800, -54.766800,2026-05-08 22:10:00,GOES-19,CLÁUDIA,MATO GROSSO,Brasil,5103056,51,33,,,,Amazônia,76.0
15b05520-e8c8-3876-9bfa-883f77a8e8dd, -14.011800, -56.621500,2026-05-08 22:20:00,GOES-19,DIAMANTINO,MATO GROSSO,Brasil,5103502,51,33,,,,Cerrado,48.2
5ac37b44-eec8-3462-94dc-df87d5840527, -14.011500, -56.641800,2026-05-08 22:20:00,GOES-19,DIAMANTINO,MATO GROSSO,Brasil,5103502,51,33,,,,Cerrado,46.2
4f5eeeff-dc8b-3fbe-b99b-06aaa047dcba, -12.867000, -43.747800,2026-05-08 22:20:00,GOES-19,SERRA DOURADA,BAHIA,Brasil,2930303,29,33,,,,Cerrado,66.0
c99ecb6c-2134-3b4a-989b-941ec17b3b68, -17.779700, -50.608000,2026-05-08 22:20:00,GOES-19,SANTA HELENA DE GOIÁS,GOIÁS,Brasil,5219308,52,33,,,,Cerrado,115.8
fac392a5-c7d7-3b4e-bd5e-0f491ab1e11d, -16.416300, -54.907900,2026-05-08 22:20:00,GOES-19,RONDONÓPOLIS,MATO GROSSO,Brasil,5107602,51,33,,,,Cerrado,65.6
ff3d2d9b-9401-3868-8c21-9abc4c05769e, -11.298100, -54.746400,2026-05-08 22:20:00,GOES-19,CLÁUDIA,MATO GROSSO,Brasil,5103056,51,33,,,,Amazônia,67.9
ff8965c6-e672-359e-ba66-44d50881e696, -11.065500, -49.466600,2026-05-08 22:20:00,GOES-19,SANTA RITA DO TOCANTINS,TOCANTINS,Brasil,1718899,17,33,,,,Cerrado,61.5
a3b4cccd-776c-3c57-9253-ad291eff44f5, -17.759300, -50.633700,2026-05-08 22:20:00,GOES-19,SANTA HELENA DE GOIÁS,GOIÁS,Brasil,5219308,52,33,,,,Cerrado,296.2
102ff705-2718-3d76-a0c6-a7bb54545bcf, -11.822000, -47.329800,2026-05-08 22:20:00,GOES-19,ALMAS,TOCANTINS,Brasil,1700400,17,33,,,,Cerrado,72.6
e2fad560-7e1a-3f5c-995e-c82d4d6c6dd9, -17.759800, -50.611500,2026-05-08 22:20:00,GOES-19,SANTA HELENA DE GOIÁS,GOIÁS,Brasil,5219308,52,33,,,,Cerrado,149.8
1d1a944a-12e6-3414-a20f-27cb60f60088, -17.779200, -50.630200,2026-05-08 22:20:00,GOES-19,SANTA HELENA DE GOIÁS,GOIÁS,Brasil,5219308,52,33,,,,Cerrado,206.1
db3e9829-7d01-325a-8d22-7f0d9c3f6e0b, -13.363700, -43.112200,2026-05-08 22:20:00,GOES-19,RIACHO DE SANTANA,BAHIA,Brasil,2926400,29,33,,,,Caatinga,117.8
aa5a7048-72b0-3d65-854a-17c2453b0ef4, -13.363200, -43.136200,2026-05-08 22:20:00,GOES-19,BOM JESUS DA LAPA,BAHIA,Brasil,2903904,29,33,,,,Caatinga,99.1
0d7fe80d-6e88-3c99-a67b-46b67516195f, -11.297800, -54.766800,2026-05-08 22:20:00,GOES-19,CLÁUDIA,MATO GROSSO,Brasil,5103056,51,33,,,,Amazônia,96.4
448b1300-0fd5-3524-bd3b-be62ce5359f8, -13.363200, -43.136200,2026-05-08 22:30:00,GOES-19,BOM JESUS DA LAPA,BAHIA,Brasil,2903904,29,33,,,,Caatinga,85.5
c03c368d-4d4d-32d0-95bf-db3f4a0e4717, -11.822000, -47.329800,2026-05-08 22:30:00,GOES-19,ALMAS,TOCANTINS,Brasil,1700400,17,33,,,,Cerrado,65.4
978edac7-ef4a-3efc-87e5-dc65d0d59f25, -14.011800, -56.621500,2026-05-08 22:30:00,GOES-19,DIAMANTINO,MATO GROSSO,Brasil,5103502,51,33,,,,Cerrado,57.0
e8276c55-e805-3027-9ddb-0541ba7657a5, -14.011500, -56.641800,2026-05-08 22:30:00,GOES-19,DIAMANTINO,MATO GROSSO,Brasil,5103502,51,33,,,,Cerrado,54.3
e57273d9-1786-3d08-9d36-c2836892f20f, -13.363700, -43.112200,2026-05-08 22:30:00,GOES-19,RIACHO DE SANTANA,BAHIA,Brasil,2926400,29,33,,,,Caatinga,101.0
23aa2710-35ce-3272-bf11-2d8f07748325, -16.416300, -54.907900,2026-05-08 22:30:00,GOES-19,RONDONÓPOLIS,MATO GROSSO,Brasil,5107602,51,33,,,,Cerrado,92.9
965da8e0-63b0-3b67-a351-a00d942e0692, -12.867000, -43.747800,2026-05-08 22:30:00,GOES-19,SERRA DOURADA,BAHIA,Brasil,2930303,29,33,,,,Cerrado,63.7
c8182c52-36fd-30e1-b56b-60520358f648, -11.297800, -54.766800,2026-05-08 22:30:00,GOES-19,CLÁUDIA,MATO GROSSO,Brasil,5103056,51,33,,,,Amazônia,104.2
9edb34c8-6299-3907-b9d0-97b238d8ab55, -11.298100, -54.746400,2026-05-08 22:30:00,GOES-19,CLÁUDIA,MATO GROSSO,Brasil,5103056,51,33,,,,Amazônia,73.2
dc3c874a-d507-3c79-b147-b842a268bf82, -11.297800, -54.766800,2026-05-08 22:40:00,GOES-19,CLÁUDIA,MATO GROSSO,Brasil,5103056,51,33,,,,Amazônia,102.2
e537469e-b37a-3c0b-a6ca-821dfda21d15, -13.363200, -43.136200,2026-05-08 22:40:00,GOES-19,BOM JESUS DA LAPA,BAHIA,Brasil,2903904,29,33,,,,Caatinga,106.5
6801e99e-07eb-32eb-95a0-cf558aa31605, -16.416300, -54.907900,2026-05-08 22:40:00,GOES-19,RONDONÓPOLIS,MATO GROSSO,Brasil,5107602,51,33,,,,Cerrado,70.9
c852e3de-70f1-3ca3-8421-b6f6d0c94b32, -13.363700, -43.112200,2026-05-08 22:40:00,GOES-19,RIACHO DE SANTANA,BAHIA,Brasil,2926400,29,33,,,,Caatinga,124.1
d6ea4129-9b49-33be-8e6d-d555cbaf78c5, -11.822000, -47.329800,2026-05-08 22:40:00,GOES-19,ALMAS,TOCANTINS,Brasil,1700400,17,33,,,,Cerrado,65.3
337f3082-ff4c-3b04-a1d5-ffc2aecb6573, -11.298100, -54.746400,2026-05-08 22:40:00,GOES-19,CLÁUDIA,MATO GROSSO,Brasil,5103056,51,33,,,,Amazônia,68.3
